中文名,英文名,等级,总排名,等级内序号,海克斯名称
暗裔剑魔,Aatrox,白银,1,1,渴血
暗裔剑魔,Aatrox,棱彩,2,1,最终形态
暗裔剑魔,Aatrox,黄金,3,1,无尽大杀四方
暗裔剑魔,Aatrox,白银,4,2,大力
暗裔剑魔,Aatrox,黄金,5,2,黎明使者的坚决
暗裔剑魔,Aatrox,黄金,6,3,贪欲束缚
暗裔剑魔,Aatrox,黄金,7,4,升级：焚天
暗裔剑魔,Aatrox,黄金,8,5,罪恶快感
暗裔剑魔,Aatrox,黄金,9,6,狂徒豪气
暗裔剑魔,Aatrox,黄金,10,7,质变：棱彩阶
暗裔剑魔,Aatrox,棱彩,11,2,飞升仪式
暗裔剑魔,Aatrox,黄金,12,8,升级：贪欲九头蛇
暗裔剑魔,Aatrox,棱彩,13,3,泰坦的坚决
暗裔剑魔,Aatrox,棱彩,14,4,扳机炼狱
暗裔剑魔,Aatrox,白银,15,3,扇巴掌
暗裔剑魔,Aatrox,棱彩,16,5,濒死悟道
暗裔剑魔,Aatrox,黄金,17,9,吞噬灵魂
暗裔剑魔,Aatrox,白银,18,4,重量级打击手
暗裔剑魔,Aatrox,棱彩,19,6,巨像的勇气
暗裔剑魔,Aatrox,白银,20,5,终极不可阻挡
暗裔剑魔,Aatrox,黄金,21,10,惊惧
暗裔剑魔,Aatrox,黄金,22,11,我们的治疗
暗裔剑魔,Aatrox,黄金,23,12,循环往复
暗裔剑魔,Aatrox,白银,24,6,魔法转物理
暗裔剑魔,Aatrox,棱彩,25,7,歌利亚巨人
暗裔剑魔,Aatrox,棱彩,26,8,掷骰狂人
暗裔剑魔,Aatrox,棱彩,27,9,终极唤醒
暗裔剑魔,Aatrox,棱彩,28,10,吃过路兵
暗裔剑魔,Aatrox,棱彩,29,11,利刃华尔兹
暗裔剑魔,Aatrox,棱彩,30,12,超负荷
暗裔剑魔,Aatrox,黄金,31,13,面包和黄油
暗裔剑魔,Aatrox,黄金,32,14,心灵净化
暗裔剑魔,Aatrox,棱彩,33,13,飞身踢
暗裔剑魔,Aatrox,黄金,34,15,坦克引擎
暗裔剑魔,Aatrox,白银,35,7,升级：死亡之舞
暗裔剑魔,Aatrox,棱彩,36,14,全凭身法
暗裔剑魔,Aatrox,白银,37,8,质变：黄金阶
暗裔剑魔,Aatrox,黄金,38,16,自然即是治愈
暗裔剑魔,Aatrox,黄金,39,17,杀戮时间到了
暗裔剑魔,Aatrox,白银,40,9,自适应防护
暗裔剑魔,Aatrox,黄金,41,18,穿针引线
暗裔剑魔,Aatrox,黄金,42,19,小小的额外帮助
暗裔剑魔,Aatrox,白银,43,10,逃跑计划
暗裔剑魔,Aatrox,黄金,44,20,夜狩
暗裔剑魔,Aatrox,棱彩,45,15,你摸不到
暗裔剑魔,Aatrox,黄金,46,21,闪现向前
暗裔剑魔,Aatrox,白银,47,11,暗影疾奔
暗裔剑魔,Aatrox,黄金,48,22,面包和奶酪
暗裔剑魔,Aatrox,棱彩,49,16,珠光护手
暗裔剑魔,Aatrox,黄金,50,23,生机迸发
暗裔剑魔,Aatrox,黄金,51,24,虚幻武器
暗裔剑魔,Aatrox,白银,52,12,前进时间到
暗裔剑魔,Aatrox,黄金,53,25,缩小引擎
暗裔剑魔,Aatrox,黄金,54,26,高压锅
暗裔剑魔,Aatrox,黄金,55,27,捐赠
暗裔剑魔,Aatrox,黄金,56,28,属性叠属性！
暗裔剑魔,Aatrox,白银,57,13,练腿日
暗裔剑魔,Aatrox,黄金,58,29,钢化你心
暗裔剑魔,Aatrox,棱彩,59,17,质变：混沌
暗裔剑魔,Aatrox,黄金,60,30,牙仙子
暗裔剑魔,Aatrox,黄金,61,31,不动如山
暗裔剑魔,Aatrox,白银,62,14,快中求稳
暗裔剑魔,Aatrox,黄金,63,32,星界躯体
暗裔剑魔,Aatrox,棱彩,64,18,终极九头蛇
暗裔剑魔,Aatrox,黄金,65,33,尖端发明家
暗裔剑魔,Aatrox,黄金,66,34,术士果汁盒
暗裔剑魔,Aatrox,棱彩,67,19,史上最大雪球
暗裔剑魔,Aatrox,棱彩,68,20,科学狂人
暗裔剑魔,Aatrox,白银,69,15,大师铸就
暗裔剑魔,Aatrox,棱彩,70,21,回归基本功
暗裔剑魔,Aatrox,黄金,71,35,弹球
暗裔剑魔,Aatrox,棱彩,72,22,秘术冲拳
暗裔剑魔,Aatrox,黄金,73,36,升级：无尽之刃
暗裔剑魔,Aatrox,棱彩,74,23,和我一起困在这里
暗裔剑魔,Aatrox,白银,75,16,升级：收集者
暗裔剑魔,Aatrox,棱彩,76,24,终极刷新
暗裔剑魔,Aatrox,黄金,77,37,灵魂虹吸
暗裔剑魔,Aatrox,棱彩,78,25,潘朵拉的盒子
暗裔剑魔,Aatrox,黄金,79,38,神圣干预
暗裔剑魔,Aatrox,棱彩,80,26,针插垫
暗裔剑魔,Aatrox,棱彩,81,27,软弹啪叽抓
暗裔剑魔,Aatrox,棱彩,82,28,无限循环往复
暗裔剑魔,Aatrox,黄金,83,39,有始有终
暗裔剑魔,Aatrox,黄金,84,40,急急小子
暗裔剑魔,Aatrox,棱彩,85,29,艾卡西亚的陷落
暗裔剑魔,Aatrox,黄金,86,41,轻拍背部
暗裔剑魔,Aatrox,黄金,87,42,冰雪爆裂
暗裔剑魔,Aatrox,黄金,88,43,关键暴击
暗裔剑魔,Aatrox,白银,89,17,杀意翻涌
暗裔剑魔,Aatrox,棱彩,90,30,海牛阿福的勇士
暗裔剑魔,Aatrox,棱彩,91,31,大法师
暗裔剑魔,Aatrox,黄金,92,44,更万用的瞄准镜
暗裔剑魔,Aatrox,白银,93,18,炼狱龙魂
暗裔剑魔,Aatrox,棱彩,94,32,巨人杀手
暗裔剑魔,Aatrox,棱彩,95,33,位面转移
暗裔剑魔,Aatrox,黄金,96,45,鲨鱼暴风
暗裔剑魔,Aatrox,白银,97,19,俯冲轰炸
暗裔剑魔,Aatrox,棱彩,98,34,死亡之环
暗裔剑魔,Aatrox,棱彩,99,35,全能龙魂
暗裔剑魔,Aatrox,黄金,100,46,易损
暗裔剑魔,Aatrox,黄金,101,47,哎哟，我的硬币！
暗裔剑魔,Aatrox,棱彩,102,36,神圣雪球
暗裔剑魔,Aatrox,白银,103,20,下雪天
暗裔剑魔,Aatrox,棱彩,104,37,踢踏舞
暗裔剑魔,Aatrox,棱彩,105,38,属性叠属性叠属性！
暗裔剑魔,Aatrox,棱彩,106,39,尊我为王
暗裔剑魔,Aatrox,白银,107,21,侵蚀
暗裔剑魔,Aatrox,黄金,108,48,面包和果酱
暗裔剑魔,Aatrox,黄金,109,49,鲨鱼诱饵
暗裔剑魔,Aatrox,白银,110,22,防护面纱
暗裔剑魔,Aatrox,棱彩,111,40,战争交响乐
暗裔剑魔,Aatrox,白银,112,23,属性！
暗裔剑魔,Aatrox,黄金,113,50,豪猪
暗裔剑魔,Aatrox,黄金,114,51,过量延伸者
暗裔剑魔,Aatrox,棱彩,115,41,连拨击锤
暗裔剑魔,Aatrox,棱彩,116,42,残忍
暗裔剑魔,Aatrox,白银,117,24,海克斯科技龙魂
暗裔剑魔,Aatrox,棱彩,118,43,双刀流
暗裔剑魔,Aatrox,白银,119,25,会心防御
暗裔剑魔,Aatrox,棱彩,120,44,双发快射
暗裔剑魔,Aatrox,黄金,121,52,缩小射线
暗裔剑魔,Aatrox,白银,122,26,台风
暗裔剑魔,Aatrox,白银,123,27,万用瞄准镜
暗裔剑魔,Aatrox,棱彩,124,45,大招工具人
暗裔剑魔,Aatrox,黄金,125,53,咏叹奏鸣
暗裔剑魔,Aatrox,黄金,126,54,升级：耀光
暗裔剑魔,Aatrox,白银,127,28,转得我眩晕了
暗裔剑魔,Aatrox,白银,128,29,纯粹主义者 - 术师
暗裔剑魔,Aatrox,白银,129,30,海洋龙魂
暗裔剑魔,Aatrox,白银,130,31,山脉龙魂
暗裔剑魔,Aatrox,棱彩,131,46,夺金
暗裔剑魔,Aatrox,白银,132,32,灵巧
暗裔剑魔,Aatrox,黄金,133,55,火上浇油
暗裔剑魔,Aatrox,白银,134,33,双生火焰
暗裔剑魔,Aatrox,白银,135,34,家园卫士
暗裔剑魔,Aatrox,棱彩,136,47,电涌力场
暗裔剑魔,Aatrox,棱彩,137,48,至高天诺言
暗裔剑魔,Aatrox,棱彩,138,49,最万用的瞄准镜
暗裔剑魔,Aatrox,黄金,139,56,回力OK镖
暗裔剑魔,Aatrox,黄金,140,57,藏身草丛
暗裔剑魔,Aatrox,黄金,141,58,炽烈黎明
暗裔剑魔,Aatrox,棱彩,142,50,舞会女王
暗裔剑魔,Aatrox,棱彩,143,51,大地苏醒
暗裔剑魔,Aatrox,白银,144,35,唯快不破
暗裔剑魔,Aatrox,棱彩,145,52,男爵之手
暗裔剑魔,Aatrox,黄金,146,59,魔法飞弹
暗裔剑魔,Aatrox,白银,147,36,吵闹鬼
暗裔剑魔,Aatrox,棱彩,148,53,风语者的祝福
暗裔剑魔,Aatrox,白银,149,37,由暴生急
暗裔剑魔,Aatrox,黄金,150,60,吸血习性
暗裔剑魔,Aatrox,白银,151,38,升级：献祭
暗裔剑魔,Aatrox,棱彩,152,54,魄罗蛮冲
暗裔剑魔,Aatrox,棱彩,153,55,炼狱导管
暗裔剑魔,Aatrox,白银,154,39,火狐
暗裔剑魔,Aatrox,棱彩,155,56,空投熊
暗裔剑魔,Aatrox,白银,156,40,冰寒
暗裔剑魔,Aatrox,黄金,157,61,活力焕发
暗裔剑魔,Aatrox,棱彩,158,57,玻璃大炮
暗裔剑魔,Aatrox,白银,159,41,闪光弹
暗裔剑魔,Aatrox,白银,160,42,闪闪现现
暗裔剑魔,Aatrox,白银,161,43,点亮他们！
暗裔剑魔,Aatrox,黄金,162,62,会心治疗
暗裔剑魔,Aatrox,白银,163,44,急救用具
暗裔剑魔,Aatrox,棱彩,164,58,灵魄炸弹
暗裔剑魔,Aatrox,棱彩,165,59,小丑学院
暗裔剑魔,Aatrox,黄金,166,63,坚韧
暗裔剑魔,Aatrox,棱彩,167,60,量子计算
暗裔剑魔,Aatrox,棱彩,168,61,蛋白粉奶昔
暗裔剑魔,Aatrox,白银,169,45,强力护盾
暗裔剑魔,Aatrox,黄金,170,64,升级：雪球
暗裔剑魔,Aatrox,黄金,171,65,雪球扭蛋机
暗裔剑魔,Aatrox,黄金,172,66,最终都市列车
暗裔剑魔,Aatrox,白银,173,46,坚若磐石
暗裔剑魔,Aatrox,黄金,174,67,快步
暗裔剑魔,Aatrox,黄金,175,68,魄罗爆破手
暗裔剑魔,Aatrox,棱彩,176,62,魄罗之王的弹跳
暗裔剑魔,Aatrox,黄金,177,69,暴击律动
暗裔剑魔,Aatrox,黄金,178,70,虚空冲刺
暗裔剑魔,Aatrox,白银,179,47,天音爆
暗裔剑魔,Aatrox,棱彩,180,63,王中王，靴中靴
暗裔剑魔,Aatrox,棱彩,181,64,卡皮巴拉空投
暗裔剑魔,Aatrox,黄金,182,71,喂呜喂呜
暗裔剑魔,Aatrox,棱彩,183,65,物法皆修
暗裔剑魔,Aatrox,黄金,184,72,全心为你
暗裔剑魔,Aatrox,黄金,185,73,急速之追求
暗裔剑魔,Aatrox,白银,186,48,主玩辅助
暗裔剑魔,Aatrox,黄金,187,74,威能之追求
九尾妖狐,Ahri,黄金,1,1,魔法飞弹
九尾妖狐,Ahri,黄金,2,2,术士果汁盒
九尾妖狐,Ahri,棱彩,3,1,尤里卡
九尾妖狐,Ahri,白银,4,1,巫师式思考
九尾妖狐,Ahri,黄金,5,3,超凡邪恶
九尾妖狐,Ahri,棱彩,6,2,大法师
九尾妖狐,Ahri,黄金,7,4,老练狙神
九尾妖狐,Ahri,白银,8,2,升级：中娅
九尾妖狐,Ahri,白银,9,3,纯粹主义者 - 术师
九尾妖狐,Ahri,黄金,10,5,超强大脑
九尾妖狐,Ahri,黄金,11,6,急急小子
九尾妖狐,Ahri,棱彩,12,3,无限循环往复
九尾妖狐,Ahri,黄金,13,7,牙仙子
九尾妖狐,Ahri,棱彩,14,4,沃格勒特的巫师帽
九尾妖狐,Ahri,黄金,15,8,质变：棱彩阶
九尾妖狐,Ahri,棱彩,16,5,咒语裂变
九尾妖狐,Ahri,棱彩,17,6,精怪魔法
九尾妖狐,Ahri,黄金,18,9,循环往复
九尾妖狐,Ahri,黄金,19,10,急速之追求
九尾妖狐,Ahri,棱彩,20,7,终极唤醒
九尾妖狐,Ahri,黄金,21,11,快步
九尾妖狐,Ahri,黄金,22,12,虚幻武器
九尾妖狐,Ahri,黄金,23,13,缩小引擎
九尾妖狐,Ahri,白银,24,4,火狐
九尾妖狐,Ahri,白银,25,5,终极不可阻挡
九尾妖狐,Ahri,白银,26,6,质变：黄金阶
九尾妖狐,Ahri,黄金,27,14,贪欲束缚
九尾妖狐,Ahri,白银,28,7,双生火焰
九尾妖狐,Ahri,黄金,29,15,杀戮时间到了
九尾妖狐,Ahri,棱彩,30,8,多重射击
九尾妖狐,Ahri,棱彩,31,9,你摸不到
九尾妖狐,Ahri,黄金,32,16,面包和奶酪
九尾妖狐,Ahri,黄金,33,17,面包和黄油
九尾妖狐,Ahri,黄金,34,18,穿针引线
九尾妖狐,Ahri,黄金,35,19,威能之追求
九尾妖狐,Ahri,白银,36,8,物理转魔法
九尾妖狐,Ahri,黄金,37,20,狙神飞星
九尾妖狐,Ahri,棱彩,38,10,珠光护手
九尾妖狐,Ahri,白银,39,9,由心及物
九尾妖狐,Ahri,白银,40,10,海克斯科技龙魂
九尾妖狐,Ahri,黄金,41,21,回力OK镖
九尾妖狐,Ahri,棱彩,42,11,终极刷新
九尾妖狐,Ahri,白银,43,11,家园卫士
九尾妖狐,Ahri,白银,44,12,保持坚定
九尾妖狐,Ahri,白银,45,13,扇巴掌
九尾妖狐,Ahri,黄金,46,22,溢流
九尾妖狐,Ahri,白银,47,14,渴血
九尾妖狐,Ahri,棱彩,48,12,质变：混沌
九尾妖狐,Ahri,白银,49,15,炼狱龙魂
九尾妖狐,Ahri,白银,50,16,暗影疾奔
九尾妖狐,Ahri,棱彩,51,13,巨人杀手
九尾妖狐,Ahri,棱彩,52,14,掷骰狂人
九尾妖狐,Ahri,黄金,53,23,捐赠
九尾妖狐,Ahri,白银,54,17,大师铸就
九尾妖狐,Ahri,黄金,55,24,面包和果酱
九尾妖狐,Ahri,白银,56,18,练腿日
九尾妖狐,Ahri,黄金,57,25,有始有终
九尾妖狐,Ahri,白银,58,19,快中求稳
九尾妖狐,Ahri,黄金,59,26,属性叠属性！
九尾妖狐,Ahri,白银,60,20,海洋龙魂
九尾妖狐,Ahri,棱彩,61,15,炼狱导管
九尾妖狐,Ahri,白银,62,21,侵蚀
九尾妖狐,Ahri,黄金,63,27,神射法师
九尾妖狐,Ahri,白银,64,22,逃跑计划
九尾妖狐,Ahri,棱彩,65,16,史上最大雪球
九尾妖狐,Ahri,白银,66,23,旋转至胜
九尾妖狐,Ahri,棱彩,67,17,超负荷
九尾妖狐,Ahri,棱彩,68,18,残忍
九尾妖狐,Ahri,棱彩,69,19,全凭身法
九尾妖狐,Ahri,棱彩,70,20,潘朵拉的盒子
九尾妖狐,Ahri,黄金,71,28,夜狩
九尾妖狐,Ahri,黄金,72,29,心灵净化
九尾妖狐,Ahri,棱彩,73,21,科学狂人
九尾妖狐,Ahri,棱彩,74,22,玻璃大炮
九尾妖狐,Ahri,黄金,75,30,炽烈黎明
九尾妖狐,Ahri,白银,76,24,防护面纱
九尾妖狐,Ahri,棱彩,77,23,全能龙魂
九尾妖狐,Ahri,棱彩,78,24,飞身踢
九尾妖狐,Ahri,黄金,79,31,闪现向前
九尾妖狐,Ahri,黄金,80,32,神圣干预
九尾妖狐,Ahri,黄金,81,33,生机迸发
九尾妖狐,Ahri,黄金,82,34,尖端发明家
九尾妖狐,Ahri,黄金,83,35,哎哟，我的硬币！
九尾妖狐,Ahri,白银,84,25,属性！
九尾妖狐,Ahri,棱彩,85,25,不祥契约
九尾妖狐,Ahri,棱彩,86,26,尊我为王
九尾妖狐,Ahri,棱彩,87,27,属性叠属性叠属性！
九尾妖狐,Ahri,棱彩,88,28,最终形态
九尾妖狐,Ahri,黄金,89,36,不动如山
九尾妖狐,Ahri,黄金,90,37,狂徒豪气
九尾妖狐,Ahri,棱彩,91,29,大招工具人
九尾妖狐,Ahri,棱彩,92,30,巨像的勇气
九尾妖狐,Ahri,棱彩,93,31,海牛阿福的勇士
九尾妖狐,Ahri,黄金,94,38,吞噬灵魂
九尾妖狐,Ahri,白银,95,26,杀意翻涌
九尾妖狐,Ahri,棱彩,96,32,扳机炼狱
九尾妖狐,Ahri,黄金,97,39,罪恶快感
九尾妖狐,Ahri,白银,98,27,注魔
九尾妖狐,Ahri,棱彩,99,33,回归基本功
九尾妖狐,Ahri,白银,100,28,唯快不破
九尾妖狐,Ahri,棱彩,101,34,夺金
九尾妖狐,Ahri,黄金,102,40,弹球
九尾妖狐,Ahri,黄金,103,41,鲨鱼暴风
九尾妖狐,Ahri,棱彩,104,35,吃过路兵
九尾妖狐,Ahri,棱彩,105,36,大地苏醒
九尾妖狐,Ahri,白银,106,29,下雪天
九尾妖狐,Ahri,黄金,107,42,炽燃利息
九尾妖狐,Ahri,棱彩,108,37,空投熊
九尾妖狐,Ahri,棱彩,109,38,秘术冲拳
九尾妖狐,Ahri,黄金,110,43,咏叹奏鸣
九尾妖狐,Ahri,黄金,111,44,冰雪爆裂
九尾妖狐,Ahri,棱彩,112,39,男爵之手
九尾妖狐,Ahri,白银,113,30,吵闹鬼
九尾妖狐,Ahri,白银,114,31,俯冲轰炸
九尾妖狐,Ahri,白银,115,32,狂热者
九尾妖狐,Ahri,白银,116,33,山脉龙魂
九尾妖狐,Ahri,棱彩,117,40,电涌力场
九尾妖狐,Ahri,黄金,118,45,火上浇油
九尾妖狐,Ahri,黄金,119,46,自然即是治愈
九尾妖狐,Ahri,棱彩,120,41,神圣雪球
九尾妖狐,Ahri,黄金,121,47,鲨鱼诱饵
九尾妖狐,Ahri,黄金,122,48,缩小射线
九尾妖狐,Ahri,黄金,123,49,我们的治疗
九尾妖狐,Ahri,黄金,124,50,坦克引擎
九尾妖狐,Ahri,白银,125,34,点亮他们！
九尾妖狐,Ahri,棱彩,126,42,歌利亚巨人
九尾妖狐,Ahri,黄金,127,51,黎明使者的坚决
九尾妖狐,Ahri,白银,128,35,冰寒
九尾妖狐,Ahri,黄金,129,52,轻拍背部
九尾妖狐,Ahri,棱彩,130,43,飞升仪式
九尾妖狐,Ahri,棱彩,131,44,物法皆修
九尾妖狐,Ahri,黄金,132,53,藏身草丛
九尾妖狐,Ahri,黄金,133,54,升级：耀光
九尾妖狐,Ahri,棱彩,134,45,魄罗蛮冲
九尾妖狐,Ahri,白银,135,36,转得我眩晕了
九尾妖狐,Ahri,白银,136,37,灵巧
九尾妖狐,Ahri,黄金,137,55,更万用的瞄准镜
九尾妖狐,Ahri,黄金,138,56,过量延伸者
九尾妖狐,Ahri,棱彩,139,46,利刃华尔兹
九尾妖狐,Ahri,棱彩,140,47,踢踏舞
九尾妖狐,Ahri,白银,141,38,万用瞄准镜
九尾妖狐,Ahri,棱彩,142,48,濒死悟道
九尾妖狐,Ahri,棱彩,143,49,软弹啪叽抓
九尾妖狐,Ahri,黄金,144,57,星界躯体
九尾妖狐,Ahri,黄金,145,58,豪猪
九尾妖狐,Ahri,棱彩,146,50,最万用的瞄准镜
九尾妖狐,Ahri,棱彩,147,51,位面转移
九尾妖狐,Ahri,棱彩,148,52,战争交响乐
九尾妖狐,Ahri,棱彩,149,53,泰坦的坚决
九尾妖狐,Ahri,棱彩,150,54,至高天诺言
九尾妖狐,Ahri,棱彩,151,55,舞会女王
九尾妖狐,Ahri,白银,152,39,重量级打击手
九尾妖狐,Ahri,白银,153,40,台风
九尾妖狐,Ahri,棱彩,154,56,亮出你的剑
九尾妖狐,Ahri,黄金,155,59,钢化你心
九尾妖狐,Ahri,黄金,156,60,高压锅
九尾妖狐,Ahri,棱彩,157,57,死亡之环
九尾妖狐,Ahri,黄金,158,61,无尽大杀四方
九尾妖狐,Ahri,棱彩,159,58,双刀流
九尾妖狐,Ahri,黄金,160,62,活力焕发
九尾妖狐,Ahri,棱彩,161,59,灵魄炸弹
九尾妖狐,Ahri,黄金,162,63,祖母的辣椒油
九尾妖狐,Ahri,黄金,163,64,吸血习性
九尾妖狐,Ahri,棱彩,164,60,小丑学院
九尾妖狐,Ahri,棱彩,165,61,风语者的祝福
九尾妖狐,Ahri,白银,166,41,闪光弹
九尾妖狐,Ahri,白银,167,42,闪闪现现
九尾妖狐,Ahri,黄金,168,65,升级：雪球
九尾妖狐,Ahri,黄金,169,66,魄罗爆破手
九尾妖狐,Ahri,白银,170,43,坚若磐石
九尾妖狐,Ahri,黄金,171,67,易损
九尾妖狐,Ahri,黄金,172,68,关键暴击
九尾妖狐,Ahri,黄金,173,69,雪球扭蛋机
九尾妖狐,Ahri,黄金,174,70,暴击飞弹
九尾妖狐,Ahri,黄金,175,71,灵魂虹吸
九尾妖狐,Ahri,棱彩,176,62,量子计算
九尾妖狐,Ahri,白银,177,44,魔法转物理
九尾妖狐,Ahri,白银,178,45,会心防御
九尾妖狐,Ahri,黄金,179,72,坚韧
九尾妖狐,Ahri,白银,180,46,强力护盾
九尾妖狐,Ahri,黄金,181,73,暴击律动
九尾妖狐,Ahri,黄金,182,74,会心治疗
九尾妖狐,Ahri,黄金,183,75,最终都市列车
九尾妖狐,Ahri,白银,184,47,大力
九尾妖狐,Ahri,白银,185,48,虹吸
九尾妖狐,Ahri,白银,186,49,可靠武器
九尾妖狐,Ahri,白银,187,50,急救用具
九尾妖狐,Ahri,棱彩,188,63,连拨击锤
九尾妖狐,Ahri,白银,189,51,自适应防护
九尾妖狐,Ahri,黄金,190,76,喂呜喂呜
九尾妖狐,Ahri,白银,191,52,升级：收集者
九尾妖狐,Ahri,棱彩,192,64,激光治疗
九尾妖狐,Ahri,棱彩,193,65,王中王，靴中靴
九尾妖狐,Ahri,棱彩,194,66,卡皮巴拉空投
九尾妖狐,Ahri,棱彩,195,67,？？？
九尾妖狐,Ahri,棱彩,196,68,魄罗之王的弹跳
九尾妖狐,Ahri,棱彩,197,69,你肩上的恶魔
九尾妖狐,Ahri,白银,198,53,天音爆
九尾妖狐,Ahri,白银,199,54,叠角龙
九尾妖狐,Ahri,黄金,200,77,升级：无尽之刃
九尾妖狐,Ahri,白银,201,55,由暴生急
离群之刺,Akali,黄金,1,1,穿针引线
离群之刺,Akali,白银,2,1,暗影疾奔
离群之刺,Akali,黄金,3,2,夜狩
离群之刺,Akali,白银,4,2,渴血
离群之刺,Akali,棱彩,5,1,最终形态
离群之刺,Akali,棱彩,6,2,全凭身法
离群之刺,Akali,黄金,7,3,牙仙子
离群之刺,Akali,黄金,8,4,杀戮时间到了
离群之刺,Akali,黄金,9,5,升级：耀光
离群之刺,Akali,黄金,10,6,术士果汁盒
离群之刺,Akali,黄金,11,7,质变：棱彩阶
离群之刺,Akali,黄金,12,8,威能之追求
离群之刺,Akali,棱彩,13,3,飞升仪式
离群之刺,Akali,黄金,14,9,无尽大杀四方
离群之刺,Akali,黄金,15,10,神射法师
离群之刺,Akali,白银,16,3,终极不可阻挡
离群之刺,Akali,黄金,17,11,狂徒豪气
离群之刺,Akali,棱彩,18,4,吃过路兵
离群之刺,Akali,白银,19,4,逃跑计划
离群之刺,Akali,棱彩,20,5,掷骰狂人
离群之刺,Akali,棱彩,21,6,利刃华尔兹
离群之刺,Akali,棱彩,22,7,终极刷新
离群之刺,Akali,棱彩,23,8,你摸不到
离群之刺,Akali,白银,24,5,杀意翻涌
离群之刺,Akali,黄金,25,12,心灵净化
离群之刺,Akali,棱彩,26,9,大地苏醒
离群之刺,Akali,棱彩,27,10,终极唤醒
离群之刺,Akali,白银,28,6,物理转魔法
离群之刺,Akali,白银,29,7,质变：黄金阶
离群之刺,Akali,黄金,30,13,超凡邪恶
离群之刺,Akali,白银,31,8,虹吸
离群之刺,Akali,黄金,32,14,循环往复
离群之刺,Akali,白银,33,9,巫师式思考
离群之刺,Akali,黄金,34,15,罪恶快感
离群之刺,Akali,棱彩,35,11,珠光护手
离群之刺,Akali,黄金,36,16,面包和果酱
离群之刺,Akali,黄金,37,17,自然即是治愈
离群之刺,Akali,白银,38,10,可靠武器
离群之刺,Akali,黄金,39,18,虚幻武器
离群之刺,Akali,黄金,40,19,缩小引擎
离群之刺,Akali,黄金,41,20,捐赠
离群之刺,Akali,棱彩,42,12,濒死悟道
离群之刺,Akali,白银,43,11,升级：中娅
离群之刺,Akali,白银,44,12,快中求稳
离群之刺,Akali,黄金,45,21,有始有终
离群之刺,Akali,棱彩,46,13,质变：混沌
离群之刺,Akali,棱彩,47,14,沃格勒特的巫师帽
离群之刺,Akali,棱彩,48,15,尤里卡
离群之刺,Akali,黄金,49,22,闪现向前
离群之刺,Akali,棱彩,50,16,史上最大雪球
离群之刺,Akali,黄金,51,23,属性叠属性！
离群之刺,Akali,白银,52,13,自适应防护
离群之刺,Akali,黄金,53,24,超强大脑
离群之刺,Akali,黄金,54,25,面包和黄油
离群之刺,Akali,棱彩,55,17,精怪魔法
离群之刺,Akali,白银,56,14,大师铸就
离群之刺,Akali,棱彩,57,18,和我一起困在这里
离群之刺,Akali,白银,58,15,练腿日
离群之刺,Akali,棱彩,59,19,扳机炼狱
离群之刺,Akali,黄金,60,26,生机迸发
离群之刺,Akali,黄金,61,27,面包和奶酪
离群之刺,Akali,棱彩,62,20,歌利亚巨人
离群之刺,Akali,白银,63,16,炼狱龙魂
离群之刺,Akali,黄金,64,28,弹球
离群之刺,Akali,棱彩,65,21,巨人杀手
离群之刺,Akali,白银,66,17,火狐
离群之刺,Akali,白银,67,18,俯冲轰炸
离群之刺,Akali,白银,68,19,双生火焰
离群之刺,Akali,棱彩,69,22,飞身踢
离群之刺,Akali,棱彩,70,23,海牛阿福的勇士
离群之刺,Akali,白银,71,20,下雪天
离群之刺,Akali,棱彩,72,24,科学狂人
离群之刺,Akali,棱彩,73,25,秘术冲拳
离群之刺,Akali,棱彩,74,26,物法皆修
离群之刺,Akali,黄金,75,29,藏身草丛
离群之刺,Akali,黄金,76,30,尖端发明家
离群之刺,Akali,棱彩,77,27,战争交响乐
离群之刺,Akali,棱彩,78,28,潘朵拉的盒子
离群之刺,Akali,黄金,79,31,冰雪爆裂
离群之刺,Akali,白银,80,21,魔法转物理
离群之刺,Akali,白银,81,22,大力
离群之刺,Akali,棱彩,82,29,不祥契约
离群之刺,Akali,棱彩,83,30,大法师
离群之刺,Akali,黄金,84,32,鲨鱼暴风
离群之刺,Akali,黄金,85,33,神圣干预
离群之刺,Akali,棱彩,86,31,神圣雪球
离群之刺,Akali,黄金,87,34,升级：贪欲九头蛇
离群之刺,Akali,白银,88,23,防护面纱
离群之刺,Akali,棱彩,89,32,无限循环往复
离群之刺,Akali,黄金,90,35,坦克引擎
离群之刺,Akali,黄金,91,36,钢化你心
离群之刺,Akali,黄金,92,37,鲨鱼诱饵
离群之刺,Akali,白银,93,24,海克斯科技龙魂
离群之刺,Akali,棱彩,94,33,空投熊
离群之刺,Akali,棱彩,95,34,全能龙魂
离群之刺,Akali,黄金,96,38,轻拍背部
离群之刺,Akali,白银,97,25,侵蚀
离群之刺,Akali,棱彩,98,35,位面转移
离群之刺,Akali,黄金,99,39,升级：焚天
离群之刺,Akali,棱彩,100,36,大招工具人
离群之刺,Akali,黄金,101,40,魔法飞弹
离群之刺,Akali,黄金,102,41,哎哟，我的硬币！
离群之刺,Akali,黄金,103,42,黎明使者的坚决
离群之刺,Akali,棱彩,104,37,尊我为王
离群之刺,Akali,白银,105,26,属性！
离群之刺,Akali,棱彩,106,38,泰坦的坚决
离群之刺,Akali,白银,107,27,升级：收集者
离群之刺,Akali,棱彩,108,39,夺金
离群之刺,Akali,棱彩,109,40,属性叠属性叠属性！
离群之刺,Akali,黄金,110,43,炽烈黎明
离群之刺,Akali,白银,111,28,重量级打击手
离群之刺,Akali,黄金,112,44,星界躯体
离群之刺,Akali,黄金,113,45,急急小子
离群之刺,Akali,黄金,114,46,过量延伸者
离群之刺,Akali,白银,115,29,家园卫士
离群之刺,Akali,黄金,116,47,我们的治疗
离群之刺,Akali,棱彩,117,41,舞会女王
离群之刺,Akali,白银,118,30,唯快不破
离群之刺,Akali,黄金,119,48,更万用的瞄准镜
离群之刺,Akali,棱彩,120,42,踢踏舞
离群之刺,Akali,白银,121,31,台风
离群之刺,Akali,白银,122,32,纯粹主义者 - 术师
离群之刺,Akali,黄金,123,49,升级：无尽之刃
离群之刺,Akali,棱彩,124,43,回归基本功
离群之刺,Akali,白银,125,33,山脉龙魂
离群之刺,Akali,棱彩,126,44,连拨击锤
离群之刺,Akali,白银,127,34,万用瞄准镜
离群之刺,Akali,黄金,128,50,高压锅
离群之刺,Akali,黄金,129,51,豪猪
离群之刺,Akali,黄金,130,52,火上浇油
离群之刺,Akali,黄金,131,53,回力OK镖
离群之刺,Akali,黄金,132,54,咏叹奏鸣
离群之刺,Akali,白银,133,35,转得我眩晕了
离群之刺,Akali,棱彩,134,45,炼狱导管
离群之刺,Akali,棱彩,135,46,电涌力场
离群之刺,Akali,白银,136,36,海洋龙魂
离群之刺,Akali,棱彩,137,47,男爵之手
离群之刺,Akali,黄金,138,55,缩小射线
离群之刺,Akali,白银,139,37,冰寒
离群之刺,Akali,棱彩,140,48,双刀流
离群之刺,Akali,棱彩,141,49,终极九头蛇
离群之刺,Akali,棱彩,142,50,艾卡西亚的陷落
离群之刺,Akali,棱彩,143,51,最万用的瞄准镜
离群之刺,Akali,白银,144,38,升级：死亡之舞
离群之刺,Akali,棱彩,145,52,魄罗蛮冲
离群之刺,Akali,白银,146,39,升级：献祭
离群之刺,Akali,棱彩,147,53,软弹啪叽抓
离群之刺,Akali,棱彩,148,54,玻璃大炮
离群之刺,Akali,白银,149,40,吵闹鬼
离群之刺,Akali,白银,150,41,灵巧
离群之刺,Akali,白银,151,42,点亮他们！
离群之刺,Akali,棱彩,152,55,死亡之环
离群之刺,Akali,黄金,153,56,吸血习性
离群之刺,Akali,白银,154,43,闪光弹
离群之刺,Akali,白银,155,44,闪闪现现
离群之刺,Akali,棱彩,156,56,小丑学院
离群之刺,Akali,棱彩,157,57,风语者的祝福
离群之刺,Akali,黄金,158,57,活力焕发
离群之刺,Akali,黄金,159,58,升级：雪球
离群之刺,Akali,黄金,160,59,灵魂虹吸
离群之刺,Akali,黄金,161,60,雪球扭蛋机
离群之刺,Akali,黄金,162,61,急速之追求
离群之刺,Akali,黄金,163,62,易损
离群之刺,Akali,黄金,164,63,关键暴击
离群之刺,Akali,黄金,165,64,坚韧
离群之刺,Akali,黄金,166,65,最终都市列车
离群之刺,Akali,黄金,167,66,祖母的辣椒油
离群之刺,Akali,棱彩,168,58,量子计算
离群之刺,Akali,黄金,169,67,虚空冲刺
离群之刺,Akali,黄金,170,68,魄罗爆破手
离群之刺,Akali,棱彩,171,59,超负荷
离群之刺,Akali,白银,172,45,会心防御
离群之刺,Akali,黄金,173,69,会心治疗
离群之刺,Akali,棱彩,174,60,至高天诺言
离群之刺,Akali,棱彩,175,61,卡皮巴拉空投
离群之刺,Akali,白银,176,46,急救用具
离群之刺,Akali,黄金,177,70,暴击律动
离群之刺,Akali,白银,178,47,狂热者
离群之刺,Akali,黄金,179,71,喂呜喂呜
离群之刺,Akali,白银,180,48,天音爆
离群之刺,Akali,白银,181,49,扇巴掌
离群之刺,Akali,棱彩,182,62,蛋白粉奶昔
离群之刺,Akali,棱彩,183,63,王中王，靴中靴
离群之刺,Akali,棱彩,184,64,升级：花晓之剑
离群之刺,Akali,棱彩,185,65,魄罗之王的弹跳
离群之刺,Akali,棱彩,186,66,双发快射
影哨,Akshan,黄金,1,1,暴击飞弹
影哨,Akshan,棱彩,2,1,双发快射
影哨,Akshan,黄金,3,2,升级：无尽之刃
影哨,Akshan,棱彩,4,2,双刀流
影哨,Akshan,棱彩,5,3,连拨击锤
影哨,Akshan,黄金,6,3,更万用的瞄准镜
影哨,Akshan,白银,7,1,台风
影哨,Akshan,黄金,8,4,暴击律动
影哨,Akshan,白银,9,2,升级：收集者
影哨,Akshan,棱彩,10,4,最万用的瞄准镜
影哨,Akshan,白银,11,3,灵巧
影哨,Akshan,白银,12,4,点亮他们！
影哨,Akshan,棱彩,13,5,巨人杀手
影哨,Akshan,棱彩,14,6,踢踏舞
影哨,Akshan,白银,15,5,万用瞄准镜
影哨,Akshan,黄金,16,5,质变：棱彩阶
影哨,Akshan,黄金,17,6,灵魂虹吸
影哨,Akshan,黄金,18,7,关键暴击
影哨,Akshan,黄金,19,8,易损
影哨,Akshan,棱彩,20,7,珠光护手
影哨,Akshan,白银,21,6,大力
影哨,Akshan,白银,22,7,会心防御
影哨,Akshan,黄金,23,9,火上浇油
影哨,Akshan,白银,24,8,魔法转物理
影哨,Akshan,棱彩,25,8,掷骰狂人
影哨,Akshan,白银,26,9,大师铸就
影哨,Akshan,黄金,27,10,属性叠属性！
影哨,Akshan,白银,28,10,逃跑计划
影哨,Akshan,白银,29,11,家园卫士
影哨,Akshan,棱彩,30,9,亮出你的剑
影哨,Akshan,白银,31,12,质变：黄金阶
影哨,Akshan,黄金,32,11,罪恶快感
影哨,Akshan,黄金,33,12,穿针引线
影哨,Akshan,黄金,34,13,缩小引擎
影哨,Akshan,棱彩,35,10,回归基本功
影哨,Akshan,黄金,36,14,缩小射线
影哨,Akshan,棱彩,37,11,质变：混沌
影哨,Akshan,白银,38,13,由暴生急
影哨,Akshan,黄金,39,15,捐赠
影哨,Akshan,棱彩,40,12,战争交响乐
影哨,Akshan,白银,41,14,虹吸
影哨,Akshan,黄金,42,16,夜狩
影哨,Akshan,黄金,43,17,牙仙子
影哨,Akshan,白银,44,15,旋转至胜
影哨,Akshan,白银,45,16,狂热者
影哨,Akshan,白银,46,17,注魔
影哨,Akshan,棱彩,47,13,潘朵拉的盒子
影哨,Akshan,白银,48,18,练腿日
影哨,Akshan,黄金,49,18,有始有终
影哨,Akshan,黄金,50,19,闪现向前
影哨,Akshan,黄金,51,20,老练狙神
影哨,Akshan,棱彩,52,14,秘术冲拳
影哨,Akshan,黄金,53,21,魔法飞弹
影哨,Akshan,黄金,54,22,虚幻武器
影哨,Akshan,白银,55,19,渴血
影哨,Akshan,棱彩,56,15,终极九头蛇
影哨,Akshan,白银,57,20,侵蚀
影哨,Akshan,棱彩,58,16,飞身踢
影哨,Akshan,棱彩,59,17,海牛阿福的勇士
影哨,Akshan,黄金,60,23,心灵净化
影哨,Akshan,黄金,61,24,杀戮时间到了
影哨,Akshan,黄金,62,25,哎哟，我的硬币！
影哨,Akshan,白银,63,21,海克斯科技龙魂
影哨,Akshan,棱彩,64,18,终极刷新
影哨,Akshan,棱彩,65,19,吃过路兵
影哨,Akshan,黄金,66,26,面包和黄油
影哨,Akshan,白银,67,22,炼狱龙魂
影哨,Akshan,黄金,68,27,回力OK镖
影哨,Akshan,黄金,69,28,狙神飞星
影哨,Akshan,棱彩,70,20,全能龙魂
影哨,Akshan,棱彩,71,21,玻璃大炮
影哨,Akshan,棱彩,72,22,尊我为王
影哨,Akshan,棱彩,73,23,科学狂人
影哨,Akshan,黄金,74,29,生机迸发
影哨,Akshan,黄金,75,30,循环往复
影哨,Akshan,棱彩,76,24,史上最大雪球
影哨,Akshan,棱彩,77,25,属性叠属性叠属性！
影哨,Akshan,黄金,78,31,面包和奶酪
影哨,Akshan,白银,79,23,暗影疾奔
影哨,Akshan,白银,80,24,杀意翻涌
影哨,Akshan,黄金,81,32,术士果汁盒
影哨,Akshan,白银,82,25,唯快不破
影哨,Akshan,白银,83,26,防护面纱
影哨,Akshan,棱彩,84,26,夺金
影哨,Akshan,黄金,85,33,升级：贪欲九头蛇
影哨,Akshan,棱彩,86,27,终极唤醒
影哨,Akshan,白银,87,27,吵闹鬼
影哨,Akshan,棱彩,88,28,利刃华尔兹
影哨,Akshan,黄金,89,34,神圣干预
影哨,Akshan,棱彩,90,29,扳机炼狱
影哨,Akshan,棱彩,91,30,大地苏醒
影哨,Akshan,白银,92,28,属性！
影哨,Akshan,白银,93,29,海洋龙魂
影哨,Akshan,黄金,94,35,藏身草丛
影哨,Akshan,黄金,95,36,轻拍背部
影哨,Akshan,黄金,96,37,弹球
影哨,Akshan,白银,97,30,别停止引导
影哨,Akshan,黄金,98,38,坦克引擎
影哨,Akshan,黄金,99,39,自然即是治愈
影哨,Akshan,黄金,100,40,尖端发明家
影哨,Akshan,黄金,101,41,急急小子
影哨,Akshan,黄金,102,42,黎明使者的坚决
影哨,Akshan,黄金,103,43,鲨鱼暴风
影哨,Akshan,棱彩,104,31,男爵之手
影哨,Akshan,黄金,105,44,炽烈黎明
影哨,Akshan,棱彩,106,32,你摸不到
影哨,Akshan,黄金,107,45,冰雪爆裂
影哨,Akshan,棱彩,108,33,大招工具人
影哨,Akshan,黄金,109,46,狂徒豪气
影哨,Akshan,棱彩,110,34,魄罗蛮冲
影哨,Akshan,白银,111,31,快中求稳
影哨,Akshan,黄金,112,47,咏叹奏鸣
影哨,Akshan,白银,113,32,纯粹主义者 - 术师
影哨,Akshan,棱彩,114,35,神圣雪球
影哨,Akshan,棱彩,115,36,濒死悟道
影哨,Akshan,棱彩,116,37,歌利亚巨人
影哨,Akshan,棱彩,117,38,精怪魔法
影哨,Akshan,棱彩,118,39,飞升仪式
影哨,Akshan,黄金,119,48,鲨鱼诱饵
影哨,Akshan,黄金,120,49,我们的治疗
影哨,Akshan,黄金,121,50,过量延伸者
影哨,Akshan,棱彩,122,40,无限循环往复
影哨,Akshan,黄金,123,51,星界躯体
影哨,Akshan,黄金,124,52,面包和果酱
影哨,Akshan,白银,125,33,重量级打击手
影哨,Akshan,棱彩,126,41,全凭身法
影哨,Akshan,棱彩,127,42,最终形态
影哨,Akshan,棱彩,128,43,大法师
影哨,Akshan,白银,129,34,山脉龙魂
影哨,Akshan,白银,130,35,火狐
影哨,Akshan,白银,131,36,终极不可阻挡
影哨,Akshan,黄金,132,53,钢化你心
影哨,Akshan,棱彩,133,44,泰坦的坚决
影哨,Akshan,棱彩,134,45,位面转移
影哨,Akshan,黄金,135,54,升级：耀光
影哨,Akshan,白银,136,37,俯冲轰炸
影哨,Akshan,棱彩,137,46,电涌力场
影哨,Akshan,白银,138,38,强力护盾
影哨,Akshan,白银,139,39,下雪天
影哨,Akshan,棱彩,140,47,炼狱导管
影哨,Akshan,黄金,141,55,豪猪
影哨,Akshan,黄金,142,56,溢流
影哨,Akshan,黄金,143,57,吸血习性
影哨,Akshan,棱彩,144,48,软弹啪叽抓
影哨,Akshan,棱彩,145,49,风语者的祝福
影哨,Akshan,黄金,146,58,高压锅
影哨,Akshan,白银,147,40,由心及物
影哨,Akshan,白银,148,41,冰寒
影哨,Akshan,黄金,149,59,会心治疗
影哨,Akshan,黄金,150,60,无尽大杀四方
影哨,Akshan,黄金,151,61,升级：焚天
影哨,Akshan,黄金,152,62,威能之追求
影哨,Akshan,黄金,153,63,虚空冲刺
影哨,Akshan,黄金,154,64,坚韧
影哨,Akshan,黄金,155,65,升级：雪球
影哨,Akshan,白银,156,42,闪闪现现
影哨,Akshan,棱彩,157,50,量子计算
影哨,Akshan,黄金,158,66,最终都市列车
影哨,Akshan,黄金,159,67,急速之追求
影哨,Akshan,黄金,160,68,神射法师
影哨,Akshan,棱彩,161,51,小丑学院
影哨,Akshan,黄金,162,69,雪球扭蛋机
影哨,Akshan,棱彩,163,52,超负荷
影哨,Akshan,黄金,164,70,喂呜喂呜
影哨,Akshan,白银,165,43,巫师式思考
影哨,Akshan,白银,166,44,闪光弹
影哨,Akshan,黄金,167,71,魄罗爆破手
影哨,Akshan,棱彩,168,53,舞会女王
影哨,Akshan,白银,169,45,可靠武器
影哨,Akshan,棱彩,170,54,升级：花晓之剑
影哨,Akshan,棱彩,171,55,和我一起困在这里
影哨,Akshan,白银,172,46,双生火焰
影哨,Akshan,棱彩,173,56,魄罗之王的弹跳
影哨,Akshan,棱彩,174,57,多重射击
牛头酋长,Alistar,黄金,1,1,坦克引擎
牛头酋长,Alistar,棱彩,2,1,飞身踢
牛头酋长,Alistar,黄金,3,2,星界躯体
牛头酋长,Alistar,黄金,4,3,钢化你心
牛头酋长,Alistar,白银,5,1,重量级打击手
牛头酋长,Alistar,棱彩,6,2,歌利亚巨人
牛头酋长,Alistar,白银,7,2,扇巴掌
牛头酋长,Alistar,棱彩,8,3,巨像的勇气
牛头酋长,Alistar,黄金,9,4,吞噬灵魂
牛头酋长,Alistar,白银,10,3,升级：献祭
牛头酋长,Alistar,黄金,11,5,高压锅
牛头酋长,Alistar,黄金,12,6,不动如山
牛头酋长,Alistar,棱彩,13,4,残忍
牛头酋长,Alistar,黄金,14,7,质变：棱彩阶
牛头酋长,Alistar,棱彩,15,5,蛋白粉奶昔
牛头酋长,Alistar,棱彩,16,6,艾卡西亚的陷落
牛头酋长,Alistar,黄金,17,8,连锁反应
牛头酋长,Alistar,黄金,18,9,贪欲束缚
牛头酋长,Alistar,白银,19,4,保持坚定
牛头酋长,Alistar,黄金,20,10,循环往复
牛头酋长,Alistar,白银,21,5,质变：黄金阶
牛头酋长,Alistar,黄金,22,11,生机迸发
牛头酋长,Alistar,棱彩,23,7,和我一起困在这里
牛头酋长,Alistar,白银,24,6,逃跑计划
牛头酋长,Alistar,黄金,25,12,黎明使者的坚决
牛头酋长,Alistar,棱彩,26,8,终极唤醒
牛头酋长,Alistar,黄金,27,13,快步
牛头酋长,Alistar,黄金,28,14,面包和黄油
牛头酋长,Alistar,白银,29,7,急救用具
牛头酋长,Alistar,白银,30,8,练腿日
牛头酋长,Alistar,黄金,31,15,豪猪
牛头酋长,Alistar,白银,32,9,快中求稳
牛头酋长,Alistar,棱彩,33,9,回响施放
牛头酋长,Alistar,白银,34,10,俯冲轰炸
牛头酋长,Alistar,白银,35,11,大师铸就
牛头酋长,Alistar,白银,36,12,暗影疾奔
牛头酋长,Alistar,黄金,37,16,面包和果酱
牛头酋长,Alistar,黄金,38,17,急速之追求
牛头酋长,Alistar,黄金,39,18,尖端发明家
牛头酋长,Alistar,黄金,40,19,缩小引擎
牛头酋长,Alistar,黄金,41,20,闪现向前
牛头酋长,Alistar,棱彩,42,10,史上最大雪球
牛头酋长,Alistar,黄金,43,21,无尽大杀四方
牛头酋长,Alistar,黄金,44,22,虚幻武器
牛头酋长,Alistar,黄金,45,23,神圣干预
牛头酋长,Alistar,白银,46,13,海洋龙魂
牛头酋长,Alistar,棱彩,47,11,死亡之环
牛头酋长,Alistar,棱彩,48,12,质变：混沌
牛头酋长,Alistar,黄金,49,24,喂呜喂呜
牛头酋长,Alistar,黄金,50,25,捐赠
牛头酋长,Alistar,黄金,51,26,属性叠属性！
牛头酋长,Alistar,白银,52,14,由心及物
牛头酋长,Alistar,棱彩,53,13,掷骰狂人
牛头酋长,Alistar,黄金,54,27,自然即是治愈
牛头酋长,Alistar,棱彩,55,14,无限循环往复
牛头酋长,Alistar,棱彩,56,15,最终形态
牛头酋长,Alistar,白银,57,15,家园卫士
牛头酋长,Alistar,棱彩,58,16,科学狂人
牛头酋长,Alistar,白银,59,16,下雪天
牛头酋长,Alistar,黄金,60,28,冰雪爆裂
牛头酋长,Alistar,棱彩,61,17,泰坦的坚决
牛头酋长,Alistar,黄金,62,29,弹球
牛头酋长,Alistar,白银,63,17,终极不可阻挡
牛头酋长,Alistar,棱彩,64,18,终极刷新
牛头酋长,Alistar,棱彩,65,19,大法师
牛头酋长,Alistar,棱彩,66,20,大地苏醒
牛头酋长,Alistar,白银,67,18,纯粹主义者 - 术师
牛头酋长,Alistar,白银,68,19,天音爆
牛头酋长,Alistar,黄金,69,30,狂徒豪气
牛头酋长,Alistar,黄金,70,31,超凡邪恶
牛头酋长,Alistar,黄金,71,32,我们的治疗
牛头酋长,Alistar,棱彩,72,21,全凭身法
牛头酋长,Alistar,黄金,73,33,咏叹奏鸣
牛头酋长,Alistar,棱彩,74,22,空投熊
牛头酋长,Alistar,黄金,75,34,威能之追求
牛头酋长,Alistar,棱彩,76,23,你摸不到
牛头酋长,Alistar,白银,77,20,转得我眩晕了
牛头酋长,Alistar,棱彩,78,24,神圣雪球
牛头酋长,Alistar,棱彩,79,25,潘朵拉的盒子
牛头酋长,Alistar,白银,80,21,物理转魔法
牛头酋长,Alistar,黄金,81,35,鲨鱼诱饵
牛头酋长,Alistar,黄金,82,36,全心为你
牛头酋长,Alistar,黄金,83,37,鲨鱼暴风
牛头酋长,Alistar,白银,84,22,侵蚀
牛头酋长,Alistar,棱彩,85,26,舞会女王
牛头酋长,Alistar,棱彩,86,27,回归基本功
牛头酋长,Alistar,黄金,87,38,术士果汁盒
牛头酋长,Alistar,白银,88,23,火狐
牛头酋长,Alistar,白银,89,24,山脉龙魂
牛头酋长,Alistar,白银,90,25,巫师式思考
牛头酋长,Alistar,白银,91,26,杀意翻涌
牛头酋长,Alistar,棱彩,92,28,尤里卡
牛头酋长,Alistar,白银,93,27,属性！
牛头酋长,Alistar,黄金,94,39,过量延伸者
牛头酋长,Alistar,棱彩,95,29,软弹啪叽抓
牛头酋长,Alistar,黄金,96,40,哎哟，我的硬币！
牛头酋长,Alistar,黄金,97,41,面包和奶酪
牛头酋长,Alistar,黄金,98,42,心灵净化
牛头酋长,Alistar,黄金,99,43,急急小子
牛头酋长,Alistar,棱彩,100,30,珠光护手
牛头酋长,Alistar,黄金,101,44,炽烈黎明
牛头酋长,Alistar,黄金,102,45,轻拍背部
牛头酋长,Alistar,棱彩,103,31,信念者的强化
牛头酋长,Alistar,棱彩,104,32,扳机炼狱
牛头酋长,Alistar,白银,105,28,炼狱龙魂
牛头酋长,Alistar,棱彩,106,33,秘术冲拳
牛头酋长,Alistar,黄金,107,46,炽燃利息
牛头酋长,Alistar,棱彩,108,34,风语者的祝福
牛头酋长,Alistar,棱彩,109,35,飞升仪式
牛头酋长,Alistar,白银,110,29,防护面纱
牛头酋长,Alistar,棱彩,111,36,全能龙魂
牛头酋长,Alistar,棱彩,112,37,尊我为王
牛头酋长,Alistar,棱彩,113,38,炼狱导管
牛头酋长,Alistar,棱彩,114,39,海牛阿福的勇士
牛头酋长,Alistar,棱彩,115,40,属性叠属性叠属性！
牛头酋长,Alistar,黄金,116,47,夜狩
牛头酋长,Alistar,白银,117,30,双生火焰
牛头酋长,Alistar,棱彩,118,41,吃过路兵
牛头酋长,Alistar,白银,119,31,海克斯科技龙魂
牛头酋长,Alistar,黄金,120,48,杀戮时间到了
牛头酋长,Alistar,黄金,121,49,神射法师
牛头酋长,Alistar,黄金,122,50,溢流
牛头酋长,Alistar,黄金,123,51,缩小射线
牛头酋长,Alistar,黄金,124,52,穿针引线
牛头酋长,Alistar,黄金,125,53,超强大脑
牛头酋长,Alistar,白银,126,32,冰寒
牛头酋长,Alistar,白银,127,33,升级：中娅
牛头酋长,Alistar,棱彩,128,42,沃格勒特的巫师帽
牛头酋长,Alistar,棱彩,129,43,巨人杀手
牛头酋长,Alistar,棱彩,130,44,至高天诺言
牛头酋长,Alistar,白银,131,34,渴血
牛头酋长,Alistar,棱彩,132,45,大招工具人
牛头酋长,Alistar,棱彩,133,46,濒死悟道
牛头酋长,Alistar,黄金,134,54,有始有终
牛头酋长,Alistar,黄金,135,55,回力OK镖
牛头酋长,Alistar,白银,136,35,吵闹鬼
牛头酋长,Alistar,黄金,137,56,罪恶快感
牛头酋长,Alistar,黄金,138,57,火上浇油
牛头酋长,Alistar,黄金,139,58,牙仙子
牛头酋长,Alistar,黄金,140,59,魔法飞弹
牛头酋长,Alistar,黄金,141,60,会心治疗
牛头酋长,Alistar,棱彩,142,47,夺金
牛头酋长,Alistar,棱彩,143,48,不祥契约
牛头酋长,Alistar,棱彩,144,49,魄罗蛮冲
牛头酋长,Alistar,棱彩,145,50,升级：花晓之剑
牛头酋长,Alistar,黄金,146,61,更万用的瞄准镜
牛头酋长,Alistar,棱彩,147,51,位面转移
牛头酋长,Alistar,黄金,148,62,升级：焚天
牛头酋长,Alistar,棱彩,149,52,男爵之手
牛头酋长,Alistar,白银,150,36,万用瞄准镜
牛头酋长,Alistar,黄金,151,63,藏身草丛
牛头酋长,Alistar,棱彩,152,53,利刃华尔兹
牛头酋长,Alistar,棱彩,153,54,电涌力场
牛头酋长,Alistar,棱彩,154,55,灵魄炸弹
牛头酋长,Alistar,白银,155,37,唯快不破
牛头酋长,Alistar,黄金,156,64,升级：贪欲九头蛇
牛头酋长,Alistar,白银,157,38,注魔
牛头酋长,Alistar,白银,158,39,灵巧
牛头酋长,Alistar,黄金,159,65,升级：耀光
牛头酋长,Alistar,棱彩,160,56,物法皆修
牛头酋长,Alistar,黄金,161,66,坚韧
牛头酋长,Alistar,白银,162,40,闪光弹
牛头酋长,Alistar,白银,163,41,闪闪现现
牛头酋长,Alistar,棱彩,164,57,最万用的瞄准镜
牛头酋长,Alistar,白银,165,42,坚若磐石
牛头酋长,Alistar,棱彩,166,58,踢踏舞
牛头酋长,Alistar,棱彩,167,59,玻璃大炮
牛头酋长,Alistar,白银,168,43,点亮他们！
牛头酋长,Alistar,黄金,169,67,活力焕发
牛头酋长,Alistar,棱彩,170,60,战争交响乐
牛头酋长,Alistar,黄金,171,68,升级：雪球
牛头酋长,Alistar,棱彩,172,61,激光治疗
牛头酋长,Alistar,黄金,173,69,雪球扭蛋机
牛头酋长,Alistar,白银,174,44,强力护盾
牛头酋长,Alistar,棱彩,175,62,量子计算
牛头酋长,Alistar,黄金,176,70,吸血习性
牛头酋长,Alistar,棱彩,177,63,小丑学院
牛头酋长,Alistar,黄金,178,71,虚空冲刺
牛头酋长,Alistar,黄金,179,72,祖母的辣椒油
牛头酋长,Alistar,棱彩,180,64,魄罗之王的弹跳
牛头酋长,Alistar,白银,181,45,会心防御
牛头酋长,Alistar,黄金,182,73,最终都市列车
牛头酋长,Alistar,黄金,183,74,魄罗爆破手
牛头酋长,Alistar,黄金,184,75,易损
牛头酋长,Alistar,棱彩,185,65,小猫咪找妈妈
牛头酋长,Alistar,黄金,186,76,关键暴击
牛头酋长,Alistar,白银,187,46,叠角龙
牛头酋长,Alistar,棱彩,188,66,双刀流
牛头酋长,Alistar,黄金,189,77,灵魂虹吸
牛头酋长,Alistar,白银,190,47,台风
牛头酋长,Alistar,棱彩,191,67,连拨击锤
牛头酋长,Alistar,棱彩,192,68,卡皮巴拉空投
牛头酋长,Alistar,棱彩,193,69,？？？
牛头酋长,Alistar,白银,194,48,主玩辅助
牛头酋长,Alistar,黄金,195,78,暴击律动
牛头酋长,Alistar,棱彩,196,70,王中王，靴中靴
牛头酋长,Alistar,棱彩,197,71,双发快射
铁血狼母,Ambessa,黄金,1,1,狂徒豪气
铁血狼母,Ambessa,黄金,2,2,无尽大杀四方
铁血狼母,Ambessa,白银,3,1,渴血
铁血狼母,Ambessa,黄金,4,3,穿针引线
铁血狼母,Ambessa,白银,5,2,旋转至胜
铁血狼母,Ambessa,棱彩,6,1,扳机炼狱
铁血狼母,Ambessa,白银,7,3,暗影疾奔
铁血狼母,Ambessa,黄金,8,4,牙仙子
铁血狼母,Ambessa,白银,9,4,大力
铁血狼母,Ambessa,棱彩,10,2,大地苏醒
铁血狼母,Ambessa,黄金,11,5,夜狩
铁血狼母,Ambessa,棱彩,12,3,最终形态
铁血狼母,Ambessa,黄金,13,6,质变：棱彩阶
铁血狼母,Ambessa,黄金,14,7,升级：贪欲九头蛇
铁血狼母,Ambessa,棱彩,15,4,回归基本功
铁血狼母,Ambessa,白银,16,5,快中求稳
铁血狼母,Ambessa,棱彩,17,5,掷骰狂人
铁血狼母,Ambessa,棱彩,18,6,全凭身法
铁血狼母,Ambessa,棱彩,19,7,飞升仪式
铁血狼母,Ambessa,黄金,20,8,升级：焚天
铁血狼母,Ambessa,棱彩,21,8,秘术冲拳
铁血狼母,Ambessa,黄金,22,9,循环往复
铁血狼母,Ambessa,黄金,23,10,黎明使者的坚决
铁血狼母,Ambessa,黄金,24,11,罪恶快感
铁血狼母,Ambessa,黄金,25,12,威能之追求
铁血狼母,Ambessa,棱彩,26,9,吃过路兵
铁血狼母,Ambessa,白银,27,6,虹吸
铁血狼母,Ambessa,棱彩,28,10,濒死悟道
铁血狼母,Ambessa,黄金,29,13,急速之追求
铁血狼母,Ambessa,棱彩,30,11,利刃华尔兹
铁血狼母,Ambessa,黄金,31,14,面包和黄油
铁血狼母,Ambessa,白银,32,7,魔法转物理
铁血狼母,Ambessa,黄金,33,15,自然即是治愈
铁血狼母,Ambessa,棱彩,34,12,终极唤醒
铁血狼母,Ambessa,黄金,35,16,面包和果酱
铁血狼母,Ambessa,棱彩,36,13,珠光护手
铁血狼母,Ambessa,白银,37,8,升级：死亡之舞
铁血狼母,Ambessa,棱彩,38,14,战争交响乐
铁血狼母,Ambessa,白银,39,9,质变：黄金阶
铁血狼母,Ambessa,白银,40,10,逃跑计划
铁血狼母,Ambessa,黄金,41,17,捐赠
铁血狼母,Ambessa,黄金,42,18,我们的治疗
铁血狼母,Ambessa,黄金,43,19,缩小引擎
铁血狼母,Ambessa,黄金,44,20,生机迸发
铁血狼母,Ambessa,白银,45,11,升级：收集者
铁血狼母,Ambessa,黄金,46,21,属性叠属性！
铁血狼母,Ambessa,棱彩,47,15,终极九头蛇
铁血狼母,Ambessa,黄金,48,22,闪现向前
铁血狼母,Ambessa,棱彩,49,16,质变：混沌
铁血狼母,Ambessa,黄金,50,23,坦克引擎
铁血狼母,Ambessa,棱彩,51,17,史上最大雪球
铁血狼母,Ambessa,棱彩,52,18,歌利亚巨人
铁血狼母,Ambessa,黄金,53,24,有始有终
铁血狼母,Ambessa,棱彩,54,19,无限循环往复
铁血狼母,Ambessa,棱彩,55,20,泰坦的坚决
铁血狼母,Ambessa,黄金,56,25,心灵净化
铁血狼母,Ambessa,棱彩,57,21,超负荷
铁血狼母,Ambessa,黄金,58,26,杀戮时间到了
铁血狼母,Ambessa,黄金,59,27,面包和奶酪
铁血狼母,Ambessa,白银,60,12,终极不可阻挡
铁血狼母,Ambessa,白银,61,13,自适应防护
铁血狼母,Ambessa,黄金,62,28,升级：无尽之刃
铁血狼母,Ambessa,白银,63,14,可靠武器
铁血狼母,Ambessa,黄金,64,29,尖端发明家
铁血狼母,Ambessa,棱彩,65,22,你摸不到
铁血狼母,Ambessa,黄金,66,30,冰雪爆裂
铁血狼母,Ambessa,棱彩,67,23,潘朵拉的盒子
铁血狼母,Ambessa,白银,68,15,加固护盾
铁血狼母,Ambessa,黄金,69,31,弹球
铁血狼母,Ambessa,棱彩,70,24,大法师
铁血狼母,Ambessa,白银,71,16,杀意翻涌
铁血狼母,Ambessa,黄金,72,32,神圣干预
铁血狼母,Ambessa,棱彩,73,25,终极刷新
铁血狼母,Ambessa,棱彩,74,26,和我一起困在这里
铁血狼母,Ambessa,白银,75,17,练腿日
铁血狼母,Ambessa,黄金,76,33,急急小子
铁血狼母,Ambessa,黄金,77,34,藏身草丛
铁血狼母,Ambessa,黄金,78,35,钢化你心
铁血狼母,Ambessa,白银,79,18,大师铸就
铁血狼母,Ambessa,棱彩,80,27,飞身踢
铁血狼母,Ambessa,黄金,81,36,术士果汁盒
铁血狼母,Ambessa,棱彩,82,28,科学狂人
铁血狼母,Ambessa,黄金,83,37,鲨鱼暴风
铁血狼母,Ambessa,棱彩,84,29,巨人杀手
铁血狼母,Ambessa,黄金,85,38,星界躯体
铁血狼母,Ambessa,棱彩,86,30,神圣雪球
铁血狼母,Ambessa,白银,87,19,俯冲轰炸
铁血狼母,Ambessa,棱彩,88,31,海牛阿福的勇士
铁血狼母,Ambessa,黄金,89,39,轻拍背部
铁血狼母,Ambessa,棱彩,90,32,软弹啪叽抓
铁血狼母,Ambessa,黄金,91,40,哎哟，我的硬币！
铁血狼母,Ambessa,黄金,92,41,灵魂虹吸
铁血狼母,Ambessa,棱彩,93,33,位面转移
铁血狼母,Ambessa,黄金,94,42,豪猪
铁血狼母,Ambessa,黄金,95,43,鲨鱼诱饵
铁血狼母,Ambessa,黄金,96,44,过量延伸者
铁血狼母,Ambessa,白银,97,20,侵蚀
铁血狼母,Ambessa,黄金,98,45,易损
铁血狼母,Ambessa,黄金,99,46,关键暴击
铁血狼母,Ambessa,白银,100,21,重量级打击手
铁血狼母,Ambessa,白银,101,22,强力护盾
铁血狼母,Ambessa,棱彩,102,34,全能龙魂
铁血狼母,Ambessa,白银,103,23,下雪天
铁血狼母,Ambessa,棱彩,104,35,属性叠属性叠属性！
铁血狼母,Ambessa,白银,105,24,炼狱龙魂
铁血狼母,Ambessa,黄金,106,47,高压锅
铁血狼母,Ambessa,棱彩,107,36,尊我为王
铁血狼母,Ambessa,白银,108,25,防护面纱
铁血狼母,Ambessa,黄金,109,48,升级：耀光
铁血狼母,Ambessa,黄金,110,49,缩小射线
铁血狼母,Ambessa,黄金,111,50,更万用的瞄准镜
铁血狼母,Ambessa,棱彩,112,37,连拨击锤
铁血狼母,Ambessa,白银,113,26,属性！
铁血狼母,Ambessa,棱彩,114,38,舞会女王
铁血狼母,Ambessa,棱彩,115,39,夺金
铁血狼母,Ambessa,棱彩,116,40,踢踏舞
铁血狼母,Ambessa,白银,117,27,海克斯科技龙魂
铁血狼母,Ambessa,白银,118,28,台风
铁血狼母,Ambessa,棱彩,119,41,双刀流
铁血狼母,Ambessa,白银,120,29,纯粹主义者 - 术师
铁血狼母,Ambessa,黄金,121,51,火上浇油
铁血狼母,Ambessa,黄金,122,52,咏叹奏鸣
铁血狼母,Ambessa,白银,123,30,会心防御
铁血狼母,Ambessa,黄金,124,53,炽烈黎明
铁血狼母,Ambessa,棱彩,125,42,大招工具人
铁血狼母,Ambessa,黄金,126,54,回力OK镖
铁血狼母,Ambessa,白银,127,31,转得我眩晕了
铁血狼母,Ambessa,棱彩,128,43,双发快射
铁血狼母,Ambessa,白银,129,32,海洋龙魂
铁血狼母,Ambessa,白银,130,33,双生火焰
铁血狼母,Ambessa,白银,131,34,唯快不破
铁血狼母,Ambessa,棱彩,132,44,男爵之手
铁血狼母,Ambessa,棱彩,133,45,空投熊
铁血狼母,Ambessa,白银,134,35,山脉龙魂
铁血狼母,Ambessa,黄金,135,55,魔法飞弹
铁血狼母,Ambessa,棱彩,136,46,电涌力场
铁血狼母,Ambessa,黄金,137,56,吸血习性
铁血狼母,Ambessa,白银,138,36,灵巧
铁血狼母,Ambessa,白银,139,37,家园卫士
铁血狼母,Ambessa,白银,140,38,万用瞄准镜
铁血狼母,Ambessa,棱彩,141,47,魄罗蛮冲
铁血狼母,Ambessa,棱彩,142,48,炼狱导管
铁血狼母,Ambessa,黄金,143,57,活力焕发
铁血狼母,Ambessa,白银,144,39,吵闹鬼
铁血狼母,Ambessa,棱彩,145,49,风语者的祝福
铁血狼母,Ambessa,棱彩,146,50,最万用的瞄准镜
铁血狼母,Ambessa,白银,147,40,火狐
铁血狼母,Ambessa,白银,148,41,由暴生急
铁血狼母,Ambessa,棱彩,149,51,至高天诺言
铁血狼母,Ambessa,白银,150,42,冰寒
铁血狼母,Ambessa,棱彩,151,52,艾卡西亚的陷落
铁血狼母,Ambessa,棱彩,152,53,玻璃大炮
铁血狼母,Ambessa,白银,153,43,升级：献祭
铁血狼母,Ambessa,棱彩,154,54,小丑学院
铁血狼母,Ambessa,白银,155,44,闪光弹
铁血狼母,Ambessa,白银,156,45,点亮他们！
铁血狼母,Ambessa,黄金,157,58,会心治疗
铁血狼母,Ambessa,黄金,158,59,超凡邪恶
铁血狼母,Ambessa,白银,159,46,闪闪现现
铁血狼母,Ambessa,黄金,160,60,虚幻武器
铁血狼母,Ambessa,棱彩,161,55,量子计算
铁血狼母,Ambessa,白银,162,47,急救用具
铁血狼母,Ambessa,黄金,163,61,升级：雪球
铁血狼母,Ambessa,黄金,164,62,坚韧
铁血狼母,Ambessa,棱彩,165,56,蛋白粉奶昔
铁血狼母,Ambessa,棱彩,166,57,灵魄炸弹
铁血狼母,Ambessa,黄金,167,63,雪球扭蛋机
铁血狼母,Ambessa,黄金,168,64,最终都市列车
铁血狼母,Ambessa,棱彩,169,58,精怪魔法
铁血狼母,Ambessa,黄金,170,65,魄罗爆破手
铁血狼母,Ambessa,棱彩,171,59,王中王，靴中靴
铁血狼母,Ambessa,棱彩,172,60,魄罗之王的弹跳
铁血狼母,Ambessa,棱彩,173,61,你肩上的恶魔
铁血狼母,Ambessa,白银,174,48,叠角龙
殇之木乃伊,Amumu,黄金,1,1,坦克引擎
殇之木乃伊,Amumu,棱彩,2,1,飞身踢
殇之木乃伊,Amumu,黄金,3,2,星界躯体
殇之木乃伊,Amumu,黄金,4,3,钢化你心
殇之木乃伊,Amumu,白银,5,1,升级：献祭
殇之木乃伊,Amumu,棱彩,6,2,歌利亚巨人
殇之木乃伊,Amumu,白银,7,2,重量级打击手
殇之木乃伊,Amumu,黄金,8,4,高压锅
殇之木乃伊,Amumu,黄金,9,5,虚幻武器
殇之木乃伊,Amumu,白银,10,3,扇巴掌
殇之木乃伊,Amumu,黄金,11,6,不动如山
殇之木乃伊,Amumu,棱彩,12,3,巨像的勇气
殇之木乃伊,Amumu,黄金,13,7,吞噬灵魂
殇之木乃伊,Amumu,黄金,14,8,超凡邪恶
殇之木乃伊,Amumu,棱彩,15,4,艾卡西亚的陷落
殇之木乃伊,Amumu,棱彩,16,5,终极刷新
殇之木乃伊,Amumu,黄金,17,9,术士果汁盒
殇之木乃伊,Amumu,黄金,18,10,质变：棱彩阶
殇之木乃伊,Amumu,棱彩,19,6,和我一起困在这里
殇之木乃伊,Amumu,白银,20,4,由心及物
殇之木乃伊,Amumu,黄金,21,11,炽燃利息
殇之木乃伊,Amumu,白银,22,5,保持坚定
殇之木乃伊,Amumu,黄金,23,12,贪欲束缚
殇之木乃伊,Amumu,黄金,24,13,杀戮时间到了
殇之木乃伊,Amumu,白银,25,6,巫师式思考
殇之木乃伊,Amumu,棱彩,26,7,残忍
殇之木乃伊,Amumu,白银,27,7,质变：黄金阶
殇之木乃伊,Amumu,棱彩,28,8,无限循环往复
殇之木乃伊,Amumu,棱彩,29,9,回响施放
殇之木乃伊,Amumu,黄金,30,14,循环往复
殇之木乃伊,Amumu,白银,31,8,俯冲轰炸
殇之木乃伊,Amumu,黄金,32,15,黎明使者的坚决
殇之木乃伊,Amumu,黄金,33,16,生机迸发
殇之木乃伊,Amumu,黄金,34,17,豪猪
殇之木乃伊,Amumu,白银,35,9,逃跑计划
殇之木乃伊,Amumu,白银,36,10,大师铸就
殇之木乃伊,Amumu,白银,37,11,侵蚀
殇之木乃伊,Amumu,棱彩,38,10,炼狱导管
殇之木乃伊,Amumu,白银,39,12,练腿日
殇之木乃伊,Amumu,白银,40,13,海洋龙魂
殇之木乃伊,Amumu,棱彩,41,11,质变：混沌
殇之木乃伊,Amumu,棱彩,42,12,掷骰狂人
殇之木乃伊,Amumu,黄金,43,18,鲨鱼诱饵
殇之木乃伊,Amumu,棱彩,44,13,终极唤醒
殇之木乃伊,Amumu,白银,45,14,纯粹主义者 - 术师
殇之木乃伊,Amumu,棱彩,46,14,尤里卡
殇之木乃伊,Amumu,黄金,47,19,快步
殇之木乃伊,Amumu,棱彩,48,15,大法师
殇之木乃伊,Amumu,白银,49,15,升级：中娅
殇之木乃伊,Amumu,黄金,50,20,面包和黄油
殇之木乃伊,Amumu,黄金,51,21,牙仙子
殇之木乃伊,Amumu,白银,52,16,终极不可阻挡
殇之木乃伊,Amumu,黄金,53,22,魔法飞弹
殇之木乃伊,Amumu,黄金,54,23,闪现向前
殇之木乃伊,Amumu,棱彩,55,16,精怪魔法
殇之木乃伊,Amumu,黄金,56,24,无尽大杀四方
殇之木乃伊,Amumu,黄金,57,25,超强大脑
殇之木乃伊,Amumu,棱彩,58,17,史上最大雪球
殇之木乃伊,Amumu,白银,59,17,下雪天
殇之木乃伊,Amumu,黄金,60,26,捐赠
殇之木乃伊,Amumu,黄金,61,27,弹球
殇之木乃伊,Amumu,黄金,62,28,急速之追求
殇之木乃伊,Amumu,棱彩,63,18,沃格勒特的巫师帽
殇之木乃伊,Amumu,棱彩,64,19,泰坦的坚决
殇之木乃伊,Amumu,黄金,65,29,神圣干预
殇之木乃伊,Amumu,棱彩,66,20,大招工具人
殇之木乃伊,Amumu,黄金,67,30,属性叠属性！
殇之木乃伊,Amumu,黄金,68,31,尖端发明家
殇之木乃伊,Amumu,白银,69,18,快中求稳
殇之木乃伊,Amumu,黄金,70,32,溢流
殇之木乃伊,Amumu,棱彩,71,21,最终形态
殇之木乃伊,Amumu,白银,72,19,旋转至胜
殇之木乃伊,Amumu,棱彩,73,22,你摸不到
殇之木乃伊,Amumu,黄金,74,33,面包和奶酪
殇之木乃伊,Amumu,黄金,75,34,冰雪爆裂
殇之木乃伊,Amumu,白银,76,20,渴血
殇之木乃伊,Amumu,白银,77,21,物理转魔法
殇之木乃伊,Amumu,黄金,78,35,威能之追求
殇之木乃伊,Amumu,黄金,79,36,自然即是治愈
殇之木乃伊,Amumu,黄金,80,37,穿针引线
殇之木乃伊,Amumu,黄金,81,38,缩小引擎
殇之木乃伊,Amumu,棱彩,82,23,空投熊
殇之木乃伊,Amumu,棱彩,83,24,科学狂人
殇之木乃伊,Amumu,黄金,84,39,鲨鱼暴风
殇之木乃伊,Amumu,棱彩,85,25,潘朵拉的盒子
殇之木乃伊,Amumu,黄金,86,40,我们的治疗
殇之木乃伊,Amumu,白银,87,22,火狐
殇之木乃伊,Amumu,黄金,88,41,狂徒豪气
殇之木乃伊,Amumu,白银,89,23,炼狱龙魂
殇之木乃伊,Amumu,白银,90,24,双生火焰
殇之木乃伊,Amumu,白银,91,25,属性！
殇之木乃伊,Amumu,白银,92,26,暗影疾奔
殇之木乃伊,Amumu,黄金,93,42,心灵净化
殇之木乃伊,Amumu,棱彩,94,26,大地苏醒
殇之木乃伊,Amumu,棱彩,95,27,神圣雪球
殇之木乃伊,Amumu,白银,96,27,山脉龙魂
殇之木乃伊,Amumu,黄金,97,43,哎哟，我的硬币！
殇之木乃伊,Amumu,黄金,98,44,过量延伸者
殇之木乃伊,Amumu,棱彩,99,28,珠光护手
殇之木乃伊,Amumu,棱彩,100,29,软弹啪叽抓
殇之木乃伊,Amumu,棱彩,101,30,舞会女王
殇之木乃伊,Amumu,白银,102,28,海克斯科技龙魂
殇之木乃伊,Amumu,白银,103,29,转得我眩晕了
殇之木乃伊,Amumu,棱彩,104,31,扳机炼狱
殇之木乃伊,Amumu,白银,105,30,冰寒
殇之木乃伊,Amumu,白银,106,31,防护面纱
殇之木乃伊,Amumu,黄金,107,45,咏叹奏鸣
殇之木乃伊,Amumu,白银,108,32,杀意翻涌
殇之木乃伊,Amumu,黄金,109,46,有始有终
殇之木乃伊,Amumu,白银,110,33,家园卫士
殇之木乃伊,Amumu,黄金,111,47,火上浇油
殇之木乃伊,Amumu,黄金,112,48,急急小子
殇之木乃伊,Amumu,棱彩,113,32,全凭身法
殇之木乃伊,Amumu,黄金,114,49,炽烈黎明
殇之木乃伊,Amumu,棱彩,115,33,全能龙魂
殇之木乃伊,Amumu,棱彩,116,34,海牛阿福的勇士
殇之木乃伊,Amumu,黄金,117,50,缩小射线
殇之木乃伊,Amumu,棱彩,118,35,吃过路兵
殇之木乃伊,Amumu,黄金,119,51,轻拍背部
殇之木乃伊,Amumu,棱彩,120,36,尊我为王
殇之木乃伊,Amumu,棱彩,121,37,属性叠属性叠属性！
殇之木乃伊,Amumu,棱彩,122,38,秘术冲拳
殇之木乃伊,Amumu,黄金,123,52,神射法师
殇之木乃伊,Amumu,棱彩,124,39,濒死悟道
殇之木乃伊,Amumu,棱彩,125,40,巨人杀手
殇之木乃伊,Amumu,棱彩,126,41,玻璃大炮
殇之木乃伊,Amumu,棱彩,127,42,不祥契约
殇之木乃伊,Amumu,黄金,128,53,回力OK镖
殇之木乃伊,Amumu,棱彩,129,43,飞升仪式
殇之木乃伊,Amumu,棱彩,130,44,夺金
殇之木乃伊,Amumu,棱彩,131,45,电涌力场
殇之木乃伊,Amumu,白银,132,34,注魔
殇之木乃伊,Amumu,黄金,133,54,升级：贪欲九头蛇
殇之木乃伊,Amumu,棱彩,134,46,魄罗蛮冲
殇之木乃伊,Amumu,黄金,135,55,夜狩
殇之木乃伊,Amumu,黄金,136,56,升级：焚天
殇之木乃伊,Amumu,黄金,137,57,藏身草丛
殇之木乃伊,Amumu,棱彩,138,47,回归基本功
殇之木乃伊,Amumu,棱彩,139,48,利刃华尔兹
殇之木乃伊,Amumu,棱彩,140,49,男爵之手
殇之木乃伊,Amumu,白银,141,35,吵闹鬼
殇之木乃伊,Amumu,黄金,142,58,罪恶快感
殇之木乃伊,Amumu,棱彩,143,50,位面转移
殇之木乃伊,Amumu,棱彩,144,51,物法皆修
殇之木乃伊,Amumu,黄金,145,59,更万用的瞄准镜
殇之木乃伊,Amumu,白银,146,36,万用瞄准镜
殇之木乃伊,Amumu,白银,147,37,灵巧
殇之木乃伊,Amumu,白银,148,38,唯快不破
殇之木乃伊,Amumu,白银,149,39,点亮他们！
殇之木乃伊,Amumu,黄金,150,60,升级：耀光
殇之木乃伊,Amumu,白银,151,40,闪闪现现
殇之木乃伊,Amumu,黄金,152,61,坚韧
殇之木乃伊,Amumu,白银,153,41,闪光弹
殇之木乃伊,Amumu,棱彩,154,52,战争交响乐
殇之木乃伊,Amumu,棱彩,155,53,最万用的瞄准镜
殇之木乃伊,Amumu,棱彩,156,54,踢踏舞
殇之木乃伊,Amumu,白银,157,42,坚若磐石
殇之木乃伊,Amumu,黄金,158,62,活力焕发
殇之木乃伊,Amumu,黄金,159,63,升级：雪球
殇之木乃伊,Amumu,黄金,160,64,祖母的辣椒油
殇之木乃伊,Amumu,黄金,161,65,吸血习性
殇之木乃伊,Amumu,黄金,162,66,易损
殇之木乃伊,Amumu,棱彩,163,55,小丑学院
殇之木乃伊,Amumu,棱彩,164,56,量子计算
殇之木乃伊,Amumu,黄金,165,67,会心治疗
殇之木乃伊,Amumu,黄金,166,68,雪球扭蛋机
殇之木乃伊,Amumu,黄金,167,69,最终都市列车
殇之木乃伊,Amumu,白银,168,43,会心防御
殇之木乃伊,Amumu,黄金,169,70,魄罗爆破手
殇之木乃伊,Amumu,黄金,170,71,虚空冲刺
殇之木乃伊,Amumu,棱彩,171,57,蛋白粉奶昔
殇之木乃伊,Amumu,白银,172,44,虹吸
殇之木乃伊,Amumu,黄金,173,72,灵魂虹吸
殇之木乃伊,Amumu,棱彩,174,58,超负荷
殇之木乃伊,Amumu,棱彩,175,59,魄罗之王的弹跳
殇之木乃伊,Amumu,黄金,176,73,关键暴击
殇之木乃伊,Amumu,棱彩,177,60,连拨击锤
殇之木乃伊,Amumu,棱彩,178,61,至高天诺言
殇之木乃伊,Amumu,棱彩,179,62,激光治疗
殇之木乃伊,Amumu,棱彩,180,63,？？？
殇之木乃伊,Amumu,白银,181,45,自适应防护
殇之木乃伊,Amumu,黄金,182,74,喂呜喂呜
殇之木乃伊,Amumu,白银,183,46,急救用具
殇之木乃伊,Amumu,白银,184,47,台风
殇之木乃伊,Amumu,棱彩,185,64,双刀流
殇之木乃伊,Amumu,黄金,186,75,暴击律动
殇之木乃伊,Amumu,棱彩,187,65,卡皮巴拉空投
冰晶凤凰,Anivia,白银,1,1,冰寒
冰晶凤凰,Anivia,棱彩,2,1,精怪魔法
冰晶凤凰,Anivia,黄金,3,1,魔法飞弹
冰晶凤凰,Anivia,黄金,4,2,术士果汁盒
冰晶凤凰,Anivia,棱彩,5,2,炼狱导管
冰晶凤凰,Anivia,黄金,6,3,超凡邪恶
冰晶凤凰,Anivia,白银,7,2,由心及物
冰晶凤凰,Anivia,黄金,8,4,地形专家
冰晶凤凰,Anivia,黄金,9,5,杀戮时间到了
冰晶凤凰,Anivia,棱彩,10,3,尤里卡
冰晶凤凰,Anivia,白银,11,3,巫师式思考
冰晶凤凰,Anivia,黄金,12,6,老练狙神
冰晶凤凰,Anivia,黄金,13,7,超强大脑
冰晶凤凰,Anivia,黄金,14,8,质变：棱彩阶
冰晶凤凰,Anivia,棱彩,15,4,大法师
冰晶凤凰,Anivia,棱彩,16,5,残忍
冰晶凤凰,Anivia,白银,17,4,升级：中娅
冰晶凤凰,Anivia,黄金,18,9,溢流
冰晶凤凰,Anivia,黄金,19,10,贪欲束缚
冰晶凤凰,Anivia,黄金,20,11,狙神飞星
冰晶凤凰,Anivia,棱彩,21,6,无限循环往复
冰晶凤凰,Anivia,黄金,22,12,急急小子
冰晶凤凰,Anivia,黄金,23,13,炽燃利息
冰晶凤凰,Anivia,棱彩,24,7,沃格勒特的巫师帽
冰晶凤凰,Anivia,棱彩,25,8,你摸不到
冰晶凤凰,Anivia,白银,26,5,终极不可阻挡
冰晶凤凰,Anivia,黄金,27,14,急速之追求
冰晶凤凰,Anivia,黄金,28,15,缩小引擎
冰晶凤凰,Anivia,白银,29,6,扇巴掌
冰晶凤凰,Anivia,黄金,30,16,回力OK镖
冰晶凤凰,Anivia,白银,31,7,侵蚀
冰晶凤凰,Anivia,白银,32,8,家园卫士
冰晶凤凰,Anivia,棱彩,33,9,掷骰狂人
冰晶凤凰,Anivia,棱彩,34,10,巨人杀手
冰晶凤凰,Anivia,黄金,35,17,循环往复
冰晶凤凰,Anivia,黄金,36,18,虚幻武器
冰晶凤凰,Anivia,白银,37,9,纯粹主义者 - 术师
冰晶凤凰,Anivia,棱彩,38,11,三重射击
冰晶凤凰,Anivia,棱彩,39,12,电涌力场
冰晶凤凰,Anivia,黄金,40,19,威能之追求
冰晶凤凰,Anivia,白银,41,10,质变：黄金阶
冰晶凤凰,Anivia,黄金,42,20,面包和黄油
冰晶凤凰,Anivia,白银,43,11,双生火焰
冰晶凤凰,Anivia,黄金,44,21,面包和果酱
冰晶凤凰,Anivia,白银,45,12,可靠武器
冰晶凤凰,Anivia,黄金,46,22,不动如山
冰晶凤凰,Anivia,棱彩,47,13,终极唤醒
冰晶凤凰,Anivia,棱彩,48,14,珠光护手
冰晶凤凰,Anivia,黄金,49,23,穿针引线
冰晶凤凰,Anivia,白银,50,13,大师铸就
冰晶凤凰,Anivia,黄金,51,24,面包和奶酪
冰晶凤凰,Anivia,白银,52,14,海克斯科技龙魂
冰晶凤凰,Anivia,黄金,53,25,神射法师
冰晶凤凰,Anivia,白银,54,15,海洋龙魂
冰晶凤凰,Anivia,棱彩,55,15,质变：混沌
冰晶凤凰,Anivia,白银,56,16,注魔
冰晶凤凰,Anivia,白银,57,17,物理转魔法
冰晶凤凰,Anivia,黄金,58,26,捐赠
冰晶凤凰,Anivia,黄金,59,27,吞噬灵魂
冰晶凤凰,Anivia,黄金,60,28,属性叠属性！
冰晶凤凰,Anivia,白银,61,18,渴血
冰晶凤凰,Anivia,棱彩,62,16,飞身踢
冰晶凤凰,Anivia,黄金,63,29,有始有终
冰晶凤凰,Anivia,棱彩,64,17,不祥契约
冰晶凤凰,Anivia,白银,65,19,炼狱龙魂
冰晶凤凰,Anivia,棱彩,66,18,最终形态
冰晶凤凰,Anivia,黄金,67,30,坦克引擎
冰晶凤凰,Anivia,棱彩,68,19,回响施放
冰晶凤凰,Anivia,棱彩,69,20,超负荷
冰晶凤凰,Anivia,棱彩,70,21,潘朵拉的盒子
冰晶凤凰,Anivia,黄金,71,31,心灵净化
冰晶凤凰,Anivia,棱彩,72,22,巨像的勇气
冰晶凤凰,Anivia,黄金,73,32,牙仙子
冰晶凤凰,Anivia,黄金,74,33,哎哟，我的硬币！
冰晶凤凰,Anivia,黄金,75,34,炽烈黎明
冰晶凤凰,Anivia,白银,76,20,练腿日
冰晶凤凰,Anivia,黄金,77,35,轻拍背部
冰晶凤凰,Anivia,白银,78,21,火狐
冰晶凤凰,Anivia,棱彩,79,23,科学狂人
冰晶凤凰,Anivia,棱彩,80,24,全能龙魂
冰晶凤凰,Anivia,白银,81,22,逃跑计划
冰晶凤凰,Anivia,棱彩,82,25,史上最大雪球
冰晶凤凰,Anivia,黄金,83,36,神圣干预
冰晶凤凰,Anivia,棱彩,84,26,玻璃大炮
冰晶凤凰,Anivia,黄金,85,37,尖端发明家
冰晶凤凰,Anivia,黄金,86,38,生机迸发
冰晶凤凰,Anivia,黄金,87,39,咏叹奏鸣
冰晶凤凰,Anivia,棱彩,88,27,歌利亚巨人
冰晶凤凰,Anivia,棱彩,89,28,海牛阿福的勇士
冰晶凤凰,Anivia,棱彩,90,29,夺金
冰晶凤凰,Anivia,黄金,91,40,自然即是治愈
冰晶凤凰,Anivia,白银,92,23,防护面纱
冰晶凤凰,Anivia,棱彩,93,30,属性叠属性叠属性！
冰晶凤凰,Anivia,黄金,94,41,黎明使者的坚决
冰晶凤凰,Anivia,黄金,95,42,闪现向前
冰晶凤凰,Anivia,黄金,96,43,星界躯体
冰晶凤凰,Anivia,白银,97,24,属性！
冰晶凤凰,Anivia,棱彩,98,31,男爵之手
冰晶凤凰,Anivia,黄金,99,44,鲨鱼暴风
冰晶凤凰,Anivia,黄金,100,45,火上浇油
冰晶凤凰,Anivia,棱彩,101,32,尊我为王
冰晶凤凰,Anivia,黄金,102,46,弹球
冰晶凤凰,Anivia,棱彩,103,33,空投熊
冰晶凤凰,Anivia,黄金,104,47,鲨鱼诱饵
冰晶凤凰,Anivia,黄金,105,48,夜狩
冰晶凤凰,Anivia,白银,106,25,吵闹鬼
冰晶凤凰,Anivia,棱彩,107,34,秘术冲拳
冰晶凤凰,Anivia,棱彩,108,35,魄罗蛮冲
冰晶凤凰,Anivia,白银,109,26,山脉龙魂
冰晶凤凰,Anivia,黄金,110,49,冰雪爆裂
冰晶凤凰,Anivia,白银,111,27,俯冲轰炸
冰晶凤凰,Anivia,黄金,112,50,缩小射线
冰晶凤凰,Anivia,白银,113,28,下雪天
冰晶凤凰,Anivia,黄金,114,51,罪恶快感
冰晶凤凰,Anivia,白银,115,29,转得我眩晕了
冰晶凤凰,Anivia,白银,116,30,唯快不破
冰晶凤凰,Anivia,黄金,117,52,钢化你心
冰晶凤凰,Anivia,棱彩,118,36,扳机炼狱
冰晶凤凰,Anivia,棱彩,119,37,大招工具人
冰晶凤凰,Anivia,棱彩,120,38,吃过路兵
冰晶凤凰,Anivia,棱彩,121,39,回归基本功
冰晶凤凰,Anivia,黄金,122,53,高压锅
冰晶凤凰,Anivia,黄金,123,54,藏身草丛
冰晶凤凰,Anivia,黄金,124,55,我们的治疗
冰晶凤凰,Anivia,黄金,125,56,更万用的瞄准镜
冰晶凤凰,Anivia,棱彩,126,40,泰坦的坚决
冰晶凤凰,Anivia,黄金,127,57,过量延伸者
冰晶凤凰,Anivia,棱彩,128,41,物法皆修
冰晶凤凰,Anivia,棱彩,129,42,软弹啪叽抓
冰晶凤凰,Anivia,棱彩,130,43,位面转移
冰晶凤凰,Anivia,棱彩,131,44,神圣雪球
冰晶凤凰,Anivia,白银,132,31,杀意翻涌
冰晶凤凰,Anivia,白银,133,32,点亮他们！
冰晶凤凰,Anivia,黄金,134,58,豪猪
冰晶凤凰,Anivia,白银,135,33,万用瞄准镜
冰晶凤凰,Anivia,棱彩,136,45,最万用的瞄准镜
冰晶凤凰,Anivia,白银,137,34,重量级打击手
冰晶凤凰,Anivia,白银,138,35,灵巧
冰晶凤凰,Anivia,棱彩,139,46,濒死悟道
冰晶凤凰,Anivia,棱彩,140,47,飞升仪式
冰晶凤凰,Anivia,黄金,141,59,升级：耀光
冰晶凤凰,Anivia,棱彩,142,48,利刃华尔兹
冰晶凤凰,Anivia,棱彩,143,49,踢踏舞
冰晶凤凰,Anivia,黄金,144,60,无尽大杀四方
冰晶凤凰,Anivia,棱彩,145,50,战争交响乐
冰晶凤凰,Anivia,黄金,146,61,祖母的辣椒油
冰晶凤凰,Anivia,黄金,147,62,易损
冰晶凤凰,Anivia,黄金,148,63,吸血习性
冰晶凤凰,Anivia,黄金,149,64,活力焕发
冰晶凤凰,Anivia,黄金,150,65,关键暴击
冰晶凤凰,Anivia,白银,151,36,坚若磐石
冰晶凤凰,Anivia,黄金,152,66,魄罗爆破手
冰晶凤凰,Anivia,黄金,153,67,暴击飞弹
冰晶凤凰,Anivia,黄金,154,68,坚韧
冰晶凤凰,Anivia,黄金,155,69,升级：雪球
冰晶凤凰,Anivia,白银,156,37,闪闪现现
冰晶凤凰,Anivia,白银,157,38,会心防御
冰晶凤凰,Anivia,黄金,158,70,灵魂虹吸
冰晶凤凰,Anivia,棱彩,159,51,量子计算
冰晶凤凰,Anivia,白银,160,39,闪光弹
冰晶凤凰,Anivia,黄金,161,71,雪球扭蛋机
冰晶凤凰,Anivia,白银,162,40,狂热者
冰晶凤凰,Anivia,白银,163,41,自适应防护
冰晶凤凰,Anivia,棱彩,164,52,双刀流
冰晶凤凰,Anivia,黄金,165,72,喂呜喂呜
冰晶凤凰,Anivia,棱彩,166,53,小丑学院
冰晶凤凰,Anivia,黄金,167,73,暴击律动
冰晶凤凰,Anivia,棱彩,168,54,激光治疗
冰晶凤凰,Anivia,黄金,169,74,最终都市列车
冰晶凤凰,Anivia,棱彩,170,55,？？？
冰晶凤凰,Anivia,白银,171,42,由暴生急
冰晶凤凰,Anivia,白银,172,43,虹吸
冰晶凤凰,Anivia,白银,173,44,台风
冰晶凤凰,Anivia,黄金,174,75,会心治疗
冰晶凤凰,Anivia,黄金,175,76,全心为你
冰晶凤凰,Anivia,棱彩,176,56,信念者的强化
冰晶凤凰,Anivia,棱彩,177,57,你肩上的恶魔
黑暗之女,Annie,黄金,1,1,魔法飞弹
黑暗之女,Annie,棱彩,2,1,尤里卡
黑暗之女,Annie,黄金,3,2,超凡邪恶
黑暗之女,Annie,白银,4,1,巫师式思考
黑暗之女,Annie,黄金,5,3,术士果汁盒
黑暗之女,Annie,黄金,6,4,杀戮时间到了
黑暗之女,Annie,白银,7,2,升级：中娅
黑暗之女,Annie,黄金,8,5,牙仙子
黑暗之女,Annie,棱彩,9,2,大法师
黑暗之女,Annie,黄金,10,6,超强大脑
黑暗之女,Annie,白银,11,3,纯粹主义者 - 术师
黑暗之女,Annie,黄金,12,7,仆从大师
黑暗之女,Annie,棱彩,13,3,无限循环往复
黑暗之女,Annie,棱彩,14,4,沃格勒特的巫师帽
黑暗之女,Annie,黄金,15,8,质变：棱彩阶
黑暗之女,Annie,棱彩,16,5,终极刷新
黑暗之女,Annie,黄金,17,9,循环往复
黑暗之女,Annie,棱彩,18,6,终极唤醒
黑暗之女,Annie,棱彩,19,7,精怪魔法
黑暗之女,Annie,棱彩,20,8,三重射击
黑暗之女,Annie,棱彩,21,9,残忍
黑暗之女,Annie,白银,22,4,质变：黄金阶
黑暗之女,Annie,黄金,23,10,急速之追求
黑暗之女,Annie,黄金,24,11,虚幻武器
黑暗之女,Annie,黄金,25,12,威能之追求
黑暗之女,Annie,黄金,26,13,缩小引擎
黑暗之女,Annie,黄金,27,14,穿针引线
黑暗之女,Annie,白银,28,5,扇巴掌
黑暗之女,Annie,白银,29,6,家园卫士
黑暗之女,Annie,白银,30,7,双生火焰
黑暗之女,Annie,黄金,31,15,溢流
黑暗之女,Annie,白银,32,8,由心及物
黑暗之女,Annie,白银,33,9,物理转魔法
黑暗之女,Annie,白银,34,10,海克斯科技龙魂
黑暗之女,Annie,棱彩,35,10,炼狱导管
黑暗之女,Annie,白银,36,11,炼狱龙魂
黑暗之女,Annie,白银,37,12,大师铸就
黑暗之女,Annie,黄金,38,16,面包和黄油
黑暗之女,Annie,棱彩,39,11,珠光护手
黑暗之女,Annie,黄金,40,17,捐赠
黑暗之女,Annie,黄金,41,18,有始有终
黑暗之女,Annie,白银,42,13,火狐
黑暗之女,Annie,黄金,43,19,急急小子
黑暗之女,Annie,棱彩,44,12,质变：混沌
黑暗之女,Annie,黄金,45,20,闪现向前
黑暗之女,Annie,白银,46,14,侵蚀
黑暗之女,Annie,黄金,47,21,属性叠属性！
黑暗之女,Annie,棱彩,48,13,巨人杀手
黑暗之女,Annie,棱彩,49,14,掷骰狂人
黑暗之女,Annie,棱彩,50,15,空投熊
黑暗之女,Annie,黄金,51,22,炽燃利息
黑暗之女,Annie,黄金,52,23,面包和奶酪
黑暗之女,Annie,白银,53,15,逃跑计划
黑暗之女,Annie,白银,54,16,练腿日
黑暗之女,Annie,白银,55,17,海洋龙魂
黑暗之女,Annie,白银,56,18,终极不可阻挡
黑暗之女,Annie,黄金,57,24,面包和果酱
黑暗之女,Annie,棱彩,58,16,大招工具人
黑暗之女,Annie,黄金,59,25,狙神飞星
黑暗之女,Annie,棱彩,60,17,史上最大雪球
黑暗之女,Annie,棱彩,61,18,你摸不到
黑暗之女,Annie,棱彩,62,19,超负荷
黑暗之女,Annie,黄金,63,26,心灵净化
黑暗之女,Annie,棱彩,64,20,潘朵拉的盒子
黑暗之女,Annie,白银,65,19,下雪天
黑暗之女,Annie,黄金,66,27,吞噬灵魂
黑暗之女,Annie,黄金,67,28,弹球
黑暗之女,Annie,黄金,68,29,神圣干预
黑暗之女,Annie,白银,69,20,冰寒
黑暗之女,Annie,黄金,70,30,炽烈黎明
黑暗之女,Annie,白银,71,21,俯冲轰炸
黑暗之女,Annie,黄金,72,31,神射法师
黑暗之女,Annie,黄金,73,32,冰雪爆裂
黑暗之女,Annie,黄金,74,33,不动如山
黑暗之女,Annie,棱彩,75,21,玻璃大炮
黑暗之女,Annie,黄金,76,34,鲨鱼暴风
黑暗之女,Annie,黄金,77,35,尖端发明家
黑暗之女,Annie,棱彩,78,22,巨像的勇气
黑暗之女,Annie,白银,79,22,渴血
黑暗之女,Annie,黄金,80,36,哎哟，我的硬币！
黑暗之女,Annie,白银,81,23,属性！
黑暗之女,Annie,白银,82,24,防护面纱
黑暗之女,Annie,棱彩,83,23,科学狂人
黑暗之女,Annie,黄金,84,37,老练狙神
黑暗之女,Annie,黄金,85,38,鲨鱼诱饵
黑暗之女,Annie,棱彩,86,24,飞身踢
黑暗之女,Annie,黄金,87,39,回力OK镖
黑暗之女,Annie,棱彩,88,25,全能龙魂
黑暗之女,Annie,棱彩,89,26,神圣雪球
黑暗之女,Annie,黄金,90,40,夜狩
黑暗之女,Annie,白银,91,25,强力护盾
黑暗之女,Annie,黄金,92,41,咏叹奏鸣
黑暗之女,Annie,黄金,93,42,火上浇油
黑暗之女,Annie,黄金,94,43,藏身草丛
黑暗之女,Annie,白银,95,26,注魔
黑暗之女,Annie,棱彩,96,27,属性叠属性叠属性！
黑暗之女,Annie,棱彩,97,28,海牛阿福的勇士
黑暗之女,Annie,黄金,98,44,生机迸发
黑暗之女,Annie,棱彩,99,29,最终形态
黑暗之女,Annie,棱彩,100,30,夺金
黑暗之女,Annie,棱彩,101,31,男爵之手
黑暗之女,Annie,棱彩,102,32,不祥契约
黑暗之女,Annie,白银,103,27,杀意翻涌
黑暗之女,Annie,棱彩,104,33,电涌力场
黑暗之女,Annie,棱彩,105,34,尊我为王
黑暗之女,Annie,黄金,106,45,坦克引擎
黑暗之女,Annie,白银,107,28,吵闹鬼
黑暗之女,Annie,白银,108,29,山脉龙魂
黑暗之女,Annie,黄金,109,46,自然即是治愈
黑暗之女,Annie,黄金,110,47,罪恶快感
黑暗之女,Annie,黄金,111,48,轻拍背部
黑暗之女,Annie,棱彩,112,35,歌利亚巨人
黑暗之女,Annie,黄金,113,49,过量延伸者
黑暗之女,Annie,黄金,114,50,黎明使者的坚决
黑暗之女,Annie,棱彩,115,36,秘术冲拳
黑暗之女,Annie,白银,116,30,转得我眩晕了
黑暗之女,Annie,棱彩,117,37,魄罗蛮冲
黑暗之女,Annie,黄金,118,51,更万用的瞄准镜
黑暗之女,Annie,棱彩,119,38,扳机炼狱
黑暗之女,Annie,黄金,120,52,缩小射线
黑暗之女,Annie,白银,121,31,唯快不破
黑暗之女,Annie,黄金,122,53,星界躯体
黑暗之女,Annie,白银,123,32,万用瞄准镜
黑暗之女,Annie,白银,124,33,灵巧
黑暗之女,Annie,白银,125,34,点亮他们！
黑暗之女,Annie,黄金,126,54,豪猪
黑暗之女,Annie,黄金,127,55,我们的治疗
黑暗之女,Annie,棱彩,128,39,吃过路兵
黑暗之女,Annie,棱彩,129,40,回归基本功
黑暗之女,Annie,棱彩,130,41,物法皆修
黑暗之女,Annie,棱彩,131,42,最万用的瞄准镜
黑暗之女,Annie,黄金,132,56,钢化你心
黑暗之女,Annie,棱彩,133,43,软弹啪叽抓
黑暗之女,Annie,黄金,134,57,高压锅
黑暗之女,Annie,棱彩,135,44,泰坦的坚决
黑暗之女,Annie,棱彩,136,45,利刃华尔兹
黑暗之女,Annie,棱彩,137,46,位面转移
黑暗之女,Annie,棱彩,138,47,踢踏舞
黑暗之女,Annie,棱彩,139,48,飞升仪式
黑暗之女,Annie,白银,140,35,重量级打击手
黑暗之女,Annie,黄金,141,58,升级：耀光
黑暗之女,Annie,棱彩,142,49,濒死悟道
黑暗之女,Annie,棱彩,143,50,战争交响乐
黑暗之女,Annie,棱彩,144,51,风语者的祝福
黑暗之女,Annie,白银,145,36,闪闪现现
黑暗之女,Annie,白银,146,37,闪光弹
黑暗之女,Annie,黄金,147,59,祖母的辣椒油
黑暗之女,Annie,白银,148,38,坚若磐石
黑暗之女,Annie,黄金,149,60,升级：雪球
黑暗之女,Annie,黄金,150,61,吸血习性
黑暗之女,Annie,黄金,151,62,易损
黑暗之女,Annie,黄金,152,63,雪球扭蛋机
黑暗之女,Annie,黄金,153,64,魄罗爆破手
黑暗之女,Annie,黄金,154,65,活力焕发
黑暗之女,Annie,棱彩,155,52,小丑学院
黑暗之女,Annie,黄金,156,66,暴击飞弹
黑暗之女,Annie,黄金,157,67,灵魂虹吸
黑暗之女,Annie,黄金,158,68,坚韧
黑暗之女,Annie,黄金,159,69,全心为你
黑暗之女,Annie,棱彩,160,53,至高天诺言
黑暗之女,Annie,黄金,161,70,关键暴击
黑暗之女,Annie,棱彩,162,54,量子计算
黑暗之女,Annie,黄金,163,71,会心治疗
黑暗之女,Annie,棱彩,164,55,激光治疗
黑暗之女,Annie,黄金,165,72,最终都市列车
黑暗之女,Annie,白银,166,39,虹吸
黑暗之女,Annie,白银,167,40,会心防御
黑暗之女,Annie,棱彩,168,56,蛋白粉奶昔
黑暗之女,Annie,棱彩,169,57,小猫咪找妈妈
黑暗之女,Annie,棱彩,170,58,死亡之环
黑暗之女,Annie,白银,171,41,天音爆
黑暗之女,Annie,棱彩,172,59,信念者的强化
黑暗之女,Annie,黄金,173,73,仁慈打击
黑暗之女,Annie,黄金,174,74,喂呜喂呜
黑暗之女,Annie,白银,175,42,急救用具
黑暗之女,Annie,白银,176,43,叠角龙
黑暗之女,Annie,白银,177,44,狂热者
黑暗之女,Annie,白银,178,45,可靠武器
黑暗之女,Annie,棱彩,179,60,连拨击锤
黑暗之女,Annie,棱彩,180,61,双刀流
黑暗之女,Annie,黄金,181,75,暴击律动
黑暗之女,Annie,棱彩,182,62,卡皮巴拉空投
黑暗之女,Annie,棱彩,183,63,魄罗之王的弹跳
黑暗之女,Annie,棱彩,184,64,你肩上的恶魔
黑暗之女,Annie,棱彩,185,65,灵魄炸弹
黑暗之女,Annie,白银,186,46,加固护盾
残月之肃,Aphelios,黄金,1,1,暴击飞弹
残月之肃,Aphelios,黄金,2,2,升级：无尽之刃
残月之肃,Aphelios,黄金,3,3,更万用的瞄准镜
残月之肃,Aphelios,黄金,4,4,灵魂虹吸
残月之肃,Aphelios,棱彩,5,1,双刀流
残月之肃,Aphelios,棱彩,6,2,最万用的瞄准镜
残月之肃,Aphelios,白银,7,1,灵巧
残月之肃,Aphelios,黄金,8,5,暴击律动
残月之肃,Aphelios,棱彩,9,3,双发快射
残月之肃,Aphelios,白银,10,2,升级：收集者
残月之肃,Aphelios,棱彩,11,4,巨人杀手
残月之肃,Aphelios,棱彩,12,5,连拨击锤
残月之肃,Aphelios,棱彩,13,6,踢踏舞
残月之肃,Aphelios,白银,14,3,万用瞄准镜
残月之肃,Aphelios,白银,15,4,台风
残月之肃,Aphelios,白银,16,5,大力
残月之肃,Aphelios,白银,17,6,点亮他们！
残月之肃,Aphelios,白银,18,7,会心防御
残月之肃,Aphelios,黄金,19,6,质变：棱彩阶
残月之肃,Aphelios,棱彩,20,7,亮出你的剑
残月之肃,Aphelios,棱彩,21,8,掷骰狂人
残月之肃,Aphelios,黄金,22,7,关键暴击
残月之肃,Aphelios,棱彩,23,9,珠光护手
残月之肃,Aphelios,黄金,24,8,罪恶快感
残月之肃,Aphelios,黄金,25,9,易损
残月之肃,Aphelios,棱彩,26,10,战争交响乐
残月之肃,Aphelios,黄金,27,10,穿针引线
残月之肃,Aphelios,黄金,28,11,火上浇油
残月之肃,Aphelios,白银,29,8,质变：黄金阶
残月之肃,Aphelios,白银,30,9,魔法转物理
残月之肃,Aphelios,黄金,31,12,缩小引擎
残月之肃,Aphelios,白银,32,10,逃跑计划
残月之肃,Aphelios,棱彩,33,11,质变：混沌
残月之肃,Aphelios,白银,34,11,练腿日
残月之肃,Aphelios,黄金,35,13,捐赠
残月之肃,Aphelios,黄金,36,14,属性叠属性！
残月之肃,Aphelios,黄金,37,15,闪现向前
残月之肃,Aphelios,白银,38,12,家园卫士
残月之肃,Aphelios,棱彩,39,12,回归基本功
残月之肃,Aphelios,白银,40,13,渴血
残月之肃,Aphelios,黄金,41,16,缩小射线
残月之肃,Aphelios,白银,42,14,由暴生急
残月之肃,Aphelios,黄金,43,17,威能之追求
残月之肃,Aphelios,黄金,44,18,杀戮时间到了
残月之肃,Aphelios,棱彩,45,13,终极刷新
残月之肃,Aphelios,白银,46,15,狂热者
残月之肃,Aphelios,黄金,47,19,牙仙子
残月之肃,Aphelios,白银,48,16,大师铸就
残月之肃,Aphelios,黄金,49,20,急速之追求
残月之肃,Aphelios,棱彩,50,14,潘朵拉的盒子
残月之肃,Aphelios,黄金,51,21,面包和黄油
残月之肃,Aphelios,黄金,52,22,夜狩
残月之肃,Aphelios,棱彩,53,15,海牛阿福的勇士
残月之肃,Aphelios,白银,54,17,海克斯科技龙魂
残月之肃,Aphelios,黄金,55,23,有始有终
残月之肃,Aphelios,黄金,56,24,老练狙神
残月之肃,Aphelios,白银,57,18,侵蚀
残月之肃,Aphelios,白银,58,19,吵闹鬼
残月之肃,Aphelios,棱彩,59,16,玻璃大炮
残月之肃,Aphelios,白银,60,20,炼狱龙魂
残月之肃,Aphelios,棱彩,61,17,秘术冲拳
残月之肃,Aphelios,棱彩,62,18,终极九头蛇
残月之肃,Aphelios,棱彩,63,19,全能龙魂
残月之肃,Aphelios,黄金,64,25,魔法飞弹
残月之肃,Aphelios,黄金,65,26,心灵净化
残月之肃,Aphelios,棱彩,66,20,科学狂人
残月之肃,Aphelios,白银,67,21,防护面纱
残月之肃,Aphelios,棱彩,68,21,飞身踢
残月之肃,Aphelios,棱彩,69,22,你摸不到
残月之肃,Aphelios,白银,70,22,双生火焰
残月之肃,Aphelios,棱彩,71,23,终极唤醒
残月之肃,Aphelios,黄金,72,27,生机迸发
残月之肃,Aphelios,棱彩,73,24,属性叠属性叠属性！
残月之肃,Aphelios,黄金,74,28,术士果汁盒
残月之肃,Aphelios,白银,75,23,注魔
残月之肃,Aphelios,白银,76,24,唯快不破
残月之肃,Aphelios,黄金,77,29,狙神飞星
残月之肃,Aphelios,棱彩,78,25,精怪魔法
残月之肃,Aphelios,棱彩,79,26,最终形态
残月之肃,Aphelios,黄金,80,30,哎哟，我的硬币！
残月之肃,Aphelios,白银,81,25,海洋龙魂
残月之肃,Aphelios,黄金,82,31,坦克引擎
残月之肃,Aphelios,棱彩,83,27,吃过路兵
残月之肃,Aphelios,棱彩,84,28,夺金
残月之肃,Aphelios,黄金,85,32,循环往复
残月之肃,Aphelios,白银,86,26,属性！
残月之肃,Aphelios,白银,87,27,杀意翻涌
残月之肃,Aphelios,黄金,88,33,回力OK镖
残月之肃,Aphelios,棱彩,89,29,尊我为王
残月之肃,Aphelios,黄金,90,34,轻拍背部
残月之肃,Aphelios,黄金,91,35,升级：贪欲九头蛇
残月之肃,Aphelios,白银,92,28,终极不可阻挡
残月之肃,Aphelios,黄金,93,36,虚幻武器
残月之肃,Aphelios,黄金,94,37,神圣干预
残月之肃,Aphelios,棱彩,95,30,史上最大雪球
残月之肃,Aphelios,黄金,96,38,黎明使者的坚决
残月之肃,Aphelios,棱彩,97,31,男爵之手
残月之肃,Aphelios,黄金,98,39,急急小子
残月之肃,Aphelios,棱彩,99,32,利刃华尔兹
残月之肃,Aphelios,棱彩,100,33,扳机炼狱
残月之肃,Aphelios,白银,101,29,山脉龙魂
残月之肃,Aphelios,棱彩,102,34,濒死悟道
残月之肃,Aphelios,棱彩,103,35,歌利亚巨人
残月之肃,Aphelios,白银,104,30,转得我眩晕了
残月之肃,Aphelios,黄金,105,40,咏叹奏鸣
残月之肃,Aphelios,黄金,106,41,尖端发明家
残月之肃,Aphelios,棱彩,107,36,无限循环往复
残月之肃,Aphelios,黄金,108,42,炽烈黎明
残月之肃,Aphelios,黄金,109,43,星界躯体
残月之肃,Aphelios,黄金,110,44,我们的治疗
残月之肃,Aphelios,白银,111,31,火狐
残月之肃,Aphelios,白银,112,32,纯粹主义者 - 术师
残月之肃,Aphelios,黄金,113,45,藏身草丛
残月之肃,Aphelios,黄金,114,46,自然即是治愈
残月之肃,Aphelios,黄金,115,47,鲨鱼暴风
残月之肃,Aphelios,棱彩,116,37,电涌力场
残月之肃,Aphelios,棱彩,117,38,泰坦的坚决
残月之肃,Aphelios,棱彩,118,39,神圣雪球
残月之肃,Aphelios,白银,119,33,重量级打击手
残月之肃,Aphelios,棱彩,120,40,飞升仪式
残月之肃,Aphelios,棱彩,121,41,魄罗蛮冲
残月之肃,Aphelios,黄金,122,48,升级：耀光
残月之肃,Aphelios,黄金,123,49,弹球
残月之肃,Aphelios,黄金,124,50,鲨鱼诱饵
残月之肃,Aphelios,黄金,125,51,冰雪爆裂
残月之肃,Aphelios,黄金,126,52,不动如山
残月之肃,Aphelios,棱彩,127,42,炼狱导管
残月之肃,Aphelios,黄金,128,53,超凡邪恶
残月之肃,Aphelios,黄金,129,54,豪猪
残月之肃,Aphelios,黄金,130,55,吸血习性
残月之肃,Aphelios,黄金,131,56,过量延伸者
残月之肃,Aphelios,白银,132,34,扇巴掌
残月之肃,Aphelios,黄金,133,57,溢流
残月之肃,Aphelios,黄金,134,58,吞噬灵魂
残月之肃,Aphelios,棱彩,135,43,巨像的勇气
残月之肃,Aphelios,白银,136,35,俯冲轰炸
残月之肃,Aphelios,棱彩,137,44,位面转移
残月之肃,Aphelios,棱彩,138,45,大法师
残月之肃,Aphelios,黄金,139,59,钢化你心
残月之肃,Aphelios,白银,140,36,下雪天
残月之肃,Aphelios,棱彩,141,46,软弹啪叽抓
残月之肃,Aphelios,白银,142,37,由心及物
残月之肃,Aphelios,白银,143,38,冰寒
残月之肃,Aphelios,黄金,144,60,高压锅
残月之肃,Aphelios,黄金,145,61,会心治疗
残月之肃,Aphelios,黄金,146,62,升级：焚天
残月之肃,Aphelios,白银,147,39,闪闪现现
残月之肃,Aphelios,黄金,148,63,无尽大杀四方
残月之肃,Aphelios,棱彩,149,47,量子计算
残月之肃,Aphelios,棱彩,150,48,和我一起困在这里
残月之肃,Aphelios,白银,151,40,闪光弹
残月之肃,Aphelios,黄金,152,64,神射法师
残月之肃,Aphelios,棱彩,153,49,小丑学院
残月之肃,Aphelios,黄金,154,65,雪球扭蛋机
残月之肃,Aphelios,棱彩,155,50,升级：花晓之剑
残月之肃,Aphelios,黄金,156,66,最终都市列车
残月之肃,Aphelios,黄金,157,67,魄罗爆破手
残月之肃,Aphelios,棱彩,158,51,物法皆修
残月之肃,Aphelios,黄金,159,68,坚韧
残月之肃,Aphelios,黄金,160,69,活力焕发
残月之肃,Aphelios,黄金,161,70,升级：雪球
残月之肃,Aphelios,棱彩,162,52,舞会女王
残月之肃,Aphelios,棱彩,163,53,你肩上的恶魔
残月之肃,Aphelios,白银,164,41,巫师式思考
残月之肃,Aphelios,棱彩,165,54,蛋白粉奶昔
残月之肃,Aphelios,白银,166,42,坚若磐石
残月之肃,Aphelios,黄金,167,71,快步
残月之肃,Aphelios,棱彩,168,55,大招工具人
寒冰射手,Ashe,黄金,1,1,暴击飞弹
寒冰射手,Ashe,黄金,2,2,更万用的瞄准镜
寒冰射手,Ashe,棱彩,3,1,双刀流
寒冰射手,Ashe,黄金,4,3,升级：无尽之刃
寒冰射手,Ashe,白银,5,1,灵巧
寒冰射手,Ashe,棱彩,6,2,双发快射
寒冰射手,Ashe,黄金,7,4,暴击律动
寒冰射手,Ashe,棱彩,8,3,最万用的瞄准镜
寒冰射手,Ashe,白银,9,2,台风
寒冰射手,Ashe,棱彩,10,4,踢踏舞
寒冰射手,Ashe,白银,11,3,万用瞄准镜
寒冰射手,Ashe,棱彩,12,5,巨人杀手
寒冰射手,Ashe,白银,13,4,点亮他们！
寒冰射手,Ashe,棱彩,14,6,连拨击锤
寒冰射手,Ashe,黄金,15,5,小小的额外帮助
寒冰射手,Ashe,黄金,16,6,老练狙神
寒冰射手,Ashe,黄金,17,7,狙神飞星
寒冰射手,Ashe,棱彩,18,7,珠光护手
寒冰射手,Ashe,黄金,19,8,质变：棱彩阶
寒冰射手,Ashe,黄金,20,9,关键暴击
寒冰射手,Ashe,黄金,21,10,易损
寒冰射手,Ashe,黄金,22,11,灵魂虹吸
寒冰射手,Ashe,黄金,23,12,缩小引擎
寒冰射手,Ashe,白银,24,5,大力
寒冰射手,Ashe,白银,25,6,会心防御
寒冰射手,Ashe,棱彩,26,8,针插垫
寒冰射手,Ashe,黄金,27,13,火上浇油
寒冰射手,Ashe,黄金,28,14,罪恶快感
寒冰射手,Ashe,白银,29,7,家园卫士
寒冰射手,Ashe,白银,30,8,前进时间到
寒冰射手,Ashe,黄金,31,15,缩小射线
寒冰射手,Ashe,棱彩,32,9,战争交响乐
寒冰射手,Ashe,棱彩,33,10,掷骰狂人
寒冰射手,Ashe,棱彩,34,11,亮出你的剑
寒冰射手,Ashe,白银,35,9,纯粹主义者 - 术师
寒冰射手,Ashe,棱彩,36,12,终极刷新
寒冰射手,Ashe,棱彩,37,13,咒语裂变
寒冰射手,Ashe,黄金,38,16,杀戮时间到了
寒冰射手,Ashe,黄金,39,17,循环往复
寒冰射手,Ashe,棱彩,40,14,终极唤醒
寒冰射手,Ashe,白银,41,10,由暴生急
寒冰射手,Ashe,黄金,42,18,急速之追求
寒冰射手,Ashe,棱彩,43,15,多重射击
寒冰射手,Ashe,白银,44,11,升级：收集者
寒冰射手,Ashe,白银,45,12,质变：黄金阶
寒冰射手,Ashe,棱彩,46,16,大招工具人
寒冰射手,Ashe,黄金,47,19,魔法飞弹
寒冰射手,Ashe,黄金,48,20,面包和果酱
寒冰射手,Ashe,白银,49,13,冰寒
寒冰射手,Ashe,黄金,50,21,威能之追求
寒冰射手,Ashe,黄金,51,22,捐赠
寒冰射手,Ashe,棱彩,52,17,大法师
寒冰射手,Ashe,白银,53,14,练腿日
寒冰射手,Ashe,棱彩,54,18,质变：混沌
寒冰射手,Ashe,白银,55,15,注魔
寒冰射手,Ashe,黄金,56,23,属性叠属性！
寒冰射手,Ashe,白银,57,16,魔法转物理
寒冰射手,Ashe,白银,58,17,大师铸就
寒冰射手,Ashe,白银,59,18,海克斯科技龙魂
寒冰射手,Ashe,白银,60,19,狂热者
寒冰射手,Ashe,棱彩,61,19,秘术冲拳
寒冰射手,Ashe,白银,62,20,侵蚀
寒冰射手,Ashe,白银,63,21,炼狱龙魂
寒冰射手,Ashe,黄金,64,24,穿针引线
寒冰射手,Ashe,黄金,65,25,炽烈黎明
寒冰射手,Ashe,棱彩,66,20,精怪魔法
寒冰射手,Ashe,黄金,67,26,急急小子
寒冰射手,Ashe,棱彩,68,21,潘朵拉的盒子
寒冰射手,Ashe,棱彩,69,22,无限循环往复
寒冰射手,Ashe,棱彩,70,23,玻璃大炮
寒冰射手,Ashe,黄金,71,27,有始有终
寒冰射手,Ashe,黄金,72,28,术士果汁盒
寒冰射手,Ashe,白银,73,22,双生火焰
寒冰射手,Ashe,黄金,74,29,心灵净化
寒冰射手,Ashe,白银,75,23,唯快不破
寒冰射手,Ashe,白银,76,24,逃跑计划
寒冰射手,Ashe,黄金,77,30,虚幻武器
寒冰射手,Ashe,黄金,78,31,哎哟，我的硬币！
寒冰射手,Ashe,白银,79,25,渴血
寒冰射手,Ashe,黄金,80,32,神圣干预
寒冰射手,Ashe,棱彩,81,24,尤里卡
寒冰射手,Ashe,白银,82,26,属性！
寒冰射手,Ashe,棱彩,83,25,科学狂人
寒冰射手,Ashe,白银,84,27,吵闹鬼
寒冰射手,Ashe,黄金,85,33,牙仙子
寒冰射手,Ashe,棱彩,86,26,海牛阿福的勇士
寒冰射手,Ashe,黄金,87,34,尖端发明家
寒冰射手,Ashe,黄金,88,35,闪现向前
寒冰射手,Ashe,白银,89,28,海洋龙魂
寒冰射手,Ashe,黄金,90,36,超凡邪恶
寒冰射手,Ashe,黄金,91,37,回力OK镖
寒冰射手,Ashe,棱彩,92,27,飞身踢
寒冰射手,Ashe,棱彩,93,28,全能龙魂
寒冰射手,Ashe,黄金,94,38,夜狩
寒冰射手,Ashe,白银,95,29,终极不可阻挡
寒冰射手,Ashe,棱彩,96,29,属性叠属性叠属性！
寒冰射手,Ashe,白银,97,30,防护面纱
寒冰射手,Ashe,棱彩,98,30,夺金
寒冰射手,Ashe,白银,99,31,杀意翻涌
寒冰射手,Ashe,白银,100,32,物理转魔法
寒冰射手,Ashe,棱彩,101,31,吃过路兵
寒冰射手,Ashe,白银,102,33,巫师式思考
寒冰射手,Ashe,黄金,103,39,生机迸发
寒冰射手,Ashe,棱彩,104,32,史上最大雪球
寒冰射手,Ashe,黄金,105,40,轻拍背部
寒冰射手,Ashe,棱彩,106,33,你摸不到
寒冰射手,Ashe,黄金,107,41,溢流
寒冰射手,Ashe,棱彩,108,34,尊我为王
寒冰射手,Ashe,棱彩,109,35,回归基本功
寒冰射手,Ashe,棱彩,110,36,终极九头蛇
寒冰射手,Ashe,棱彩,111,37,炼狱导管
寒冰射手,Ashe,黄金,112,42,咏叹奏鸣
寒冰射手,Ashe,黄金,113,43,升级：贪欲九头蛇
寒冰射手,Ashe,黄金,114,44,藏身草丛
寒冰射手,Ashe,黄金,115,45,坦克引擎
寒冰射手,Ashe,黄金,116,46,黎明使者的坚决
寒冰射手,Ashe,黄金,117,47,鲨鱼暴风
寒冰射手,Ashe,黄金,118,48,面包和奶酪
寒冰射手,Ashe,白银,119,34,转得我眩晕了
寒冰射手,Ashe,白银,120,35,山脉龙魂
寒冰射手,Ashe,黄金,121,49,弹球
寒冰射手,Ashe,白银,122,36,扇巴掌
寒冰射手,Ashe,棱彩,123,38,电涌力场
寒冰射手,Ashe,棱彩,124,39,残忍
寒冰射手,Ashe,白银,125,37,火狐
寒冰射手,Ashe,棱彩,126,40,物法皆修
寒冰射手,Ashe,黄金,127,50,冰雪爆裂
寒冰射手,Ashe,棱彩,128,41,最终形态
寒冰射手,Ashe,棱彩,129,42,男爵之手
寒冰射手,Ashe,白银,130,38,下雪天
寒冰射手,Ashe,黄金,131,51,自然即是治愈
寒冰射手,Ashe,黄金,132,52,鲨鱼诱饵
寒冰射手,Ashe,棱彩,133,43,魄罗蛮冲
寒冰射手,Ashe,棱彩,134,44,歌利亚巨人
寒冰射手,Ashe,白银,135,39,俯冲轰炸
寒冰射手,Ashe,白银,136,40,重量级打击手
寒冰射手,Ashe,黄金,137,53,我们的治疗
寒冰射手,Ashe,黄金,138,54,超强大脑
寒冰射手,Ashe,棱彩,139,45,扳机炼狱
寒冰射手,Ashe,棱彩,140,46,沃格勒特的巫师帽
寒冰射手,Ashe,黄金,141,55,不动如山
寒冰射手,Ashe,棱彩,142,47,濒死悟道
寒冰射手,Ashe,黄金,143,56,星界躯体
寒冰射手,Ashe,白银,144,41,由心及物
寒冰射手,Ashe,棱彩,145,48,不祥契约
寒冰射手,Ashe,黄金,146,57,过量延伸者
寒冰射手,Ashe,黄金,147,58,升级：耀光
寒冰射手,Ashe,棱彩,148,49,泰坦的坚决
寒冰射手,Ashe,棱彩,149,50,神圣雪球
寒冰射手,Ashe,黄金,150,59,豪猪
寒冰射手,Ashe,棱彩,151,51,位面转移
寒冰射手,Ashe,白银,152,42,升级：中娅
寒冰射手,Ashe,棱彩,153,52,利刃华尔兹
寒冰射手,Ashe,棱彩,154,53,飞升仪式
寒冰射手,Ashe,棱彩,155,54,软弹啪叽抓
寒冰射手,Ashe,黄金,156,60,钢化你心
寒冰射手,Ashe,黄金,157,61,吸血习性
寒冰射手,Ashe,黄金,158,62,吞噬灵魂
寒冰射手,Ashe,棱彩,159,55,巨像的勇气
寒冰射手,Ashe,黄金,160,63,高压锅
寒冰射手,Ashe,黄金,161,64,会心治疗
寒冰射手,Ashe,黄金,162,65,魄罗爆破手
寒冰射手,Ashe,白银,163,43,闪闪现现
寒冰射手,Ashe,黄金,164,66,升级：焚天
寒冰射手,Ashe,黄金,165,67,神射法师
寒冰射手,Ashe,棱彩,166,56,小丑学院
寒冰射手,Ashe,黄金,167,68,升级：雪球
寒冰射手,Ashe,黄金,168,69,坚韧
寒冰射手,Ashe,棱彩,169,57,量子计算
寒冰射手,Ashe,黄金,170,70,活力焕发
寒冰射手,Ashe,白银,171,44,闪光弹
寒冰射手,Ashe,黄金,172,71,雪球扭蛋机
寒冰射手,Ashe,棱彩,173,58,升级：花晓之剑
寒冰射手,Ashe,黄金,174,72,无尽大杀四方
寒冰射手,Ashe,棱彩,175,59,和我一起困在这里
寒冰射手,Ashe,棱彩,176,60,你肩上的恶魔
寒冰射手,Ashe,白银,177,45,虹吸
寒冰射手,Ashe,棱彩,178,61,？？？
寒冰射手,Ashe,白银,179,46,天音爆
寒冰射手,Ashe,棱彩,180,62,王中王，靴中靴
寒冰射手,Ashe,黄金,181,73,最终都市列车
寒冰射手,Ashe,棱彩,182,63,超负荷
寒冰射手,Ashe,白银,183,47,自适应防护
寒冰射手,Ashe,白银,184,48,急救用具
寒冰射手,Ashe,黄金,185,74,全心为你
寒冰射手,Ashe,棱彩,186,64,蛋白粉奶昔
寒冰射手,Ashe,棱彩,187,65,至高天诺言
寒冰射手,Ashe,棱彩,188,66,激光治疗
寒冰射手,Ashe,棱彩,189,67,卡皮巴拉空投
寒冰射手,Ashe,棱彩,190,68,舞会女王
寒冰射手,Ashe,棱彩,191,69,魄罗之王的弹跳
寒冰射手,Ashe,白银,192,49,可靠武器
铸星龙王,AurelionSol,黄金,1,1,术士果汁盒
铸星龙王,AurelionSol,白银,2,1,冰寒
铸星龙王,AurelionSol,棱彩,3,1,炼狱导管
铸星龙王,AurelionSol,黄金,4,2,超凡邪恶
铸星龙王,AurelionSol,黄金,5,3,魔法飞弹
铸星龙王,AurelionSol,棱彩,6,2,尤里卡
铸星龙王,AurelionSol,黄金,7,4,炽燃利息
铸星龙王,AurelionSol,黄金,8,5,超强大脑
铸星龙王,AurelionSol,白银,9,2,巫师式思考
铸星龙王,AurelionSol,黄金,10,6,狙神飞星
铸星龙王,AurelionSol,棱彩,11,3,无限循环往复
铸星龙王,AurelionSol,黄金,12,7,质变：棱彩阶
铸星龙王,AurelionSol,黄金,13,8,威能之追求
铸星龙王,AurelionSol,黄金,14,9,面包和奶酪
铸星龙王,AurelionSol,白银,15,3,由心及物
铸星龙王,AurelionSol,白银,16,4,别停止引导
铸星龙王,AurelionSol,棱彩,17,4,掷骰狂人
铸星龙王,AurelionSol,白银,18,5,叠角龙
铸星龙王,AurelionSol,棱彩,19,5,大法师
铸星龙王,AurelionSol,棱彩,20,6,沃格勒特的巫师帽
铸星龙王,AurelionSol,黄金,21,10,虚幻武器
铸星龙王,AurelionSol,白银,22,6,虹吸
铸星龙王,AurelionSol,黄金,23,11,循环往复
铸星龙王,AurelionSol,黄金,24,12,牙仙子
铸星龙王,AurelionSol,黄金,25,13,缩小引擎
铸星龙王,AurelionSol,棱彩,26,7,终极刷新
铸星龙王,AurelionSol,黄金,27,14,杀戮时间到了
铸星龙王,AurelionSol,白银,28,7,纯粹主义者 - 术师
铸星龙王,AurelionSol,黄金,29,15,急急小子
铸星龙王,AurelionSol,黄金,30,16,穿针引线
铸星龙王,AurelionSol,棱彩,31,8,不祥契约
铸星龙王,AurelionSol,白银,32,8,升级：中娅
铸星龙王,AurelionSol,棱彩,33,9,珠光护手
铸星龙王,AurelionSol,白银,34,9,质变：黄金阶
铸星龙王,AurelionSol,棱彩,35,10,精怪魔法
铸星龙王,AurelionSol,白银,36,10,双生火焰
铸星龙王,AurelionSol,白银,37,11,大师铸就
铸星龙王,AurelionSol,白银,38,12,侵蚀
铸星龙王,AurelionSol,白银,39,13,渴血
铸星龙王,AurelionSol,棱彩,40,11,质变：混沌
铸星龙王,AurelionSol,棱彩,41,12,终极唤醒
铸星龙王,AurelionSol,黄金,42,17,捐赠
铸星龙王,AurelionSol,黄金,43,18,属性叠属性！
铸星龙王,AurelionSol,黄金,44,19,有始有终
铸星龙王,AurelionSol,白银,45,14,物理转魔法
铸星龙王,AurelionSol,棱彩,46,13,飞身踢
铸星龙王,AurelionSol,棱彩,47,14,巨人杀手
铸星龙王,AurelionSol,黄金,48,20,坦克引擎
铸星龙王,AurelionSol,黄金,49,21,炽烈黎明
铸星龙王,AurelionSol,白银,50,15,海克斯科技龙魂
铸星龙王,AurelionSol,白银,51,16,海洋龙魂
铸星龙王,AurelionSol,棱彩,52,15,科学狂人
铸星龙王,AurelionSol,黄金,53,22,心灵净化
铸星龙王,AurelionSol,黄金,54,23,神圣干预
铸星龙王,AurelionSol,白银,55,17,炼狱龙魂
铸星龙王,AurelionSol,黄金,56,24,哎哟，我的硬币！
铸星龙王,AurelionSol,白银,57,18,家园卫士
铸星龙王,AurelionSol,棱彩,58,16,全能龙魂
铸星龙王,AurelionSol,棱彩,59,17,残忍
铸星龙王,AurelionSol,棱彩,60,18,玻璃大炮
铸星龙王,AurelionSol,棱彩,61,19,潘朵拉的盒子
铸星龙王,AurelionSol,黄金,62,25,神射法师
铸星龙王,AurelionSol,白银,63,19,注魔
铸星龙王,AurelionSol,棱彩,64,20,电涌力场
铸星龙王,AurelionSol,棱彩,65,21,歌利亚巨人
铸星龙王,AurelionSol,棱彩,66,22,大招工具人
铸星龙王,AurelionSol,棱彩,67,23,夺金
铸星龙王,AurelionSol,棱彩,68,24,回归基本功
铸星龙王,AurelionSol,白银,69,20,逃跑计划
铸星龙王,AurelionSol,黄金,70,26,不动如山
铸星龙王,AurelionSol,棱彩,71,25,属性叠属性叠属性！
铸星龙王,AurelionSol,黄金,72,27,轻拍背部
铸星龙王,AurelionSol,棱彩,73,26,史上最大雪球
铸星龙王,AurelionSol,棱彩,74,27,尊我为王
铸星龙王,AurelionSol,白银,75,21,扇巴掌
铸星龙王,AurelionSol,黄金,76,28,黎明使者的坚决
铸星龙王,AurelionSol,黄金,77,29,回力OK镖
铸星龙王,AurelionSol,棱彩,78,28,你摸不到
铸星龙王,AurelionSol,棱彩,79,29,海牛阿福的勇士
铸星龙王,AurelionSol,黄金,80,30,生机迸发
铸星龙王,AurelionSol,黄金,81,31,尖端发明家
铸星龙王,AurelionSol,黄金,82,32,自然即是治愈
铸星龙王,AurelionSol,黄金,83,33,星界躯体
铸星龙王,AurelionSol,白银,84,22,火狐
铸星龙王,AurelionSol,黄金,85,34,面包和黄油
铸星龙王,AurelionSol,棱彩,86,30,吃过路兵
铸星龙王,AurelionSol,黄金,87,35,咏叹奏鸣
铸星龙王,AurelionSol,白银,88,23,练腿日
铸星龙王,AurelionSol,棱彩,89,31,男爵之手
铸星龙王,AurelionSol,白银,90,24,防护面纱
铸星龙王,AurelionSol,白银,91,25,属性！
铸星龙王,AurelionSol,黄金,92,36,面包和果酱
铸星龙王,AurelionSol,白银,93,26,终极不可阻挡
铸星龙王,AurelionSol,黄金,94,37,闪现向前
铸星龙王,AurelionSol,棱彩,95,32,秘术冲拳
铸星龙王,AurelionSol,黄金,96,38,鲨鱼暴风
铸星龙王,AurelionSol,黄金,97,39,火上浇油
铸星龙王,AurelionSol,棱彩,98,33,空投熊
铸星龙王,AurelionSol,黄金,99,40,夜狩
铸星龙王,AurelionSol,黄金,100,41,吞噬灵魂
铸星龙王,AurelionSol,黄金,101,42,鲨鱼诱饵
铸星龙王,AurelionSol,棱彩,102,34,最终形态
铸星龙王,AurelionSol,棱彩,103,35,巨像的勇气
铸星龙王,AurelionSol,白银,104,27,唯快不破
铸星龙王,AurelionSol,棱彩,105,36,魄罗蛮冲
铸星龙王,AurelionSol,黄金,106,43,弹球
铸星龙王,AurelionSol,白银,107,28,山脉龙魂
铸星龙王,AurelionSol,黄金,108,44,我们的治疗
铸星龙王,AurelionSol,黄金,109,45,藏身草丛
铸星龙王,AurelionSol,黄金,110,46,缩小射线
铸星龙王,AurelionSol,白银,111,29,吵闹鬼
铸星龙王,AurelionSol,棱彩,112,37,泰坦的坚决
铸星龙王,AurelionSol,黄金,113,47,冰雪爆裂
铸星龙王,AurelionSol,棱彩,114,38,扳机炼狱
铸星龙王,AurelionSol,白银,115,30,俯冲轰炸
铸星龙王,AurelionSol,黄金,116,48,高压锅
铸星龙王,AurelionSol,棱彩,117,39,位面转移
铸星龙王,AurelionSol,黄金,118,49,过量延伸者
铸星龙王,AurelionSol,棱彩,119,40,神圣雪球
铸星龙王,AurelionSol,白银,120,31,转得我眩晕了
铸星龙王,AurelionSol,棱彩,121,41,濒死悟道
铸星龙王,AurelionSol,棱彩,122,42,物法皆修
铸星龙王,AurelionSol,白银,123,32,杀意翻涌
铸星龙王,AurelionSol,黄金,124,50,钢化你心
铸星龙王,AurelionSol,黄金,125,51,罪恶快感
铸星龙王,AurelionSol,黄金,126,52,更万用的瞄准镜
铸星龙王,AurelionSol,白银,127,33,下雪天
铸星龙王,AurelionSol,黄金,128,53,豪猪
铸星龙王,AurelionSol,棱彩,129,43,软弹啪叽抓
铸星龙王,AurelionSol,棱彩,130,44,飞升仪式
铸星龙王,AurelionSol,黄金,131,54,溢流
铸星龙王,AurelionSol,棱彩,132,45,最万用的瞄准镜
铸星龙王,AurelionSol,棱彩,133,46,战争交响乐
铸星龙王,AurelionSol,白银,134,34,点亮他们！
铸星龙王,AurelionSol,棱彩,135,47,利刃华尔兹
铸星龙王,AurelionSol,黄金,136,55,无尽大杀四方
铸星龙王,AurelionSol,白银,137,35,万用瞄准镜
铸星龙王,AurelionSol,黄金,138,56,升级：耀光
铸星龙王,AurelionSol,白银,139,36,灵巧
铸星龙王,AurelionSol,白银,140,37,重量级打击手
铸星龙王,AurelionSol,黄金,141,57,吸血习性
铸星龙王,AurelionSol,棱彩,142,48,踢踏舞
铸星龙王,AurelionSol,黄金,143,58,祖母的辣椒油
铸星龙王,AurelionSol,黄金,144,59,易损
铸星龙王,AurelionSol,黄金,145,60,活力焕发
铸星龙王,AurelionSol,黄金,146,61,急速之追求
铸星龙王,AurelionSol,黄金,147,62,魄罗爆破手
铸星龙王,AurelionSol,黄金,148,63,关键暴击
铸星龙王,AurelionSol,黄金,149,64,暴击飞弹
铸星龙王,AurelionSol,黄金,150,65,升级：雪球
铸星龙王,AurelionSol,白银,151,38,闪闪现现
铸星龙王,AurelionSol,黄金,152,66,坚韧
铸星龙王,AurelionSol,白银,153,39,会心防御
铸星龙王,AurelionSol,黄金,154,67,灵魂虹吸
铸星龙王,AurelionSol,棱彩,155,49,量子计算
铸星龙王,AurelionSol,棱彩,156,50,至高天诺言
铸星龙王,AurelionSol,黄金,157,68,会心治疗
铸星龙王,AurelionSol,白银,158,40,闪光弹
铸星龙王,AurelionSol,棱彩,159,51,连拨击锤
铸星龙王,AurelionSol,黄金,160,69,雪球扭蛋机
铸星龙王,AurelionSol,棱彩,161,52,卡皮巴拉空投
铸星龙王,AurelionSol,棱彩,162,53,灵魄炸弹
铸星龙王,AurelionSol,棱彩,163,54,小丑学院
铸星龙王,AurelionSol,黄金,164,70,最终都市列车
铸星龙王,AurelionSol,棱彩,165,55,超负荷
铸星龙王,AurelionSol,白银,166,41,自适应防护
铸星龙王,AurelionSol,白银,167,42,魔法转物理
铸星龙王,AurelionSol,棱彩,168,56,双刀流
铸星龙王,AurelionSol,白银,169,43,强力护盾
铸星龙王,AurelionSol,黄金,170,71,暴击律动
铸星龙王,AurelionSol,棱彩,171,57,魄罗之王的弹跳
铸星龙王,AurelionSol,棱彩,172,58,你肩上的恶魔
铸星龙王,AurelionSol,白银,173,44,狂热者
铸星龙王,AurelionSol,白银,174,45,急救用具
铸星龙王,AurelionSol,黄金,175,72,全心为你
铸星龙王,AurelionSol,棱彩,176,59,激光治疗
双界灵兔,Aurora,黄金,1,1,虚幻武器
双界灵兔,Aurora,黄金,2,2,术士果汁盒
双界灵兔,Aurora,棱彩,3,1,尤里卡
双界灵兔,Aurora,黄金,4,3,魔法飞弹
双界灵兔,Aurora,白银,5,1,巫师式思考
双界灵兔,Aurora,黄金,6,4,超凡邪恶
双界灵兔,Aurora,黄金,7,5,牙仙子
双界灵兔,Aurora,棱彩,8,2,大法师
双界灵兔,Aurora,白银,9,2,纯粹主义者 - 术师
双界灵兔,Aurora,棱彩,10,3,无限循环往复
双界灵兔,Aurora,棱彩,11,4,沃格勒特的巫师帽
双界灵兔,Aurora,白银,12,3,升级：中娅
双界灵兔,Aurora,黄金,13,6,急急小子
双界灵兔,Aurora,黄金,14,7,杀戮时间到了
双界灵兔,Aurora,黄金,15,8,质变：棱彩阶
双界灵兔,Aurora,棱彩,16,5,精怪魔法
双界灵兔,Aurora,黄金,17,9,超强大脑
双界灵兔,Aurora,白银,18,4,暗影疾奔
双界灵兔,Aurora,棱彩,19,6,回归基本功
双界灵兔,Aurora,黄金,20,10,循环往复
双界灵兔,Aurora,黄金,21,11,神射法师
双界灵兔,Aurora,黄金,22,12,缩小引擎
双界灵兔,Aurora,棱彩,23,7,炼狱导管
双界灵兔,Aurora,黄金,24,13,急速之追求
双界灵兔,Aurora,白银,25,5,质变：黄金阶
双界灵兔,Aurora,黄金,26,14,穿针引线
双界灵兔,Aurora,黄金,27,15,威能之追求
双界灵兔,Aurora,白银,28,6,虹吸
双界灵兔,Aurora,白银,29,7,家园卫士
双界灵兔,Aurora,白银,30,8,物理转魔法
双界灵兔,Aurora,棱彩,31,8,终极唤醒
双界灵兔,Aurora,棱彩,32,9,不祥契约
双界灵兔,Aurora,棱彩,33,10,珠光护手
双界灵兔,Aurora,棱彩,34,11,巨人杀手
双界灵兔,Aurora,棱彩,35,12,终极刷新
双界灵兔,Aurora,黄金,36,16,面包和黄油
双界灵兔,Aurora,白银,37,9,双生火焰
双界灵兔,Aurora,黄金,38,17,溢流
双界灵兔,Aurora,白银,39,10,可靠武器
双界灵兔,Aurora,黄金,40,18,有始有终
双界灵兔,Aurora,白银,41,11,渴血
双界灵兔,Aurora,棱彩,42,13,掷骰狂人
双界灵兔,Aurora,白银,43,12,逃跑计划
双界灵兔,Aurora,黄金,44,19,面包和奶酪
双界灵兔,Aurora,白银,45,13,练腿日
双界灵兔,Aurora,白银,46,14,海克斯科技龙魂
双界灵兔,Aurora,棱彩,47,14,质变：混沌
双界灵兔,Aurora,棱彩,48,15,全凭身法
双界灵兔,Aurora,白银,49,15,炼狱龙魂
双界灵兔,Aurora,白银,50,16,冰寒
双界灵兔,Aurora,棱彩,51,16,你摸不到
双界灵兔,Aurora,白银,52,17,注魔
双界灵兔,Aurora,白银,53,18,由心及物
双界灵兔,Aurora,白银,54,19,大师铸就
双界灵兔,Aurora,黄金,55,20,捐赠
双界灵兔,Aurora,棱彩,56,17,史上最大雪球
双界灵兔,Aurora,黄金,57,21,属性叠属性！
双界灵兔,Aurora,白银,58,20,火狐
双界灵兔,Aurora,黄金,59,22,夜狩
双界灵兔,Aurora,白银,60,21,快中求稳
双界灵兔,Aurora,白银,61,22,海洋龙魂
双界灵兔,Aurora,白银,62,23,唯快不破
双界灵兔,Aurora,棱彩,63,18,科学狂人
双界灵兔,Aurora,黄金,64,23,闪现向前
双界灵兔,Aurora,白银,65,24,终极不可阻挡
双界灵兔,Aurora,棱彩,66,19,电涌力场
双界灵兔,Aurora,棱彩,67,20,玻璃大炮
双界灵兔,Aurora,棱彩,68,21,潘朵拉的盒子
双界灵兔,Aurora,黄金,69,24,心灵净化
双界灵兔,Aurora,黄金,70,25,面包和果酱
双界灵兔,Aurora,白银,71,25,侵蚀
双界灵兔,Aurora,白银,72,26,防护面纱
双界灵兔,Aurora,白银,73,27,杀意翻涌
双界灵兔,Aurora,黄金,74,26,炽烈黎明
双界灵兔,Aurora,黄金,75,27,弹球
双界灵兔,Aurora,棱彩,76,22,飞身踢
双界灵兔,Aurora,黄金,77,28,哎哟，我的硬币！
双界灵兔,Aurora,黄金,78,29,老练狙神
双界灵兔,Aurora,白银,79,28,下雪天
双界灵兔,Aurora,棱彩,80,23,夺金
双界灵兔,Aurora,黄金,81,30,冰雪爆裂
双界灵兔,Aurora,黄金,82,31,尖端发明家
双界灵兔,Aurora,棱彩,83,24,全能龙魂
双界灵兔,Aurora,黄金,84,32,罪恶快感
双界灵兔,Aurora,棱彩,85,25,大招工具人
双界灵兔,Aurora,黄金,86,33,轻拍背部
双界灵兔,Aurora,白银,87,29,属性！
双界灵兔,Aurora,棱彩,88,26,属性叠属性叠属性！
双界灵兔,Aurora,棱彩,89,27,尊我为王
双界灵兔,Aurora,黄金,90,34,神圣干预
双界灵兔,Aurora,棱彩,91,28,海牛阿福的勇士
双界灵兔,Aurora,棱彩,92,29,秘术冲拳
双界灵兔,Aurora,棱彩,93,30,最终形态
双界灵兔,Aurora,黄金,94,35,生机迸发
双界灵兔,Aurora,棱彩,95,31,吃过路兵
双界灵兔,Aurora,黄金,96,36,狂徒豪气
双界灵兔,Aurora,黄金,97,37,藏身草丛
双界灵兔,Aurora,棱彩,98,32,神圣雪球
双界灵兔,Aurora,黄金,99,38,鲨鱼暴风
双界灵兔,Aurora,黄金,100,39,回力OK镖
双界灵兔,Aurora,棱彩,101,33,空投熊
双界灵兔,Aurora,黄金,102,40,狙神飞星
双界灵兔,Aurora,黄金,103,41,火上浇油
双界灵兔,Aurora,棱彩,104,34,男爵之手
双界灵兔,Aurora,白银,105,30,俯冲轰炸
双界灵兔,Aurora,白银,106,31,吵闹鬼
双界灵兔,Aurora,棱彩,107,35,飞升仪式
双界灵兔,Aurora,棱彩,108,36,扳机炼狱
双界灵兔,Aurora,白银,109,32,狂热者
双界灵兔,Aurora,棱彩,110,37,利刃华尔兹
双界灵兔,Aurora,黄金,111,42,自然即是治愈
双界灵兔,Aurora,黄金,112,43,鲨鱼诱饵
双界灵兔,Aurora,棱彩,113,38,大地苏醒
双界灵兔,Aurora,黄金,114,44,我们的治疗
双界灵兔,Aurora,黄金,115,45,咏叹奏鸣
双界灵兔,Aurora,黄金,116,46,缩小射线
双界灵兔,Aurora,白银,117,33,山脉龙魂
双界灵兔,Aurora,白银,118,34,灵巧
双界灵兔,Aurora,棱彩,119,39,歌利亚巨人
双界灵兔,Aurora,黄金,120,47,过量延伸者
双界灵兔,Aurora,棱彩,121,40,魄罗蛮冲
双界灵兔,Aurora,棱彩,122,41,物法皆修
双界灵兔,Aurora,黄金,123,48,黎明使者的坚决
双界灵兔,Aurora,黄金,124,49,升级：耀光
双界灵兔,Aurora,白银,125,35,点亮他们！
双界灵兔,Aurora,黄金,126,50,坦克引擎
双界灵兔,Aurora,白银,127,36,转得我眩晕了
双界灵兔,Aurora,棱彩,128,42,踢踏舞
双界灵兔,Aurora,棱彩,129,43,位面转移
双界灵兔,Aurora,黄金,130,51,更万用的瞄准镜
双界灵兔,Aurora,棱彩,131,44,濒死悟道
双界灵兔,Aurora,白银,132,37,万用瞄准镜
双界灵兔,Aurora,棱彩,133,45,战争交响乐
双界灵兔,Aurora,黄金,134,52,无尽大杀四方
双界灵兔,Aurora,黄金,135,53,豪猪
双界灵兔,Aurora,黄金,136,54,星界躯体
双界灵兔,Aurora,棱彩,137,46,最万用的瞄准镜
双界灵兔,Aurora,棱彩,138,47,双刀流
双界灵兔,Aurora,棱彩,139,48,泰坦的坚决
双界灵兔,Aurora,黄金,140,55,暴击律动
双界灵兔,Aurora,棱彩,141,49,亮出你的剑
双界灵兔,Aurora,白银,142,38,台风
双界灵兔,Aurora,白银,143,39,重量级打击手
双界灵兔,Aurora,棱彩,144,50,软弹啪叽抓
双界灵兔,Aurora,棱彩,145,51,死亡之环
双界灵兔,Aurora,黄金,146,56,高压锅
双界灵兔,Aurora,黄金,147,57,吸血习性
双界灵兔,Aurora,黄金,148,58,钢化你心
双界灵兔,Aurora,白银,149,40,闪闪现现
双界灵兔,Aurora,黄金,150,59,升级：雪球
双界灵兔,Aurora,白银,151,41,闪光弹
双界灵兔,Aurora,棱彩,152,52,小丑学院
双界灵兔,Aurora,黄金,153,60,活力焕发
双界灵兔,Aurora,黄金,154,61,易损
双界灵兔,Aurora,棱彩,155,53,风语者的祝福
双界灵兔,Aurora,黄金,156,62,祖母的辣椒油
双界灵兔,Aurora,黄金,157,63,魄罗爆破手
双界灵兔,Aurora,黄金,158,64,暴击飞弹
双界灵兔,Aurora,黄金,159,65,关键暴击
双界灵兔,Aurora,黄金,160,66,雪球扭蛋机
双界灵兔,Aurora,黄金,161,67,灵魂虹吸
双界灵兔,Aurora,棱彩,162,54,量子计算
双界灵兔,Aurora,棱彩,163,55,连拨击锤
双界灵兔,Aurora,黄金,164,68,最终都市列车
双界灵兔,Aurora,白银,165,42,会心防御
双界灵兔,Aurora,黄金,166,69,坚韧
双界灵兔,Aurora,棱彩,167,56,卡皮巴拉空投
双界灵兔,Aurora,棱彩,168,57,双发快射
双界灵兔,Aurora,棱彩,169,58,超负荷
双界灵兔,Aurora,黄金,170,70,会心治疗
双界灵兔,Aurora,棱彩,171,59,魄罗之王的弹跳
双界灵兔,Aurora,白银,172,43,魔法转物理
双界灵兔,Aurora,黄金,173,71,虚空冲刺
双界灵兔,Aurora,白银,174,44,自适应防护
沙漠皇帝,Azir,黄金,1,1,神射法师
沙漠皇帝,Azir,黄金,2,2,术士果汁盒
沙漠皇帝,Azir,白银,3,1,灵巧
沙漠皇帝,Azir,黄金,4,3,魔法飞弹
沙漠皇帝,Azir,黄金,5,4,超凡邪恶
沙漠皇帝,Azir,白银,6,2,双生火焰
沙漠皇帝,Azir,棱彩,7,1,尤里卡
沙漠皇帝,Azir,棱彩,8,2,巨人杀手
沙漠皇帝,Azir,黄金,9,5,虚幻武器
沙漠皇帝,Azir,棱彩,10,3,炼狱导管
沙漠皇帝,Azir,黄金,11,6,更万用的瞄准镜
沙漠皇帝,Azir,白银,12,3,巫师式思考
沙漠皇帝,Azir,棱彩,13,4,沃格勒特的巫师帽
沙漠皇帝,Azir,白银,14,4,点亮他们！
沙漠皇帝,Azir,黄金,15,7,超强大脑
沙漠皇帝,Azir,棱彩,16,5,掷骰狂人
沙漠皇帝,Azir,棱彩,17,6,最万用的瞄准镜
沙漠皇帝,Azir,黄金,18,8,质变：棱彩阶
沙漠皇帝,Azir,白银,19,5,升级：中娅
沙漠皇帝,Azir,棱彩,20,7,踢踏舞
沙漠皇帝,Azir,棱彩,21,8,无限循环往复
沙漠皇帝,Azir,黄金,22,9,急速之追求
沙漠皇帝,Azir,白银,23,6,万用瞄准镜
沙漠皇帝,Azir,黄金,24,10,牙仙子
沙漠皇帝,Azir,黄金,25,11,仆从大师
沙漠皇帝,Azir,白银,26,7,冰寒
沙漠皇帝,Azir,白银,27,8,狂热者
沙漠皇帝,Azir,黄金,28,12,火上浇油
沙漠皇帝,Azir,黄金,29,13,循环往复
沙漠皇帝,Azir,棱彩,30,9,战争交响乐
沙漠皇帝,Azir,棱彩,31,10,回归基本功
沙漠皇帝,Azir,棱彩,32,11,不祥契约
沙漠皇帝,Azir,黄金,33,14,地形专家
沙漠皇帝,Azir,黄金,34,15,急急小子
沙漠皇帝,Azir,白银,35,9,质变：黄金阶
沙漠皇帝,Azir,棱彩,36,12,珠光护手
沙漠皇帝,Azir,白银,37,10,渴血
沙漠皇帝,Azir,黄金,38,16,穿针引线
沙漠皇帝,Azir,白银,39,11,物理转魔法
沙漠皇帝,Azir,黄金,40,17,狙神飞星
沙漠皇帝,Azir,黄金,41,18,缩小引擎
沙漠皇帝,Azir,黄金,42,19,面包和果酱
沙漠皇帝,Azir,棱彩,43,13,质变：混沌
沙漠皇帝,Azir,黄金,44,20,捐赠
沙漠皇帝,Azir,白银,45,12,大师铸就
沙漠皇帝,Azir,白银,46,13,侵蚀
沙漠皇帝,Azir,棱彩,47,14,你摸不到
沙漠皇帝,Azir,黄金,48,21,属性叠属性！
沙漠皇帝,Azir,棱彩,49,15,物法皆修
沙漠皇帝,Azir,黄金,50,22,炽燃利息
沙漠皇帝,Azir,白银,51,14,逃跑计划
沙漠皇帝,Azir,黄金,52,23,有始有终
沙漠皇帝,Azir,白银,53,15,海洋龙魂
沙漠皇帝,Azir,棱彩,54,16,大法师
沙漠皇帝,Azir,黄金,55,24,威能之追求
沙漠皇帝,Azir,棱彩,56,17,秘术冲拳
沙漠皇帝,Azir,黄金,57,25,面包和黄油
沙漠皇帝,Azir,棱彩,58,18,终极刷新
沙漠皇帝,Azir,白银,59,16,注魔
沙漠皇帝,Azir,棱彩,60,19,精怪魔法
沙漠皇帝,Azir,棱彩,61,20,终极唤醒
沙漠皇帝,Azir,黄金,62,26,缩小射线
沙漠皇帝,Azir,黄金,63,27,罪恶快感
沙漠皇帝,Azir,棱彩,64,21,双刀流
沙漠皇帝,Azir,黄金,65,28,闪现向前
沙漠皇帝,Azir,棱彩,66,22,史上最大雪球
沙漠皇帝,Azir,白银,67,17,海克斯科技龙魂
沙漠皇帝,Azir,白银,68,18,炼狱龙魂
沙漠皇帝,Azir,黄金,69,29,杀戮时间到了
沙漠皇帝,Azir,黄金,70,30,溢流
沙漠皇帝,Azir,白银,71,19,由心及物
沙漠皇帝,Azir,白银,72,20,纯粹主义者 - 术师
沙漠皇帝,Azir,棱彩,73,23,潘朵拉的盒子
沙漠皇帝,Azir,白银,74,21,台风
沙漠皇帝,Azir,黄金,75,31,老练狙神
沙漠皇帝,Azir,棱彩,76,24,科学狂人
沙漠皇帝,Azir,白银,77,22,练腿日
沙漠皇帝,Azir,棱彩,78,25,海牛阿福的勇士
沙漠皇帝,Azir,白银,79,23,家园卫士
沙漠皇帝,Azir,棱彩,80,26,飞身踢
沙漠皇帝,Azir,棱彩,81,27,全能龙魂
沙漠皇帝,Azir,棱彩,82,28,夺金
沙漠皇帝,Azir,棱彩,83,29,玻璃大炮
沙漠皇帝,Azir,黄金,84,32,面包和奶酪
沙漠皇帝,Azir,白银,85,24,防护面纱
沙漠皇帝,Azir,白银,86,25,终极不可阻挡
沙漠皇帝,Azir,黄金,87,33,心灵净化
沙漠皇帝,Azir,黄金,88,34,暴击飞弹
沙漠皇帝,Azir,黄金,89,35,暴击律动
沙漠皇帝,Azir,棱彩,90,30,吃过路兵
沙漠皇帝,Azir,棱彩,91,31,电涌力场
沙漠皇帝,Azir,棱彩,92,32,属性叠属性叠属性！
沙漠皇帝,Azir,黄金,93,36,炽烈黎明
沙漠皇帝,Azir,棱彩,94,33,神圣雪球
沙漠皇帝,Azir,棱彩,95,34,连拨击锤
沙漠皇帝,Azir,黄金,96,37,弹球
沙漠皇帝,Azir,黄金,97,38,生机迸发
沙漠皇帝,Azir,黄金,98,39,哎哟，我的硬币！
沙漠皇帝,Azir,棱彩,99,35,尊我为王
沙漠皇帝,Azir,黄金,100,40,轻拍背部
沙漠皇帝,Azir,黄金,101,41,升级：耀光
沙漠皇帝,Azir,白银,102,26,属性！
沙漠皇帝,Azir,黄金,103,42,坦克引擎
沙漠皇帝,Azir,白银,104,27,火狐
沙漠皇帝,Azir,黄金,105,43,冰雪爆裂
沙漠皇帝,Azir,黄金,106,44,尖端发明家
沙漠皇帝,Azir,黄金,107,45,回力OK镖
沙漠皇帝,Azir,棱彩,108,36,亮出你的剑
沙漠皇帝,Azir,黄金,109,46,神圣干预
沙漠皇帝,Azir,棱彩,110,37,男爵之手
沙漠皇帝,Azir,白银,111,28,下雪天
沙漠皇帝,Azir,白银,112,29,快中求稳
沙漠皇帝,Azir,棱彩,113,38,全凭身法
沙漠皇帝,Azir,棱彩,114,39,空投熊
沙漠皇帝,Azir,黄金,115,47,夜狩
沙漠皇帝,Azir,白银,116,30,暗影疾奔
沙漠皇帝,Azir,棱彩,117,40,最终形态
沙漠皇帝,Azir,棱彩,118,41,双发快射
沙漠皇帝,Azir,棱彩,119,42,歌利亚巨人
沙漠皇帝,Azir,黄金,120,48,鲨鱼暴风
沙漠皇帝,Azir,棱彩,121,43,大招工具人
沙漠皇帝,Azir,棱彩,122,44,利刃华尔兹
沙漠皇帝,Azir,黄金,123,49,咏叹奏鸣
沙漠皇帝,Azir,黄金,124,50,黎明使者的坚决
沙漠皇帝,Azir,白银,125,31,转得我眩晕了
沙漠皇帝,Azir,棱彩,126,45,扳机炼狱
沙漠皇帝,Azir,棱彩,127,46,魄罗蛮冲
沙漠皇帝,Azir,黄金,128,51,自然即是治愈
沙漠皇帝,Azir,白银,129,32,山脉龙魂
沙漠皇帝,Azir,黄金,130,52,过量延伸者
沙漠皇帝,Azir,黄金,131,53,鲨鱼诱饵
沙漠皇帝,Azir,白银,132,33,杀意翻涌
沙漠皇帝,Azir,棱彩,133,47,泰坦的坚决
沙漠皇帝,Azir,白银,134,34,俯冲轰炸
沙漠皇帝,Azir,白银,135,35,唯快不破
沙漠皇帝,Azir,黄金,136,54,星界躯体
沙漠皇帝,Azir,黄金,137,55,狂徒豪气
沙漠皇帝,Azir,白银,138,36,吵闹鬼
沙漠皇帝,Azir,棱彩,139,48,濒死悟道
沙漠皇帝,Azir,棱彩,140,49,大地苏醒
沙漠皇帝,Azir,黄金,141,56,我们的治疗
沙漠皇帝,Azir,白银,142,37,重量级打击手
沙漠皇帝,Azir,黄金,143,57,藏身草丛
沙漠皇帝,Azir,棱彩,144,50,飞升仪式
沙漠皇帝,Azir,棱彩,145,51,位面转移
沙漠皇帝,Azir,黄金,146,58,钢化你心
沙漠皇帝,Azir,黄金,147,59,豪猪
沙漠皇帝,Azir,棱彩,148,52,软弹啪叽抓
沙漠皇帝,Azir,黄金,149,60,无尽大杀四方
沙漠皇帝,Azir,黄金,150,61,高压锅
沙漠皇帝,Azir,黄金,151,62,吸血习性
沙漠皇帝,Azir,白银,152,38,闪闪现现
沙漠皇帝,Azir,白银,153,39,闪光弹
沙漠皇帝,Azir,黄金,154,63,升级：雪球
沙漠皇帝,Azir,黄金,155,64,易损
沙漠皇帝,Azir,黄金,156,65,魄罗爆破手
沙漠皇帝,Azir,黄金,157,66,活力焕发
沙漠皇帝,Azir,黄金,158,67,祖母的辣椒油
沙漠皇帝,Azir,黄金,159,68,灵魂虹吸
沙漠皇帝,Azir,黄金,160,69,雪球扭蛋机
沙漠皇帝,Azir,黄金,161,70,关键暴击
沙漠皇帝,Azir,黄金,162,71,坚韧
沙漠皇帝,Azir,棱彩,163,53,量子计算
沙漠皇帝,Azir,棱彩,164,54,超负荷
沙漠皇帝,Azir,白银,165,40,会心防御
沙漠皇帝,Azir,棱彩,166,55,升级：花晓之剑
沙漠皇帝,Azir,黄金,167,72,会心治疗
沙漠皇帝,Azir,黄金,168,73,最终都市列车
沙漠皇帝,Azir,棱彩,169,56,卡皮巴拉空投
沙漠皇帝,Azir,棱彩,170,57,你肩上的恶魔
沙漠皇帝,Azir,黄金,171,74,仁慈打击
沙漠皇帝,Azir,白银,172,41,可靠武器
沙漠皇帝,Azir,白银,173,42,急救用具
沙漠皇帝,Azir,棱彩,174,58,风语者的祝福
沙漠皇帝,Azir,白银,175,43,叠角龙
沙漠皇帝,Azir,白银,176,44,魔法转物理
沙漠皇帝,Azir,棱彩,177,59,？？？
沙漠皇帝,Azir,白银,178,45,自适应防护
星界游神,Bard,黄金,1,1,仁慈打击
星界游神,Bard,白银,2,1,急救用具
星界游神,Bard,黄金,3,2,咏叹奏鸣
星界游神,Bard,黄金,4,3,喂呜喂呜
星界游神,Bard,黄金,5,4,虚幻武器
星界游神,Bard,黄金,6,5,全心为你
星界游神,Bard,白银,7,2,台风
星界游神,Bard,黄金,8,6,神圣干预
星界游神,Bard,棱彩,9,1,双刀流
星界游神,Bard,棱彩,10,2,灵魄炸弹
星界游神,Bard,黄金,11,7,升级：耀光
星界游神,Bard,黄金,12,8,炽烈黎明
星界游神,Bard,白银,13,3,天音爆
星界游神,Bard,棱彩,14,3,升级：花晓之剑
星界游神,Bard,棱彩,15,4,信念者的强化
星界游神,Bard,棱彩,16,5,咒语裂变
星界游神,Bard,黄金,17,9,神射法师
星界游神,Bard,棱彩,18,6,回归基本功
星界游神,Bard,黄金,19,10,质变：棱彩阶
星界游神,Bard,白银,20,4,冰寒
星界游神,Bard,棱彩,21,7,大法师
星界游神,Bard,黄金,22,11,贪欲束缚
星界游神,Bard,棱彩,23,8,物法皆修
星界游神,Bard,黄金,24,12,急急小子
星界游神,Bard,黄金,25,13,活力焕发
星界游神,Bard,白银,26,5,扇巴掌
星界游神,Bard,棱彩,27,9,无限循环往复
星界游神,Bard,黄金,28,14,缩小引擎
星界游神,Bard,棱彩,29,10,连拨击锤
星界游神,Bard,白银,30,6,质变：黄金阶
星界游神,Bard,棱彩,31,11,至高天诺言
星界游神,Bard,黄金,32,15,循环往复
星界游神,Bard,棱彩,33,12,残忍
星界游神,Bard,白银,34,7,灵巧
星界游神,Bard,棱彩,35,13,风语者的祝福
星界游神,Bard,白银,36,8,家园卫士
星界游神,Bard,黄金,37,16,魔法飞弹
星界游神,Bard,棱彩,38,14,蛋白粉奶昔
星界游神,Bard,黄金,39,17,缩小射线
星界游神,Bard,白银,40,9,海克斯科技龙魂
星界游神,Bard,黄金,41,18,自然即是治愈
星界游神,Bard,黄金,42,19,更万用的瞄准镜
星界游神,Bard,黄金,43,20,轻拍背部
星界游神,Bard,棱彩,44,15,多重射击
星界游神,Bard,黄金,45,21,火上浇油
星界游神,Bard,白银,46,10,狂热者
星界游神,Bard,白银,47,11,练腿日
星界游神,Bard,黄金,48,22,超强大脑
星界游神,Bard,白银,49,12,巫师式思考
星界游神,Bard,黄金,50,23,术士果汁盒
星界游神,Bard,黄金,51,24,超凡邪恶
星界游神,Bard,棱彩,52,16,死亡之环
星界游神,Bard,白银,53,13,物理转魔法
星界游神,Bard,棱彩,54,17,巨人杀手
星界游神,Bard,棱彩,55,18,质变：混沌
星界游神,Bard,白银,56,14,逃跑计划
星界游神,Bard,棱彩,57,19,掷骰狂人
星界游神,Bard,白银,58,15,炼狱龙魂
星界游神,Bard,白银,59,16,大师铸就
星界游神,Bard,黄金,60,25,捐赠
星界游神,Bard,棱彩,61,20,尤里卡
星界游神,Bard,黄金,62,26,坦克引擎
星界游神,Bard,黄金,63,27,面包和果酱
星界游神,Bard,黄金,64,28,有始有终
星界游神,Bard,黄金,65,29,我们的治疗
星界游神,Bard,黄金,66,30,闪现向前
星界游神,Bard,黄金,67,31,升级：无尽之刃
星界游神,Bard,黄金,68,32,面包和黄油
星界游神,Bard,白银,69,17,双生火焰
星界游神,Bard,黄金,70,33,吞噬灵魂
星界游神,Bard,棱彩,71,21,踢踏舞
星界游神,Bard,棱彩,72,22,飞身踢
星界游神,Bard,白银,73,18,点亮他们！
星界游神,Bard,白银,74,19,魔法转物理
星界游神,Bard,白银,75,20,万用瞄准镜
星界游神,Bard,黄金,76,34,穿针引线
星界游神,Bard,白银,77,21,大力
星界游神,Bard,棱彩,78,23,终极刷新
星界游神,Bard,黄金,79,35,属性叠属性！
星界游神,Bard,黄金,80,36,罪恶快感
星界游神,Bard,黄金,81,37,生机迸发
星界游神,Bard,棱彩,82,24,史上最大雪球
星界游神,Bard,黄金,83,38,不动如山
星界游神,Bard,棱彩,84,25,潘朵拉的盒子
星界游神,Bard,黄金,85,39,暴击飞弹
星界游神,Bard,棱彩,86,26,终极唤醒
星界游神,Bard,白银,87,22,侵蚀
星界游神,Bard,棱彩,88,27,巨像的勇气
星界游神,Bard,白银,89,23,火狐
星界游神,Bard,黄金,90,40,哎哟，我的硬币！
星界游神,Bard,棱彩,91,28,秘术冲拳
星界游神,Bard,棱彩,92,29,珠光护手
星界游神,Bard,棱彩,93,30,战争交响乐
星界游神,Bard,棱彩,94,31,亮出你的剑
星界游神,Bard,棱彩,95,32,软弹啪叽抓
星界游神,Bard,白银,96,24,海洋龙魂
星界游神,Bard,棱彩,97,33,最万用的瞄准镜
星界游神,Bard,黄金,98,41,尖端发明家
星界游神,Bard,白银,99,25,纯粹主义者 - 术师
星界游神,Bard,黄金,100,42,藏身草丛
星界游神,Bard,黄金,101,43,钢化你心
星界游神,Bard,黄金,102,44,星界躯体
星界游神,Bard,黄金,103,45,会心治疗
星界游神,Bard,棱彩,104,34,回响施放
星界游神,Bard,黄金,105,46,暴击律动
星界游神,Bard,白银,106,26,渴血
星界游神,Bard,白银,107,27,重量级打击手
星界游神,Bard,黄金,108,47,回力OK镖
星界游神,Bard,棱彩,109,35,歌利亚巨人
星界游神,Bard,白银,110,28,注魔
星界游神,Bard,黄金,111,48,弹球
星界游神,Bard,棱彩,112,36,科学狂人
星界游神,Bard,棱彩,113,37,全能龙魂
星界游神,Bard,白银,114,29,升级：收集者
星界游神,Bard,白银,115,30,属性！
星界游神,Bard,白银,116,31,唯快不破
星界游神,Bard,黄金,117,49,牙仙子
星界游神,Bard,棱彩,118,38,沃格勒特的巫师帽
星界游神,Bard,棱彩,119,39,海牛阿福的勇士
星界游神,Bard,黄金,120,50,冰雪爆裂
星界游神,Bard,白银,121,32,吵闹鬼
星界游神,Bard,白银,122,33,升级：中娅
星界游神,Bard,黄金,123,51,黎明使者的坚决
星界游神,Bard,白银,124,34,转得我眩晕了
星界游神,Bard,棱彩,125,40,尊我为王
星界游神,Bard,棱彩,126,41,夺金
星界游神,Bard,黄金,127,52,老练狙神
星界游神,Bard,棱彩,128,42,属性叠属性叠属性！
星界游神,Bard,白银,129,35,下雪天
星界游神,Bard,白银,130,36,杀意翻涌
星界游神,Bard,棱彩,131,43,吃过路兵
星界游神,Bard,白银,132,37,防护面纱
星界游神,Bard,黄金,133,53,鲨鱼暴风
星界游神,Bard,黄金,134,54,心灵净化
星界游神,Bard,白银,135,38,由心及物
星界游神,Bard,黄金,136,55,夜狩
星界游神,Bard,棱彩,137,44,不祥契约
星界游神,Bard,黄金,138,56,杀戮时间到了
星界游神,Bard,棱彩,139,45,男爵之手
星界游神,Bard,棱彩,140,46,泰坦的坚决
星界游神,Bard,白银,141,39,山脉龙魂
星界游神,Bard,棱彩,142,47,位面转移
星界游神,Bard,黄金,143,57,溢流
星界游神,Bard,棱彩,144,48,魄罗蛮冲
星界游神,Bard,棱彩,145,49,神圣雪球
星界游神,Bard,黄金,146,58,狙神飞星
星界游神,Bard,黄金,147,59,过量延伸者
星界游神,Bard,白银,148,40,俯冲轰炸
星界游神,Bard,棱彩,149,50,炼狱导管
星界游神,Bard,棱彩,150,51,空投熊
星界游神,Bard,黄金,151,60,鲨鱼诱饵
星界游神,Bard,黄金,152,61,豪猪
星界游神,Bard,棱彩,153,52,玻璃大炮
星界游神,Bard,黄金,154,62,高压锅
星界游神,Bard,白银,155,41,终极不可阻挡
星界游神,Bard,棱彩,156,53,扳机炼狱
星界游神,Bard,棱彩,157,54,你摸不到
星界游神,Bard,黄金,158,63,无尽大杀四方
星界游神,Bard,棱彩,159,55,利刃华尔兹
星界游神,Bard,黄金,160,64,面包和奶酪
星界游神,Bard,棱彩,161,56,大招工具人
星界游神,Bard,棱彩,162,57,最终形态
星界游神,Bard,棱彩,163,58,电涌力场
星界游神,Bard,白银,164,42,暗影疾奔
星界游神,Bard,棱彩,165,59,舞会女王
星界游神,Bard,棱彩,166,60,和我一起困在这里
星界游神,Bard,棱彩,167,61,飞升仪式
星界游神,Bard,棱彩,168,62,濒死悟道
星界游神,Bard,白银,169,43,升级：献祭
星界游神,Bard,白银,170,44,快中求稳
星界游神,Bard,黄金,171,65,狂徒豪气
星界游神,Bard,棱彩,172,63,全凭身法
星界游神,Bard,白银,173,45,闪光弹
星界游神,Bard,白银,174,46,闪闪现现
星界游神,Bard,棱彩,175,64,大地苏醒
星界游神,Bard,黄金,176,66,吸血习性
星界游神,Bard,黄金,177,67,魄罗爆破手
星界游神,Bard,黄金,178,68,坚韧
星界游神,Bard,黄金,179,69,关键暴击
星界游神,Bard,黄金,180,70,灵魂虹吸
星界游神,Bard,棱彩,181,65,小猫咪找妈妈
星界游神,Bard,白银,182,47,坚若磐石
星界游神,Bard,棱彩,183,66,激光治疗
星界游神,Bard,黄金,184,71,升级：雪球
星界游神,Bard,黄金,185,72,祖母的辣椒油
星界游神,Bard,黄金,186,73,升级：焚天
星界游神,Bard,黄金,187,74,易损
星界游神,Bard,黄金,188,75,急速之追求
星界游神,Bard,白银,189,48,会心防御
星界游神,Bard,黄金,190,76,最终都市列车
星界游神,Bard,黄金,191,77,雪球扭蛋机
星界游神,Bard,棱彩,192,67,双发快射
星界游神,Bard,棱彩,193,68,小丑学院
星界游神,Bard,棱彩,194,69,？？？
星界游神,Bard,黄金,195,78,威能之追求
星界游神,Bard,白银,196,49,强力护盾
星界游神,Bard,棱彩,197,70,你肩上的恶魔
星界游神,Bard,黄金,198,79,升级：贪欲九头蛇
星界游神,Bard,棱彩,199,71,量子计算
星界游神,Bard,棱彩,200,72,卡皮巴拉空投
星界游神,Bard,棱彩,201,73,魄罗之王的弹跳
星界游神,Bard,白银,202,50,由暴生急
虚空女皇,Belveth,白银,1,1,渴血
虚空女皇,Belveth,黄金,2,1,狂徒豪气
虚空女皇,Belveth,黄金,3,2,罪恶快感
虚空女皇,Belveth,棱彩,4,1,秘术冲拳
虚空女皇,Belveth,黄金,5,3,无尽大杀四方
虚空女皇,Belveth,棱彩,6,2,踢踏舞
虚空女皇,Belveth,棱彩,7,3,最终形态
虚空女皇,Belveth,白银,8,2,台风
虚空女皇,Belveth,棱彩,9,4,双刀流
虚空女皇,Belveth,黄金,10,4,质变：棱彩阶
虚空女皇,Belveth,白银,11,3,大力
虚空女皇,Belveth,黄金,12,5,升级：无尽之刃
虚空女皇,Belveth,黄金,13,6,黎明使者的坚决
虚空女皇,Belveth,黄金,14,7,升级：贪欲九头蛇
虚空女皇,Belveth,黄金,15,8,更万用的瞄准镜
虚空女皇,Belveth,黄金,16,9,火上浇油
虚空女皇,Belveth,棱彩,17,5,濒死悟道
虚空女皇,Belveth,黄金,18,10,灵魂虹吸
虚空女皇,Belveth,棱彩,19,6,双发快射
虚空女皇,Belveth,棱彩,20,7,掷骰狂人
虚空女皇,Belveth,黄金,21,11,贪欲束缚
虚空女皇,Belveth,棱彩,22,8,飞升仪式
虚空女皇,Belveth,棱彩,23,9,利刃华尔兹
虚空女皇,Belveth,黄金,24,12,心灵净化
虚空女皇,Belveth,黄金,25,13,易损
虚空女皇,Belveth,白银,26,4,灵巧
虚空女皇,Belveth,白银,27,5,暗影疾奔
虚空女皇,Belveth,白银,28,6,质变：黄金阶
虚空女皇,Belveth,棱彩,29,10,吃过路兵
虚空女皇,Belveth,黄金,30,14,虚幻武器
虚空女皇,Belveth,黄金,31,15,关键暴击
虚空女皇,Belveth,白银,32,7,魔法转物理
虚空女皇,Belveth,黄金,33,16,自然即是治愈
虚空女皇,Belveth,白银,34,8,逃跑计划
虚空女皇,Belveth,黄金,35,17,缩小引擎
虚空女皇,Belveth,棱彩,36,11,连拨击锤
虚空女皇,Belveth,黄金,37,18,坦克引擎
虚空女皇,Belveth,白银,38,9,快中求稳
虚空女皇,Belveth,黄金,39,19,我们的治疗
虚空女皇,Belveth,黄金,40,20,面包和奶酪
虚空女皇,Belveth,白银,41,10,叠角龙
虚空女皇,Belveth,黄金,42,21,捐赠
虚空女皇,Belveth,白银,43,11,大师铸就
虚空女皇,Belveth,棱彩,44,12,战争交响乐
虚空女皇,Belveth,黄金,45,22,属性叠属性！
虚空女皇,Belveth,黄金,46,23,缩小射线
虚空女皇,Belveth,棱彩,47,13,你摸不到
虚空女皇,Belveth,白银,48,12,万用瞄准镜
虚空女皇,Belveth,黄金,49,24,吞噬灵魂
虚空女皇,Belveth,棱彩,50,14,最万用的瞄准镜
虚空女皇,Belveth,黄金,51,25,升级：焚天
虚空女皇,Belveth,棱彩,52,15,飞身踢
虚空女皇,Belveth,黄金,53,26,夜狩
虚空女皇,Belveth,黄金,54,27,钢化你心
虚空女皇,Belveth,棱彩,55,16,质变：混沌
虚空女皇,Belveth,黄金,56,28,牙仙子
虚空女皇,Belveth,黄金,57,29,术士果汁盒
虚空女皇,Belveth,白银,58,13,升级：死亡之舞
虚空女皇,Belveth,白银,59,14,点亮他们！
虚空女皇,Belveth,白银,60,15,会心防御
虚空女皇,Belveth,白银,61,16,升级：收集者
虚空女皇,Belveth,白银,62,17,练腿日
虚空女皇,Belveth,黄金,63,30,暴击飞弹
虚空女皇,Belveth,黄金,64,31,暴击律动
虚空女皇,Belveth,白银,65,18,重量级打击手
虚空女皇,Belveth,黄金,66,32,生机迸发
虚空女皇,Belveth,棱彩,67,17,歌利亚巨人
虚空女皇,Belveth,棱彩,68,18,巨人杀手
虚空女皇,Belveth,棱彩,69,19,终极九头蛇
虚空女皇,Belveth,白银,70,19,狂热者
虚空女皇,Belveth,白银,71,20,侵蚀
虚空女皇,Belveth,棱彩,72,20,扳机炼狱
虚空女皇,Belveth,黄金,73,33,杀戮时间到了
虚空女皇,Belveth,黄金,74,34,急速之追求
虚空女皇,Belveth,棱彩,75,21,全凭身法
虚空女皇,Belveth,白银,76,21,扇巴掌
虚空女皇,Belveth,黄金,77,35,穿针引线
虚空女皇,Belveth,黄金,78,36,面包和果酱
虚空女皇,Belveth,棱彩,79,22,珠光护手
虚空女皇,Belveth,黄金,80,37,循环往复
虚空女皇,Belveth,白银,81,22,终极不可阻挡
虚空女皇,Belveth,棱彩,82,23,史上最大雪球
虚空女皇,Belveth,棱彩,83,24,潘朵拉的盒子
虚空女皇,Belveth,黄金,84,38,闪现向前
虚空女皇,Belveth,白银,85,23,俯冲轰炸
虚空女皇,Belveth,黄金,86,39,冰雪爆裂
虚空女皇,Belveth,黄金,87,40,弹球
虚空女皇,Belveth,黄金,88,41,星界躯体
虚空女皇,Belveth,黄金,89,42,有始有终
虚空女皇,Belveth,白银,90,24,炼狱龙魂
虚空女皇,Belveth,棱彩,91,25,终极唤醒
虚空女皇,Belveth,黄金,92,43,尖端发明家
虚空女皇,Belveth,黄金,93,44,神圣干预
虚空女皇,Belveth,黄金,94,45,不动如山
虚空女皇,Belveth,白银,95,25,纯粹主义者 - 术师
虚空女皇,Belveth,棱彩,96,26,精怪魔法
虚空女皇,Belveth,黄金,97,46,哎哟，我的硬币！
虚空女皇,Belveth,棱彩,98,27,海牛阿福的勇士
虚空女皇,Belveth,棱彩,99,28,科学狂人
虚空女皇,Belveth,棱彩,100,29,泰坦的坚决
虚空女皇,Belveth,棱彩,101,30,和我一起困在这里
虚空女皇,Belveth,黄金,102,47,鲨鱼暴风
虚空女皇,Belveth,黄金,103,48,鲨鱼诱饵
虚空女皇,Belveth,棱彩,104,31,巨像的勇气
虚空女皇,Belveth,棱彩,105,32,软弹啪叽抓
虚空女皇,Belveth,白银,106,26,杀意翻涌
虚空女皇,Belveth,棱彩,107,33,大地苏醒
虚空女皇,Belveth,白银,108,27,属性！
虚空女皇,Belveth,白银,109,28,下雪天
虚空女皇,Belveth,棱彩,110,34,无限循环往复
虚空女皇,Belveth,白银,111,29,家园卫士
虚空女皇,Belveth,棱彩,112,35,大法师
虚空女皇,Belveth,黄金,113,49,超凡邪恶
虚空女皇,Belveth,黄金,114,50,高压锅
虚空女皇,Belveth,棱彩,115,36,属性叠属性叠属性！
虚空女皇,Belveth,棱彩,116,37,位面转移
虚空女皇,Belveth,棱彩,117,38,全能龙魂
虚空女皇,Belveth,白银,118,30,海克斯科技龙魂
虚空女皇,Belveth,棱彩,119,39,神圣雪球
虚空女皇,Belveth,白银,120,31,防护面纱
虚空女皇,Belveth,白银,121,32,唯快不破
虚空女皇,Belveth,黄金,122,51,豪猪
虚空女皇,Belveth,黄金,123,52,过量延伸者
虚空女皇,Belveth,棱彩,124,40,尊我为王
虚空女皇,Belveth,白银,125,33,转得我眩晕了
虚空女皇,Belveth,棱彩,126,41,夺金
虚空女皇,Belveth,白银,127,34,双生火焰
虚空女皇,Belveth,黄金,128,53,魔法飞弹
虚空女皇,Belveth,黄金,129,54,急急小子
虚空女皇,Belveth,棱彩,130,42,回归基本功
虚空女皇,Belveth,棱彩,131,43,空投熊
虚空女皇,Belveth,白银,132,35,由暴生急
虚空女皇,Belveth,黄金,133,55,轻拍背部
虚空女皇,Belveth,棱彩,134,44,残忍
虚空女皇,Belveth,黄金,135,56,升级：耀光
虚空女皇,Belveth,黄金,136,57,回力OK镖
虚空女皇,Belveth,黄金,137,58,藏身草丛
虚空女皇,Belveth,黄金,138,59,炽烈黎明
虚空女皇,Belveth,黄金,139,60,咏叹奏鸣
虚空女皇,Belveth,棱彩,140,45,舞会女王
虚空女皇,Belveth,棱彩,141,46,男爵之手
虚空女皇,Belveth,棱彩,142,47,电涌力场
虚空女皇,Belveth,白银,143,36,山脉龙魂
虚空女皇,Belveth,白银,144,37,升级：献祭
虚空女皇,Belveth,白银,145,38,吵闹鬼
虚空女皇,Belveth,棱彩,146,48,魄罗蛮冲
虚空女皇,Belveth,白银,147,39,火狐
虚空女皇,Belveth,棱彩,148,49,炼狱导管
虚空女皇,Belveth,白银,149,40,海洋龙魂
虚空女皇,Belveth,白银,150,41,冰寒
虚空女皇,Belveth,棱彩,151,50,死亡之环
虚空女皇,Belveth,棱彩,152,51,玻璃大炮
虚空女皇,Belveth,棱彩,153,52,艾卡西亚的陷落
虚空女皇,Belveth,黄金,154,61,吸血习性
虚空女皇,Belveth,白银,155,42,闪光弹
虚空女皇,Belveth,棱彩,156,53,量子计算
虚空女皇,Belveth,白银,157,43,闪闪现现
虚空女皇,Belveth,棱彩,158,54,大招工具人
虚空女皇,Belveth,黄金,159,62,活力焕发
虚空女皇,Belveth,棱彩,160,55,风语者的祝福
虚空女皇,Belveth,黄金,161,63,会心治疗
虚空女皇,Belveth,棱彩,162,56,小丑学院
虚空女皇,Belveth,黄金,163,64,升级：雪球
虚空女皇,Belveth,黄金,164,65,虚空冲刺
虚空女皇,Belveth,黄金,165,66,雪球扭蛋机
虚空女皇,Belveth,黄金,166,67,最终都市列车
虚空女皇,Belveth,白银,167,44,急救用具
虚空女皇,Belveth,黄金,168,68,坚韧
虚空女皇,Belveth,黄金,169,69,魄罗爆破手
虚空女皇,Belveth,棱彩,170,57,超负荷
虚空女皇,Belveth,黄金,171,70,神射法师
虚空女皇,Belveth,白银,172,45,强力护盾
虚空女皇,Belveth,白银,173,46,坚若磐石
虚空女皇,Belveth,棱彩,174,58,王中王，靴中靴
虚空女皇,Belveth,棱彩,175,59,升级：花晓之剑
虚空女皇,Belveth,棱彩,176,60,？？？
虚空女皇,Belveth,黄金,177,71,威能之追求
蒸汽机器人,Blitzcrank,白银,1,1,纯粹主义者 - 术师
蒸汽机器人,Blitzcrank,白银,2,2,扇巴掌
蒸汽机器人,Blitzcrank,黄金,3,1,急速之追求
蒸汽机器人,Blitzcrank,棱彩,4,1,大法师
蒸汽机器人,Blitzcrank,黄金,5,2,虚幻武器
蒸汽机器人,Blitzcrank,棱彩,6,2,精怪魔法
蒸汽机器人,Blitzcrank,白银,7,3,由心及物
蒸汽机器人,Blitzcrank,棱彩,8,3,咒语裂变
蒸汽机器人,Blitzcrank,黄金,9,3,吞噬灵魂
蒸汽机器人,Blitzcrank,棱彩,10,4,尤里卡
蒸汽机器人,Blitzcrank,白银,11,4,巫师式思考
蒸汽机器人,Blitzcrank,黄金,12,4,循环往复
蒸汽机器人,Blitzcrank,黄金,13,5,质变：棱彩阶
蒸汽机器人,Blitzcrank,黄金,14,6,不动如山
蒸汽机器人,Blitzcrank,黄金,15,7,杀戮时间到了
蒸汽机器人,Blitzcrank,棱彩,16,5,无限循环往复
蒸汽机器人,Blitzcrank,黄金,17,8,面包和黄油
蒸汽机器人,Blitzcrank,黄金,18,9,超凡邪恶
蒸汽机器人,Blitzcrank,棱彩,19,6,巨像的勇气
蒸汽机器人,Blitzcrank,黄金,20,10,术士果汁盒
蒸汽机器人,Blitzcrank,黄金,21,11,牙仙子
蒸汽机器人,Blitzcrank,黄金,22,12,坦克引擎
蒸汽机器人,Blitzcrank,棱彩,23,7,终极唤醒
蒸汽机器人,Blitzcrank,黄金,24,13,超强大脑
蒸汽机器人,Blitzcrank,黄金,25,14,贪欲束缚
蒸汽机器人,Blitzcrank,黄金,26,15,缩小引擎
蒸汽机器人,Blitzcrank,黄金,27,16,快步
蒸汽机器人,Blitzcrank,黄金,28,17,炽烈黎明
蒸汽机器人,Blitzcrank,黄金,29,18,轻拍背部
蒸汽机器人,Blitzcrank,棱彩,30,8,残忍
蒸汽机器人,Blitzcrank,棱彩,31,9,多重射击
蒸汽机器人,Blitzcrank,黄金,32,19,星界躯体
蒸汽机器人,Blitzcrank,棱彩,33,10,和我一起困在这里
蒸汽机器人,Blitzcrank,白银,34,5,练腿日
蒸汽机器人,Blitzcrank,白银,35,6,家园卫士
蒸汽机器人,Blitzcrank,白银,36,7,逃跑计划
蒸汽机器人,Blitzcrank,棱彩,37,11,回响施放
蒸汽机器人,Blitzcrank,棱彩,38,12,空投熊
蒸汽机器人,Blitzcrank,白银,39,8,质变：黄金阶
蒸汽机器人,Blitzcrank,黄金,40,20,邦！
蒸汽机器人,Blitzcrank,棱彩,41,13,飞身踢
蒸汽机器人,Blitzcrank,棱彩,42,14,终极刷新
蒸汽机器人,Blitzcrank,白银,43,9,升级：中娅
蒸汽机器人,Blitzcrank,黄金,44,21,魔法飞弹
蒸汽机器人,Blitzcrank,黄金,45,22,闪现向前
蒸汽机器人,Blitzcrank,黄金,46,23,钢化你心
蒸汽机器人,Blitzcrank,黄金,47,24,溢流
蒸汽机器人,Blitzcrank,黄金,48,25,威能之追求
蒸汽机器人,Blitzcrank,白银,49,10,终极不可阻挡
蒸汽机器人,Blitzcrank,白银,50,11,俯冲轰炸
蒸汽机器人,Blitzcrank,黄金,51,26,生机迸发
蒸汽机器人,Blitzcrank,白银,52,12,前进时间到
蒸汽机器人,Blitzcrank,黄金,53,27,面包和奶酪
蒸汽机器人,Blitzcrank,白银,54,13,重量级打击手
蒸汽机器人,Blitzcrank,棱彩,55,15,歌利亚巨人
蒸汽机器人,Blitzcrank,棱彩,56,16,史上最大雪球
蒸汽机器人,Blitzcrank,棱彩,57,17,软弹啪叽抓
蒸汽机器人,Blitzcrank,黄金,58,28,黎明使者的坚决
蒸汽机器人,Blitzcrank,黄金,59,29,弹球
蒸汽机器人,Blitzcrank,黄金,60,30,捐赠
蒸汽机器人,Blitzcrank,黄金,61,31,神圣干预
蒸汽机器人,Blitzcrank,棱彩,62,18,沃格勒特的巫师帽
蒸汽机器人,Blitzcrank,黄金,63,32,冰雪爆裂
蒸汽机器人,Blitzcrank,黄金,64,33,急急小子
蒸汽机器人,Blitzcrank,黄金,65,34,属性叠属性！
蒸汽机器人,Blitzcrank,白银,66,14,下雪天
蒸汽机器人,Blitzcrank,棱彩,67,19,最终形态
蒸汽机器人,Blitzcrank,棱彩,68,20,质变：混沌
蒸汽机器人,Blitzcrank,黄金,69,35,升级：耀光
蒸汽机器人,Blitzcrank,白银,70,15,物理转魔法
蒸汽机器人,Blitzcrank,黄金,71,36,鲨鱼暴风
蒸汽机器人,Blitzcrank,黄金,72,37,藏身草丛
蒸汽机器人,Blitzcrank,黄金,73,38,鲨鱼诱饵
蒸汽机器人,Blitzcrank,黄金,74,39,小小的额外帮助
蒸汽机器人,Blitzcrank,白银,75,16,火狐
蒸汽机器人,Blitzcrank,黄金,76,40,神射法师
蒸汽机器人,Blitzcrank,白银,77,17,大师铸就
蒸汽机器人,Blitzcrank,黄金,78,41,自然即是治愈
蒸汽机器人,Blitzcrank,黄金,79,42,高压锅
蒸汽机器人,Blitzcrank,棱彩,80,21,你摸不到
蒸汽机器人,Blitzcrank,棱彩,81,22,掷骰狂人
蒸汽机器人,Blitzcrank,黄金,82,43,豪猪
蒸汽机器人,Blitzcrank,黄金,83,44,尖端发明家
蒸汽机器人,Blitzcrank,黄金,84,45,哎哟，我的硬币！
蒸汽机器人,Blitzcrank,棱彩,85,23,潘朵拉的盒子
蒸汽机器人,Blitzcrank,黄金,86,46,面包和果酱
蒸汽机器人,Blitzcrank,白银,87,18,海洋龙魂
蒸汽机器人,Blitzcrank,白银,88,19,转得我眩晕了
蒸汽机器人,Blitzcrank,黄金,89,47,咏叹奏鸣
蒸汽机器人,Blitzcrank,白银,90,20,升级：献祭
蒸汽机器人,Blitzcrank,黄金,91,48,无尽大杀四方
蒸汽机器人,Blitzcrank,棱彩,92,24,科学狂人
蒸汽机器人,Blitzcrank,白银,93,21,杀意翻涌
蒸汽机器人,Blitzcrank,黄金,94,49,穿针引线
蒸汽机器人,Blitzcrank,白银,95,22,冰寒
蒸汽机器人,Blitzcrank,白银,96,23,属性！
蒸汽机器人,Blitzcrank,棱彩,97,25,珠光护手
蒸汽机器人,Blitzcrank,白银,98,24,炼狱龙魂
蒸汽机器人,Blitzcrank,黄金,99,50,有始有终
蒸汽机器人,Blitzcrank,白银,100,25,双生火焰
蒸汽机器人,Blitzcrank,白银,101,26,侵蚀
蒸汽机器人,Blitzcrank,白银,102,27,防护面纱
蒸汽机器人,Blitzcrank,棱彩,103,26,巨人杀手
蒸汽机器人,Blitzcrank,黄金,104,51,心灵净化
蒸汽机器人,Blitzcrank,白银,105,28,海克斯科技龙魂
蒸汽机器人,Blitzcrank,黄金,106,52,过量延伸者
蒸汽机器人,Blitzcrank,棱彩,107,27,泰坦的坚决
蒸汽机器人,Blitzcrank,棱彩,108,28,大招工具人
蒸汽机器人,Blitzcrank,白银,109,29,山脉龙魂
蒸汽机器人,Blitzcrank,棱彩,110,29,神圣雪球
蒸汽机器人,Blitzcrank,黄金,111,53,我们的治疗
蒸汽机器人,Blitzcrank,黄金,112,54,回力OK镖
蒸汽机器人,Blitzcrank,黄金,113,55,升级：无尽之刃
蒸汽机器人,Blitzcrank,棱彩,114,30,回归基本功
蒸汽机器人,Blitzcrank,白银,115,30,大力
蒸汽机器人,Blitzcrank,黄金,116,56,夜狩
蒸汽机器人,Blitzcrank,棱彩,117,31,玻璃大炮
蒸汽机器人,Blitzcrank,白银,118,31,魔法转物理
蒸汽机器人,Blitzcrank,白银,119,32,台风
蒸汽机器人,Blitzcrank,白银,120,33,唯快不破
蒸汽机器人,Blitzcrank,黄金,121,57,缩小射线
蒸汽机器人,Blitzcrank,白银,122,34,吵闹鬼
蒸汽机器人,Blitzcrank,棱彩,123,32,属性叠属性叠属性！
蒸汽机器人,Blitzcrank,棱彩,124,33,舞会女王
蒸汽机器人,Blitzcrank,棱彩,125,34,海牛阿福的勇士
蒸汽机器人,Blitzcrank,棱彩,126,35,全能龙魂
蒸汽机器人,Blitzcrank,白银,127,35,注魔
蒸汽机器人,Blitzcrank,棱彩,128,36,尊我为王
蒸汽机器人,Blitzcrank,黄金,129,58,更万用的瞄准镜
蒸汽机器人,Blitzcrank,棱彩,130,37,飞升仪式
蒸汽机器人,Blitzcrank,棱彩,131,38,物法皆修
蒸汽机器人,Blitzcrank,黄金,132,59,罪恶快感
蒸汽机器人,Blitzcrank,黄金,133,60,升级：焚天
蒸汽机器人,Blitzcrank,棱彩,134,39,秘术冲拳
蒸汽机器人,Blitzcrank,白银,135,36,狂热者
蒸汽机器人,Blitzcrank,白银,136,37,万用瞄准镜
蒸汽机器人,Blitzcrank,白银,137,38,渴血
蒸汽机器人,Blitzcrank,白银,138,39,灵巧
蒸汽机器人,Blitzcrank,棱彩,139,40,针插垫
蒸汽机器人,Blitzcrank,白银,140,40,升级：收集者
蒸汽机器人,Blitzcrank,棱彩,141,41,电涌力场
蒸汽机器人,Blitzcrank,黄金,142,61,升级：贪欲九头蛇
蒸汽机器人,Blitzcrank,棱彩,143,42,双刀流
蒸汽机器人,Blitzcrank,棱彩,144,43,连拨击锤
蒸汽机器人,Blitzcrank,棱彩,145,44,男爵之手
蒸汽机器人,Blitzcrank,棱彩,146,45,扳机炼狱
蒸汽机器人,Blitzcrank,棱彩,147,46,利刃华尔兹
蒸汽机器人,Blitzcrank,棱彩,148,47,艾卡西亚的陷落
蒸汽机器人,Blitzcrank,黄金,149,62,火上浇油
蒸汽机器人,Blitzcrank,棱彩,150,48,魄罗蛮冲
蒸汽机器人,Blitzcrank,棱彩,151,49,吃过路兵
蒸汽机器人,Blitzcrank,棱彩,152,50,位面转移
蒸汽机器人,Blitzcrank,棱彩,153,51,不祥契约
蒸汽机器人,Blitzcrank,棱彩,154,52,夺金
蒸汽机器人,Blitzcrank,白银,155,41,强力护盾
蒸汽机器人,Blitzcrank,棱彩,156,53,濒死悟道
蒸汽机器人,Blitzcrank,棱彩,157,54,炼狱导管
蒸汽机器人,Blitzcrank,棱彩,158,55,最万用的瞄准镜
蒸汽机器人,Blitzcrank,白银,159,42,闪闪现现
蒸汽机器人,Blitzcrank,白银,160,43,点亮他们！
蒸汽机器人,Blitzcrank,白银,161,44,闪光弹
蒸汽机器人,Blitzcrank,棱彩,162,56,踢踏舞
蒸汽机器人,Blitzcrank,棱彩,163,57,战争交响乐
蒸汽机器人,Blitzcrank,黄金,164,63,坚韧
蒸汽机器人,Blitzcrank,棱彩,165,58,风语者的祝福
蒸汽机器人,Blitzcrank,白银,166,45,坚若磐石
蒸汽机器人,Blitzcrank,黄金,167,64,升级：雪球
蒸汽机器人,Blitzcrank,黄金,168,65,活力焕发
蒸汽机器人,Blitzcrank,棱彩,169,59,小丑学院
蒸汽机器人,Blitzcrank,黄金,170,66,祖母的辣椒油
蒸汽机器人,Blitzcrank,棱彩,171,60,量子计算
蒸汽机器人,Blitzcrank,黄金,172,67,雪球扭蛋机
蒸汽机器人,Blitzcrank,黄金,173,68,会心治疗
蒸汽机器人,Blitzcrank,黄金,174,69,全心为你
蒸汽机器人,Blitzcrank,黄金,175,70,最终都市列车
蒸汽机器人,Blitzcrank,黄金,176,71,吸血习性
蒸汽机器人,Blitzcrank,黄金,177,72,易损
蒸汽机器人,Blitzcrank,白银,178,46,会心防御
蒸汽机器人,Blitzcrank,黄金,179,73,魄罗爆破手
蒸汽机器人,Blitzcrank,黄金,180,74,灵魂虹吸
蒸汽机器人,Blitzcrank,黄金,181,75,关键暴击
蒸汽机器人,Blitzcrank,棱彩,182,61,蛋白粉奶昔
蒸汽机器人,Blitzcrank,棱彩,183,62,激光治疗
蒸汽机器人,Blitzcrank,棱彩,184,63,？？？
蒸汽机器人,Blitzcrank,白银,185,47,急救用具
蒸汽机器人,Blitzcrank,白银,186,48,天音爆
蒸汽机器人,Blitzcrank,棱彩,187,64,至高天诺言
蒸汽机器人,Blitzcrank,棱彩,188,65,魄罗之王的弹跳
蒸汽机器人,Blitzcrank,黄金,189,76,喂呜喂呜
蒸汽机器人,Blitzcrank,黄金,190,77,暴击律动
蒸汽机器人,Blitzcrank,棱彩,191,66,信念者的强化
蒸汽机器人,Blitzcrank,棱彩,192,67,卡皮巴拉空投
蒸汽机器人,Blitzcrank,棱彩,193,68,你肩上的恶魔
蒸汽机器人,Blitzcrank,棱彩,194,69,死亡之环
蒸汽机器人,Blitzcrank,棱彩,195,70,王中王，靴中靴
蒸汽机器人,Blitzcrank,棱彩,196,71,双发快射
蒸汽机器人,Blitzcrank,白银,197,49,自适应防护
复仇焰魂,Brand,棱彩,1,1,炼狱导管
复仇焰魂,Brand,黄金,2,1,魔法飞弹
复仇焰魂,Brand,黄金,3,2,术士果汁盒
复仇焰魂,Brand,黄金,4,3,超凡邪恶
复仇焰魂,Brand,白银,5,1,巫师式思考
复仇焰魂,Brand,白银,6,2,冰寒
复仇焰魂,Brand,棱彩,7,2,尤里卡
复仇焰魂,Brand,黄金,8,4,炽燃利息
复仇焰魂,Brand,黄金,9,5,老练狙神
复仇焰魂,Brand,白银,10,3,纯粹主义者 - 术师
复仇焰魂,Brand,棱彩,11,3,大法师
复仇焰魂,Brand,黄金,12,6,杀戮时间到了
复仇焰魂,Brand,黄金,13,7,狙神飞星
复仇焰魂,Brand,棱彩,14,4,无限循环往复
复仇焰魂,Brand,黄金,15,8,超强大脑
复仇焰魂,Brand,黄金,16,9,质变：棱彩阶
复仇焰魂,Brand,黄金,17,10,虚幻武器
复仇焰魂,Brand,白银,18,4,升级：中娅
复仇焰魂,Brand,黄金,19,11,牙仙子
复仇焰魂,Brand,黄金,20,12,循环往复
复仇焰魂,Brand,白银,21,5,双生火焰
复仇焰魂,Brand,白银,22,6,大师铸就
复仇焰魂,Brand,棱彩,23,5,终极刷新
复仇焰魂,Brand,白银,24,7,质变：黄金阶
复仇焰魂,Brand,棱彩,25,6,沃格勒特的巫师帽
复仇焰魂,Brand,黄金,26,13,缩小引擎
复仇焰魂,Brand,白银,27,8,侵蚀
复仇焰魂,Brand,棱彩,28,7,精怪魔法
复仇焰魂,Brand,黄金,29,14,急速之追求
复仇焰魂,Brand,棱彩,30,8,三重射击
复仇焰魂,Brand,黄金,31,15,急急小子
复仇焰魂,Brand,棱彩,32,9,终极唤醒
复仇焰魂,Brand,白银,33,9,家园卫士
复仇焰魂,Brand,黄金,34,16,穿针引线
复仇焰魂,Brand,黄金,35,17,威能之追求
复仇焰魂,Brand,白银,36,10,海克斯科技龙魂
复仇焰魂,Brand,白银,37,11,炼狱龙魂
复仇焰魂,Brand,白银,38,12,物理转魔法
复仇焰魂,Brand,棱彩,39,10,珠光护手
复仇焰魂,Brand,黄金,40,18,面包和果酱
复仇焰魂,Brand,白银,41,13,渴血
复仇焰魂,Brand,白银,42,14,由心及物
复仇焰魂,Brand,棱彩,43,11,不祥契约
复仇焰魂,Brand,黄金,44,19,有始有终
复仇焰魂,Brand,棱彩,45,12,质变：混沌
复仇焰魂,Brand,棱彩,46,13,掷骰狂人
复仇焰魂,Brand,黄金,47,20,捐赠
复仇焰魂,Brand,黄金,48,21,属性叠属性！
复仇焰魂,Brand,白银,49,15,海洋龙魂
复仇焰魂,Brand,黄金,50,22,回力OK镖
复仇焰魂,Brand,白银,51,16,逃跑计划
复仇焰魂,Brand,棱彩,52,14,巨人杀手
复仇焰魂,Brand,白银,53,17,练腿日
复仇焰魂,Brand,黄金,54,23,溢流
复仇焰魂,Brand,黄金,55,24,面包和奶酪
复仇焰魂,Brand,棱彩,56,15,超负荷
复仇焰魂,Brand,棱彩,57,16,咒语裂变
复仇焰魂,Brand,黄金,58,25,贪欲束缚
复仇焰魂,Brand,棱彩,59,17,玻璃大炮
复仇焰魂,Brand,黄金,60,26,心灵净化
复仇焰魂,Brand,黄金,61,27,面包和黄油
复仇焰魂,Brand,棱彩,62,18,多重射击
复仇焰魂,Brand,白银,63,18,扇巴掌
复仇焰魂,Brand,棱彩,64,19,潘朵拉的盒子
复仇焰魂,Brand,白银,65,19,防护面纱
复仇焰魂,Brand,白银,66,20,终极不可阻挡
复仇焰魂,Brand,白银,67,21,火狐
复仇焰魂,Brand,黄金,68,28,哎哟，我的硬币！
复仇焰魂,Brand,棱彩,69,20,飞身踢
复仇焰魂,Brand,棱彩,70,21,大招工具人
复仇焰魂,Brand,棱彩,71,22,你摸不到
复仇焰魂,Brand,黄金,72,29,炽烈黎明
复仇焰魂,Brand,黄金,73,30,闪现向前
复仇焰魂,Brand,棱彩,74,23,科学狂人
复仇焰魂,Brand,棱彩,75,24,电涌力场
复仇焰魂,Brand,黄金,76,31,火上浇油
复仇焰魂,Brand,白银,77,22,属性！
复仇焰魂,Brand,棱彩,78,25,残忍
复仇焰魂,Brand,棱彩,79,26,全能龙魂
复仇焰魂,Brand,棱彩,80,27,史上最大雪球
复仇焰魂,Brand,棱彩,81,28,夺金
复仇焰魂,Brand,棱彩,82,29,回归基本功
复仇焰魂,Brand,白银,83,23,注魔
复仇焰魂,Brand,黄金,84,32,尖端发明家
复仇焰魂,Brand,黄金,85,33,神射法师
复仇焰魂,Brand,棱彩,86,30,属性叠属性叠属性！
复仇焰魂,Brand,棱彩,87,31,海牛阿福的勇士
复仇焰魂,Brand,黄金,88,34,不动如山
复仇焰魂,Brand,白银,89,24,吵闹鬼
复仇焰魂,Brand,棱彩,90,32,秘术冲拳
复仇焰魂,Brand,黄金,91,35,神圣干预
复仇焰魂,Brand,棱彩,92,33,尊我为王
复仇焰魂,Brand,棱彩,93,34,吃过路兵
复仇焰魂,Brand,黄金,94,36,鲨鱼暴风
复仇焰魂,Brand,黄金,95,37,生机迸发
复仇焰魂,Brand,黄金,96,38,弹球
复仇焰魂,Brand,黄金,97,39,夜狩
复仇焰魂,Brand,白银,98,25,唯快不破
复仇焰魂,Brand,白银,99,26,俯冲轰炸
复仇焰魂,Brand,黄金,100,40,咏叹奏鸣
复仇焰魂,Brand,棱彩,101,35,空投熊
复仇焰魂,Brand,黄金,102,41,坦克引擎
复仇焰魂,Brand,白银,103,27,下雪天
复仇焰魂,Brand,棱彩,104,36,男爵之手
复仇焰魂,Brand,黄金,105,42,鲨鱼诱饵
复仇焰魂,Brand,黄金,106,43,冰雪爆裂
复仇焰魂,Brand,白银,107,28,杀意翻涌
复仇焰魂,Brand,棱彩,108,37,最终形态
复仇焰魂,Brand,黄金,109,44,吞噬灵魂
复仇焰魂,Brand,黄金,110,45,自然即是治愈
复仇焰魂,Brand,黄金,111,46,藏身草丛
复仇焰魂,Brand,白银,112,29,山脉龙魂
复仇焰魂,Brand,棱彩,113,38,神圣雪球
复仇焰魂,Brand,黄金,114,47,轻拍背部
复仇焰魂,Brand,黄金,115,48,黎明使者的坚决
复仇焰魂,Brand,黄金,116,49,罪恶快感
复仇焰魂,Brand,棱彩,117,39,歌利亚巨人
复仇焰魂,Brand,棱彩,118,40,巨像的勇气
复仇焰魂,Brand,棱彩,119,41,扳机炼狱
复仇焰魂,Brand,白银,120,30,转得我眩晕了
复仇焰魂,Brand,棱彩,121,42,魄罗蛮冲
复仇焰魂,Brand,黄金,122,50,缩小射线
复仇焰魂,Brand,白银,123,31,点亮他们！
复仇焰魂,Brand,黄金,124,51,过量延伸者
复仇焰魂,Brand,黄金,125,52,我们的治疗
复仇焰魂,Brand,白银,126,32,灵巧
复仇焰魂,Brand,黄金,127,53,星界躯体
复仇焰魂,Brand,黄金,128,54,高压锅
复仇焰魂,Brand,棱彩,129,43,泰坦的坚决
复仇焰魂,Brand,棱彩,130,44,物法皆修
复仇焰魂,Brand,黄金,131,55,更万用的瞄准镜
复仇焰魂,Brand,黄金,132,56,豪猪
复仇焰魂,Brand,白银,133,33,万用瞄准镜
复仇焰魂,Brand,棱彩,134,45,濒死悟道
复仇焰魂,Brand,棱彩,135,46,飞升仪式
复仇焰魂,Brand,棱彩,136,47,位面转移
复仇焰魂,Brand,棱彩,137,48,利刃华尔兹
复仇焰魂,Brand,棱彩,138,49,软弹啪叽抓
复仇焰魂,Brand,棱彩,139,50,最万用的瞄准镜
复仇焰魂,Brand,白银,140,34,重量级打击手
复仇焰魂,Brand,黄金,141,57,祖母的辣椒油
复仇焰魂,Brand,黄金,142,58,升级：耀光
复仇焰魂,Brand,棱彩,143,51,战争交响乐
复仇焰魂,Brand,黄金,144,59,易损
复仇焰魂,Brand,棱彩,145,52,踢踏舞
复仇焰魂,Brand,黄金,146,60,钢化你心
复仇焰魂,Brand,黄金,147,61,吸血习性
复仇焰魂,Brand,黄金,148,62,无尽大杀四方
复仇焰魂,Brand,黄金,149,63,活力焕发
复仇焰魂,Brand,黄金,150,64,魄罗爆破手
复仇焰魂,Brand,黄金,151,65,暴击飞弹
复仇焰魂,Brand,白银,152,35,闪闪现现
复仇焰魂,Brand,白银,153,36,坚若磐石
复仇焰魂,Brand,黄金,154,66,关键暴击
复仇焰魂,Brand,黄金,155,67,灵魂虹吸
复仇焰魂,Brand,黄金,156,68,升级：雪球
复仇焰魂,Brand,黄金,157,69,雪球扭蛋机
复仇焰魂,Brand,黄金,158,70,坚韧
复仇焰魂,Brand,白银,159,37,虹吸
复仇焰魂,Brand,白银,160,38,会心防御
复仇焰魂,Brand,白银,161,39,闪光弹
复仇焰魂,Brand,白银,162,40,狂热者
复仇焰魂,Brand,黄金,163,71,会心治疗
复仇焰魂,Brand,棱彩,164,53,连拨击锤
复仇焰魂,Brand,棱彩,165,54,小丑学院
复仇焰魂,Brand,棱彩,166,55,双刀流
复仇焰魂,Brand,棱彩,167,56,卡皮巴拉空投
复仇焰魂,Brand,棱彩,168,57,量子计算
复仇焰魂,Brand,白银,169,41,台风
复仇焰魂,Brand,棱彩,170,58,魄罗之王的弹跳
复仇焰魂,Brand,棱彩,171,59,双发快射
复仇焰魂,Brand,白银,172,42,急救用具
复仇焰魂,Brand,白银,173,43,叠角龙
复仇焰魂,Brand,黄金,174,72,最终都市列车
复仇焰魂,Brand,棱彩,175,60,？？？
复仇焰魂,Brand,白银,176,44,由暴生急
复仇焰魂,Brand,白银,177,45,自适应防护
复仇焰魂,Brand,白银,178,46,天音爆
复仇焰魂,Brand,白银,179,47,魔法转物理
复仇焰魂,Brand,白银,180,48,强力护盾
复仇焰魂,Brand,白银,181,49,升级：收集者
复仇焰魂,Brand,棱彩,182,61,至高天诺言
复仇焰魂,Brand,棱彩,183,62,你肩上的恶魔
弗雷尔卓德之心,Braum,黄金,1,1,坦克引擎
弗雷尔卓德之心,Braum,黄金,2,2,星界躯体
弗雷尔卓德之心,Braum,棱彩,3,1,歌利亚巨人
弗雷尔卓德之心,Braum,白银,4,1,重量级打击手
弗雷尔卓德之心,Braum,黄金,5,3,钢化你心
弗雷尔卓德之心,Braum,黄金,6,4,神圣干预
弗雷尔卓德之心,Braum,棱彩,7,2,巨像的勇气
弗雷尔卓德之心,Braum,黄金,8,5,高压锅
弗雷尔卓德之心,Braum,白银,9,2,扇巴掌
弗雷尔卓德之心,Braum,黄金,10,6,不动如山
弗雷尔卓德之心,Braum,棱彩,11,3,和我一起困在这里
弗雷尔卓德之心,Braum,棱彩,12,4,飞身踢
弗雷尔卓德之心,Braum,黄金,13,7,质变：棱彩阶
弗雷尔卓德之心,Braum,白银,14,3,防护面纱
弗雷尔卓德之心,Braum,黄金,15,8,吞噬灵魂
弗雷尔卓德之心,Braum,棱彩,16,5,咒语裂变
弗雷尔卓德之心,Braum,黄金,17,9,黎明使者的坚决
弗雷尔卓德之心,Braum,黄金,18,10,生机迸发
弗雷尔卓德之心,Braum,白银,19,4,质变：黄金阶
弗雷尔卓德之心,Braum,白银,20,5,逃跑计划
弗雷尔卓德之心,Braum,白银,21,6,练腿日
弗雷尔卓德之心,Braum,黄金,22,11,豪猪
弗雷尔卓德之心,Braum,白银,23,7,海洋龙魂
弗雷尔卓德之心,Braum,黄金,24,12,我们的治疗
弗雷尔卓德之心,Braum,棱彩,25,6,终极刷新
弗雷尔卓德之心,Braum,黄金,26,13,急速之追求
弗雷尔卓德之心,Braum,白银,27,8,升级：献祭
弗雷尔卓德之心,Braum,黄金,28,14,面包和奶酪
弗雷尔卓德之心,Braum,棱彩,29,7,泰坦的坚决
弗雷尔卓德之心,Braum,白银,30,9,俯冲轰炸
弗雷尔卓德之心,Braum,白银,31,10,冰寒
弗雷尔卓德之心,Braum,棱彩,32,8,精怪魔法
弗雷尔卓德之心,Braum,棱彩,33,9,残忍
弗雷尔卓德之心,Braum,黄金,34,15,循环往复
弗雷尔卓德之心,Braum,棱彩,35,10,多重射击
弗雷尔卓德之心,Braum,棱彩,36,11,史上最大雪球
弗雷尔卓德之心,Braum,棱彩,37,12,质变：混沌
弗雷尔卓德之心,Braum,白银,38,11,由心及物
弗雷尔卓德之心,Braum,棱彩,39,13,终极唤醒
弗雷尔卓德之心,Braum,黄金,40,16,面包和黄油
弗雷尔卓德之心,Braum,白银,41,12,快中求稳
弗雷尔卓德之心,Braum,黄金,42,17,无尽大杀四方
弗雷尔卓德之心,Braum,白银,43,13,大师铸就
弗雷尔卓德之心,Braum,白银,44,14,终极不可阻挡
弗雷尔卓德之心,Braum,棱彩,45,14,掷骰狂人
弗雷尔卓德之心,Braum,白银,46,15,下雪天
弗雷尔卓德之心,Braum,黄金,47,18,自然即是治愈
弗雷尔卓德之心,Braum,黄金,48,19,尖端发明家
弗雷尔卓德之心,Braum,黄金,49,20,冰雪爆裂
弗雷尔卓德之心,Braum,黄金,50,21,虚幻武器
弗雷尔卓德之心,Braum,棱彩,51,15,科学狂人
弗雷尔卓德之心,Braum,棱彩,52,16,最终形态
弗雷尔卓德之心,Braum,白银,53,16,山脉龙魂
弗雷尔卓德之心,Braum,棱彩,54,17,超负荷
弗雷尔卓德之心,Braum,白银,55,17,台风
弗雷尔卓德之心,Braum,白银,56,18,侵蚀
弗雷尔卓德之心,Braum,黄金,57,22,属性叠属性！
弗雷尔卓德之心,Braum,黄金,58,23,捐赠
弗雷尔卓德之心,Braum,棱彩,59,18,舞会女王
弗雷尔卓德之心,Braum,黄金,60,24,弹球
弗雷尔卓德之心,Braum,黄金,61,25,面包和果酱
弗雷尔卓德之心,Braum,棱彩,62,19,软弹啪叽抓
弗雷尔卓德之心,Braum,白银,63,19,属性！
弗雷尔卓德之心,Braum,棱彩,64,20,双刀流
弗雷尔卓德之心,Braum,棱彩,65,21,连拨击锤
弗雷尔卓德之心,Braum,黄金,66,26,咏叹奏鸣
弗雷尔卓德之心,Braum,棱彩,67,22,空投熊
弗雷尔卓德之心,Braum,白银,68,20,暗影疾奔
弗雷尔卓德之心,Braum,黄金,69,27,缩小射线
弗雷尔卓德之心,Braum,黄金,70,28,轻拍背部
弗雷尔卓德之心,Braum,棱彩,71,23,神圣雪球
弗雷尔卓德之心,Braum,黄金,72,29,鲨鱼暴风
弗雷尔卓德之心,Braum,棱彩,73,24,全能龙魂
弗雷尔卓德之心,Braum,棱彩,74,25,无限循环往复
弗雷尔卓德之心,Braum,棱彩,75,26,艾卡西亚的陷落
弗雷尔卓德之心,Braum,棱彩,76,27,你摸不到
弗雷尔卓德之心,Braum,棱彩,77,28,潘朵拉的盒子
弗雷尔卓德之心,Braum,白银,78,21,灵巧
弗雷尔卓德之心,Braum,白银,79,22,家园卫士
弗雷尔卓德之心,Braum,黄金,80,30,狂徒豪气
弗雷尔卓德之心,Braum,黄金,81,31,哎哟，我的硬币！
弗雷尔卓德之心,Braum,黄金,82,32,鲨鱼诱饵
弗雷尔卓德之心,Braum,白银,83,23,火狐
弗雷尔卓德之心,Braum,白银,84,24,转得我眩晕了
弗雷尔卓德之心,Braum,白银,85,25,大力
弗雷尔卓德之心,Braum,棱彩,86,29,大法师
弗雷尔卓德之心,Braum,黄金,87,33,更万用的瞄准镜
弗雷尔卓德之心,Braum,黄金,88,34,缩小引擎
弗雷尔卓德之心,Braum,白银,89,26,万用瞄准镜
弗雷尔卓德之心,Braum,棱彩,90,30,回归基本功
弗雷尔卓德之心,Braum,棱彩,91,31,属性叠属性叠属性！
弗雷尔卓德之心,Braum,黄金,92,35,炽烈黎明
弗雷尔卓德之心,Braum,棱彩,93,32,秘术冲拳
弗雷尔卓德之心,Braum,白银,94,27,杀意翻涌
弗雷尔卓德之心,Braum,黄金,95,36,闪现向前
弗雷尔卓德之心,Braum,白银,96,28,海克斯科技龙魂
弗雷尔卓德之心,Braum,黄金,97,37,火上浇油
弗雷尔卓德之心,Braum,棱彩,98,33,吃过路兵
弗雷尔卓德之心,Braum,白银,99,29,炼狱龙魂
弗雷尔卓德之心,Braum,黄金,100,38,心灵净化
弗雷尔卓德之心,Braum,棱彩,101,34,尊我为王
弗雷尔卓德之心,Braum,黄金,102,39,杀戮时间到了
弗雷尔卓德之心,Braum,棱彩,103,35,海牛阿福的勇士
弗雷尔卓德之心,Braum,黄金,104,40,升级：耀光
弗雷尔卓德之心,Braum,棱彩,105,36,利刃华尔兹
弗雷尔卓德之心,Braum,棱彩,106,37,最万用的瞄准镜
弗雷尔卓德之心,Braum,白银,107,30,纯粹主义者 - 术师
弗雷尔卓德之心,Braum,黄金,108,41,过量延伸者
弗雷尔卓德之心,Braum,棱彩,109,38,濒死悟道
弗雷尔卓德之心,Braum,棱彩,110,39,全凭身法
弗雷尔卓德之心,Braum,棱彩,111,40,扳机炼狱
弗雷尔卓德之心,Braum,棱彩,112,41,大招工具人
弗雷尔卓德之心,Braum,白银,113,31,吵闹鬼
弗雷尔卓德之心,Braum,棱彩,114,42,物法皆修
弗雷尔卓德之心,Braum,白银,115,32,双生火焰
弗雷尔卓德之心,Braum,黄金,116,42,急急小子
弗雷尔卓德之心,Braum,棱彩,117,43,魄罗蛮冲
弗雷尔卓德之心,Braum,棱彩,118,44,飞升仪式
弗雷尔卓德之心,Braum,黄金,119,43,升级：焚天
弗雷尔卓德之心,Braum,棱彩,120,45,踢踏舞
弗雷尔卓德之心,Braum,黄金,121,44,罪恶快感
弗雷尔卓德之心,Braum,黄金,122,45,术士果汁盒
弗雷尔卓德之心,Braum,白银,123,33,渴血
弗雷尔卓德之心,Braum,黄金,124,46,回力OK镖
弗雷尔卓德之心,Braum,棱彩,125,46,位面转移
弗雷尔卓德之心,Braum,白银,126,34,魔法转物理
弗雷尔卓德之心,Braum,棱彩,127,47,夺金
弗雷尔卓德之心,Braum,棱彩,128,48,男爵之手
弗雷尔卓德之心,Braum,棱彩,129,49,大地苏醒
弗雷尔卓德之心,Braum,黄金,130,47,升级：贪欲九头蛇
弗雷尔卓德之心,Braum,棱彩,131,50,巨人杀手
弗雷尔卓德之心,Braum,黄金,132,48,升级：无尽之刃
弗雷尔卓德之心,Braum,棱彩,133,51,炼狱导管
弗雷尔卓德之心,Braum,棱彩,134,52,电涌力场
弗雷尔卓德之心,Braum,棱彩,135,53,战争交响乐
弗雷尔卓德之心,Braum,黄金,136,49,超凡邪恶
弗雷尔卓德之心,Braum,黄金,137,50,夜狩
弗雷尔卓德之心,Braum,白银,138,35,注魔
弗雷尔卓德之心,Braum,白银,139,36,巫师式思考
弗雷尔卓德之心,Braum,棱彩,140,54,不祥契约
弗雷尔卓德之心,Braum,白银,141,37,物理转魔法
弗雷尔卓德之心,Braum,黄金,142,51,魔法飞弹
弗雷尔卓德之心,Braum,黄金,143,52,超强大脑
弗雷尔卓德之心,Braum,白银,144,38,点亮他们！
弗雷尔卓德之心,Braum,白银,145,39,升级：收集者
弗雷尔卓德之心,Braum,棱彩,146,55,尤里卡
弗雷尔卓德之心,Braum,黄金,147,53,穿针引线
弗雷尔卓德之心,Braum,白银,148,40,唯快不破
弗雷尔卓德之心,Braum,黄金,149,54,溢流
弗雷尔卓德之心,Braum,棱彩,150,56,珠光护手
弗雷尔卓德之心,Braum,黄金,151,55,暴击律动
弗雷尔卓德之心,Braum,黄金,152,56,坚韧
弗雷尔卓德之心,Braum,黄金,153,57,有始有终
弗雷尔卓德之心,Braum,白银,154,41,升级：中娅
弗雷尔卓德之心,Braum,黄金,155,58,神射法师
弗雷尔卓德之心,Braum,黄金,156,59,藏身草丛
弗雷尔卓德之心,Braum,黄金,157,60,牙仙子
弗雷尔卓德之心,Braum,黄金,158,61,活力焕发
弗雷尔卓德之心,Braum,棱彩,159,57,沃格勒特的巫师帽
弗雷尔卓德之心,Braum,白银,160,42,坚若磐石
弗雷尔卓德之心,Braum,棱彩,161,58,玻璃大炮
弗雷尔卓德之心,Braum,黄金,162,62,会心治疗
弗雷尔卓德之心,Braum,黄金,163,63,升级：雪球
弗雷尔卓德之心,Braum,棱彩,164,59,量子计算
弗雷尔卓德之心,Braum,棱彩,165,60,蛋白粉奶昔
弗雷尔卓德之心,Braum,黄金,166,64,祖母的辣椒油
弗雷尔卓德之心,Braum,白银,167,43,闪光弹
弗雷尔卓德之心,Braum,白银,168,44,闪闪现现
弗雷尔卓德之心,Braum,黄金,169,65,雪球扭蛋机
弗雷尔卓德之心,Braum,棱彩,170,61,激光治疗
弗雷尔卓德之心,Braum,棱彩,171,62,？？？
弗雷尔卓德之心,Braum,棱彩,172,63,风语者的祝福
弗雷尔卓德之心,Braum,棱彩,173,64,小丑学院
弗雷尔卓德之心,Braum,白银,174,45,强力护盾
弗雷尔卓德之心,Braum,黄金,175,66,最终都市列车
弗雷尔卓德之心,Braum,白银,176,46,会心防御
弗雷尔卓德之心,Braum,黄金,177,67,易损
弗雷尔卓德之心,Braum,棱彩,178,65,魄罗之王的弹跳
弗雷尔卓德之心,Braum,黄金,179,68,虚空冲刺
弗雷尔卓德之心,Braum,黄金,180,69,威能之追求
弗雷尔卓德之心,Braum,黄金,181,70,关键暴击
弗雷尔卓德之心,Braum,白银,182,47,叠角龙
弗雷尔卓德之心,Braum,棱彩,183,66,至高天诺言
弗雷尔卓德之心,Braum,棱彩,184,67,卡皮巴拉空投
弗雷尔卓德之心,Braum,白银,185,48,虹吸
弗雷尔卓德之心,Braum,黄金,186,71,喂呜喂呜
弗雷尔卓德之心,Braum,棱彩,187,68,死亡之环
弗雷尔卓德之心,Braum,白银,188,49,天音爆
弗雷尔卓德之心,Braum,黄金,189,72,灵魂虹吸
弗雷尔卓德之心,Braum,棱彩,190,69,王中王，靴中靴
弗雷尔卓德之心,Braum,黄金,191,73,吸血习性
弗雷尔卓德之心,Braum,棱彩,192,70,升级：花晓之剑
弗雷尔卓德之心,Braum,黄金,193,74,魄罗爆破手
弗雷尔卓德之心,Braum,白银,194,50,狂热者
弗雷尔卓德之心,Braum,棱彩,195,71,双发快射
弗雷尔卓德之心,Braum,白银,196,51,自适应防护
狂厄蔷薇,Briar,白银,1,1,渴血
狂厄蔷薇,Briar,棱彩,2,1,秘术冲拳
狂厄蔷薇,Briar,黄金,3,1,罪恶快感
狂厄蔷薇,Briar,黄金,4,2,无尽大杀四方
狂厄蔷薇,Briar,棱彩,5,2,全凭身法
狂厄蔷薇,Briar,黄金,6,3,邦！
狂厄蔷薇,Briar,白银,7,2,大力
狂厄蔷薇,Briar,黄金,8,4,黎明使者的坚决
狂厄蔷薇,Briar,黄金,9,5,穿针引线
狂厄蔷薇,Briar,黄金,10,6,狂徒豪气
狂厄蔷薇,Briar,棱彩,11,3,战争交响乐
狂厄蔷薇,Briar,黄金,12,7,质变：棱彩阶
狂厄蔷薇,Briar,棱彩,13,4,回归基本功
狂厄蔷薇,Briar,棱彩,14,5,终极九头蛇
狂厄蔷薇,Briar,黄金,15,8,升级：焚天
狂厄蔷薇,Briar,黄金,16,9,升级：无尽之刃
狂厄蔷薇,Briar,白银,17,3,升级：收集者
狂厄蔷薇,Briar,黄金,18,10,升级：贪欲九头蛇
狂厄蔷薇,Briar,棱彩,19,6,最终形态
狂厄蔷薇,Briar,黄金,20,11,夜狩
狂厄蔷薇,Briar,棱彩,21,7,利刃华尔兹
狂厄蔷薇,Briar,黄金,22,12,贪欲束缚
狂厄蔷薇,Briar,棱彩,23,8,飞升仪式
狂厄蔷薇,Briar,棱彩,24,9,濒死悟道
狂厄蔷薇,Briar,黄金,25,13,灵魂虹吸
狂厄蔷薇,Briar,黄金,26,14,升级：耀光
狂厄蔷薇,Briar,棱彩,27,10,双刀流
狂厄蔷薇,Briar,白银,28,4,逃跑计划
狂厄蔷薇,Briar,白银,29,5,魔法转物理
狂厄蔷薇,Briar,白银,30,6,暗影疾奔
狂厄蔷薇,Briar,黄金,31,15,威能之追求
狂厄蔷薇,Briar,白银,32,7,台风
狂厄蔷薇,Briar,黄金,33,16,我们的治疗
狂厄蔷薇,Briar,白银,34,8,质变：黄金阶
狂厄蔷薇,Briar,棱彩,35,11,飞身踢
狂厄蔷薇,Briar,黄金,36,17,急速之追求
狂厄蔷薇,Briar,白银,37,9,重量级打击手
狂厄蔷薇,Briar,白银,38,10,灵巧
狂厄蔷薇,Briar,黄金,39,18,坦克引擎
狂厄蔷薇,Briar,黄金,40,19,面包和果酱
狂厄蔷薇,Briar,白银,41,11,升级：死亡之舞
狂厄蔷薇,Briar,黄金,42,20,循环往复
狂厄蔷薇,Briar,黄金,43,21,更万用的瞄准镜
狂厄蔷薇,Briar,黄金,44,22,钢化你心
狂厄蔷薇,Briar,黄金,45,23,易损
狂厄蔷薇,Briar,黄金,46,24,吞噬灵魂
狂厄蔷薇,Briar,白银,47,12,扇巴掌
狂厄蔷薇,Briar,白银,48,13,练腿日
狂厄蔷薇,Briar,棱彩,49,12,吃过路兵
狂厄蔷薇,Briar,黄金,50,25,生机迸发
狂厄蔷薇,Briar,白银,51,14,快中求稳
狂厄蔷薇,Briar,黄金,52,26,关键暴击
狂厄蔷薇,Briar,棱彩,53,13,歌利亚巨人
狂厄蔷薇,Briar,黄金,54,27,星界躯体
狂厄蔷薇,Briar,棱彩,55,14,巨像的勇气
狂厄蔷薇,Briar,黄金,56,28,火上浇油
狂厄蔷薇,Briar,黄金,57,29,缩小引擎
狂厄蔷薇,Briar,棱彩,58,15,质变：混沌
狂厄蔷薇,Briar,黄金,59,30,捐赠
狂厄蔷薇,Briar,棱彩,60,16,掷骰狂人
狂厄蔷薇,Briar,黄金,61,31,牙仙子
狂厄蔷薇,Briar,黄金,62,32,属性叠属性！
狂厄蔷薇,Briar,白银,63,15,会心防御
狂厄蔷薇,Briar,白银,64,16,大师铸就
狂厄蔷薇,Briar,棱彩,65,17,双发快射
狂厄蔷薇,Briar,黄金,66,33,尖端发明家
狂厄蔷薇,Briar,黄金,67,34,虚幻武器
狂厄蔷薇,Briar,棱彩,68,18,泰坦的坚决
狂厄蔷薇,Briar,棱彩,69,19,最万用的瞄准镜
狂厄蔷薇,Briar,棱彩,70,20,扳机炼狱
狂厄蔷薇,Briar,黄金,71,35,连锁反应
狂厄蔷薇,Briar,白银,72,17,俯冲轰炸
狂厄蔷薇,Briar,黄金,73,36,自然即是治愈
狂厄蔷薇,Briar,黄金,74,37,心灵净化
狂厄蔷薇,Briar,黄金,75,38,面包和黄油
狂厄蔷薇,Briar,黄金,76,39,杀戮时间到了
狂厄蔷薇,Briar,棱彩,77,21,终极唤醒
狂厄蔷薇,Briar,白银,78,18,终极不可阻挡
狂厄蔷薇,Briar,白银,79,19,狂热者
狂厄蔷薇,Briar,白银,80,20,万用瞄准镜
狂厄蔷薇,Briar,白银,81,21,杀意翻涌
狂厄蔷薇,Briar,白银,82,22,别停止引导
狂厄蔷薇,Briar,棱彩,83,22,大地苏醒
狂厄蔷薇,Briar,黄金,84,40,面包和奶酪
狂厄蔷薇,Briar,黄金,85,41,不动如山
狂厄蔷薇,Briar,棱彩,86,23,软弹啪叽抓
狂厄蔷薇,Briar,棱彩,87,24,连拨击锤
狂厄蔷薇,Briar,棱彩,88,25,潘朵拉的盒子
狂厄蔷薇,Briar,黄金,89,42,缩小射线
狂厄蔷薇,Briar,棱彩,90,26,史上最大雪球
狂厄蔷薇,Briar,黄金,91,43,闪现向前
狂厄蔷薇,Briar,棱彩,92,27,巨人杀手
狂厄蔷薇,Briar,白银,93,23,侵蚀
狂厄蔷薇,Briar,黄金,94,44,高压锅
狂厄蔷薇,Briar,棱彩,95,28,科学狂人
狂厄蔷薇,Briar,棱彩,96,29,死亡之环
狂厄蔷薇,Briar,棱彩,97,30,空投熊
狂厄蔷薇,Briar,黄金,98,45,术士果汁盒
狂厄蔷薇,Briar,黄金,99,46,神圣干预
狂厄蔷薇,Briar,棱彩,100,31,珠光护手
狂厄蔷薇,Briar,棱彩,101,32,残忍
狂厄蔷薇,Briar,棱彩,102,33,物法皆修
狂厄蔷薇,Briar,棱彩,103,34,和我一起困在这里
狂厄蔷薇,Briar,黄金,104,47,鲨鱼诱饵
狂厄蔷薇,Briar,棱彩,105,35,踢踏舞
狂厄蔷薇,Briar,黄金,106,48,暴击律动
狂厄蔷薇,Briar,黄金,107,49,豪猪
狂厄蔷薇,Briar,棱彩,108,36,位面转移
狂厄蔷薇,Briar,棱彩,109,37,大法师
狂厄蔷薇,Briar,棱彩,110,38,无限循环往复
狂厄蔷薇,Briar,棱彩,111,39,海牛阿福的勇士
狂厄蔷薇,Briar,黄金,112,50,冰雪爆裂
狂厄蔷薇,Briar,棱彩,113,40,你摸不到
狂厄蔷薇,Briar,黄金,114,51,弹球
狂厄蔷薇,Briar,黄金,115,52,有始有终
狂厄蔷薇,Briar,白银,116,24,炼狱龙魂
狂厄蔷薇,Briar,白银,117,25,下雪天
狂厄蔷薇,Briar,棱彩,118,41,终极刷新
狂厄蔷薇,Briar,棱彩,119,42,神圣雪球
狂厄蔷薇,Briar,白银,120,26,属性！
狂厄蔷薇,Briar,白银,121,27,双生火焰
狂厄蔷薇,Briar,黄金,122,53,轻拍背部
狂厄蔷薇,Briar,白银,123,28,防护面纱
狂厄蔷薇,Briar,黄金,124,54,鲨鱼暴风
狂厄蔷薇,Briar,黄金,125,55,过量延伸者
狂厄蔷薇,Briar,白银,126,29,升级：献祭
狂厄蔷薇,Briar,白银,127,30,唯快不破
狂厄蔷薇,Briar,棱彩,128,43,属性叠属性叠属性！
狂厄蔷薇,Briar,棱彩,129,44,不祥契约
狂厄蔷薇,Briar,白银,130,31,由暴生急
狂厄蔷薇,Briar,棱彩,131,45,尊我为王
狂厄蔷薇,Briar,棱彩,132,46,精怪魔法
狂厄蔷薇,Briar,黄金,133,56,急急小子
狂厄蔷薇,Briar,棱彩,134,47,全能龙魂
狂厄蔷薇,Briar,黄金,135,57,暴击飞弹
狂厄蔷薇,Briar,白银,136,32,火狐
狂厄蔷薇,Briar,黄金,137,58,哎哟，我的硬币！
狂厄蔷薇,Briar,白银,138,33,转得我眩晕了
狂厄蔷薇,Briar,棱彩,139,48,舞会女王
狂厄蔷薇,Briar,白银,140,34,海克斯科技龙魂
狂厄蔷薇,Briar,白银,141,35,纯粹主义者 - 术师
狂厄蔷薇,Briar,白银,142,36,点亮他们！
狂厄蔷薇,Briar,白银,143,37,家园卫士
狂厄蔷薇,Briar,白银,144,38,山脉龙魂
狂厄蔷薇,Briar,白银,145,39,海洋龙魂
狂厄蔷薇,Briar,黄金,146,59,咏叹奏鸣
狂厄蔷薇,Briar,棱彩,147,49,夺金
狂厄蔷薇,Briar,白银,148,40,吵闹鬼
狂厄蔷薇,Briar,黄金,149,60,神射法师
狂厄蔷薇,Briar,棱彩,150,50,大招工具人
狂厄蔷薇,Briar,黄金,151,61,藏身草丛
狂厄蔷薇,Briar,白银,152,41,物理转魔法
狂厄蔷薇,Briar,棱彩,153,51,艾卡西亚的陷落
狂厄蔷薇,Briar,黄金,154,62,吸血习性
狂厄蔷薇,Briar,棱彩,155,52,魄罗蛮冲
狂厄蔷薇,Briar,棱彩,156,53,男爵之手
狂厄蔷薇,Briar,黄金,157,63,炽烈黎明
狂厄蔷薇,Briar,棱彩,158,54,炼狱导管
狂厄蔷薇,Briar,棱彩,159,55,至高天诺言
狂厄蔷薇,Briar,黄金,160,64,超凡邪恶
狂厄蔷薇,Briar,棱彩,161,56,风语者的祝福
狂厄蔷薇,Briar,黄金,162,65,回力OK镖
狂厄蔷薇,Briar,白银,163,42,巫师式思考
狂厄蔷薇,Briar,棱彩,164,57,电涌力场
狂厄蔷薇,Briar,黄金,165,66,魔法飞弹
狂厄蔷薇,Briar,棱彩,166,58,玻璃大炮
狂厄蔷薇,Briar,棱彩,167,59,尤里卡
狂厄蔷薇,Briar,白银,168,43,升级：中娅
狂厄蔷薇,Briar,白银,169,44,冰寒
狂厄蔷薇,Briar,黄金,170,67,会心治疗
狂厄蔷薇,Briar,白银,171,45,急救用具
狂厄蔷薇,Briar,棱彩,172,60,沃格勒特的巫师帽
狂厄蔷薇,Briar,白银,173,46,闪光弹
狂厄蔷薇,Briar,棱彩,174,61,灵魄炸弹
狂厄蔷薇,Briar,黄金,175,68,活力焕发
狂厄蔷薇,Briar,黄金,176,69,超强大脑
狂厄蔷薇,Briar,白银,177,47,闪闪现现
狂厄蔷薇,Briar,棱彩,178,62,量子计算
狂厄蔷薇,Briar,棱彩,179,63,小丑学院
狂厄蔷薇,Briar,黄金,180,70,升级：雪球
狂厄蔷薇,Briar,棱彩,181,64,蛋白粉奶昔
狂厄蔷薇,Briar,黄金,182,71,最终都市列车
狂厄蔷薇,Briar,黄金,183,72,祖母的辣椒油
狂厄蔷薇,Briar,白银,184,48,坚若磐石
狂厄蔷薇,Briar,黄金,185,73,雪球扭蛋机
狂厄蔷薇,Briar,棱彩,186,65,升级：花晓之剑
狂厄蔷薇,Briar,棱彩,187,66,超负荷
狂厄蔷薇,Briar,黄金,188,74,喂呜喂呜
狂厄蔷薇,Briar,白银,189,49,天音爆
狂厄蔷薇,Briar,白银,190,50,强力护盾
狂厄蔷薇,Briar,棱彩,191,67,王中王，靴中靴
狂厄蔷薇,Briar,黄金,192,75,魄罗爆破手
狂厄蔷薇,Briar,棱彩,193,68,卡皮巴拉空投
狂厄蔷薇,Briar,棱彩,194,69,魄罗之王的弹跳
狂厄蔷薇,Briar,棱彩,195,70,你肩上的恶魔
狂厄蔷薇,Briar,黄金,196,76,虚空冲刺
皮城女警,Caitlyn,黄金,1,1,暴击飞弹
皮城女警,Caitlyn,黄金,2,2,更万用的瞄准镜
皮城女警,Caitlyn,黄金,3,3,升级：无尽之刃
皮城女警,Caitlyn,棱彩,4,1,最万用的瞄准镜
皮城女警,Caitlyn,黄金,5,4,灵魂虹吸
皮城女警,Caitlyn,棱彩,6,2,双发快射
皮城女警,Caitlyn,白银,7,1,灵巧
皮城女警,Caitlyn,黄金,8,5,暴击律动
皮城女警,Caitlyn,棱彩,9,3,巨人杀手
皮城女警,Caitlyn,白银,10,2,万用瞄准镜
皮城女警,Caitlyn,棱彩,11,4,双刀流
皮城女警,Caitlyn,白银,12,3,升级：收集者
皮城女警,Caitlyn,棱彩,13,5,连拨击锤
皮城女警,Caitlyn,白银,14,4,大力
皮城女警,Caitlyn,棱彩,15,6,珠光护手
皮城女警,Caitlyn,棱彩,16,7,亮出你的剑
皮城女警,Caitlyn,棱彩,17,8,掷骰狂人
皮城女警,Caitlyn,白银,18,5,台风
皮城女警,Caitlyn,黄金,19,6,关键暴击
皮城女警,Caitlyn,白银,20,6,点亮他们！
皮城女警,Caitlyn,黄金,21,7,质变：棱彩阶
皮城女警,Caitlyn,白银,22,7,会心防御
皮城女警,Caitlyn,棱彩,23,9,踢踏舞
皮城女警,Caitlyn,黄金,24,8,易损
皮城女警,Caitlyn,黄金,25,9,罪恶快感
皮城女警,Caitlyn,白银,26,8,由暴生急
皮城女警,Caitlyn,黄金,27,10,穿针引线
皮城女警,Caitlyn,黄金,28,11,有始有终
皮城女警,Caitlyn,白银,29,9,魔法转物理
皮城女警,Caitlyn,黄金,30,12,缩小引擎
皮城女警,Caitlyn,白银,31,10,质变：黄金阶
皮城女警,Caitlyn,棱彩,32,10,回归基本功
皮城女警,Caitlyn,白银,33,11,渴血
皮城女警,Caitlyn,黄金,34,13,火上浇油
皮城女警,Caitlyn,白银,35,12,家园卫士
皮城女警,Caitlyn,棱彩,36,11,战争交响乐
皮城女警,Caitlyn,棱彩,37,12,质变：混沌
皮城女警,Caitlyn,黄金,38,14,夜狩
皮城女警,Caitlyn,白银,39,13,练腿日
皮城女警,Caitlyn,黄金,40,15,捐赠
皮城女警,Caitlyn,黄金,41,16,牙仙子
皮城女警,Caitlyn,黄金,42,17,属性叠属性！
皮城女警,Caitlyn,白银,43,14,狂热者
皮城女警,Caitlyn,黄金,44,18,老练狙神
皮城女警,Caitlyn,棱彩,45,13,咒语裂变
皮城女警,Caitlyn,黄金,46,19,缩小射线
皮城女警,Caitlyn,棱彩,47,14,多重射击
皮城女警,Caitlyn,黄金,48,20,威能之追求
皮城女警,Caitlyn,棱彩,49,15,终极刷新
皮城女警,Caitlyn,棱彩,50,16,玻璃大炮
皮城女警,Caitlyn,白银,51,15,大师铸就
皮城女警,Caitlyn,黄金,52,21,急速之追求
皮城女警,Caitlyn,黄金,53,22,狙神飞星
皮城女警,Caitlyn,白银,54,16,海克斯科技龙魂
皮城女警,Caitlyn,黄金,55,23,心灵净化
皮城女警,Caitlyn,棱彩,56,17,潘朵拉的盒子
皮城女警,Caitlyn,黄金,57,24,回力OK镖
皮城女警,Caitlyn,棱彩,58,18,飞身踢
皮城女警,Caitlyn,白银,59,17,炼狱龙魂
皮城女警,Caitlyn,棱彩,60,19,海牛阿福的勇士
皮城女警,Caitlyn,白银,61,18,逃跑计划
皮城女警,Caitlyn,黄金,62,25,循环往复
皮城女警,Caitlyn,棱彩,63,20,终极唤醒
皮城女警,Caitlyn,棱彩,64,21,超负荷
皮城女警,Caitlyn,黄金,65,26,面包和黄油
皮城女警,Caitlyn,黄金,66,27,杀戮时间到了
皮城女警,Caitlyn,黄金,67,28,魔法飞弹
皮城女警,Caitlyn,棱彩,68,22,秘术冲拳
皮城女警,Caitlyn,棱彩,69,23,全能龙魂
皮城女警,Caitlyn,棱彩,70,24,科学狂人
皮城女警,Caitlyn,白银,71,19,双生火焰
皮城女警,Caitlyn,白银,72,20,侵蚀
皮城女警,Caitlyn,白银,73,21,注魔
皮城女警,Caitlyn,黄金,74,29,面包和奶酪
皮城女警,Caitlyn,棱彩,75,25,属性叠属性叠属性！
皮城女警,Caitlyn,黄金,76,30,闪现向前
皮城女警,Caitlyn,黄金,77,31,面包和果酱
皮城女警,Caitlyn,白银,78,22,吵闹鬼
皮城女警,Caitlyn,棱彩,79,26,夺金
皮城女警,Caitlyn,黄金,80,32,哎哟，我的硬币！
皮城女警,Caitlyn,白银,81,23,纯粹主义者 - 术师
皮城女警,Caitlyn,棱彩,82,27,大招工具人
皮城女警,Caitlyn,棱彩,83,28,终极九头蛇
皮城女警,Caitlyn,白银,84,24,唯快不破
皮城女警,Caitlyn,白银,85,25,杀意翻涌
皮城女警,Caitlyn,白银,86,26,海洋龙魂
皮城女警,Caitlyn,棱彩,87,29,尊我为王
皮城女警,Caitlyn,黄金,88,33,术士果汁盒
皮城女警,Caitlyn,白银,89,27,属性！
皮城女警,Caitlyn,棱彩,90,30,无限循环往复
皮城女警,Caitlyn,黄金,91,34,生机迸发
皮城女警,Caitlyn,棱彩,92,31,大法师
皮城女警,Caitlyn,棱彩,93,32,史上最大雪球
皮城女警,Caitlyn,白银,94,28,防护面纱
皮城女警,Caitlyn,黄金,95,35,急急小子
皮城女警,Caitlyn,棱彩,96,33,吃过路兵
皮城女警,Caitlyn,黄金,97,36,轻拍背部
皮城女警,Caitlyn,黄金,98,37,虚幻武器
皮城女警,Caitlyn,黄金,99,38,藏身草丛
皮城女警,Caitlyn,黄金,100,39,神圣干预
皮城女警,Caitlyn,棱彩,101,34,歌利亚巨人
皮城女警,Caitlyn,棱彩,102,35,男爵之手
皮城女警,Caitlyn,黄金,103,40,升级：贪欲九头蛇
皮城女警,Caitlyn,白银,104,29,扇巴掌
皮城女警,Caitlyn,棱彩,105,36,你摸不到
皮城女警,Caitlyn,棱彩,106,37,扳机炼狱
皮城女警,Caitlyn,黄金,107,41,坦克引擎
皮城女警,Caitlyn,黄金,108,42,尖端发明家
皮城女警,Caitlyn,黄金,109,43,黎明使者的坚决
皮城女警,Caitlyn,白银,110,30,转得我眩晕了
皮城女警,Caitlyn,白银,111,31,山脉龙魂
皮城女警,Caitlyn,黄金,112,44,咏叹奏鸣
皮城女警,Caitlyn,棱彩,113,38,巨像的勇气
皮城女警,Caitlyn,白银,114,32,重量级打击手
皮城女警,Caitlyn,黄金,115,45,升级：耀光
皮城女警,Caitlyn,黄金,116,46,自然即是治愈
皮城女警,Caitlyn,棱彩,117,39,濒死悟道
皮城女警,Caitlyn,棱彩,118,40,精怪魔法
皮城女警,Caitlyn,棱彩,119,41,魄罗蛮冲
皮城女警,Caitlyn,黄金,120,47,炽烈黎明
皮城女警,Caitlyn,棱彩,121,42,泰坦的坚决
皮城女警,Caitlyn,棱彩,122,43,利刃华尔兹
皮城女警,Caitlyn,白银,123,33,火狐
皮城女警,Caitlyn,白银,124,34,暗影疾奔
皮城女警,Caitlyn,白银,125,35,终极不可阻挡
皮城女警,Caitlyn,黄金,126,48,鲨鱼暴风
皮城女警,Caitlyn,棱彩,127,44,神圣雪球
皮城女警,Caitlyn,黄金,128,49,吞噬灵魂
皮城女警,Caitlyn,棱彩,129,45,最终形态
皮城女警,Caitlyn,黄金,130,50,不动如山
皮城女警,Caitlyn,棱彩,131,46,全凭身法
皮城女警,Caitlyn,黄金,132,51,我们的治疗
皮城女警,Caitlyn,黄金,133,52,弹球
皮城女警,Caitlyn,棱彩,134,47,炼狱导管
皮城女警,Caitlyn,黄金,135,53,冰雪爆裂
皮城女警,Caitlyn,棱彩,136,48,电涌力场
皮城女警,Caitlyn,黄金,137,54,星界躯体
皮城女警,Caitlyn,黄金,138,55,无尽大杀四方
皮城女警,Caitlyn,黄金,139,56,鲨鱼诱饵
皮城女警,Caitlyn,黄金,140,57,过量延伸者
皮城女警,Caitlyn,黄金,141,58,溢流
皮城女警,Caitlyn,棱彩,142,49,位面转移
皮城女警,Caitlyn,白银,143,36,俯冲轰炸
皮城女警,Caitlyn,棱彩,144,50,软弹啪叽抓
皮城女警,Caitlyn,白银,145,37,快中求稳
皮城女警,Caitlyn,黄金,146,59,钢化你心
皮城女警,Caitlyn,黄金,147,60,豪猪
皮城女警,Caitlyn,白银,148,38,下雪天
皮城女警,Caitlyn,黄金,149,61,吸血习性
皮城女警,Caitlyn,白银,150,39,别停止引导
皮城女警,Caitlyn,黄金,151,62,狂徒豪气
皮城女警,Caitlyn,棱彩,152,51,大地苏醒
皮城女警,Caitlyn,白银,153,40,由心及物
皮城女警,Caitlyn,白银,154,41,冰寒
皮城女警,Caitlyn,黄金,155,63,高压锅
皮城女警,Caitlyn,黄金,156,64,升级：焚天
皮城女警,Caitlyn,黄金,157,65,会心治疗
皮城女警,Caitlyn,黄金,158,66,魄罗爆破手
皮城女警,Caitlyn,棱彩,159,52,飞升仪式
皮城女警,Caitlyn,白银,160,42,闪闪现现
皮城女警,Caitlyn,黄金,161,67,升级：雪球
皮城女警,Caitlyn,棱彩,162,53,小丑学院
皮城女警,Caitlyn,棱彩,163,54,升级：花晓之剑
皮城女警,Caitlyn,棱彩,164,55,和我一起困在这里
皮城女警,Caitlyn,黄金,165,68,活力焕发
皮城女警,Caitlyn,黄金,166,69,雪球扭蛋机
皮城女警,Caitlyn,棱彩,167,56,舞会女王
皮城女警,Caitlyn,黄金,168,70,坚韧
皮城女警,Caitlyn,棱彩,169,57,量子计算
皮城女警,Caitlyn,黄金,170,71,贪欲束缚
皮城女警,Caitlyn,白银,171,43,闪光弹
皮城女警,Caitlyn,白银,172,44,升级：献祭
皮城女警,Caitlyn,棱彩,173,58,？？？
皮城女警,Caitlyn,棱彩,174,59,物法皆修
皮城女警,Caitlyn,黄金,175,72,神射法师
皮城女警,Caitlyn,白银,176,45,叠角龙
皮城女警,Caitlyn,棱彩,177,60,蛋白粉奶昔
皮城女警,Caitlyn,白银,178,46,坚若磐石
皮城女警,Caitlyn,棱彩,179,61,王中王，靴中靴
皮城女警,Caitlyn,黄金,180,73,最终都市列车
皮城女警,Caitlyn,棱彩,181,62,你肩上的恶魔
皮城女警,Caitlyn,黄金,182,74,虚空冲刺
青钢影,Camille,白银,1,1,大力
青钢影,Camille,黄金,2,1,无尽大杀四方
青钢影,Camille,白银,3,2,渴血
青钢影,Camille,黄金,4,2,黎明使者的坚决
青钢影,Camille,黄金,5,3,升级：焚天
青钢影,Camille,棱彩,6,1,最终形态
青钢影,Camille,黄金,7,4,狂徒豪气
青钢影,Camille,黄金,8,5,升级：贪欲九头蛇
青钢影,Camille,黄金,9,6,穿针引线
青钢影,Camille,黄金,10,7,夜狩
青钢影,Camille,棱彩,11,2,吃过路兵
青钢影,Camille,棱彩,12,3,全凭身法
青钢影,Camille,黄金,13,8,质变：棱彩阶
青钢影,Camille,棱彩,14,4,飞升仪式
青钢影,Camille,棱彩,15,5,利刃华尔兹
青钢影,Camille,棱彩,16,6,秘术冲拳
青钢影,Camille,黄金,17,9,罪恶快感
青钢影,Camille,白银,18,3,虹吸
青钢影,Camille,棱彩,19,7,扳机炼狱
青钢影,Camille,白银,20,4,魔法转物理
青钢影,Camille,黄金,21,10,自然即是治愈
青钢影,Camille,棱彩,22,8,战争交响乐
青钢影,Camille,白银,23,5,逃跑计划
青钢影,Camille,黄金,24,11,威能之追求
青钢影,Camille,黄金,25,12,升级：耀光
青钢影,Camille,黄金,26,13,更万用的瞄准镜
青钢影,Camille,白银,27,6,暗影疾奔
青钢影,Camille,棱彩,28,9,歌利亚巨人
青钢影,Camille,棱彩,29,10,终极九头蛇
青钢影,Camille,棱彩,30,11,掷骰狂人
青钢影,Camille,白银,31,7,质变：黄金阶
青钢影,Camille,黄金,32,14,心灵净化
青钢影,Camille,黄金,33,15,循环往复
青钢影,Camille,棱彩,34,12,濒死悟道
青钢影,Camille,棱彩,35,13,回归基本功
青钢影,Camille,黄金,36,16,急速之追求
青钢影,Camille,白银,37,8,终极不可阻挡
青钢影,Camille,白银,38,9,快中求稳
青钢影,Camille,棱彩,39,14,飞身踢
青钢影,Camille,黄金,40,17,面包和奶酪
青钢影,Camille,白银,41,10,升级：死亡之舞
青钢影,Camille,黄金,42,18,捐赠
青钢影,Camille,黄金,43,19,不动如山
青钢影,Camille,白银,44,11,练腿日
青钢影,Camille,黄金,45,20,闪现向前
青钢影,Camille,黄金,46,21,我们的治疗
青钢影,Camille,棱彩,47,15,大地苏醒
青钢影,Camille,黄金,48,22,属性叠属性！
青钢影,Camille,棱彩,49,16,史上最大雪球
青钢影,Camille,白银,50,12,重量级打击手
青钢影,Camille,黄金,51,23,吞噬灵魂
青钢影,Camille,黄金,52,24,弹球
青钢影,Camille,棱彩,53,17,质变：混沌
青钢影,Camille,黄金,54,25,坦克引擎
青钢影,Camille,棱彩,55,18,你摸不到
青钢影,Camille,黄金,56,26,面包和黄油
青钢影,Camille,白银,57,13,大师铸就
青钢影,Camille,白银,58,14,俯冲轰炸
青钢影,Camille,黄金,59,27,钢化你心
青钢影,Camille,黄金,60,28,冰雪爆裂
青钢影,Camille,黄金,61,29,尖端发明家
青钢影,Camille,棱彩,62,19,和我一起困在这里
青钢影,Camille,白银,63,15,万用瞄准镜
青钢影,Camille,黄金,64,30,缩小引擎
青钢影,Camille,黄金,65,31,生机迸发
青钢影,Camille,棱彩,66,20,巨像的勇气
青钢影,Camille,白银,67,16,扇巴掌
青钢影,Camille,黄金,68,32,神圣干预
青钢影,Camille,黄金,69,33,缩小射线
青钢影,Camille,黄金,70,34,星界躯体
青钢影,Camille,棱彩,71,21,最万用的瞄准镜
青钢影,Camille,棱彩,72,22,潘朵拉的盒子
青钢影,Camille,黄金,73,35,牙仙子
青钢影,Camille,白银,74,17,下雪天
青钢影,Camille,棱彩,75,23,软弹啪叽抓
青钢影,Camille,白银,76,18,海洋龙魂
青钢影,Camille,棱彩,77,24,巨人杀手
青钢影,Camille,棱彩,78,25,科学狂人
青钢影,Camille,棱彩,79,26,神圣雪球
青钢影,Camille,黄金,80,36,鲨鱼暴风
青钢影,Camille,白银,81,19,杀意翻涌
青钢影,Camille,黄金,82,37,升级：无尽之刃
青钢影,Camille,黄金,83,38,杀戮时间到了
青钢影,Camille,棱彩,84,27,终极唤醒
青钢影,Camille,黄金,85,39,灵魂虹吸
青钢影,Camille,黄金,86,40,轻拍背部
青钢影,Camille,棱彩,87,28,终极刷新
青钢影,Camille,棱彩,88,29,位面转移
青钢影,Camille,白银,89,20,升级：收集者
青钢影,Camille,棱彩,90,30,珠光护手
青钢影,Camille,棱彩,91,31,踢踏舞
青钢影,Camille,棱彩,92,32,双刀流
青钢影,Camille,棱彩,93,33,超负荷
青钢影,Camille,白银,94,21,台风
青钢影,Camille,黄金,95,41,鲨鱼诱饵
青钢影,Camille,白银,96,22,炼狱龙魂
青钢影,Camille,白银,97,23,防护面纱
青钢影,Camille,棱彩,98,34,泰坦的坚决
青钢影,Camille,棱彩,99,35,海牛阿福的勇士
青钢影,Camille,黄金,100,42,有始有终
青钢影,Camille,黄金,101,43,过量延伸者
青钢影,Camille,黄金,102,44,关键暴击
青钢影,Camille,黄金,103,45,火上浇油
青钢影,Camille,黄金,104,46,哎哟，我的硬币！
青钢影,Camille,黄金,105,47,虚幻武器
青钢影,Camille,黄金,106,48,面包和果酱
青钢影,Camille,黄金,107,49,豪猪
青钢影,Camille,黄金,108,50,急急小子
青钢影,Camille,白银,109,24,灵巧
青钢影,Camille,黄金,110,51,易损
青钢影,Camille,白银,111,25,家园卫士
青钢影,Camille,棱彩,112,36,尊我为王
青钢影,Camille,白银,113,26,属性！
青钢影,Camille,黄金,114,52,术士果汁盒
青钢影,Camille,棱彩,115,37,全能龙魂
青钢影,Camille,白银,116,27,侵蚀
青钢影,Camille,白银,117,28,海克斯科技龙魂
青钢影,Camille,白银,118,29,转得我眩晕了
青钢影,Camille,棱彩,119,38,连拨击锤
青钢影,Camille,棱彩,120,39,无限循环往复
青钢影,Camille,黄金,121,53,高压锅
青钢影,Camille,白银,122,30,山脉龙魂
青钢影,Camille,棱彩,123,40,属性叠属性叠属性！
青钢影,Camille,棱彩,124,41,舞会女王
青钢影,Camille,棱彩,125,42,精怪魔法
青钢影,Camille,白银,126,31,唯快不破
青钢影,Camille,白银,127,32,会心防御
青钢影,Camille,棱彩,128,43,大法师
青钢影,Camille,棱彩,129,44,双发快射
青钢影,Camille,黄金,130,54,回力OK镖
青钢影,Camille,棱彩,131,45,电涌力场
青钢影,Camille,棱彩,132,46,夺金
青钢影,Camille,黄金,133,55,藏身草丛
青钢影,Camille,黄金,134,56,咏叹奏鸣
青钢影,Camille,棱彩,135,47,空投熊
青钢影,Camille,棱彩,136,48,男爵之手
青钢影,Camille,黄金,137,57,暴击律动
青钢影,Camille,黄金,138,58,炽烈黎明
青钢影,Camille,白银,139,33,吵闹鬼
青钢影,Camille,棱彩,140,49,大招工具人
青钢影,Camille,白银,141,34,纯粹主义者 - 术师
青钢影,Camille,棱彩,142,50,魄罗蛮冲
青钢影,Camille,白银,143,35,火狐
青钢影,Camille,白银,144,36,升级：献祭
青钢影,Camille,黄金,145,59,魔法飞弹
青钢影,Camille,黄金,146,60,溢流
青钢影,Camille,白银,147,37,注魔
青钢影,Camille,白银,148,38,双生火焰
青钢影,Camille,白银,149,39,冰寒
青钢影,Camille,棱彩,150,51,艾卡西亚的陷落
青钢影,Camille,白银,151,40,由心及物
青钢影,Camille,白银,152,41,由暴生急
青钢影,Camille,棱彩,153,52,至高天诺言
青钢影,Camille,棱彩,154,53,残忍
青钢影,Camille,白银,155,42,闪光弹
青钢影,Camille,白银,156,43,点亮他们！
青钢影,Camille,棱彩,157,54,炼狱导管
青钢影,Camille,黄金,158,61,吸血习性
青钢影,Camille,棱彩,159,55,玻璃大炮
青钢影,Camille,白银,160,44,闪闪现现
青钢影,Camille,黄金,161,62,活力焕发
青钢影,Camille,棱彩,162,56,小丑学院
青钢影,Camille,黄金,163,63,坚韧
青钢影,Camille,黄金,164,64,会心治疗
青钢影,Camille,棱彩,165,57,量子计算
青钢影,Camille,白银,166,45,强力护盾
青钢影,Camille,白银,167,46,急救用具
青钢影,Camille,黄金,168,65,升级：雪球
青钢影,Camille,黄金,169,66,虚空冲刺
青钢影,Camille,棱彩,170,58,灵魄炸弹
青钢影,Camille,棱彩,171,59,蛋白粉奶昔
青钢影,Camille,白银,172,47,坚若磐石
青钢影,Camille,黄金,173,67,贪欲束缚
青钢影,Camille,棱彩,174,60,风语者的祝福
青钢影,Camille,黄金,175,68,最终都市列车
青钢影,Camille,黄金,176,69,全心为你
青钢影,Camille,黄金,177,70,雪球扭蛋机
青钢影,Camille,黄金,178,71,魄罗爆破手
青钢影,Camille,棱彩,179,61,卡皮巴拉空投
青钢影,Camille,棱彩,180,62,魄罗之王的弹跳
青钢影,Camille,棱彩,181,63,你肩上的恶魔
青钢影,Camille,黄金,182,72,连锁反应
青钢影,Camille,白银,183,48,可靠武器
魔蛇之拥,Cassiopeia,黄金,1,1,术士果汁盒
魔蛇之拥,Cassiopeia,黄金,2,2,魔法飞弹
魔蛇之拥,Cassiopeia,棱彩,3,1,炼狱导管
魔蛇之拥,Cassiopeia,黄金,4,3,超凡邪恶
魔蛇之拥,Cassiopeia,白银,5,1,由心及物
魔蛇之拥,Cassiopeia,棱彩,6,2,尤里卡
魔蛇之拥,Cassiopeia,白银,7,2,冰寒
魔蛇之拥,Cassiopeia,黄金,8,4,溢流
魔蛇之拥,Cassiopeia,白银,9,3,巫师式思考
魔蛇之拥,Cassiopeia,黄金,10,5,虚幻武器
魔蛇之拥,Cassiopeia,棱彩,11,3,三重射击
魔蛇之拥,Cassiopeia,黄金,12,6,急急小子
魔蛇之拥,Cassiopeia,黄金,13,7,超强大脑
魔蛇之拥,Cassiopeia,棱彩,14,4,大法师
魔蛇之拥,Cassiopeia,黄金,15,8,威能之追求
魔蛇之拥,Cassiopeia,黄金,16,9,炽燃利息
魔蛇之拥,Cassiopeia,黄金,17,10,质变：棱彩阶
魔蛇之拥,Cassiopeia,白银,18,4,虹吸
魔蛇之拥,Cassiopeia,棱彩,19,5,沃格勒特的巫师帽
魔蛇之拥,Cassiopeia,棱彩,20,6,不祥契约
魔蛇之拥,Cassiopeia,棱彩,21,7,无限循环往复
魔蛇之拥,Cassiopeia,白银,22,5,纯粹主义者 - 术师
魔蛇之拥,Cassiopeia,黄金,23,11,缩小引擎
魔蛇之拥,Cassiopeia,黄金,24,12,循环往复
魔蛇之拥,Cassiopeia,白银,25,6,双生火焰
魔蛇之拥,Cassiopeia,棱彩,26,8,回归基本功
魔蛇之拥,Cassiopeia,棱彩,27,9,残忍
魔蛇之拥,Cassiopeia,白银,28,7,渴血
魔蛇之拥,Cassiopeia,棱彩,29,10,巨人杀手
魔蛇之拥,Cassiopeia,白银,30,8,练腿日
魔蛇之拥,Cassiopeia,白银,31,9,侵蚀
魔蛇之拥,Cassiopeia,棱彩,32,11,掷骰狂人
魔蛇之拥,Cassiopeia,白银,33,10,逃跑计划
魔蛇之拥,Cassiopeia,黄金,34,13,急速之追求
魔蛇之拥,Cassiopeia,白银,35,11,可靠武器
魔蛇之拥,Cassiopeia,白银,36,12,升级：中娅
魔蛇之拥,Cassiopeia,黄金,37,14,面包和奶酪
魔蛇之拥,Cassiopeia,白银,38,13,注魔
魔蛇之拥,Cassiopeia,棱彩,39,12,终极刷新
魔蛇之拥,Cassiopeia,黄金,40,15,面包和果酱
魔蛇之拥,Cassiopeia,白银,41,14,质变：黄金阶
魔蛇之拥,Cassiopeia,棱彩,42,13,珠光护手
魔蛇之拥,Cassiopeia,黄金,43,16,神射法师
魔蛇之拥,Cassiopeia,黄金,44,17,穿针引线
魔蛇之拥,Cassiopeia,白银,45,15,扇巴掌
魔蛇之拥,Cassiopeia,棱彩,46,14,终极唤醒
魔蛇之拥,Cassiopeia,白银,47,16,物理转魔法
魔蛇之拥,Cassiopeia,棱彩,48,15,质变：混沌
魔蛇之拥,Cassiopeia,黄金,49,18,杀戮时间到了
魔蛇之拥,Cassiopeia,黄金,50,19,面包和黄油
魔蛇之拥,Cassiopeia,棱彩,51,16,飞身踢
魔蛇之拥,Cassiopeia,白银,52,17,大师铸就
魔蛇之拥,Cassiopeia,黄金,53,20,捐赠
魔蛇之拥,Cassiopeia,白银,54,18,家园卫士
魔蛇之拥,Cassiopeia,黄金,55,21,属性叠属性！
魔蛇之拥,Cassiopeia,白银,56,19,海洋龙魂
魔蛇之拥,Cassiopeia,黄金,57,22,轻拍背部
魔蛇之拥,Cassiopeia,白银,58,20,海克斯科技龙魂
魔蛇之拥,Cassiopeia,白银,59,21,炼狱龙魂
魔蛇之拥,Cassiopeia,黄金,60,23,老练狙神
魔蛇之拥,Cassiopeia,黄金,61,24,闪现向前
魔蛇之拥,Cassiopeia,棱彩,62,17,潘朵拉的盒子
魔蛇之拥,Cassiopeia,白银,63,22,唯快不破
魔蛇之拥,Cassiopeia,黄金,64,25,有始有终
魔蛇之拥,Cassiopeia,黄金,65,26,吞噬灵魂
魔蛇之拥,Cassiopeia,白银,66,23,火狐
魔蛇之拥,Cassiopeia,棱彩,67,18,科学狂人
魔蛇之拥,Cassiopeia,棱彩,68,19,超负荷
魔蛇之拥,Cassiopeia,黄金,69,27,牙仙子
魔蛇之拥,Cassiopeia,黄金,70,28,心灵净化
魔蛇之拥,Cassiopeia,棱彩,71,20,电涌力场
魔蛇之拥,Cassiopeia,棱彩,72,21,精怪魔法
魔蛇之拥,Cassiopeia,黄金,73,29,罪恶快感
魔蛇之拥,Cassiopeia,棱彩,74,22,你摸不到
魔蛇之拥,Cassiopeia,黄金,75,30,生机迸发
魔蛇之拥,Cassiopeia,黄金,76,31,炽烈黎明
魔蛇之拥,Cassiopeia,黄金,77,32,黎明使者的坚决
魔蛇之拥,Cassiopeia,黄金,78,33,坦克引擎
魔蛇之拥,Cassiopeia,棱彩,79,23,巨像的勇气
魔蛇之拥,Cassiopeia,棱彩,80,24,全能龙魂
魔蛇之拥,Cassiopeia,黄金,81,34,夜狩
魔蛇之拥,Cassiopeia,黄金,82,35,狙神飞星
魔蛇之拥,Cassiopeia,棱彩,83,25,歌利亚巨人
魔蛇之拥,Cassiopeia,白银,84,24,杀意翻涌
魔蛇之拥,Cassiopeia,白银,85,25,终极不可阻挡
魔蛇之拥,Cassiopeia,黄金,86,36,哎哟，我的硬币！
魔蛇之拥,Cassiopeia,黄金,87,37,回力OK镖
魔蛇之拥,Cassiopeia,棱彩,88,26,吃过路兵
魔蛇之拥,Cassiopeia,黄金,89,38,自然即是治愈
魔蛇之拥,Cassiopeia,黄金,90,39,火上浇油
魔蛇之拥,Cassiopeia,黄金,91,40,不动如山
魔蛇之拥,Cassiopeia,棱彩,92,27,海牛阿福的勇士
魔蛇之拥,Cassiopeia,棱彩,93,28,夺金
魔蛇之拥,Cassiopeia,棱彩,94,29,秘术冲拳
魔蛇之拥,Cassiopeia,棱彩,95,30,属性叠属性叠属性！
魔蛇之拥,Cassiopeia,棱彩,96,31,史上最大雪球
魔蛇之拥,Cassiopeia,白银,97,26,吵闹鬼
魔蛇之拥,Cassiopeia,黄金,98,41,神圣干预
魔蛇之拥,Cassiopeia,黄金,99,42,尖端发明家
魔蛇之拥,Cassiopeia,黄金,100,43,我们的治疗
魔蛇之拥,Cassiopeia,白银,101,27,防护面纱
魔蛇之拥,Cassiopeia,黄金,102,44,星界躯体
魔蛇之拥,Cassiopeia,黄金,103,45,咏叹奏鸣
魔蛇之拥,Cassiopeia,棱彩,104,32,最终形态
魔蛇之拥,Cassiopeia,棱彩,105,33,泰坦的坚决
魔蛇之拥,Cassiopeia,白银,106,28,属性！
魔蛇之拥,Cassiopeia,棱彩,107,34,男爵之手
魔蛇之拥,Cassiopeia,棱彩,108,35,尊我为王
魔蛇之拥,Cassiopeia,棱彩,109,36,扳机炼狱
魔蛇之拥,Cassiopeia,黄金,110,46,更万用的瞄准镜
魔蛇之拥,Cassiopeia,棱彩,111,37,空投熊
魔蛇之拥,Cassiopeia,棱彩,112,38,大招工具人
魔蛇之拥,Cassiopeia,黄金,113,47,鲨鱼暴风
魔蛇之拥,Cassiopeia,黄金,114,48,弹球
魔蛇之拥,Cassiopeia,棱彩,115,39,玻璃大炮
魔蛇之拥,Cassiopeia,棱彩,116,40,战争交响乐
魔蛇之拥,Cassiopeia,黄金,117,49,鲨鱼诱饵
魔蛇之拥,Cassiopeia,黄金,118,50,高压锅
魔蛇之拥,Cassiopeia,黄金,119,51,豪猪
魔蛇之拥,Cassiopeia,白银,120,29,俯冲轰炸
魔蛇之拥,Cassiopeia,棱彩,121,41,物法皆修
魔蛇之拥,Cassiopeia,黄金,122,52,缩小射线
魔蛇之拥,Cassiopeia,黄金,123,53,冰雪爆裂
魔蛇之拥,Cassiopeia,白银,124,30,万用瞄准镜
魔蛇之拥,Cassiopeia,黄金,125,54,钢化你心
魔蛇之拥,Cassiopeia,棱彩,126,42,死亡之环
魔蛇之拥,Cassiopeia,黄金,127,55,藏身草丛
魔蛇之拥,Cassiopeia,棱彩,128,43,神圣雪球
魔蛇之拥,Cassiopeia,棱彩,129,44,濒死悟道
魔蛇之拥,Cassiopeia,棱彩,130,45,最万用的瞄准镜
魔蛇之拥,Cassiopeia,白银,131,31,山脉龙魂
魔蛇之拥,Cassiopeia,白银,132,32,点亮他们！
魔蛇之拥,Cassiopeia,棱彩,133,46,魄罗蛮冲
魔蛇之拥,Cassiopeia,白银,134,33,下雪天
魔蛇之拥,Cassiopeia,棱彩,135,47,踢踏舞
魔蛇之拥,Cassiopeia,黄金,136,56,无尽大杀四方
魔蛇之拥,Cassiopeia,白银,137,34,灵巧
魔蛇之拥,Cassiopeia,棱彩,138,48,利刃华尔兹
魔蛇之拥,Cassiopeia,黄金,139,57,过量延伸者
魔蛇之拥,Cassiopeia,黄金,140,58,升级：耀光
魔蛇之拥,Cassiopeia,白银,141,35,重量级打击手
魔蛇之拥,Cassiopeia,棱彩,142,49,和我一起困在这里
魔蛇之拥,Cassiopeia,棱彩,143,50,飞升仪式
魔蛇之拥,Cassiopeia,棱彩,144,51,位面转移
魔蛇之拥,Cassiopeia,黄金,145,59,活力焕发
魔蛇之拥,Cassiopeia,白银,146,36,转得我眩晕了
魔蛇之拥,Cassiopeia,棱彩,147,52,软弹啪叽抓
魔蛇之拥,Cassiopeia,黄金,148,60,吸血习性
魔蛇之拥,Cassiopeia,棱彩,149,53,风语者的祝福
魔蛇之拥,Cassiopeia,棱彩,150,54,舞会女王
魔蛇之拥,Cassiopeia,黄金,151,61,易损
魔蛇之拥,Cassiopeia,黄金,152,62,祖母的辣椒油
魔蛇之拥,Cassiopeia,黄金,153,63,关键暴击
魔蛇之拥,Cassiopeia,黄金,154,64,灵魂虹吸
魔蛇之拥,Cassiopeia,白银,155,37,坚若磐石
魔蛇之拥,Cassiopeia,白银,156,38,升级：献祭
魔蛇之拥,Cassiopeia,黄金,157,65,坚韧
魔蛇之拥,Cassiopeia,白银,158,39,急救用具
魔蛇之拥,Cassiopeia,黄金,159,66,升级：雪球
魔蛇之拥,Cassiopeia,白银,160,40,闪闪现现
魔蛇之拥,Cassiopeia,黄金,161,67,暴击飞弹
魔蛇之拥,Cassiopeia,黄金,162,68,魄罗爆破手
魔蛇之拥,Cassiopeia,棱彩,163,55,灵魄炸弹
魔蛇之拥,Cassiopeia,白银,164,41,会心防御
魔蛇之拥,Cassiopeia,黄金,165,69,会心治疗
魔蛇之拥,Cassiopeia,棱彩,166,56,连拨击锤
魔蛇之拥,Cassiopeia,棱彩,167,57,至高天诺言
魔蛇之拥,Cassiopeia,黄金,168,70,雪球扭蛋机
魔蛇之拥,Cassiopeia,白银,169,42,闪光弹
魔蛇之拥,Cassiopeia,白银,170,43,强力护盾
魔蛇之拥,Cassiopeia,棱彩,171,58,蛋白粉奶昔
魔蛇之拥,Cassiopeia,黄金,172,71,最终都市列车
魔蛇之拥,Cassiopeia,棱彩,173,59,量子计算
魔蛇之拥,Cassiopeia,白银,174,44,台风
魔蛇之拥,Cassiopeia,棱彩,175,60,双刀流
魔蛇之拥,Cassiopeia,白银,176,45,狂热者
魔蛇之拥,Cassiopeia,黄金,177,72,暴击律动
魔蛇之拥,Cassiopeia,棱彩,178,61,升级：花晓之剑
魔蛇之拥,Cassiopeia,棱彩,179,62,魄罗之王的弹跳
魔蛇之拥,Cassiopeia,棱彩,180,63,咒语裂变
魔蛇之拥,Cassiopeia,白银,181,46,自适应防护
虚空恐惧,Chogath,黄金,1,1,坦克引擎
虚空恐惧,Chogath,白银,2,1,重量级打击手
虚空恐惧,Chogath,棱彩,3,1,飞身踢
虚空恐惧,Chogath,黄金,4,2,星界躯体
虚空恐惧,Chogath,棱彩,5,2,歌利亚巨人
虚空恐惧,Chogath,黄金,6,3,钢化你心
虚空恐惧,Chogath,黄金,7,4,黎明使者的坚决
虚空恐惧,Chogath,白银,8,2,扇巴掌
虚空恐惧,Chogath,黄金,9,5,吞噬灵魂
虚空恐惧,Chogath,白银,10,3,升级：献祭
虚空恐惧,Chogath,黄金,11,6,高压锅
虚空恐惧,Chogath,棱彩,12,3,泰坦的坚决
虚空恐惧,Chogath,黄金,13,7,贪欲束缚
虚空恐惧,Chogath,黄金,14,8,不动如山
虚空恐惧,Chogath,棱彩,15,4,终极刷新
虚空恐惧,Chogath,棱彩,16,5,巨像的勇气
虚空恐惧,Chogath,黄金,17,9,虚幻武器
虚空恐惧,Chogath,白银,18,4,由心及物
虚空恐惧,Chogath,黄金,19,10,神圣干预
虚空恐惧,Chogath,黄金,20,11,超凡邪恶
虚空恐惧,Chogath,黄金,21,12,质变：棱彩阶
虚空恐惧,Chogath,棱彩,22,6,无限循环往复
虚空恐惧,Chogath,棱彩,23,7,艾卡西亚的陷落
虚空恐惧,Chogath,白银,24,5,渴血
虚空恐惧,Chogath,棱彩,25,8,掷骰狂人
虚空恐惧,Chogath,白银,26,6,练腿日
虚空恐惧,Chogath,黄金,27,13,术士果汁盒
虚空恐惧,Chogath,棱彩,28,9,大法师
虚空恐惧,Chogath,白银,29,7,冰寒
虚空恐惧,Chogath,白银,30,8,虹吸
虚空恐惧,Chogath,棱彩,31,10,残忍
虚空恐惧,Chogath,黄金,32,14,循环往复
虚空恐惧,Chogath,白银,33,9,质变：黄金阶
虚空恐惧,Chogath,棱彩,34,11,终极唤醒
虚空恐惧,Chogath,棱彩,35,12,尤里卡
虚空恐惧,Chogath,白银,36,10,巫师式思考
虚空恐惧,Chogath,黄金,37,15,我们的治疗
虚空恐惧,Chogath,黄金,38,16,急速之追求
虚空恐惧,Chogath,黄金,39,17,生机迸发
虚空恐惧,Chogath,白银,40,11,逃跑计划
虚空恐惧,Chogath,白银,41,12,纯粹主义者 - 术师
虚空恐惧,Chogath,黄金,42,18,面包和黄油
虚空恐惧,Chogath,白银,43,13,叠角龙
虚空恐惧,Chogath,黄金,44,19,魔法飞弹
虚空恐惧,Chogath,黄金,45,20,快步
虚空恐惧,Chogath,棱彩,46,13,和我一起困在这里
虚空恐惧,Chogath,棱彩,47,14,最终形态
虚空恐惧,Chogath,黄金,48,21,豪猪
虚空恐惧,Chogath,黄金,49,22,急急小子
虚空恐惧,Chogath,白银,50,14,防护面纱
虚空恐惧,Chogath,白银,51,15,海洋龙魂
虚空恐惧,Chogath,黄金,52,23,威能之追求
虚空恐惧,Chogath,白银,53,16,大师铸就
虚空恐惧,Chogath,棱彩,54,15,质变：混沌
虚空恐惧,Chogath,白银,55,17,杀意翻涌
虚空恐惧,Chogath,棱彩,56,16,炼狱导管
虚空恐惧,Chogath,黄金,57,24,尖端发明家
虚空恐惧,Chogath,黄金,58,25,无尽大杀四方
虚空恐惧,Chogath,白银,59,18,俯冲轰炸
虚空恐惧,Chogath,棱彩,60,17,科学狂人
虚空恐惧,Chogath,黄金,61,26,轻拍背部
虚空恐惧,Chogath,黄金,62,27,属性叠属性！
虚空恐惧,Chogath,棱彩,63,18,大招工具人
虚空恐惧,Chogath,黄金,64,28,缩小引擎
虚空恐惧,Chogath,黄金,65,29,自然即是治愈
虚空恐惧,Chogath,黄金,66,30,捐赠
虚空恐惧,Chogath,黄金,67,31,冰雪爆裂
虚空恐惧,Chogath,黄金,68,32,心灵净化
虚空恐惧,Chogath,棱彩,69,19,史上最大雪球
虚空恐惧,Chogath,棱彩,70,20,秘术冲拳
虚空恐惧,Chogath,黄金,71,33,牙仙子
虚空恐惧,Chogath,黄金,72,34,超强大脑
虚空恐惧,Chogath,黄金,73,35,狙神飞星
虚空恐惧,Chogath,棱彩,74,21,沃格勒特的巫师帽
虚空恐惧,Chogath,棱彩,75,22,不祥契约
虚空恐惧,Chogath,白银,76,19,下雪天
虚空恐惧,Chogath,白银,77,20,物理转魔法
虚空恐惧,Chogath,白银,78,21,终极不可阻挡
虚空恐惧,Chogath,黄金,79,36,面包和果酱
虚空恐惧,Chogath,黄金,80,37,溢流
虚空恐惧,Chogath,棱彩,81,23,你摸不到
虚空恐惧,Chogath,棱彩,82,24,超负荷
虚空恐惧,Chogath,白银,83,22,家园卫士
虚空恐惧,Chogath,黄金,84,38,弹球
虚空恐惧,Chogath,白银,85,23,属性！
虚空恐惧,Chogath,白银,86,24,侵蚀
虚空恐惧,Chogath,棱彩,87,25,潘朵拉的盒子
虚空恐惧,Chogath,黄金,88,39,更万用的瞄准镜
虚空恐惧,Chogath,白银,89,25,山脉龙魂
虚空恐惧,Chogath,白银,90,26,火狐
虚空恐惧,Chogath,白银,91,27,升级：中娅
虚空恐惧,Chogath,白银,92,28,炼狱龙魂
虚空恐惧,Chogath,黄金,93,40,闪现向前
虚空恐惧,Chogath,黄金,94,41,穿针引线
虚空恐惧,Chogath,棱彩,95,26,全能龙魂
虚空恐惧,Chogath,黄金,96,42,鲨鱼暴风
虚空恐惧,Chogath,白银,97,29,万用瞄准镜
虚空恐惧,Chogath,黄金,98,43,鲨鱼诱饵
虚空恐惧,Chogath,黄金,99,44,哎哟，我的硬币！
虚空恐惧,Chogath,白银,100,30,双生火焰
虚空恐惧,Chogath,棱彩,101,27,珠光护手
虚空恐惧,Chogath,棱彩,102,28,软弹啪叽抓
虚空恐惧,Chogath,黄金,103,45,杀戮时间到了
虚空恐惧,Chogath,黄金,104,46,神射法师
虚空恐惧,Chogath,黄金,105,47,面包和奶酪
虚空恐惧,Chogath,棱彩,106,29,空投熊
虚空恐惧,Chogath,黄金,107,48,缩小射线
虚空恐惧,Chogath,黄金,108,49,有始有终
虚空恐惧,Chogath,棱彩,109,30,海牛阿福的勇士
虚空恐惧,Chogath,棱彩,110,31,神圣雪球
虚空恐惧,Chogath,白银,111,31,海克斯科技龙魂
虚空恐惧,Chogath,白银,112,32,转得我眩晕了
虚空恐惧,Chogath,黄金,113,50,火上浇油
虚空恐惧,Chogath,棱彩,114,32,属性叠属性叠属性！
虚空恐惧,Chogath,棱彩,115,33,舞会女王
虚空恐惧,Chogath,棱彩,116,34,吃过路兵
虚空恐惧,Chogath,棱彩,117,35,尊我为王
虚空恐惧,Chogath,黄金,118,51,炽烈黎明
虚空恐惧,Chogath,棱彩,119,36,电涌力场
虚空恐惧,Chogath,黄金,120,52,罪恶快感
虚空恐惧,Chogath,黄金,121,53,咏叹奏鸣
虚空恐惧,Chogath,棱彩,122,37,最万用的瞄准镜
虚空恐惧,Chogath,棱彩,123,38,濒死悟道
虚空恐惧,Chogath,黄金,124,54,夜狩
虚空恐惧,Chogath,棱彩,125,39,巨人杀手
虚空恐惧,Chogath,棱彩,126,40,利刃华尔兹
虚空恐惧,Chogath,白银,127,33,灵巧
虚空恐惧,Chogath,棱彩,128,41,飞升仪式
虚空恐惧,Chogath,黄金,129,55,过量延伸者
虚空恐惧,Chogath,棱彩,130,42,扳机炼狱
虚空恐惧,Chogath,白银,131,34,吵闹鬼
虚空恐惧,Chogath,棱彩,132,43,夺金
虚空恐惧,Chogath,黄金,133,56,回力OK镖
虚空恐惧,Chogath,棱彩,134,44,回归基本功
虚空恐惧,Chogath,黄金,135,57,升级：焚天
虚空恐惧,Chogath,棱彩,136,45,玻璃大炮
虚空恐惧,Chogath,黄金,137,58,升级：贪欲九头蛇
虚空恐惧,Chogath,白银,138,35,狂热者
虚空恐惧,Chogath,棱彩,139,46,男爵之手
虚空恐惧,Chogath,棱彩,140,47,魄罗蛮冲
虚空恐惧,Chogath,棱彩,141,48,物法皆修
虚空恐惧,Chogath,白银,142,36,注魔
虚空恐惧,Chogath,棱彩,143,49,踢踏舞
虚空恐惧,Chogath,白银,144,37,唯快不破
虚空恐惧,Chogath,棱彩,145,50,至高天诺言
虚空恐惧,Chogath,黄金,146,59,藏身草丛
虚空恐惧,Chogath,棱彩,147,51,战争交响乐
虚空恐惧,Chogath,黄金,148,60,升级：耀光
虚空恐惧,Chogath,棱彩,149,52,位面转移
虚空恐惧,Chogath,棱彩,150,53,精怪魔法
虚空恐惧,Chogath,黄金,151,61,坚韧
虚空恐惧,Chogath,白银,152,38,台风
虚空恐惧,Chogath,白银,153,39,点亮他们！
虚空恐惧,Chogath,棱彩,154,54,连拨击锤
虚空恐惧,Chogath,棱彩,155,55,双刀流
虚空恐惧,Chogath,白银,156,40,坚若磐石
虚空恐惧,Chogath,黄金,157,62,暴击律动
虚空恐惧,Chogath,黄金,158,63,活力焕发
虚空恐惧,Chogath,棱彩,159,56,灵魄炸弹
虚空恐惧,Chogath,黄金,160,64,会心治疗
虚空恐惧,Chogath,黄金,161,65,升级：雪球
虚空恐惧,Chogath,黄金,162,66,吸血习性
虚空恐惧,Chogath,棱彩,163,57,量子计算
虚空恐惧,Chogath,黄金,164,67,雪球扭蛋机
虚空恐惧,Chogath,黄金,165,68,祖母的辣椒油
虚空恐惧,Chogath,棱彩,166,58,蛋白粉奶昔
虚空恐惧,Chogath,白银,167,41,闪闪现现
虚空恐惧,Chogath,黄金,168,69,易损
虚空恐惧,Chogath,白银,169,42,会心防御
虚空恐惧,Chogath,白银,170,43,闪光弹
虚空恐惧,Chogath,棱彩,171,59,小丑学院
虚空恐惧,Chogath,黄金,172,70,最终都市列车
虚空恐惧,Chogath,黄金,173,71,关键暴击
虚空恐惧,Chogath,黄金,174,72,魄罗爆破手
虚空恐惧,Chogath,黄金,175,73,灵魂虹吸
虚空恐惧,Chogath,棱彩,176,60,？？？
虚空恐惧,Chogath,白银,177,44,强力护盾
虚空恐惧,Chogath,棱彩,178,61,激光治疗
虚空恐惧,Chogath,棱彩,179,62,卡皮巴拉空投
虚空恐惧,Chogath,白银,180,45,急救用具
虚空恐惧,Chogath,白银,181,46,天音爆
虚空恐惧,Chogath,棱彩,182,63,风语者的祝福
虚空恐惧,Chogath,黄金,183,74,全心为你
虚空恐惧,Chogath,棱彩,184,64,升级：花晓之剑
虚空恐惧,Chogath,棱彩,185,65,魄罗之王的弹跳
虚空恐惧,Chogath,棱彩,186,66,回响施放
虚空恐惧,Chogath,黄金,187,75,喂呜喂呜
虚空恐惧,Chogath,棱彩,188,67,死亡之环
虚空恐惧,Chogath,白银,189,47,魔法转物理
虚空恐惧,Chogath,棱彩,190,68,你肩上的恶魔
虚空恐惧,Chogath,白银,191,48,由暴生急
虚空恐惧,Chogath,白银,192,49,自适应防护
英勇投弹手,Corki,黄金,1,1,暴击飞弹
英勇投弹手,Corki,棱彩,2,1,珠光护手
英勇投弹手,Corki,白银,3,1,双生火焰
英勇投弹手,Corki,棱彩,4,2,双发快射
英勇投弹手,Corki,黄金,5,2,更万用的瞄准镜
英勇投弹手,Corki,黄金,6,3,升级：无尽之刃
英勇投弹手,Corki,白银,7,2,升级：收集者
英勇投弹手,Corki,黄金,8,4,虚幻武器
英勇投弹手,Corki,棱彩,9,3,亮出你的剑
英勇投弹手,Corki,棱彩,10,4,巨人杀手
英勇投弹手,Corki,黄金,11,5,升级：耀光
英勇投弹手,Corki,黄金,12,6,魔法飞弹
英勇投弹手,Corki,白银,13,3,大力
英勇投弹手,Corki,白银,14,4,灵巧
英勇投弹手,Corki,棱彩,15,5,最万用的瞄准镜
英勇投弹手,Corki,黄金,16,7,关键暴击
英勇投弹手,Corki,黄金,17,8,暴击律动
英勇投弹手,Corki,白银,18,5,狂热者
英勇投弹手,Corki,棱彩,19,6,双刀流
英勇投弹手,Corki,棱彩,20,7,连拨击锤
英勇投弹手,Corki,白银,21,6,万用瞄准镜
英勇投弹手,Corki,黄金,22,9,质变：棱彩阶
英勇投弹手,Corki,黄金,23,10,易损
英勇投弹手,Corki,黄金,24,11,灵魂虹吸
英勇投弹手,Corki,棱彩,25,8,精怪魔法
英勇投弹手,Corki,白银,26,7,由暴生急
英勇投弹手,Corki,黄金,27,12,有始有终
英勇投弹手,Corki,白银,28,8,魔法转物理
英勇投弹手,Corki,棱彩,29,9,你摸不到
英勇投弹手,Corki,白银,30,9,渴血
英勇投弹手,Corki,棱彩,31,10,掷骰狂人
英勇投弹手,Corki,黄金,32,13,牙仙子
英勇投弹手,Corki,棱彩,33,11,最终形态
英勇投弹手,Corki,黄金,34,14,杀戮时间到了
英勇投弹手,Corki,白银,35,10,台风
英勇投弹手,Corki,黄金,36,15,狙神飞星
英勇投弹手,Corki,棱彩,37,12,无限循环往复
英勇投弹手,Corki,黄金,38,16,老练狙神
英勇投弹手,Corki,棱彩,39,13,大法师
英勇投弹手,Corki,黄金,40,17,穿针引线
英勇投弹手,Corki,白银,41,11,质变：黄金阶
英勇投弹手,Corki,棱彩,42,14,终极唤醒
英勇投弹手,Corki,黄金,43,18,缩小引擎
英勇投弹手,Corki,黄金,44,19,威能之追求
英勇投弹手,Corki,黄金,45,20,循环往复
英勇投弹手,Corki,棱彩,46,15,质变：混沌
英勇投弹手,Corki,黄金,47,21,超凡邪恶
英勇投弹手,Corki,棱彩,48,16,物法皆修
英勇投弹手,Corki,白银,49,12,会心防御
英勇投弹手,Corki,黄金,50,22,夜狩
英勇投弹手,Corki,黄金,51,23,回力OK镖
英勇投弹手,Corki,白银,52,13,终极不可阻挡
英勇投弹手,Corki,黄金,53,24,罪恶快感
英勇投弹手,Corki,黄金,54,25,急急小子
英勇投弹手,Corki,白银,55,14,大师铸就
英勇投弹手,Corki,黄金,56,26,捐赠
英勇投弹手,Corki,棱彩,57,17,回归基本功
英勇投弹手,Corki,白银,58,15,海克斯科技龙魂
英勇投弹手,Corki,棱彩,59,18,秘术冲拳
英勇投弹手,Corki,黄金,60,27,心灵净化
英勇投弹手,Corki,黄金,61,28,缩小射线
英勇投弹手,Corki,白银,62,16,注魔
英勇投弹手,Corki,黄金,63,29,属性叠属性！
英勇投弹手,Corki,白银,64,17,家园卫士
英勇投弹手,Corki,白银,65,18,侵蚀
英勇投弹手,Corki,白银,66,19,练腿日
英勇投弹手,Corki,棱彩,67,19,海牛阿福的勇士
英勇投弹手,Corki,黄金,68,30,急速之追求
英勇投弹手,Corki,黄金,69,31,神射法师
英勇投弹手,Corki,黄金,70,32,火上浇油
英勇投弹手,Corki,棱彩,71,20,超负荷
英勇投弹手,Corki,棱彩,72,21,玻璃大炮
英勇投弹手,Corki,白银,73,20,炼狱龙魂
英勇投弹手,Corki,棱彩,74,22,战争交响乐
英勇投弹手,Corki,白银,75,21,纯粹主义者 - 术师
英勇投弹手,Corki,棱彩,76,23,踢踏舞
英勇投弹手,Corki,棱彩,77,24,潘朵拉的盒子
英勇投弹手,Corki,黄金,78,33,面包和奶酪
英勇投弹手,Corki,白银,79,22,点亮他们！
英勇投弹手,Corki,黄金,80,34,面包和果酱
英勇投弹手,Corki,棱彩,81,25,终极九头蛇
英勇投弹手,Corki,白银,82,23,逃跑计划
英勇投弹手,Corki,黄金,83,35,面包和黄油
英勇投弹手,Corki,棱彩,84,26,飞身踢
英勇投弹手,Corki,棱彩,85,27,科学狂人
英勇投弹手,Corki,棱彩,86,28,大招工具人
英勇投弹手,Corki,黄金,87,36,升级：贪欲九头蛇
英勇投弹手,Corki,棱彩,88,29,全能龙魂
英勇投弹手,Corki,棱彩,89,30,夺金
英勇投弹手,Corki,棱彩,90,31,扳机炼狱
英勇投弹手,Corki,黄金,91,37,溢流
英勇投弹手,Corki,棱彩,92,32,吃过路兵
英勇投弹手,Corki,白银,93,24,海洋龙魂
英勇投弹手,Corki,棱彩,94,33,属性叠属性叠属性！
英勇投弹手,Corki,棱彩,95,34,史上最大雪球
英勇投弹手,Corki,黄金,96,38,哎哟，我的硬币！
英勇投弹手,Corki,黄金,97,39,术士果汁盒
英勇投弹手,Corki,棱彩,98,35,电涌力场
英勇投弹手,Corki,黄金,99,40,生机迸发
英勇投弹手,Corki,白银,100,25,吵闹鬼
英勇投弹手,Corki,黄金,101,41,闪现向前
英勇投弹手,Corki,棱彩,102,36,尊我为王
英勇投弹手,Corki,棱彩,103,37,尤里卡
英勇投弹手,Corki,白银,104,26,巫师式思考
英勇投弹手,Corki,白银,105,27,暗影疾奔
英勇投弹手,Corki,白银,106,28,属性！
英勇投弹手,Corki,棱彩,107,38,终极刷新
英勇投弹手,Corki,白银,108,29,火狐
英勇投弹手,Corki,黄金,109,42,尖端发明家
英勇投弹手,Corki,白银,110,30,快中求稳
英勇投弹手,Corki,白银,111,31,杀意翻涌
英勇投弹手,Corki,白银,112,32,防护面纱
英勇投弹手,Corki,黄金,113,43,炽烈黎明
英勇投弹手,Corki,黄金,114,44,神圣干预
英勇投弹手,Corki,棱彩,115,39,炼狱导管
英勇投弹手,Corki,白银,116,33,唯快不破
英勇投弹手,Corki,棱彩,117,40,全凭身法
英勇投弹手,Corki,棱彩,118,41,沃格勒特的巫师帽
英勇投弹手,Corki,白银,119,34,由心及物
英勇投弹手,Corki,棱彩,120,42,歌利亚巨人
英勇投弹手,Corki,棱彩,121,43,男爵之手
英勇投弹手,Corki,黄金,122,45,弹球
英勇投弹手,Corki,棱彩,123,44,神圣雪球
英勇投弹手,Corki,黄金,124,46,坦克引擎
英勇投弹手,Corki,白银,125,35,转得我眩晕了
英勇投弹手,Corki,黄金,126,47,冰雪爆裂
英勇投弹手,Corki,棱彩,127,45,魄罗蛮冲
英勇投弹手,Corki,黄金,128,48,黎明使者的坚决
英勇投弹手,Corki,黄金,129,49,轻拍背部
英勇投弹手,Corki,黄金,130,50,鲨鱼暴风
英勇投弹手,Corki,棱彩,131,46,飞升仪式
英勇投弹手,Corki,白银,132,36,山脉龙魂
英勇投弹手,Corki,棱彩,133,47,利刃华尔兹
英勇投弹手,Corki,棱彩,134,48,濒死悟道
英勇投弹手,Corki,黄金,135,51,狂徒豪气
英勇投弹手,Corki,黄金,136,52,藏身草丛
英勇投弹手,Corki,棱彩,137,49,空投熊
英勇投弹手,Corki,黄金,138,53,自然即是治愈
英勇投弹手,Corki,棱彩,139,50,大地苏醒
英勇投弹手,Corki,白银,140,37,重量级打击手
英勇投弹手,Corki,黄金,141,54,咏叹奏鸣
英勇投弹手,Corki,黄金,142,55,无尽大杀四方
英勇投弹手,Corki,黄金,143,56,星界躯体
英勇投弹手,Corki,黄金,144,57,鲨鱼诱饵
英勇投弹手,Corki,黄金,145,58,过量延伸者
英勇投弹手,Corki,白银,146,38,下雪天
英勇投弹手,Corki,白银,147,39,物理转魔法
英勇投弹手,Corki,棱彩,148,51,泰坦的坚决
英勇投弹手,Corki,白银,149,40,俯冲轰炸
英勇投弹手,Corki,黄金,150,59,我们的治疗
英勇投弹手,Corki,棱彩,151,52,不祥契约
英勇投弹手,Corki,黄金,152,60,钢化你心
英勇投弹手,Corki,黄金,153,61,豪猪
英勇投弹手,Corki,棱彩,154,53,位面转移
英勇投弹手,Corki,棱彩,155,54,软弹啪叽抓
英勇投弹手,Corki,黄金,156,62,吸血习性
英勇投弹手,Corki,黄金,157,63,高压锅
英勇投弹手,Corki,白银,158,41,冰寒
英勇投弹手,Corki,白银,159,42,升级：中娅
英勇投弹手,Corki,黄金,160,64,升级：焚天
英勇投弹手,Corki,黄金,161,65,超强大脑
英勇投弹手,Corki,棱彩,162,55,和我一起困在这里
英勇投弹手,Corki,黄金,163,66,会心治疗
英勇投弹手,Corki,黄金,164,67,活力焕发
英勇投弹手,Corki,棱彩,165,56,小丑学院
英勇投弹手,Corki,黄金,166,68,魄罗爆破手
英勇投弹手,Corki,白银,167,43,闪光弹
英勇投弹手,Corki,黄金,168,69,坚韧
英勇投弹手,Corki,白银,169,44,闪闪现现
英勇投弹手,Corki,黄金,170,70,升级：雪球
英勇投弹手,Corki,黄金,171,71,雪球扭蛋机
英勇投弹手,Corki,黄金,172,72,最终都市列车
英勇投弹手,Corki,黄金,173,73,虚空冲刺
英勇投弹手,Corki,棱彩,174,57,舞会女王
英勇投弹手,Corki,白银,175,45,虹吸
英勇投弹手,Corki,棱彩,176,58,量子计算
英勇投弹手,Corki,白银,177,46,升级：献祭
英勇投弹手,Corki,棱彩,178,59,升级：花晓之剑
英勇投弹手,Corki,黄金,179,74,祖母的辣椒油
英勇投弹手,Corki,棱彩,180,60,魄罗之王的弹跳
英勇投弹手,Corki,棱彩,181,61,回响施放
英勇投弹手,Corki,白银,182,47,急救用具
英勇投弹手,Corki,棱彩,183,62,至高天诺言
英勇投弹手,Corki,棱彩,184,63,？？？
英勇投弹手,Corki,棱彩,185,64,信念者的强化
英勇投弹手,Corki,棱彩,186,65,你肩上的恶魔
诺克萨斯之手,Darius,白银,1,1,旋转至胜
诺克萨斯之手,Darius,黄金,2,1,黎明使者的坚决
诺克萨斯之手,Darius,棱彩,3,1,最终形态
诺克萨斯之手,Darius,白银,4,2,渴血
诺克萨斯之手,Darius,黄金,5,2,炽燃利息
诺克萨斯之手,Darius,白银,6,3,大力
诺克萨斯之手,Darius,棱彩,7,2,泰坦的坚决
诺克萨斯之手,Darius,黄金,8,3,快步
诺克萨斯之手,Darius,黄金,9,4,邦！
诺克萨斯之手,Darius,棱彩,10,3,秘术冲拳
诺克萨斯之手,Darius,黄金,11,5,升级：焚天
诺克萨斯之手,Darius,白银,12,4,重量级打击手
诺克萨斯之手,Darius,黄金,13,6,质变：棱彩阶
诺克萨斯之手,Darius,黄金,14,7,无尽大杀四方
诺克萨斯之手,Darius,棱彩,15,4,扳机炼狱
诺克萨斯之手,Darius,黄金,16,8,心灵净化
诺克萨斯之手,Darius,黄金,17,9,急速之追求
诺克萨斯之手,Darius,棱彩,18,5,飞身踢
诺克萨斯之手,Darius,棱彩,19,6,濒死悟道
诺克萨斯之手,Darius,黄金,20,10,高压锅
诺克萨斯之手,Darius,黄金,21,11,自然即是治愈
诺克萨斯之手,Darius,黄金,22,12,坦克引擎
诺克萨斯之手,Darius,黄金,23,13,升级：贪欲九头蛇
诺克萨斯之手,Darius,黄金,24,14,威能之追求
诺克萨斯之手,Darius,白银,25,5,练腿日
诺克萨斯之手,Darius,黄金,26,15,我们的治疗
诺克萨斯之手,Darius,黄金,27,16,罪恶快感
诺克萨斯之手,Darius,黄金,28,17,循环往复
诺克萨斯之手,Darius,白银,29,6,保持坚定
诺克萨斯之手,Darius,棱彩,30,7,歌利亚巨人
诺克萨斯之手,Darius,白银,31,7,逃跑计划
诺克萨斯之手,Darius,黄金,32,18,钢化你心
诺克萨斯之手,Darius,棱彩,33,8,艾卡西亚的陷落
诺克萨斯之手,Darius,黄金,34,19,星界躯体
诺克萨斯之手,Darius,棱彩,35,9,掷骰狂人
诺克萨斯之手,Darius,棱彩,36,10,巨人杀手
诺克萨斯之手,Darius,棱彩,37,11,科学狂人
诺克萨斯之手,Darius,黄金,38,20,面包和黄油
诺克萨斯之手,Darius,棱彩,39,12,超负荷
诺克萨斯之手,Darius,黄金,40,21,闪现向前
诺克萨斯之手,Darius,棱彩,41,13,回响施放
诺克萨斯之手,Darius,黄金,42,22,升级：无尽之刃
诺克萨斯之手,Darius,棱彩,43,14,终极唤醒
诺克萨斯之手,Darius,棱彩,44,15,你摸不到
诺克萨斯之手,Darius,白银,45,8,质变：黄金阶
诺克萨斯之手,Darius,黄金,46,23,杀戮时间到了
诺克萨斯之手,Darius,黄金,47,24,夜狩
诺克萨斯之手,Darius,黄金,48,25,缩小引擎
诺克萨斯之手,Darius,黄金,49,26,轻拍背部
诺克萨斯之手,Darius,棱彩,50,16,质变：混沌
诺克萨斯之手,Darius,白银,51,9,终极不可阻挡
诺克萨斯之手,Darius,黄金,52,27,更万用的瞄准镜
诺克萨斯之手,Darius,黄金,53,28,面包和奶酪
诺克萨斯之手,Darius,棱彩,54,17,软弹啪叽抓
诺克萨斯之手,Darius,黄金,55,29,捐赠
诺克萨斯之手,Darius,黄金,56,30,生机迸发
诺克萨斯之手,Darius,白银,57,10,升级：死亡之舞
诺克萨斯之手,Darius,棱彩,58,18,史上最大雪球
诺克萨斯之手,Darius,棱彩,59,19,和我一起困在这里
诺克萨斯之手,Darius,黄金,60,31,属性叠属性！
诺克萨斯之手,Darius,棱彩,61,20,珠光护手
诺克萨斯之手,Darius,黄金,62,32,面包和果酱
诺克萨斯之手,Darius,白银,63,11,杀意翻涌
诺克萨斯之手,Darius,黄金,64,33,灵魂虹吸
诺克萨斯之手,Darius,黄金,65,34,穿针引线
诺克萨斯之手,Darius,白银,66,12,魔法转物理
诺克萨斯之手,Darius,黄金,67,35,吞噬灵魂
诺克萨斯之手,Darius,黄金,68,36,易损
诺克萨斯之手,Darius,黄金,69,37,不动如山
诺克萨斯之手,Darius,棱彩,70,21,终极刷新
诺克萨斯之手,Darius,棱彩,71,22,利刃华尔兹
诺克萨斯之手,Darius,棱彩,72,23,双刀流
诺克萨斯之手,Darius,黄金,73,38,神圣干预
诺克萨斯之手,Darius,棱彩,74,24,潘朵拉的盒子
诺克萨斯之手,Darius,黄金,75,39,弹球
诺克萨斯之手,Darius,棱彩,76,25,回归基本功
诺克萨斯之手,Darius,黄金,77,40,冰雪爆裂
诺克萨斯之手,Darius,棱彩,78,26,巨像的勇气
诺克萨斯之手,Darius,棱彩,79,27,终极九头蛇
诺克萨斯之手,Darius,黄金,80,41,豪猪
诺克萨斯之手,Darius,黄金,81,42,虚幻武器
诺克萨斯之手,Darius,棱彩,82,28,飞升仪式
诺克萨斯之手,Darius,黄金,83,43,急急小子
诺克萨斯之手,Darius,黄金,84,44,尖端发明家
诺克萨斯之手,Darius,黄金,85,45,升级：耀光
诺克萨斯之手,Darius,白银,86,13,家园卫士
诺克萨斯之手,Darius,棱彩,87,29,连拨击锤
诺克萨斯之手,Darius,棱彩,88,30,战争交响乐
诺克萨斯之手,Darius,黄金,89,46,牙仙子
诺克萨斯之手,Darius,白银,90,14,大师铸就
诺克萨斯之手,Darius,棱彩,91,31,最万用的瞄准镜
诺克萨斯之手,Darius,白银,92,15,升级：收集者
诺克萨斯之手,Darius,黄金,93,47,火上浇油
诺克萨斯之手,Darius,黄金,94,48,关键暴击
诺克萨斯之手,Darius,棱彩,95,32,神圣雪球
诺克萨斯之手,Darius,黄金,96,49,术士果汁盒
诺克萨斯之手,Darius,棱彩,97,33,吃过路兵
诺克萨斯之手,Darius,白银,98,16,下雪天
诺克萨斯之手,Darius,棱彩,99,34,无限循环往复
诺克萨斯之手,Darius,黄金,100,50,鲨鱼暴风
诺克萨斯之手,Darius,棱彩,101,35,海牛阿福的勇士
诺克萨斯之手,Darius,白银,102,17,海洋龙魂
诺克萨斯之手,Darius,棱彩,103,36,全能龙魂
诺克萨斯之手,Darius,白银,104,18,俯冲轰炸
诺克萨斯之手,Darius,白银,105,19,吵闹鬼
诺克萨斯之手,Darius,白银,106,20,万用瞄准镜
诺克萨斯之手,Darius,白银,107,21,侵蚀
诺克萨斯之手,Darius,棱彩,108,37,大法师
诺克萨斯之手,Darius,黄金,109,51,鲨鱼诱饵
诺克萨斯之手,Darius,黄金,110,52,缩小射线
诺克萨斯之手,Darius,棱彩,111,38,属性叠属性叠属性！
诺克萨斯之手,Darius,白银,112,22,扇巴掌
诺克萨斯之手,Darius,棱彩,113,39,双发快射
诺克萨斯之手,Darius,黄金,114,53,哎哟，我的硬币！
诺克萨斯之手,Darius,棱彩,115,40,尊我为王
诺克萨斯之手,Darius,白银,116,23,炼狱龙魂
诺克萨斯之手,Darius,白银,117,24,台风
诺克萨斯之手,Darius,黄金,118,54,有始有终
诺克萨斯之手,Darius,黄金,119,55,咏叹奏鸣
诺克萨斯之手,Darius,黄金,120,56,过量延伸者
诺克萨斯之手,Darius,白银,121,25,转得我眩晕了
诺克萨斯之手,Darius,棱彩,122,41,舞会女王
诺克萨斯之手,Darius,白银,123,26,灵巧
诺克萨斯之手,Darius,白银,124,27,升级：献祭
诺克萨斯之手,Darius,白银,125,28,会心防御
诺克萨斯之手,Darius,白银,126,29,属性！
诺克萨斯之手,Darius,棱彩,127,42,炼狱导管
诺克萨斯之手,Darius,白银,128,30,唯快不破
诺克萨斯之手,Darius,棱彩,129,43,夺金
诺克萨斯之手,Darius,白银,130,31,山脉龙魂
诺克萨斯之手,Darius,棱彩,131,44,死亡之环
诺克萨斯之手,Darius,黄金,132,57,回力OK镖
诺克萨斯之手,Darius,棱彩,133,45,大招工具人
诺克萨斯之手,Darius,棱彩,134,46,踢踏舞
诺克萨斯之手,Darius,白银,135,32,防护面纱
诺克萨斯之手,Darius,白银,136,33,火狐
诺克萨斯之手,Darius,棱彩,137,47,男爵之手
诺克萨斯之手,Darius,白银,138,34,海克斯科技龙魂
诺克萨斯之手,Darius,棱彩,139,48,位面转移
诺克萨斯之手,Darius,黄金,140,58,溢流
诺克萨斯之手,Darius,棱彩,141,49,空投熊
诺克萨斯之手,Darius,白银,142,35,双生火焰
诺克萨斯之手,Darius,白银,143,36,由心及物
诺克萨斯之手,Darius,黄金,144,59,藏身草丛
诺克萨斯之手,Darius,棱彩,145,50,精怪魔法
诺克萨斯之手,Darius,棱彩,146,51,电涌力场
诺克萨斯之手,Darius,黄金,147,60,炽烈黎明
诺克萨斯之手,Darius,棱彩,148,52,至高天诺言
诺克萨斯之手,Darius,白银,149,37,冰寒
诺克萨斯之手,Darius,白银,150,38,纯粹主义者 - 术师
诺克萨斯之手,Darius,棱彩,151,53,魄罗蛮冲
诺克萨斯之手,Darius,黄金,152,61,魔法飞弹
诺克萨斯之手,Darius,白银,153,39,由暴生急
诺克萨斯之手,Darius,棱彩,154,54,风语者的祝福
诺克萨斯之手,Darius,棱彩,155,55,玻璃大炮
诺克萨斯之手,Darius,白银,156,40,注魔
诺克萨斯之手,Darius,白银,157,41,闪闪现现
诺克萨斯之手,Darius,黄金,158,62,吸血习性
诺克萨斯之手,Darius,棱彩,159,56,残忍
诺克萨斯之手,Darius,黄金,160,63,坚韧
诺克萨斯之手,Darius,白银,161,42,闪光弹
诺克萨斯之手,Darius,黄金,162,64,会心治疗
诺克萨斯之手,Darius,白银,163,43,点亮他们！
诺克萨斯之手,Darius,棱彩,164,57,灵魄炸弹
诺克萨斯之手,Darius,白银,165,44,急救用具
诺克萨斯之手,Darius,黄金,166,65,活力焕发
诺克萨斯之手,Darius,棱彩,167,58,蛋白粉奶昔
诺克萨斯之手,Darius,黄金,168,66,升级：雪球
诺克萨斯之手,Darius,棱彩,169,59,量子计算
诺克萨斯之手,Darius,棱彩,170,60,小丑学院
诺克萨斯之手,Darius,白银,171,45,坚若磐石
诺克萨斯之手,Darius,黄金,172,67,雪球扭蛋机
诺克萨斯之手,Darius,白银,173,46,强力护盾
诺克萨斯之手,Darius,黄金,174,68,最终都市列车
诺克萨斯之手,Darius,黄金,175,69,贪欲束缚
诺克萨斯之手,Darius,黄金,176,70,魄罗爆破手
诺克萨斯之手,Darius,棱彩,177,61,魄罗之王的弹跳
诺克萨斯之手,Darius,白银,178,47,虹吸
诺克萨斯之手,Darius,黄金,179,71,喂呜喂呜
诺克萨斯之手,Darius,棱彩,180,62,王中王，靴中靴
诺克萨斯之手,Darius,白银,181,48,可靠武器
诺克萨斯之手,Darius,白银,182,49,自适应防护
诺克萨斯之手,Darius,白银,183,50,叠角龙
诺克萨斯之手,Darius,棱彩,184,63,激光治疗
皎月女神,Diana,黄金,1,1,术士果汁盒
皎月女神,Diana,黄金,2,2,杀戮时间到了
皎月女神,Diana,黄金,3,3,虚幻武器
皎月女神,Diana,白银,4,1,渴血
皎月女神,Diana,黄金,5,4,穿针引线
皎月女神,Diana,白银,6,2,巫师式思考
皎月女神,Diana,棱彩,7,1,最终形态
皎月女神,Diana,黄金,8,5,超凡邪恶
皎月女神,Diana,白银,9,3,升级：中娅
皎月女神,Diana,棱彩,10,2,尤里卡
皎月女神,Diana,白银,11,4,暗影疾奔
皎月女神,Diana,黄金,12,6,牙仙子
皎月女神,Diana,棱彩,13,3,沃格勒特的巫师帽
皎月女神,Diana,黄金,14,7,超强大脑
皎月女神,Diana,黄金,15,8,质变：棱彩阶
皎月女神,Diana,黄金,16,9,无尽大杀四方
皎月女神,Diana,棱彩,17,4,终极刷新
皎月女神,Diana,棱彩,18,5,大法师
皎月女神,Diana,白银,19,5,终极不可阻挡
皎月女神,Diana,黄金,20,10,神射法师
皎月女神,Diana,黄金,21,11,狂徒豪气
皎月女神,Diana,棱彩,22,6,飞升仪式
皎月女神,Diana,黄金,23,12,魔法飞弹
皎月女神,Diana,棱彩,24,7,和我一起困在这里
皎月女神,Diana,棱彩,25,8,终极唤醒
皎月女神,Diana,黄金,26,13,急速之追求
皎月女神,Diana,棱彩,27,9,无限循环往复
皎月女神,Diana,黄金,28,14,循环往复
皎月女神,Diana,棱彩,29,10,利刃华尔兹
皎月女神,Diana,白银,30,6,质变：黄金阶
皎月女神,Diana,白银,31,7,逃跑计划
皎月女神,Diana,棱彩,32,11,飞身踢
皎月女神,Diana,棱彩,33,12,吃过路兵
皎月女神,Diana,黄金,34,15,钢化你心
皎月女神,Diana,白银,35,8,重量级打击手
皎月女神,Diana,棱彩,36,13,掷骰狂人
皎月女神,Diana,黄金,37,16,星界躯体
皎月女神,Diana,黄金,38,17,夜狩
皎月女神,Diana,棱彩,39,14,精怪魔法
皎月女神,Diana,黄金,40,18,快步
皎月女神,Diana,黄金,41,19,小小的额外帮助
皎月女神,Diana,棱彩,42,15,你摸不到
皎月女神,Diana,棱彩,43,16,回响施放
皎月女神,Diana,白银,44,9,纯粹主义者 - 术师
皎月女神,Diana,棱彩,45,17,全凭身法
皎月女神,Diana,白银,46,10,快中求稳
皎月女神,Diana,白银,47,11,物理转魔法
皎月女神,Diana,白银,48,12,俯冲轰炸
皎月女神,Diana,黄金,49,20,威能之追求
皎月女神,Diana,黄金,50,21,生机迸发
皎月女神,Diana,棱彩,51,18,超负荷
皎月女神,Diana,黄金,52,22,罪恶快感
皎月女神,Diana,棱彩,53,19,多重射击
皎月女神,Diana,黄金,54,23,闪现向前
皎月女神,Diana,棱彩,55,20,珠光护手
皎月女神,Diana,黄金,56,24,溢流
皎月女神,Diana,黄金,57,25,坦克引擎
皎月女神,Diana,黄金,58,26,面包和黄油
皎月女神,Diana,棱彩,59,21,大地苏醒
皎月女神,Diana,白银,60,13,由心及物
皎月女神,Diana,棱彩,61,22,濒死悟道
皎月女神,Diana,黄金,62,27,面包和果酱
皎月女神,Diana,棱彩,63,23,史上最大雪球
皎月女神,Diana,白银,64,14,火狐
皎月女神,Diana,黄金,65,28,捐赠
皎月女神,Diana,白银,66,15,杀意翻涌
皎月女神,Diana,白银,67,16,大师铸就
皎月女神,Diana,棱彩,68,24,战争交响乐
皎月女神,Diana,黄金,69,29,缩小引擎
皎月女神,Diana,白银,70,17,狂热者
皎月女神,Diana,棱彩,71,25,质变：混沌
皎月女神,Diana,棱彩,72,26,歌利亚巨人
皎月女神,Diana,黄金,73,30,属性叠属性！
皎月女神,Diana,黄金,74,31,有始有终
皎月女神,Diana,黄金,75,32,面包和奶酪
皎月女神,Diana,白银,76,18,练腿日
皎月女神,Diana,黄金,77,33,尖端发明家
皎月女神,Diana,黄金,78,34,弹球
皎月女神,Diana,白银,79,19,双生火焰
皎月女神,Diana,黄金,80,35,藏身草丛
皎月女神,Diana,白银,81,20,炼狱龙魂
皎月女神,Diana,白银,82,21,下雪天
皎月女神,Diana,黄金,83,36,黎明使者的坚决
皎月女神,Diana,黄金,84,37,心灵净化
皎月女神,Diana,白银,85,22,强力护盾
皎月女神,Diana,黄金,86,38,神圣干预
皎月女神,Diana,棱彩,87,27,潘朵拉的盒子
皎月女神,Diana,棱彩,88,28,扳机炼狱
皎月女神,Diana,黄金,89,39,升级：耀光
皎月女神,Diana,白银,90,23,海洋龙魂
皎月女神,Diana,棱彩,91,29,空投熊
皎月女神,Diana,白银,92,24,灵巧
皎月女神,Diana,黄金,93,40,冰雪爆裂
皎月女神,Diana,黄金,94,41,鲨鱼暴风
皎月女神,Diana,白银,95,25,侵蚀
皎月女神,Diana,黄金,96,42,高压锅
皎月女神,Diana,棱彩,97,30,秘术冲拳
皎月女神,Diana,黄金,98,43,鲨鱼诱饵
皎月女神,Diana,棱彩,99,31,科学狂人
皎月女神,Diana,棱彩,100,32,大招工具人
皎月女神,Diana,黄金,101,44,狙神飞星
皎月女神,Diana,黄金,102,45,轻拍背部
皎月女神,Diana,白银,103,26,海克斯科技龙魂
皎月女神,Diana,棱彩,104,33,神圣雪球
皎月女神,Diana,黄金,105,46,豪猪
皎月女神,Diana,白银,106,27,家园卫士
皎月女神,Diana,棱彩,107,34,不祥契约
皎月女神,Diana,棱彩,108,35,泰坦的坚决
皎月女神,Diana,棱彩,109,36,巨人杀手
皎月女神,Diana,棱彩,110,37,海牛阿福的勇士
皎月女神,Diana,白银,111,28,升级：献祭
皎月女神,Diana,棱彩,112,38,回归基本功
皎月女神,Diana,黄金,113,47,火上浇油
皎月女神,Diana,白银,114,29,属性！
皎月女神,Diana,黄金,115,48,急急小子
皎月女神,Diana,黄金,116,49,自然即是治愈
皎月女神,Diana,棱彩,117,39,舞会女王
皎月女神,Diana,棱彩,118,40,玻璃大炮
皎月女神,Diana,黄金,119,50,哎哟，我的硬币！
皎月女神,Diana,黄金,120,51,炽烈黎明
皎月女神,Diana,白银,121,30,防护面纱
皎月女神,Diana,棱彩,122,41,全能龙魂
皎月女神,Diana,棱彩,123,42,位面转移
皎月女神,Diana,白银,124,31,注魔
皎月女神,Diana,黄金,125,52,我们的治疗
皎月女神,Diana,棱彩,126,43,物法皆修
皎月女神,Diana,棱彩,127,44,电涌力场
皎月女神,Diana,棱彩,128,45,尊我为王
皎月女神,Diana,黄金,129,53,过量延伸者
皎月女神,Diana,棱彩,130,46,属性叠属性叠属性！
皎月女神,Diana,黄金,131,54,升级：贪欲九头蛇
皎月女神,Diana,棱彩,132,47,夺金
皎月女神,Diana,黄金,133,55,升级：焚天
皎月女神,Diana,白银,134,32,转得我眩晕了
皎月女神,Diana,白银,135,33,山脉龙魂
皎月女神,Diana,棱彩,136,48,炼狱导管
皎月女神,Diana,黄金,137,56,咏叹奏鸣
皎月女神,Diana,黄金,138,57,缩小射线
皎月女神,Diana,黄金,139,58,更万用的瞄准镜
皎月女神,Diana,白银,140,34,点亮他们！
皎月女神,Diana,白银,141,35,唯快不破
皎月女神,Diana,白银,142,36,冰寒
皎月女神,Diana,棱彩,143,49,艾卡西亚的陷落
皎月女神,Diana,黄金,144,59,回力OK镖
皎月女神,Diana,棱彩,145,50,软弹啪叽抓
皎月女神,Diana,白银,146,37,万用瞄准镜
皎月女神,Diana,棱彩,147,51,男爵之手
皎月女神,Diana,白银,148,38,吵闹鬼
皎月女神,Diana,棱彩,149,52,踢踏舞
皎月女神,Diana,白银,150,39,台风
皎月女神,Diana,黄金,151,60,暴击律动
皎月女神,Diana,棱彩,152,53,终极九头蛇
皎月女神,Diana,棱彩,153,54,双刀流
皎月女神,Diana,棱彩,154,55,最万用的瞄准镜
皎月女神,Diana,棱彩,155,56,魄罗蛮冲
皎月女神,Diana,棱彩,156,57,至高天诺言
皎月女神,Diana,棱彩,157,58,风语者的祝福
皎月女神,Diana,白银,158,40,闪光弹
皎月女神,Diana,白银,159,41,闪闪现现
皎月女神,Diana,棱彩,160,59,小丑学院
皎月女神,Diana,黄金,161,61,吸血习性
皎月女神,Diana,黄金,162,62,升级：雪球
皎月女神,Diana,黄金,163,63,雪球扭蛋机
皎月女神,Diana,黄金,164,64,活力焕发
皎月女神,Diana,棱彩,165,60,灵魄炸弹
皎月女神,Diana,黄金,166,65,最终都市列车
皎月女神,Diana,白银,167,42,急救用具
皎月女神,Diana,黄金,168,66,坚韧
皎月女神,Diana,棱彩,169,61,量子计算
皎月女神,Diana,黄金,170,67,祖母的辣椒油
皎月女神,Diana,黄金,171,68,灵魂虹吸
皎月女神,Diana,黄金,172,69,会心治疗
皎月女神,Diana,黄金,173,70,魄罗爆破手
皎月女神,Diana,黄金,174,71,关键暴击
皎月女神,Diana,棱彩,175,62,蛋白粉奶昔
皎月女神,Diana,黄金,176,72,虚空冲刺
皎月女神,Diana,黄金,177,73,易损
皎月女神,Diana,白银,178,43,会心防御
皎月女神,Diana,棱彩,179,63,连拨击锤
皎月女神,Diana,棱彩,180,64,卡皮巴拉空投
皎月女神,Diana,棱彩,181,65,咒语裂变
皎月女神,Diana,白银,182,44,虹吸
皎月女神,Diana,白银,183,45,自适应防护
皎月女神,Diana,白银,184,46,天音爆
皎月女神,Diana,棱彩,185,66,魄罗之王的弹跳
皎月女神,Diana,棱彩,186,67,双发快射
皎月女神,Diana,棱彩,187,68,针插垫
皎月女神,Diana,白银,188,47,可靠武器
荣耀行刑官,Draven,黄金,1,1,升级：无尽之刃
荣耀行刑官,Draven,黄金,2,2,灵魂虹吸
荣耀行刑官,Draven,黄金,3,3,更万用的瞄准镜
荣耀行刑官,Draven,棱彩,4,1,最万用的瞄准镜
荣耀行刑官,Draven,黄金,5,4,暴击飞弹
荣耀行刑官,Draven,棱彩,6,2,巨人杀手
荣耀行刑官,Draven,白银,7,1,升级：收集者
荣耀行刑官,Draven,棱彩,8,3,双发快射
荣耀行刑官,Draven,黄金,9,5,暴击律动
荣耀行刑官,Draven,白银,10,2,万用瞄准镜
荣耀行刑官,Draven,白银,11,3,灵巧
荣耀行刑官,Draven,棱彩,12,4,双刀流
荣耀行刑官,Draven,白银,13,4,大力
荣耀行刑官,Draven,棱彩,14,5,亮出你的剑
荣耀行刑官,Draven,棱彩,15,6,连拨击锤
荣耀行刑官,Draven,棱彩,16,7,掷骰狂人
荣耀行刑官,Draven,黄金,17,6,小小的额外帮助
荣耀行刑官,Draven,黄金,18,7,关键暴击
荣耀行刑官,Draven,白银,19,5,会心防御
荣耀行刑官,Draven,黄金,20,8,质变：棱彩阶
荣耀行刑官,Draven,棱彩,21,8,回归基本功
荣耀行刑官,Draven,白银,22,6,台风
荣耀行刑官,Draven,白银,23,7,旋转至胜
荣耀行刑官,Draven,白银,24,8,渴血
荣耀行刑官,Draven,白银,25,9,魔法转物理
荣耀行刑官,Draven,黄金,26,9,穿针引线
荣耀行刑官,Draven,黄金,27,10,罪恶快感
荣耀行刑官,Draven,黄金,28,11,捐赠
荣耀行刑官,Draven,黄金,29,12,牙仙子
荣耀行刑官,Draven,棱彩,30,9,质变：混沌
荣耀行刑官,Draven,黄金,31,13,属性叠属性！
荣耀行刑官,Draven,黄金,32,14,有始有终
荣耀行刑官,Draven,棱彩,33,10,针插垫
荣耀行刑官,Draven,白银,34,10,点亮他们！
荣耀行刑官,Draven,黄金,35,15,易损
荣耀行刑官,Draven,白银,36,11,由暴生急
荣耀行刑官,Draven,棱彩,37,11,踢踏舞
荣耀行刑官,Draven,白银,38,12,质变：黄金阶
荣耀行刑官,Draven,黄金,39,16,缩小引擎
荣耀行刑官,Draven,棱彩,40,12,战争交响乐
荣耀行刑官,Draven,黄金,41,17,快步
荣耀行刑官,Draven,棱彩,42,13,珠光护手
荣耀行刑官,Draven,白银,43,13,练腿日
荣耀行刑官,Draven,白银,44,14,前进时间到
荣耀行刑官,Draven,白银,45,15,家园卫士
荣耀行刑官,Draven,棱彩,46,14,终极刷新
荣耀行刑官,Draven,黄金,47,18,夜狩
荣耀行刑官,Draven,黄金,48,19,缩小射线
荣耀行刑官,Draven,黄金,49,20,面包和黄油
荣耀行刑官,Draven,黄金,50,21,火上浇油
荣耀行刑官,Draven,棱彩,51,15,飞身踢
荣耀行刑官,Draven,棱彩,52,16,潘朵拉的盒子
荣耀行刑官,Draven,棱彩,53,17,超负荷
荣耀行刑官,Draven,棱彩,54,18,咒语裂变
荣耀行刑官,Draven,白银,55,16,大师铸就
荣耀行刑官,Draven,白银,56,17,狂热者
荣耀行刑官,Draven,棱彩,57,19,海牛阿福的勇士
荣耀行刑官,Draven,白银,58,18,炼狱龙魂
荣耀行刑官,Draven,棱彩,59,20,终极九头蛇
荣耀行刑官,Draven,棱彩,60,21,科学狂人
荣耀行刑官,Draven,白银,61,19,杀意翻涌
荣耀行刑官,Draven,棱彩,62,22,全能龙魂
荣耀行刑官,Draven,白银,63,20,逃跑计划
荣耀行刑官,Draven,棱彩,64,23,秘术冲拳
荣耀行刑官,Draven,白银,65,21,唯快不破
荣耀行刑官,Draven,黄金,66,22,老练狙神
荣耀行刑官,Draven,白银,67,22,海克斯科技龙魂
荣耀行刑官,Draven,黄金,68,23,杀戮时间到了
荣耀行刑官,Draven,白银,69,23,注魔
荣耀行刑官,Draven,棱彩,70,24,吃过路兵
荣耀行刑官,Draven,棱彩,71,25,属性叠属性叠属性！
荣耀行刑官,Draven,棱彩,72,26,终极唤醒
荣耀行刑官,Draven,黄金,73,24,急速之追求
荣耀行刑官,Draven,黄金,74,25,面包和果酱
荣耀行刑官,Draven,棱彩,75,27,夺金
荣耀行刑官,Draven,黄金,76,26,闪现向前
荣耀行刑官,Draven,黄金,77,27,心灵净化
荣耀行刑官,Draven,白银,78,24,吵闹鬼
荣耀行刑官,Draven,黄金,79,28,术士果汁盒
荣耀行刑官,Draven,棱彩,80,28,玻璃大炮
荣耀行刑官,Draven,黄金,81,29,哎哟，我的硬币！
荣耀行刑官,Draven,棱彩,82,29,精怪魔法
荣耀行刑官,Draven,黄金,83,30,面包和奶酪
荣耀行刑官,Draven,棱彩,84,30,你摸不到
荣耀行刑官,Draven,棱彩,85,31,尊我为王
荣耀行刑官,Draven,黄金,86,31,生机迸发
荣耀行刑官,Draven,白银,87,25,侵蚀
荣耀行刑官,Draven,黄金,88,32,回力OK镖
荣耀行刑官,Draven,棱彩,89,32,歌利亚巨人
荣耀行刑官,Draven,棱彩,90,33,史上最大雪球
荣耀行刑官,Draven,白银,91,26,属性！
荣耀行刑官,Draven,黄金,92,33,升级：贪欲九头蛇
荣耀行刑官,Draven,白银,93,27,海洋龙魂
荣耀行刑官,Draven,黄金,94,34,急急小子
荣耀行刑官,Draven,黄金,95,35,循环往复
荣耀行刑官,Draven,白银,96,28,防护面纱
荣耀行刑官,Draven,棱彩,97,34,最终形态
荣耀行刑官,Draven,黄金,98,36,星界躯体
荣耀行刑官,Draven,黄金,99,37,神圣干预
荣耀行刑官,Draven,棱彩,100,35,扳机炼狱
荣耀行刑官,Draven,黄金,101,38,轻拍背部
荣耀行刑官,Draven,白银,102,29,扇巴掌
荣耀行刑官,Draven,黄金,103,39,黎明使者的坚决
荣耀行刑官,Draven,黄金,104,40,魔法飞弹
荣耀行刑官,Draven,黄金,105,41,坦克引擎
荣耀行刑官,Draven,棱彩,106,36,男爵之手
荣耀行刑官,Draven,黄金,107,42,虚幻武器
荣耀行刑官,Draven,棱彩,108,37,大招工具人
荣耀行刑官,Draven,白银,109,30,终极不可阻挡
荣耀行刑官,Draven,棱彩,110,38,巨像的勇气
荣耀行刑官,Draven,黄金,111,43,无尽大杀四方
荣耀行刑官,Draven,棱彩,112,39,利刃华尔兹
荣耀行刑官,Draven,棱彩,113,40,濒死悟道
荣耀行刑官,Draven,白银,114,31,重量级打击手
荣耀行刑官,Draven,黄金,115,44,吞噬灵魂
荣耀行刑官,Draven,黄金,116,45,藏身草丛
荣耀行刑官,Draven,白银,117,32,转得我眩晕了
荣耀行刑官,Draven,棱彩,118,41,泰坦的坚决
荣耀行刑官,Draven,黄金,119,46,不动如山
荣耀行刑官,Draven,黄金,120,47,咏叹奏鸣
荣耀行刑官,Draven,棱彩,121,42,神圣雪球
荣耀行刑官,Draven,棱彩,122,43,飞升仪式
荣耀行刑官,Draven,黄金,123,48,尖端发明家
荣耀行刑官,Draven,白银,124,33,山脉龙魂
荣耀行刑官,Draven,黄金,125,49,鲨鱼暴风
荣耀行刑官,Draven,黄金,126,50,弹球
荣耀行刑官,Draven,白银,127,34,火狐
荣耀行刑官,Draven,棱彩,128,44,大法师
荣耀行刑官,Draven,棱彩,129,45,炼狱导管
荣耀行刑官,Draven,棱彩,130,46,无限循环往复
荣耀行刑官,Draven,棱彩,131,47,魄罗蛮冲
荣耀行刑官,Draven,黄金,132,51,自然即是治愈
荣耀行刑官,Draven,黄金,133,52,我们的治疗
荣耀行刑官,Draven,黄金,134,53,鲨鱼诱饵
荣耀行刑官,Draven,黄金,135,54,冰雪爆裂
荣耀行刑官,Draven,黄金,136,55,炽烈黎明
荣耀行刑官,Draven,黄金,137,56,溢流
荣耀行刑官,Draven,棱彩,138,48,电涌力场
荣耀行刑官,Draven,白银,139,35,俯冲轰炸
荣耀行刑官,Draven,黄金,140,57,豪猪
荣耀行刑官,Draven,棱彩,141,49,位面转移
荣耀行刑官,Draven,黄金,142,58,过量延伸者
荣耀行刑官,Draven,黄金,143,59,钢化你心
荣耀行刑官,Draven,白银,144,36,下雪天
荣耀行刑官,Draven,黄金,145,60,吸血习性
荣耀行刑官,Draven,黄金,146,61,狙神飞星
荣耀行刑官,Draven,棱彩,147,50,软弹啪叽抓
荣耀行刑官,Draven,白银,148,37,冰寒
荣耀行刑官,Draven,黄金,149,62,高压锅
荣耀行刑官,Draven,白银,150,38,由心及物
荣耀行刑官,Draven,白银,151,39,纯粹主义者 - 术师
荣耀行刑官,Draven,黄金,152,63,威能之追求
荣耀行刑官,Draven,黄金,153,64,升级：焚天
荣耀行刑官,Draven,黄金,154,65,会心治疗
荣耀行刑官,Draven,黄金,155,66,活力焕发
荣耀行刑官,Draven,棱彩,156,51,小丑学院
荣耀行刑官,Draven,棱彩,157,52,和我一起困在这里
荣耀行刑官,Draven,黄金,158,67,魄罗爆破手
荣耀行刑官,Draven,黄金,159,68,坚韧
荣耀行刑官,Draven,棱彩,160,53,量子计算
荣耀行刑官,Draven,白银,161,40,闪闪现现
荣耀行刑官,Draven,棱彩,162,54,至高天诺言
荣耀行刑官,Draven,黄金,163,69,升级：雪球
荣耀行刑官,Draven,棱彩,164,55,升级：花晓之剑
荣耀行刑官,Draven,棱彩,165,56,魄罗之王的弹跳
荣耀行刑官,Draven,白银,166,41,叠角龙
荣耀行刑官,Draven,白银,167,42,升级：献祭
荣耀行刑官,Draven,白银,168,43,坚若磐石
荣耀行刑官,Draven,棱彩,169,57,艾卡西亚的陷落
荣耀行刑官,Draven,棱彩,170,58,舞会女王
荣耀行刑官,Draven,棱彩,171,59,？？？
荣耀行刑官,Draven,黄金,172,70,升级：耀光
荣耀行刑官,Draven,棱彩,173,60,多重射击
荣耀行刑官,Draven,黄金,174,71,连锁反应
荣耀行刑官,Draven,棱彩,175,61,灵魄炸弹
祖安狂人,DrMundo,黄金,1,1,坦克引擎
祖安狂人,DrMundo,白银,2,1,重量级打击手
祖安狂人,DrMundo,棱彩,3,1,飞身踢
祖安狂人,DrMundo,黄金,4,2,钢化你心
祖安狂人,DrMundo,黄金,5,3,星界躯体
祖安狂人,DrMundo,棱彩,6,2,歌利亚巨人
祖安狂人,DrMundo,黄金,7,4,黎明使者的坚决
祖安狂人,DrMundo,黄金,8,5,高压锅
祖安狂人,DrMundo,白银,9,2,升级：献祭
祖安狂人,DrMundo,白银,10,3,大力
祖安狂人,DrMundo,棱彩,11,3,死亡之环
祖安狂人,DrMundo,棱彩,12,4,泰坦的坚决
祖安狂人,DrMundo,黄金,13,6,质变：棱彩阶
祖安狂人,DrMundo,棱彩,14,5,最终形态
祖安狂人,DrMundo,棱彩,15,6,艾卡西亚的陷落
祖安狂人,DrMundo,黄金,16,7,生机迸发
祖安狂人,DrMundo,白银,17,4,逃跑计划
祖安狂人,DrMundo,白银,18,5,质变：黄金阶
祖安狂人,DrMundo,白银,19,6,渴血
祖安狂人,DrMundo,黄金,20,8,邦！
祖安狂人,DrMundo,棱彩,21,7,和我一起困在这里
祖安狂人,DrMundo,黄金,22,9,豪猪
祖安狂人,DrMundo,白银,23,7,练腿日
祖安狂人,DrMundo,黄金,24,10,无尽大杀四方
祖安狂人,DrMundo,黄金,25,11,尖端发明家
祖安狂人,DrMundo,白银,26,8,大师铸就
祖安狂人,DrMundo,棱彩,27,8,掷骰狂人
祖安狂人,DrMundo,棱彩,28,9,咒语裂变
祖安狂人,DrMundo,黄金,29,12,循环往复
祖安狂人,DrMundo,黄金,30,13,属性叠属性！
祖安狂人,DrMundo,黄金,31,14,捐赠
祖安狂人,DrMundo,棱彩,32,10,科学狂人
祖安狂人,DrMundo,棱彩,33,11,质变：混沌
祖安狂人,DrMundo,白银,34,9,杀意翻涌
祖安狂人,DrMundo,白银,35,10,虹吸
祖安狂人,DrMundo,黄金,36,15,惊惧
祖安狂人,DrMundo,棱彩,37,12,终极刷新
祖安狂人,DrMundo,白银,38,11,终极不可阻挡
祖安狂人,DrMundo,黄金,39,16,自然即是治愈
祖安狂人,DrMundo,棱彩,40,13,你摸不到
祖安狂人,DrMundo,白银,41,12,自适应防护
祖安狂人,DrMundo,黄金,42,17,小小的额外帮助
祖安狂人,DrMundo,黄金,43,18,急速之追求
祖安狂人,DrMundo,黄金,44,19,面包和黄油
祖安狂人,DrMundo,黄金,45,20,我们的治疗
祖安狂人,DrMundo,棱彩,46,14,终极唤醒
祖安狂人,DrMundo,黄金,47,21,更万用的瞄准镜
祖安狂人,DrMundo,白银,48,13,俯冲轰炸
祖安狂人,DrMundo,白银,49,14,前进时间到
祖安狂人,DrMundo,白银,50,15,魔法转物理
祖安狂人,DrMundo,黄金,51,22,威能之追求
祖安狂人,DrMundo,黄金,52,23,神圣干预
祖安狂人,DrMundo,黄金,53,24,虚幻武器
祖安狂人,DrMundo,棱彩,54,15,多重射击
祖安狂人,DrMundo,棱彩,55,16,秘术冲拳
祖安狂人,DrMundo,棱彩,56,17,史上最大雪球
祖安狂人,DrMundo,黄金,57,25,轻拍背部
祖安狂人,DrMundo,黄金,58,26,心灵净化
祖安狂人,DrMundo,黄金,59,27,弹球
祖安狂人,DrMundo,黄金,60,28,面包和奶酪
祖安狂人,DrMundo,黄金,61,29,冰雪爆裂
祖安狂人,DrMundo,白银,62,16,可靠武器
祖安狂人,DrMundo,白银,63,17,下雪天
祖安狂人,DrMundo,棱彩,64,18,潘朵拉的盒子
祖安狂人,DrMundo,黄金,65,30,缩小射线
祖安狂人,DrMundo,黄金,66,31,罪恶快感
祖安狂人,DrMundo,白银,67,18,属性！
祖安狂人,DrMundo,白银,68,19,万用瞄准镜
祖安狂人,DrMundo,白银,69,20,山脉龙魂
祖安狂人,DrMundo,棱彩,70,19,针插垫
祖安狂人,DrMundo,黄金,71,32,鲨鱼暴风
祖安狂人,DrMundo,棱彩,72,20,吃过路兵
祖安狂人,DrMundo,黄金,73,33,缩小引擎
祖安狂人,DrMundo,白银,74,21,侵蚀
祖安狂人,DrMundo,黄金,75,34,火上浇油
祖安狂人,DrMundo,黄金,76,35,升级：焚天
祖安狂人,DrMundo,棱彩,77,21,软弹啪叽抓
祖安狂人,DrMundo,白银,78,22,家园卫士
祖安狂人,DrMundo,棱彩,79,22,最万用的瞄准镜
祖安狂人,DrMundo,黄金,80,36,咏叹奏鸣
祖安狂人,DrMundo,棱彩,81,23,超负荷
祖安狂人,DrMundo,黄金,82,37,面包和果酱
祖安狂人,DrMundo,黄金,83,38,哎哟，我的硬币！
祖安狂人,DrMundo,棱彩,84,24,全能龙魂
祖安狂人,DrMundo,白银,85,23,海洋龙魂
祖安狂人,DrMundo,棱彩,86,25,尊我为王
祖安狂人,DrMundo,棱彩,87,26,终极九头蛇
祖安狂人,DrMundo,黄金,88,39,升级：贪欲九头蛇
祖安狂人,DrMundo,棱彩,89,27,扳机炼狱
祖安狂人,DrMundo,棱彩,90,28,神圣雪球
祖安狂人,DrMundo,黄金,91,40,闪现向前
祖安狂人,DrMundo,白银,92,24,转得我眩晕了
祖安狂人,DrMundo,白银,93,25,炼狱龙魂
祖安狂人,DrMundo,棱彩,94,29,濒死悟道
祖安狂人,DrMundo,黄金,95,41,鲨鱼诱饵
祖安狂人,DrMundo,棱彩,96,30,舞会女王
祖安狂人,DrMundo,棱彩,97,31,属性叠属性叠属性！
祖安狂人,DrMundo,黄金,98,42,杀戮时间到了
祖安狂人,DrMundo,棱彩,99,32,利刃华尔兹
祖安狂人,DrMundo,棱彩,100,33,无限循环往复
祖安狂人,DrMundo,白银,101,26,海克斯科技龙魂
祖安狂人,DrMundo,白银,102,27,冰寒
祖安狂人,DrMundo,白银,103,28,台风
祖安狂人,DrMundo,棱彩,104,34,海牛阿福的勇士
祖安狂人,DrMundo,白银,105,29,吵闹鬼
祖安狂人,DrMundo,白银,106,30,防护面纱
祖安狂人,DrMundo,棱彩,107,35,双刀流
祖安狂人,DrMundo,黄金,108,43,过量延伸者
祖安狂人,DrMundo,棱彩,109,36,风语者的祝福
祖安狂人,DrMundo,黄金,110,44,术士果汁盒
祖安狂人,DrMundo,黄金,111,45,急急小子
祖安狂人,DrMundo,棱彩,112,37,大招工具人
祖安狂人,DrMundo,黄金,113,46,夜狩
祖安狂人,DrMundo,棱彩,114,38,飞升仪式
祖安狂人,DrMundo,棱彩,115,39,至高天诺言
祖安狂人,DrMundo,白银,116,31,升级：死亡之舞
祖安狂人,DrMundo,黄金,117,47,回力OK镖
祖安狂人,DrMundo,白银,118,32,灵巧
祖安狂人,DrMundo,棱彩,119,40,空投熊
祖安狂人,DrMundo,棱彩,120,41,连拨击锤
祖安狂人,DrMundo,棱彩,121,42,战争交响乐
祖安狂人,DrMundo,棱彩,122,43,巨人杀手
祖安狂人,DrMundo,棱彩,123,44,大法师
祖安狂人,DrMundo,黄金,124,48,穿针引线
祖安狂人,DrMundo,棱彩,125,45,夺金
祖安狂人,DrMundo,黄金,126,49,有始有终
祖安狂人,DrMundo,白银,127,33,唯快不破
祖安狂人,DrMundo,黄金,128,50,牙仙子
祖安狂人,DrMundo,黄金,129,51,升级：无尽之刃
祖安狂人,DrMundo,棱彩,130,46,男爵之手
祖安狂人,DrMundo,白银,131,34,火狐
祖安狂人,DrMundo,棱彩,132,47,回归基本功
祖安狂人,DrMundo,黄金,133,52,魔法飞弹
祖安狂人,DrMundo,黄金,134,53,炽烈黎明
祖安狂人,DrMundo,棱彩,135,48,电涌力场
祖安狂人,DrMundo,棱彩,136,49,珠光护手
祖安狂人,DrMundo,黄金,137,54,坚韧
祖安狂人,DrMundo,棱彩,138,50,魄罗蛮冲
祖安狂人,DrMundo,棱彩,139,51,炼狱导管
祖安狂人,DrMundo,白银,140,35,点亮他们！
祖安狂人,DrMundo,棱彩,141,52,位面转移
祖安狂人,DrMundo,棱彩,142,53,踢踏舞
祖安狂人,DrMundo,黄金,143,55,超凡邪恶
祖安狂人,DrMundo,白银,144,36,纯粹主义者 - 术师
祖安狂人,DrMundo,白银,145,37,双生火焰
祖安狂人,DrMundo,黄金,146,56,藏身草丛
祖安狂人,DrMundo,白银,147,38,升级：收集者
祖安狂人,DrMundo,黄金,148,57,升级：耀光
祖安狂人,DrMundo,棱彩,149,54,蛋白粉奶昔
祖安狂人,DrMundo,黄金,150,58,会心治疗
祖安狂人,DrMundo,黄金,151,59,狙神飞星
祖安狂人,DrMundo,白银,152,39,急救用具
祖安狂人,DrMundo,棱彩,153,55,灵魄炸弹
祖安狂人,DrMundo,黄金,154,60,活力焕发
祖安狂人,DrMundo,棱彩,155,56,玻璃大炮
祖安狂人,DrMundo,黄金,156,61,升级：雪球
祖安狂人,DrMundo,白银,157,40,强力护盾
祖安狂人,DrMundo,白银,158,41,会心防御
祖安狂人,DrMundo,白银,159,42,闪闪现现
祖安狂人,DrMundo,黄金,160,62,关键暴击
祖安狂人,DrMundo,棱彩,161,57,量子计算
祖安狂人,DrMundo,黄金,162,63,雪球扭蛋机
祖安狂人,DrMundo,白银,163,43,叠角龙
祖安狂人,DrMundo,黄金,164,64,最终都市列车
祖安狂人,DrMundo,白银,165,44,闪光弹
祖安狂人,DrMundo,棱彩,166,58,小丑学院
祖安狂人,DrMundo,棱彩,167,59,激光治疗
祖安狂人,DrMundo,黄金,168,65,灵魂虹吸
祖安狂人,DrMundo,黄金,169,66,易损
祖安狂人,DrMundo,黄金,170,67,仁慈打击
祖安狂人,DrMundo,黄金,171,68,喂呜喂呜
祖安狂人,DrMundo,黄金,172,69,吸血习性
祖安狂人,DrMundo,棱彩,173,60,魄罗之王的弹跳
祖安狂人,DrMundo,黄金,174,70,魄罗爆破手
祖安狂人,DrMundo,白银,175,45,主玩辅助
祖安狂人,DrMundo,棱彩,176,61,？？？
祖安狂人,DrMundo,白银,177,46,由暴生急
时间刺客,Ekko,黄金,1,1,虚幻武器
时间刺客,Ekko,白银,2,1,暗影疾奔
时间刺客,Ekko,黄金,3,2,术士果汁盒
时间刺客,Ekko,棱彩,4,1,尤里卡
时间刺客,Ekko,黄金,5,3,穿针引线
时间刺客,Ekko,棱彩,6,2,全凭身法
时间刺客,Ekko,黄金,7,4,超凡邪恶
时间刺客,Ekko,黄金,8,5,牙仙子
时间刺客,Ekko,白银,9,2,巫师式思考
时间刺客,Ekko,白银,10,3,渴血
时间刺客,Ekko,黄金,11,6,夜狩
时间刺客,Ekko,白银,12,4,升级：中娅
时间刺客,Ekko,黄金,13,7,神射法师
时间刺客,Ekko,黄金,14,8,超强大脑
时间刺客,Ekko,棱彩,15,3,无限循环往复
时间刺客,Ekko,棱彩,16,4,沃格勒特的巫师帽
时间刺客,Ekko,棱彩,17,5,咒语裂变
时间刺客,Ekko,棱彩,18,6,大法师
时间刺客,Ekko,黄金,19,9,质变：棱彩阶
时间刺客,Ekko,棱彩,20,7,飞升仪式
时间刺客,Ekko,黄金,21,10,急速之追求
时间刺客,Ekko,白银,22,5,纯粹主义者 - 术师
时间刺客,Ekko,黄金,23,11,循环往复
时间刺客,Ekko,黄金,24,12,魔法飞弹
时间刺客,Ekko,黄金,25,13,狂徒豪气
时间刺客,Ekko,黄金,26,14,罪恶快感
时间刺客,Ekko,棱彩,27,8,利刃华尔兹
时间刺客,Ekko,棱彩,28,9,终极刷新
时间刺客,Ekko,棱彩,29,10,最终形态
时间刺客,Ekko,黄金,30,15,威能之追求
时间刺客,Ekko,棱彩,31,11,吃过路兵
时间刺客,Ekko,棱彩,32,12,终极唤醒
时间刺客,Ekko,黄金,33,16,缩小引擎
时间刺客,Ekko,白银,34,6,质变：黄金阶
时间刺客,Ekko,白银,35,7,杀意翻涌
时间刺客,Ekko,棱彩,36,13,多重射击
时间刺客,Ekko,黄金,37,17,无尽大杀四方
时间刺客,Ekko,白银,38,8,物理转魔法
时间刺客,Ekko,白银,39,9,逃跑计划
时间刺客,Ekko,白银,40,10,快中求稳
时间刺客,Ekko,黄金,41,18,面包和奶酪
时间刺客,Ekko,棱彩,42,14,珠光护手
时间刺客,Ekko,棱彩,43,15,大地苏醒
时间刺客,Ekko,黄金,44,19,面包和黄油
时间刺客,Ekko,黄金,45,20,有始有终
时间刺客,Ekko,黄金,46,21,升级：耀光
时间刺客,Ekko,白银,47,11,练腿日
时间刺客,Ekko,棱彩,48,16,掷骰狂人
时间刺客,Ekko,黄金,49,22,捐赠
时间刺客,Ekko,棱彩,50,17,巨人杀手
时间刺客,Ekko,黄金,51,23,属性叠属性！
时间刺客,Ekko,棱彩,52,18,史上最大雪球
时间刺客,Ekko,黄金,53,24,急急小子
时间刺客,Ekko,白银,54,12,大师铸就
时间刺客,Ekko,白银,55,13,火狐
时间刺客,Ekko,白银,56,14,双生火焰
时间刺客,Ekko,白银,57,15,由心及物
时间刺客,Ekko,白银,58,16,唯快不破
时间刺客,Ekko,白银,59,17,家园卫士
时间刺客,Ekko,棱彩,60,19,超负荷
时间刺客,Ekko,黄金,61,25,溢流
时间刺客,Ekko,黄金,62,26,藏身草丛
时间刺客,Ekko,棱彩,63,20,质变：混沌
时间刺客,Ekko,黄金,64,27,杀戮时间到了
时间刺客,Ekko,黄金,65,28,闪现向前
时间刺客,Ekko,白银,66,18,狂热者
时间刺客,Ekko,棱彩,67,21,濒死悟道
时间刺客,Ekko,白银,68,19,炼狱龙魂
时间刺客,Ekko,黄金,69,29,尖端发明家
时间刺客,Ekko,棱彩,70,22,秘术冲拳
时间刺客,Ekko,棱彩,71,23,潘朵拉的盒子
时间刺客,Ekko,黄金,72,30,弹球
时间刺客,Ekko,白银,73,20,俯冲轰炸
时间刺客,Ekko,棱彩,74,24,科学狂人
时间刺客,Ekko,黄金,75,31,面包和果酱
时间刺客,Ekko,黄金,76,32,冰雪爆裂
时间刺客,Ekko,棱彩,77,25,飞身踢
时间刺客,Ekko,白银,78,21,下雪天
时间刺客,Ekko,黄金,79,33,轻拍背部
时间刺客,Ekko,棱彩,80,26,玻璃大炮
时间刺客,Ekko,棱彩,81,27,歌利亚巨人
时间刺客,Ekko,白银,82,22,海洋龙魂
时间刺客,Ekko,黄金,83,34,神圣干预
时间刺客,Ekko,黄金,84,35,心灵净化
时间刺客,Ekko,棱彩,85,28,不祥契约
时间刺客,Ekko,白银,86,23,防护面纱
时间刺客,Ekko,白银,87,24,终极不可阻挡
时间刺客,Ekko,黄金,88,36,鲨鱼暴风
时间刺客,Ekko,棱彩,89,29,你摸不到
时间刺客,Ekko,棱彩,90,30,尊我为王
时间刺客,Ekko,白银,91,25,注魔
时间刺客,Ekko,棱彩,92,31,海牛阿福的勇士
时间刺客,Ekko,棱彩,93,32,扳机炼狱
时间刺客,Ekko,棱彩,94,33,回归基本功
时间刺客,Ekko,棱彩,95,34,大招工具人
时间刺客,Ekko,白银,96,26,海克斯科技龙魂
时间刺客,Ekko,黄金,97,37,哎哟，我的硬币！
时间刺客,Ekko,棱彩,98,35,神圣雪球
时间刺客,Ekko,棱彩,99,36,空投熊
时间刺客,Ekko,白银,100,27,侵蚀
时间刺客,Ekko,棱彩,101,37,和我一起困在这里
时间刺客,Ekko,棱彩,102,38,战争交响乐
时间刺客,Ekko,棱彩,103,39,全能龙魂
时间刺客,Ekko,棱彩,104,40,位面转移
时间刺客,Ekko,黄金,105,38,生机迸发
时间刺客,Ekko,黄金,106,39,更万用的瞄准镜
时间刺客,Ekko,白银,107,28,属性！
时间刺客,Ekko,黄金,108,40,坦克引擎
时间刺客,Ekko,棱彩,109,41,属性叠属性叠属性！
时间刺客,Ekko,黄金,110,41,炽烈黎明
时间刺客,Ekko,棱彩,111,42,夺金
时间刺客,Ekko,白银,112,29,冰寒
时间刺客,Ekko,黄金,113,42,钢化你心
时间刺客,Ekko,黄金,114,43,过量延伸者
时间刺客,Ekko,白银,115,30,扇巴掌
时间刺客,Ekko,黄金,116,44,不动如山
时间刺客,Ekko,黄金,117,45,黎明使者的坚决
时间刺客,Ekko,黄金,118,46,自然即是治愈
时间刺客,Ekko,棱彩,119,43,精怪魔法
时间刺客,Ekko,棱彩,120,44,泰坦的坚决
时间刺客,Ekko,黄金,121,47,缩小射线
时间刺客,Ekko,黄金,122,48,火上浇油
时间刺客,Ekko,黄金,123,49,吞噬灵魂
时间刺客,Ekko,黄金,124,50,回力OK镖
时间刺客,Ekko,棱彩,125,45,残忍
时间刺客,Ekko,棱彩,126,46,舞会女王
时间刺客,Ekko,黄金,127,51,升级：贪欲九头蛇
时间刺客,Ekko,白银,128,31,灵巧
时间刺客,Ekko,棱彩,129,47,物法皆修
时间刺客,Ekko,棱彩,130,48,男爵之手
时间刺客,Ekko,白银,131,32,万用瞄准镜
时间刺客,Ekko,棱彩,132,49,炼狱导管
时间刺客,Ekko,白银,133,33,重量级打击手
时间刺客,Ekko,白银,134,34,转得我眩晕了
时间刺客,Ekko,白银,135,35,山脉龙魂
时间刺客,Ekko,黄金,136,52,咏叹奏鸣
时间刺客,Ekko,黄金,137,53,升级：焚天
时间刺客,Ekko,黄金,138,54,星界躯体
时间刺客,Ekko,黄金,139,55,豪猪
时间刺客,Ekko,棱彩,140,50,巨像的勇气
时间刺客,Ekko,棱彩,141,51,最万用的瞄准镜
时间刺客,Ekko,白银,142,36,点亮他们！
时间刺客,Ekko,白银,143,37,吵闹鬼
时间刺客,Ekko,棱彩,144,52,电涌力场
时间刺客,Ekko,黄金,145,56,我们的治疗
时间刺客,Ekko,黄金,146,57,高压锅
时间刺客,Ekko,棱彩,147,53,魄罗蛮冲
时间刺客,Ekko,棱彩,148,54,软弹啪叽抓
时间刺客,Ekko,棱彩,149,55,踢踏舞
时间刺客,Ekko,白银,150,38,升级：献祭
时间刺客,Ekko,棱彩,151,56,艾卡西亚的陷落
时间刺客,Ekko,黄金,152,58,吸血习性
时间刺客,Ekko,白银,153,39,闪光弹
时间刺客,Ekko,棱彩,154,57,小丑学院
时间刺客,Ekko,白银,155,40,闪闪现现
时间刺客,Ekko,黄金,156,59,升级：雪球
时间刺客,Ekko,黄金,157,60,活力焕发
时间刺客,Ekko,黄金,158,61,关键暴击
时间刺客,Ekko,黄金,159,62,雪球扭蛋机
时间刺客,Ekko,黄金,160,63,易损
时间刺客,Ekko,黄金,161,64,祖母的辣椒油
时间刺客,Ekko,黄金,162,65,灵魂虹吸
时间刺客,Ekko,黄金,163,66,坚韧
时间刺客,Ekko,黄金,164,67,会心治疗
时间刺客,Ekko,白银,165,41,坚若磐石
时间刺客,Ekko,黄金,166,68,最终都市列车
时间刺客,Ekko,黄金,167,69,虚空冲刺
时间刺客,Ekko,棱彩,168,58,量子计算
时间刺客,Ekko,白银,169,42,会心防御
时间刺客,Ekko,黄金,170,70,魄罗爆破手
时间刺客,Ekko,棱彩,171,59,连拨击锤
时间刺客,Ekko,黄金,172,71,鲨鱼诱饵
时间刺客,Ekko,白银,173,43,虹吸
时间刺客,Ekko,白银,174,44,台风
时间刺客,Ekko,棱彩,175,60,双刀流
时间刺客,Ekko,黄金,176,72,贪欲束缚
时间刺客,Ekko,黄金,177,73,暴击律动
时间刺客,Ekko,棱彩,178,61,升级：花晓之剑
时间刺客,Ekko,黄金,179,74,喂呜喂呜
时间刺客,Ekko,白银,180,45,叠角龙
时间刺客,Ekko,棱彩,181,62,蛋白粉奶昔
时间刺客,Ekko,棱彩,182,63,至高天诺言
时间刺客,Ekko,棱彩,183,64,卡皮巴拉空投
时间刺客,Ekko,棱彩,184,65,信念者的强化
时间刺客,Ekko,棱彩,185,66,你肩上的恶魔
时间刺客,Ekko,棱彩,186,67,双发快射
时间刺客,Ekko,白银,187,46,可靠武器
时间刺客,Ekko,白银,188,47,自适应防护
蜘蛛女皇,Elise,黄金,1,1,术士果汁盒
蜘蛛女皇,Elise,黄金,2,2,神射法师
蜘蛛女皇,Elise,棱彩,3,1,尤里卡
蜘蛛女皇,Elise,黄金,4,3,穿针引线
蜘蛛女皇,Elise,白银,5,1,巫师式思考
蜘蛛女皇,Elise,黄金,6,4,魔法飞弹
蜘蛛女皇,Elise,黄金,7,5,超凡邪恶
蜘蛛女皇,Elise,白银,8,2,渴血
蜘蛛女皇,Elise,棱彩,9,2,大法师
蜘蛛女皇,Elise,黄金,10,6,牙仙子
蜘蛛女皇,Elise,黄金,11,7,虚幻武器
蜘蛛女皇,Elise,棱彩,12,3,炼狱导管
蜘蛛女皇,Elise,棱彩,13,4,沃格勒特的巫师帽
蜘蛛女皇,Elise,白银,14,3,升级：中娅
蜘蛛女皇,Elise,棱彩,15,5,无限循环往复
蜘蛛女皇,Elise,白银,16,4,暗影疾奔
蜘蛛女皇,Elise,黄金,17,8,质变：棱彩阶
蜘蛛女皇,Elise,白银,18,5,纯粹主义者 - 术师
蜘蛛女皇,Elise,黄金,19,9,急速之追求
蜘蛛女皇,Elise,黄金,20,10,超强大脑
蜘蛛女皇,Elise,黄金,21,11,循环往复
蜘蛛女皇,Elise,黄金,22,12,夜狩
蜘蛛女皇,Elise,黄金,23,13,威能之追求
蜘蛛女皇,Elise,棱彩,24,6,全凭身法
蜘蛛女皇,Elise,棱彩,25,7,不祥契约
蜘蛛女皇,Elise,白银,26,6,质变：黄金阶
蜘蛛女皇,Elise,黄金,27,14,急急小子
蜘蛛女皇,Elise,黄金,28,15,缩小引擎
蜘蛛女皇,Elise,白银,29,7,物理转魔法
蜘蛛女皇,Elise,白银,30,8,逃跑计划
蜘蛛女皇,Elise,棱彩,31,8,掷骰狂人
蜘蛛女皇,Elise,白银,32,9,由心及物
蜘蛛女皇,Elise,棱彩,33,9,空投熊
蜘蛛女皇,Elise,棱彩,34,10,科学狂人
蜘蛛女皇,Elise,棱彩,35,11,全能龙魂
蜘蛛女皇,Elise,棱彩,36,12,三重射击
蜘蛛女皇,Elise,棱彩,37,13,珠光护手
蜘蛛女皇,Elise,黄金,38,16,狙神飞星
蜘蛛女皇,Elise,黄金,39,17,贪欲束缚
蜘蛛女皇,Elise,棱彩,40,14,残忍
蜘蛛女皇,Elise,黄金,41,18,面包和果酱
蜘蛛女皇,Elise,棱彩,42,15,利刃华尔兹
蜘蛛女皇,Elise,白银,43,10,双生火焰
蜘蛛女皇,Elise,棱彩,44,16,吃过路兵
蜘蛛女皇,Elise,棱彩,45,17,超负荷
蜘蛛女皇,Elise,白银,46,11,杀意翻涌
蜘蛛女皇,Elise,黄金,47,19,老练狙神
蜘蛛女皇,Elise,黄金,48,20,仆从大师
蜘蛛女皇,Elise,白银,49,12,海克斯科技龙魂
蜘蛛女皇,Elise,棱彩,50,18,史上最大雪球
蜘蛛女皇,Elise,白银,51,13,扇巴掌
蜘蛛女皇,Elise,棱彩,52,19,质变：混沌
蜘蛛女皇,Elise,白银,53,14,大师铸就
蜘蛛女皇,Elise,白银,54,15,炼狱龙魂
蜘蛛女皇,Elise,黄金,55,21,有始有终
蜘蛛女皇,Elise,白银,56,16,注魔
蜘蛛女皇,Elise,黄金,57,22,藏身草丛
蜘蛛女皇,Elise,棱彩,58,20,巨人杀手
蜘蛛女皇,Elise,黄金,59,23,面包和黄油
蜘蛛女皇,Elise,白银,60,17,家园卫士
蜘蛛女皇,Elise,黄金,61,24,面包和奶酪
蜘蛛女皇,Elise,棱彩,62,21,你摸不到
蜘蛛女皇,Elise,白银,63,18,火狐
蜘蛛女皇,Elise,黄金,64,25,捐赠
蜘蛛女皇,Elise,白银,65,19,练腿日
蜘蛛女皇,Elise,黄金,66,26,罪恶快感
蜘蛛女皇,Elise,棱彩,67,22,潘朵拉的盒子
蜘蛛女皇,Elise,黄金,68,27,属性叠属性！
蜘蛛女皇,Elise,白银,69,20,俯冲轰炸
蜘蛛女皇,Elise,白银,70,21,海洋龙魂
蜘蛛女皇,Elise,白银,71,22,侵蚀
蜘蛛女皇,Elise,白银,72,23,防护面纱
蜘蛛女皇,Elise,黄金,73,28,弹球
蜘蛛女皇,Elise,黄金,74,29,冰雪爆裂
蜘蛛女皇,Elise,黄金,75,30,狂徒豪气
蜘蛛女皇,Elise,棱彩,76,23,飞身踢
蜘蛛女皇,Elise,棱彩,77,24,最终形态
蜘蛛女皇,Elise,黄金,78,31,溢流
蜘蛛女皇,Elise,棱彩,79,25,玻璃大炮
蜘蛛女皇,Elise,棱彩,80,26,歌利亚巨人
蜘蛛女皇,Elise,黄金,81,32,鲨鱼暴风
蜘蛛女皇,Elise,白银,82,24,下雪天
蜘蛛女皇,Elise,棱彩,83,27,战争交响乐
蜘蛛女皇,Elise,黄金,84,33,升级：耀光
蜘蛛女皇,Elise,白银,85,25,冰寒
蜘蛛女皇,Elise,黄金,86,34,心灵净化
蜘蛛女皇,Elise,白银,87,26,快中求稳
蜘蛛女皇,Elise,棱彩,88,28,秘术冲拳
蜘蛛女皇,Elise,棱彩,89,29,位面转移
蜘蛛女皇,Elise,黄金,90,35,吞噬灵魂
蜘蛛女皇,Elise,棱彩,91,30,巨像的勇气
蜘蛛女皇,Elise,黄金,92,36,闪现向前
蜘蛛女皇,Elise,黄金,93,37,轻拍背部
蜘蛛女皇,Elise,棱彩,94,31,海牛阿福的勇士
蜘蛛女皇,Elise,黄金,95,38,哎哟，我的硬币！
蜘蛛女皇,Elise,棱彩,96,32,大地苏醒
蜘蛛女皇,Elise,黄金,97,39,尖端发明家
蜘蛛女皇,Elise,棱彩,98,33,扳机炼狱
蜘蛛女皇,Elise,白银,99,27,属性！
蜘蛛女皇,Elise,棱彩,100,34,神圣雪球
蜘蛛女皇,Elise,棱彩,101,35,属性叠属性叠属性！
蜘蛛女皇,Elise,黄金,102,40,回力OK镖
蜘蛛女皇,Elise,棱彩,103,36,夺金
蜘蛛女皇,Elise,黄金,104,41,不动如山
蜘蛛女皇,Elise,黄金,105,42,鲨鱼诱饵
蜘蛛女皇,Elise,白银,106,28,终极不可阻挡
蜘蛛女皇,Elise,棱彩,107,37,尊我为王
蜘蛛女皇,Elise,黄金,108,43,生机迸发
蜘蛛女皇,Elise,黄金,109,44,神圣干预
蜘蛛女皇,Elise,白银,110,29,灵巧
蜘蛛女皇,Elise,棱彩,111,38,男爵之手
蜘蛛女皇,Elise,黄金,112,45,火上浇油
蜘蛛女皇,Elise,黄金,113,46,炽烈黎明
蜘蛛女皇,Elise,棱彩,114,39,飞升仪式
蜘蛛女皇,Elise,黄金,115,47,坦克引擎
蜘蛛女皇,Elise,黄金,116,48,咏叹奏鸣
蜘蛛女皇,Elise,黄金,117,49,无尽大杀四方
蜘蛛女皇,Elise,黄金,118,50,黎明使者的坚决
蜘蛛女皇,Elise,棱彩,119,40,物法皆修
蜘蛛女皇,Elise,白银,120,30,转得我眩晕了
蜘蛛女皇,Elise,棱彩,121,41,泰坦的坚决
蜘蛛女皇,Elise,棱彩,122,42,魄罗蛮冲
蜘蛛女皇,Elise,黄金,123,51,缩小射线
蜘蛛女皇,Elise,白银,124,31,山脉龙魂
蜘蛛女皇,Elise,黄金,125,52,自然即是治愈
蜘蛛女皇,Elise,白银,126,32,唯快不破
蜘蛛女皇,Elise,白银,127,33,重量级打击手
蜘蛛女皇,Elise,黄金,128,53,星界躯体
蜘蛛女皇,Elise,白银,129,34,点亮他们！
蜘蛛女皇,Elise,黄金,130,54,过量延伸者
蜘蛛女皇,Elise,黄金,131,55,钢化你心
蜘蛛女皇,Elise,黄金,132,56,我们的治疗
蜘蛛女皇,Elise,棱彩,133,43,软弹啪叽抓
蜘蛛女皇,Elise,黄金,134,57,豪猪
蜘蛛女皇,Elise,白银,135,35,吵闹鬼
蜘蛛女皇,Elise,棱彩,136,44,濒死悟道
蜘蛛女皇,Elise,棱彩,137,45,踢踏舞
蜘蛛女皇,Elise,黄金,138,58,高压锅
蜘蛛女皇,Elise,棱彩,139,46,小丑学院
蜘蛛女皇,Elise,白银,140,36,闪光弹
蜘蛛女皇,Elise,黄金,141,59,吸血习性
蜘蛛女皇,Elise,黄金,142,60,祖母的辣椒油
蜘蛛女皇,Elise,棱彩,143,47,大招工具人
蜘蛛女皇,Elise,黄金,144,61,更万用的瞄准镜
蜘蛛女皇,Elise,白银,145,37,闪闪现现
蜘蛛女皇,Elise,黄金,146,62,活力焕发
蜘蛛女皇,Elise,黄金,147,63,魄罗爆破手
蜘蛛女皇,Elise,黄金,148,64,升级：雪球
蜘蛛女皇,Elise,黄金,149,65,关键暴击
蜘蛛女皇,Elise,黄金,150,66,易损
蜘蛛女皇,Elise,白银,151,38,坚若磐石
蜘蛛女皇,Elise,黄金,152,67,雪球扭蛋机
蜘蛛女皇,Elise,棱彩,153,48,量子计算
蜘蛛女皇,Elise,白银,154,39,万用瞄准镜
蜘蛛女皇,Elise,黄金,155,68,暴击飞弹
蜘蛛女皇,Elise,黄金,156,69,最终都市列车
蜘蛛女皇,Elise,棱彩,157,49,回响施放
蜘蛛女皇,Elise,黄金,158,70,灵魂虹吸
蜘蛛女皇,Elise,白银,159,40,会心防御
蜘蛛女皇,Elise,棱彩,160,50,最万用的瞄准镜
蜘蛛女皇,Elise,棱彩,161,51,魄罗之王的弹跳
蜘蛛女皇,Elise,白银,162,41,狂热者
蜘蛛女皇,Elise,白银,163,42,天音爆
蜘蛛女皇,Elise,白银,164,43,台风
蜘蛛女皇,Elise,黄金,165,71,会心治疗
蜘蛛女皇,Elise,黄金,166,72,杀戮时间到了
蜘蛛女皇,Elise,棱彩,167,52,卡皮巴拉空投
蜘蛛女皇,Elise,棱彩,168,53,你肩上的恶魔
蜘蛛女皇,Elise,白银,169,44,虹吸
蜘蛛女皇,Elise,白银,170,45,可靠武器
痛苦之拥,Evelynn,黄金,1,1,术士果汁盒
痛苦之拥,Evelynn,白银,2,1,暗影疾奔
痛苦之拥,Evelynn,黄金,3,2,超凡邪恶
痛苦之拥,Evelynn,棱彩,4,1,尤里卡
痛苦之拥,Evelynn,白银,5,2,巫师式思考
痛苦之拥,Evelynn,黄金,6,3,夜狩
痛苦之拥,Evelynn,黄金,7,4,牙仙子
痛苦之拥,Evelynn,白银,8,3,杀意翻涌
痛苦之拥,Evelynn,黄金,9,5,超强大脑
痛苦之拥,Evelynn,棱彩,10,2,沃格勒特的巫师帽
痛苦之拥,Evelynn,黄金,11,6,质变：棱彩阶
痛苦之拥,Evelynn,棱彩,12,3,全凭身法
痛苦之拥,Evelynn,黄金,13,7,魔法飞弹
痛苦之拥,Evelynn,黄金,14,8,杀戮时间到了
痛苦之拥,Evelynn,棱彩,15,4,终极刷新
痛苦之拥,Evelynn,黄金,16,9,虚幻武器
痛苦之拥,Evelynn,黄金,17,10,穿针引线
痛苦之拥,Evelynn,白银,18,4,升级：中娅
痛苦之拥,Evelynn,棱彩,19,5,无限循环往复
痛苦之拥,Evelynn,黄金,20,11,威能之追求
痛苦之拥,Evelynn,黄金,21,12,缩小引擎
痛苦之拥,Evelynn,白银,22,5,纯粹主义者 - 术师
痛苦之拥,Evelynn,黄金,23,13,藏身草丛
痛苦之拥,Evelynn,黄金,24,14,循环往复
痛苦之拥,Evelynn,棱彩,25,6,飞升仪式
痛苦之拥,Evelynn,白银,26,6,家园卫士
痛苦之拥,Evelynn,棱彩,27,7,玻璃大炮
痛苦之拥,Evelynn,棱彩,28,8,珠光护手
痛苦之拥,Evelynn,白银,29,7,物理转魔法
痛苦之拥,Evelynn,白银,30,8,质变：黄金阶
痛苦之拥,Evelynn,黄金,31,15,神射法师
痛苦之拥,Evelynn,棱彩,32,9,巨人杀手
痛苦之拥,Evelynn,黄金,33,16,有始有终
痛苦之拥,Evelynn,黄金,34,17,闪现向前
痛苦之拥,Evelynn,白银,35,9,练腿日
痛苦之拥,Evelynn,白银,36,10,逃跑计划
痛苦之拥,Evelynn,黄金,37,18,捐赠
痛苦之拥,Evelynn,棱彩,38,10,史上最大雪球
痛苦之拥,Evelynn,棱彩,39,11,掷骰狂人
痛苦之拥,Evelynn,棱彩,40,12,质变：混沌
痛苦之拥,Evelynn,黄金,41,19,属性叠属性！
痛苦之拥,Evelynn,白银,42,11,大师铸就
痛苦之拥,Evelynn,黄金,43,20,升级：耀光
痛苦之拥,Evelynn,棱彩,44,13,科学狂人
痛苦之拥,Evelynn,棱彩,45,14,终极唤醒
痛苦之拥,Evelynn,黄金,46,21,罪恶快感
痛苦之拥,Evelynn,黄金,47,22,急速之追求
痛苦之拥,Evelynn,棱彩,48,15,吃过路兵
痛苦之拥,Evelynn,白银,49,12,可靠武器
痛苦之拥,Evelynn,棱彩,50,16,利刃华尔兹
痛苦之拥,Evelynn,棱彩,51,17,超负荷
痛苦之拥,Evelynn,棱彩,52,18,最终形态
痛苦之拥,Evelynn,黄金,53,23,溢流
痛苦之拥,Evelynn,黄金,54,24,面包和黄油
痛苦之拥,Evelynn,白银,55,13,渴血
痛苦之拥,Evelynn,白银,56,14,双生火焰
痛苦之拥,Evelynn,黄金,57,25,面包和奶酪
痛苦之拥,Evelynn,黄金,58,26,急急小子
痛苦之拥,Evelynn,棱彩,59,19,大招工具人
痛苦之拥,Evelynn,黄金,60,27,弹球
痛苦之拥,Evelynn,白银,61,15,炼狱龙魂
痛苦之拥,Evelynn,白银,62,16,防护面纱
痛苦之拥,Evelynn,棱彩,63,20,精怪魔法
痛苦之拥,Evelynn,黄金,64,28,冰雪爆裂
痛苦之拥,Evelynn,棱彩,65,21,潘朵拉的盒子
痛苦之拥,Evelynn,白银,66,17,下雪天
痛苦之拥,Evelynn,棱彩,67,22,和我一起困在这里
痛苦之拥,Evelynn,黄金,68,29,心灵净化
痛苦之拥,Evelynn,棱彩,69,23,不祥契约
痛苦之拥,Evelynn,白银,70,18,火狐
痛苦之拥,Evelynn,棱彩,71,24,神圣雪球
痛苦之拥,Evelynn,黄金,72,30,鲨鱼暴风
痛苦之拥,Evelynn,白银,73,19,由心及物
痛苦之拥,Evelynn,棱彩,74,25,飞身踢
痛苦之拥,Evelynn,白银,75,20,唯快不破
痛苦之拥,Evelynn,棱彩,76,26,尊我为王
痛苦之拥,Evelynn,棱彩,77,27,空投熊
痛苦之拥,Evelynn,黄金,78,31,无尽大杀四方
痛苦之拥,Evelynn,黄金,79,32,面包和果酱
痛苦之拥,Evelynn,白银,80,21,俯冲轰炸
痛苦之拥,Evelynn,黄金,81,33,尖端发明家
痛苦之拥,Evelynn,棱彩,82,28,歌利亚巨人
痛苦之拥,Evelynn,黄金,83,34,鲨鱼诱饵
痛苦之拥,Evelynn,棱彩,84,29,你摸不到
痛苦之拥,Evelynn,黄金,85,35,神圣干预
痛苦之拥,Evelynn,黄金,86,36,哎哟，我的硬币！
痛苦之拥,Evelynn,棱彩,87,30,海牛阿福的勇士
痛苦之拥,Evelynn,白银,88,22,终极不可阻挡
痛苦之拥,Evelynn,白银,89,23,海克斯科技龙魂
痛苦之拥,Evelynn,棱彩,90,31,位面转移
痛苦之拥,Evelynn,棱彩,91,32,扳机炼狱
痛苦之拥,Evelynn,白银,92,24,快中求稳
痛苦之拥,Evelynn,棱彩,93,33,全能龙魂
痛苦之拥,Evelynn,白银,94,25,属性！
痛苦之拥,Evelynn,白银,95,26,海洋龙魂
痛苦之拥,Evelynn,白银,96,27,侵蚀
痛苦之拥,Evelynn,黄金,97,37,坦克引擎
痛苦之拥,Evelynn,棱彩,98,34,属性叠属性叠属性！
痛苦之拥,Evelynn,黄金,99,38,炽烈黎明
痛苦之拥,Evelynn,棱彩,100,35,夺金
痛苦之拥,Evelynn,黄金,101,39,自然即是治愈
痛苦之拥,Evelynn,棱彩,102,36,舞会女王
痛苦之拥,Evelynn,黄金,103,40,轻拍背部
痛苦之拥,Evelynn,棱彩,104,37,炼狱导管
痛苦之拥,Evelynn,黄金,105,41,生机迸发
痛苦之拥,Evelynn,黄金,106,42,升级：贪欲九头蛇
痛苦之拥,Evelynn,白银,107,28,扇巴掌
痛苦之拥,Evelynn,棱彩,108,38,濒死悟道
痛苦之拥,Evelynn,黄金,109,43,黎明使者的坚决
痛苦之拥,Evelynn,白银,110,29,注魔
痛苦之拥,Evelynn,棱彩,111,39,男爵之手
痛苦之拥,Evelynn,黄金,112,44,咏叹奏鸣
痛苦之拥,Evelynn,黄金,113,45,过量延伸者
痛苦之拥,Evelynn,黄金,114,46,火上浇油
痛苦之拥,Evelynn,白银,115,30,山脉龙魂
痛苦之拥,Evelynn,黄金,116,47,更万用的瞄准镜
痛苦之拥,Evelynn,棱彩,117,40,残忍
痛苦之拥,Evelynn,棱彩,118,41,回归基本功
痛苦之拥,Evelynn,黄金,119,48,缩小射线
痛苦之拥,Evelynn,棱彩,120,42,物法皆修
痛苦之拥,Evelynn,黄金,121,49,不动如山
痛苦之拥,Evelynn,棱彩,122,43,秘术冲拳
痛苦之拥,Evelynn,白银,123,31,吵闹鬼
痛苦之拥,Evelynn,白银,124,32,冰寒
痛苦之拥,Evelynn,黄金,125,50,狂徒豪气
痛苦之拥,Evelynn,棱彩,126,44,大地苏醒
痛苦之拥,Evelynn,棱彩,127,45,电涌力场
痛苦之拥,Evelynn,棱彩,128,46,巨像的勇气
痛苦之拥,Evelynn,白银,129,33,万用瞄准镜
痛苦之拥,Evelynn,棱彩,130,47,魄罗蛮冲
痛苦之拥,Evelynn,黄金,131,51,回力OK镖
痛苦之拥,Evelynn,棱彩,132,48,泰坦的坚决
痛苦之拥,Evelynn,黄金,133,52,吞噬灵魂
痛苦之拥,Evelynn,黄金,134,53,升级：焚天
痛苦之拥,Evelynn,白银,135,34,转得我眩晕了
痛苦之拥,Evelynn,黄金,136,54,豪猪
痛苦之拥,Evelynn,棱彩,137,49,最万用的瞄准镜
痛苦之拥,Evelynn,白银,138,35,点亮他们！
痛苦之拥,Evelynn,白银,139,36,灵巧
痛苦之拥,Evelynn,黄金,140,55,我们的治疗
痛苦之拥,Evelynn,黄金,141,56,星界躯体
痛苦之拥,Evelynn,棱彩,142,50,软弹啪叽抓
痛苦之拥,Evelynn,白银,143,37,重量级打击手
痛苦之拥,Evelynn,棱彩,144,51,踢踏舞
痛苦之拥,Evelynn,黄金,145,57,钢化你心
痛苦之拥,Evelynn,棱彩,146,52,战争交响乐
痛苦之拥,Evelynn,黄金,147,58,高压锅
痛苦之拥,Evelynn,棱彩,148,53,艾卡西亚的陷落
痛苦之拥,Evelynn,白银,149,38,闪光弹
痛苦之拥,Evelynn,白银,150,39,闪闪现现
痛苦之拥,Evelynn,棱彩,151,54,大法师
痛苦之拥,Evelynn,棱彩,152,55,小丑学院
痛苦之拥,Evelynn,白银,153,40,升级：献祭
痛苦之拥,Evelynn,黄金,154,59,升级：雪球
痛苦之拥,Evelynn,黄金,155,60,吸血习性
痛苦之拥,Evelynn,黄金,156,61,活力焕发
痛苦之拥,Evelynn,黄金,157,62,关键暴击
痛苦之拥,Evelynn,黄金,158,63,雪球扭蛋机
痛苦之拥,Evelynn,黄金,159,64,祖母的辣椒油
痛苦之拥,Evelynn,黄金,160,65,灵魂虹吸
痛苦之拥,Evelynn,白银,161,41,会心防御
痛苦之拥,Evelynn,黄金,162,66,易损
痛苦之拥,Evelynn,白银,163,42,坚若磐石
痛苦之拥,Evelynn,黄金,164,67,暴击律动
痛苦之拥,Evelynn,黄金,165,68,最终都市列车
痛苦之拥,Evelynn,黄金,166,69,魄罗爆破手
痛苦之拥,Evelynn,黄金,167,70,喂呜喂呜
痛苦之拥,Evelynn,棱彩,168,56,死亡之环
痛苦之拥,Evelynn,黄金,169,71,坚韧
痛苦之拥,Evelynn,棱彩,170,57,量子计算
痛苦之拥,Evelynn,黄金,171,72,会心治疗
痛苦之拥,Evelynn,棱彩,172,58,升级：花晓之剑
痛苦之拥,Evelynn,棱彩,173,59,卡皮巴拉空投
痛苦之拥,Evelynn,棱彩,174,60,双发快射
痛苦之拥,Evelynn,白银,175,43,虹吸
痛苦之拥,Evelynn,黄金,176,73,贪欲束缚
探险家,Ezreal,棱彩,1,1,珠光护手
探险家,Ezreal,白银,2,1,双生火焰
探险家,Ezreal,黄金,3,1,暴击飞弹
探险家,Ezreal,黄金,4,2,魔法飞弹
探险家,Ezreal,黄金,5,3,升级：耀光
探险家,Ezreal,黄金,6,4,虚幻武器
探险家,Ezreal,棱彩,7,2,亮出你的剑
探险家,Ezreal,黄金,8,5,老练狙神
探险家,Ezreal,棱彩,9,3,巨人杀手
探险家,Ezreal,白银,10,2,大力
探险家,Ezreal,棱彩,11,4,咒语裂变
探险家,Ezreal,白银,12,3,狂热者
探险家,Ezreal,黄金,13,6,超凡邪恶
探险家,Ezreal,黄金,14,7,威能之追求
探险家,Ezreal,棱彩,15,5,大法师
探险家,Ezreal,棱彩,16,6,双发快射
探险家,Ezreal,黄金,17,8,狙神飞星
探险家,Ezreal,黄金,18,9,质变：棱彩阶
探险家,Ezreal,黄金,19,10,神射法师
探险家,Ezreal,黄金,20,11,关键暴击
探险家,Ezreal,白银,21,4,纯粹主义者 - 术师
探险家,Ezreal,白银,22,5,升级：收集者
探险家,Ezreal,黄金,23,12,急速之追求
探险家,Ezreal,棱彩,24,7,无限循环往复
探险家,Ezreal,白银,25,6,魔法转物理
探险家,Ezreal,棱彩,26,8,回归基本功
探险家,Ezreal,黄金,27,13,更万用的瞄准镜
探险家,Ezreal,黄金,28,14,循环往复
探险家,Ezreal,黄金,29,15,急急小子
探险家,Ezreal,黄金,30,16,升级：无尽之刃
探险家,Ezreal,白银,31,7,可靠武器
探险家,Ezreal,黄金,32,17,缩小引擎
探险家,Ezreal,黄金,33,18,有始有终
探险家,Ezreal,黄金,34,19,面包和黄油
探险家,Ezreal,白银,35,8,家园卫士
探险家,Ezreal,棱彩,36,9,掷骰狂人
探险家,Ezreal,棱彩,37,10,物法皆修
探险家,Ezreal,棱彩,38,11,连拨击锤
探险家,Ezreal,黄金,39,20,穿针引线
探险家,Ezreal,棱彩,40,12,秘术冲拳
探险家,Ezreal,白银,41,9,由暴生急
探险家,Ezreal,白银,42,10,台风
探险家,Ezreal,白银,43,11,质变：黄金阶
探险家,Ezreal,棱彩,44,13,双刀流
探险家,Ezreal,棱彩,45,14,多重射击
探险家,Ezreal,棱彩,46,15,尤里卡
探险家,Ezreal,白银,47,12,灵巧
探险家,Ezreal,白银,48,13,渴血
探险家,Ezreal,棱彩,49,16,最万用的瞄准镜
探险家,Ezreal,黄金,50,21,暴击律动
探险家,Ezreal,黄金,51,22,易损
探险家,Ezreal,白银,52,14,万用瞄准镜
探险家,Ezreal,白银,53,15,巫师式思考
探险家,Ezreal,黄金,54,23,面包和奶酪
探险家,Ezreal,白银,55,16,注魔
探险家,Ezreal,黄金,56,24,灵魂虹吸
探险家,Ezreal,白银,57,17,大师铸就
探险家,Ezreal,黄金,58,25,溢流
探险家,Ezreal,白银,59,18,海克斯科技龙魂
探险家,Ezreal,黄金,60,26,回力OK镖
探险家,Ezreal,棱彩,61,17,终极刷新
探险家,Ezreal,白银,62,19,炼狱龙魂
探险家,Ezreal,棱彩,63,18,质变：混沌
探险家,Ezreal,棱彩,64,19,终极唤醒
探险家,Ezreal,棱彩,65,20,玻璃大炮
探险家,Ezreal,黄金,66,27,火上浇油
探险家,Ezreal,黄金,67,28,捐赠
探险家,Ezreal,黄金,68,29,术士果汁盒
探险家,Ezreal,黄金,69,30,属性叠属性！
探险家,Ezreal,黄金,70,31,心灵净化
探险家,Ezreal,黄金,71,32,牙仙子
探险家,Ezreal,黄金,72,33,杀戮时间到了
探险家,Ezreal,黄金,73,34,缩小射线
探险家,Ezreal,棱彩,74,21,战争交响乐
探险家,Ezreal,白银,75,20,暗影疾奔
探险家,Ezreal,白银,76,21,由心及物
探险家,Ezreal,白银,77,22,侵蚀
探险家,Ezreal,黄金,78,35,升级：贪欲九头蛇
探险家,Ezreal,棱彩,79,22,潘朵拉的盒子
探险家,Ezreal,棱彩,80,23,超负荷
探险家,Ezreal,黄金,81,36,夜狩
探险家,Ezreal,棱彩,82,24,沃格勒特的巫师帽
探险家,Ezreal,白银,83,23,海洋龙魂
探险家,Ezreal,棱彩,84,25,海牛阿福的勇士
探险家,Ezreal,棱彩,85,26,终极九头蛇
探险家,Ezreal,白银,86,24,物理转魔法
探险家,Ezreal,棱彩,87,27,全凭身法
探险家,Ezreal,黄金,88,37,面包和果酱
探险家,Ezreal,黄金,89,38,罪恶快感
探险家,Ezreal,棱彩,90,28,科学狂人
探险家,Ezreal,棱彩,91,29,全能龙魂
探险家,Ezreal,白银,92,25,快中求稳
探险家,Ezreal,棱彩,93,30,精怪魔法
探险家,Ezreal,棱彩,94,31,踢踏舞
探险家,Ezreal,白银,95,26,点亮他们！
探险家,Ezreal,棱彩,96,32,飞身踢
探险家,Ezreal,白银,97,27,逃跑计划
探险家,Ezreal,棱彩,98,33,夺金
探险家,Ezreal,白银,99,28,会心防御
探险家,Ezreal,白银,100,29,练腿日
探险家,Ezreal,棱彩,101,34,大招工具人
探险家,Ezreal,黄金,102,39,哎哟，我的硬币！
探险家,Ezreal,黄金,103,40,尖端发明家
探险家,Ezreal,棱彩,104,35,吃过路兵
探险家,Ezreal,白银,105,30,属性！
探险家,Ezreal,棱彩,106,36,属性叠属性叠属性！
探险家,Ezreal,黄金,107,41,炽烈黎明
探险家,Ezreal,棱彩,108,37,尊我为王
探险家,Ezreal,棱彩,109,38,史上最大雪球
探险家,Ezreal,黄金,110,42,生机迸发
探险家,Ezreal,黄金,111,43,闪现向前
探险家,Ezreal,白银,112,31,防护面纱
探险家,Ezreal,白银,113,32,火狐
探险家,Ezreal,黄金,114,44,狂徒豪气
探险家,Ezreal,棱彩,115,39,扳机炼狱
探险家,Ezreal,棱彩,116,40,炼狱导管
探险家,Ezreal,棱彩,117,41,男爵之手
探险家,Ezreal,棱彩,118,42,不祥契约
探险家,Ezreal,黄金,119,45,坦克引擎
探险家,Ezreal,白银,120,33,吵闹鬼
探险家,Ezreal,白银,121,34,重量级打击手
探险家,Ezreal,白银,122,35,山脉龙魂
探险家,Ezreal,黄金,123,46,神圣干预
探险家,Ezreal,白银,124,36,冰寒
探险家,Ezreal,棱彩,125,43,你摸不到
探险家,Ezreal,棱彩,126,44,最终形态
探险家,Ezreal,白银,127,37,终极不可阻挡
探险家,Ezreal,黄金,128,47,咏叹奏鸣
探险家,Ezreal,棱彩,129,45,歌利亚巨人
探险家,Ezreal,白银,130,38,转得我眩晕了
探险家,Ezreal,白银,131,39,升级：中娅
探险家,Ezreal,黄金,132,48,黎明使者的坚决
探险家,Ezreal,黄金,133,49,超强大脑
探险家,Ezreal,白银,134,40,唯快不破
探险家,Ezreal,黄金,135,50,藏身草丛
探险家,Ezreal,黄金,136,51,自然即是治愈
探险家,Ezreal,黄金,137,52,弹球
探险家,Ezreal,黄金,138,53,鲨鱼暴风
探险家,Ezreal,棱彩,139,46,大地苏醒
探险家,Ezreal,棱彩,140,47,电涌力场
探险家,Ezreal,棱彩,141,48,濒死悟道
探险家,Ezreal,白银,142,41,杀意翻涌
探险家,Ezreal,黄金,143,54,冰雪爆裂
探险家,Ezreal,棱彩,144,49,魄罗蛮冲
探险家,Ezreal,棱彩,145,50,空投熊
探险家,Ezreal,棱彩,146,51,飞升仪式
探险家,Ezreal,黄金,147,55,鲨鱼诱饵
探险家,Ezreal,黄金,148,56,星界躯体
探险家,Ezreal,黄金,149,57,过量延伸者
探险家,Ezreal,黄金,150,58,我们的治疗
探险家,Ezreal,棱彩,151,52,神圣雪球
探险家,Ezreal,棱彩,152,53,泰坦的坚决
探险家,Ezreal,白银,153,42,下雪天
探险家,Ezreal,黄金,154,59,轻拍背部
探险家,Ezreal,白银,155,43,俯冲轰炸
探险家,Ezreal,棱彩,156,54,利刃华尔兹
探险家,Ezreal,黄金,157,60,无尽大杀四方
探险家,Ezreal,黄金,158,61,钢化你心
探险家,Ezreal,黄金,159,62,豪猪
探险家,Ezreal,棱彩,160,55,位面转移
探险家,Ezreal,黄金,161,63,吸血习性
探险家,Ezreal,棱彩,162,56,软弹啪叽抓
探险家,Ezreal,黄金,163,64,活力焕发
探险家,Ezreal,黄金,164,65,高压锅
探险家,Ezreal,黄金,165,66,升级：焚天
探险家,Ezreal,黄金,166,67,魄罗爆破手
探险家,Ezreal,黄金,167,68,升级：雪球
探险家,Ezreal,黄金,168,69,会心治疗
探险家,Ezreal,棱彩,169,57,量子计算
探险家,Ezreal,白银,170,44,闪闪现现
探险家,Ezreal,棱彩,171,58,和我一起困在这里
探险家,Ezreal,白银,172,45,虹吸
探险家,Ezreal,棱彩,173,59,小丑学院
探险家,Ezreal,黄金,174,70,雪球扭蛋机
探险家,Ezreal,白银,175,46,闪光弹
探险家,Ezreal,黄金,176,71,祖母的辣椒油
探险家,Ezreal,棱彩,177,60,你肩上的恶魔
探险家,Ezreal,黄金,178,72,虚空冲刺
探险家,Ezreal,黄金,179,73,坚韧
探险家,Ezreal,黄金,180,74,最终都市列车
探险家,Ezreal,棱彩,181,61,艾卡西亚的陷落
探险家,Ezreal,棱彩,182,62,舞会女王
探险家,Ezreal,棱彩,183,63,？？？
探险家,Ezreal,棱彩,184,64,魄罗之王的弹跳
探险家,Ezreal,白银,185,47,天音爆
探险家,Ezreal,白银,186,48,升级：献祭
探险家,Ezreal,棱彩,187,65,王中王，靴中靴
探险家,Ezreal,白银,188,49,自适应防护
远古恐惧,Fiddlesticks,黄金,1,1,术士果汁盒
远古恐惧,Fiddlesticks,白银,2,1,升级：中娅
远古恐惧,Fiddlesticks,黄金,3,2,杀戮时间到了
远古恐惧,Fiddlesticks,黄金,4,3,超凡邪恶
远古恐惧,Fiddlesticks,棱彩,5,1,尤里卡
远古恐惧,Fiddlesticks,黄金,6,4,魔法飞弹
远古恐惧,Fiddlesticks,棱彩,7,2,炼狱导管
远古恐惧,Fiddlesticks,棱彩,8,3,精怪魔法
远古恐惧,Fiddlesticks,白银,9,2,巫师式思考
远古恐惧,Fiddlesticks,白银,10,3,终极不可阻挡
远古恐惧,Fiddlesticks,黄金,11,5,溢流
远古恐惧,Fiddlesticks,黄金,12,6,牙仙子
远古恐惧,Fiddlesticks,黄金,13,7,超强大脑
远古恐惧,Fiddlesticks,棱彩,14,4,沃格勒特的巫师帽
远古恐惧,Fiddlesticks,黄金,15,8,质变：棱彩阶
远古恐惧,Fiddlesticks,棱彩,16,5,你摸不到
远古恐惧,Fiddlesticks,棱彩,17,6,无限循环往复
远古恐惧,Fiddlesticks,棱彩,18,7,终极刷新
远古恐惧,Fiddlesticks,黄金,19,9,循环往复
远古恐惧,Fiddlesticks,白银,20,4,纯粹主义者 - 术师
远古恐惧,Fiddlesticks,棱彩,21,8,终极唤醒
远古恐惧,Fiddlesticks,棱彩,22,9,残忍
远古恐惧,Fiddlesticks,白银,23,5,渴血
远古恐惧,Fiddlesticks,黄金,24,10,贪欲束缚
远古恐惧,Fiddlesticks,白银,25,6,冰寒
远古恐惧,Fiddlesticks,黄金,26,11,虚幻武器
远古恐惧,Fiddlesticks,棱彩,27,10,大法师
远古恐惧,Fiddlesticks,棱彩,28,11,不祥契约
远古恐惧,Fiddlesticks,黄金,29,12,穿针引线
远古恐惧,Fiddlesticks,黄金,30,13,急急小子
远古恐惧,Fiddlesticks,白银,31,7,质变：黄金阶
远古恐惧,Fiddlesticks,黄金,32,14,闪现向前
远古恐惧,Fiddlesticks,白银,33,8,别停止引导
远古恐惧,Fiddlesticks,黄金,34,15,缩小引擎
远古恐惧,Fiddlesticks,白银,35,9,扇巴掌
远古恐惧,Fiddlesticks,白银,36,10,逃跑计划
远古恐惧,Fiddlesticks,白银,37,11,侵蚀
远古恐惧,Fiddlesticks,黄金,38,16,有始有终
远古恐惧,Fiddlesticks,白银,39,12,由心及物
远古恐惧,Fiddlesticks,黄金,40,17,炽燃利息
远古恐惧,Fiddlesticks,白银,41,13,大师铸就
远古恐惧,Fiddlesticks,黄金,42,18,捐赠
远古恐惧,Fiddlesticks,白银,43,14,俯冲轰炸
远古恐惧,Fiddlesticks,白银,44,15,双生火焰
远古恐惧,Fiddlesticks,棱彩,45,12,最终形态
远古恐惧,Fiddlesticks,黄金,46,19,属性叠属性！
远古恐惧,Fiddlesticks,白银,47,16,暗影疾奔
远古恐惧,Fiddlesticks,棱彩,48,13,掷骰狂人
远古恐惧,Fiddlesticks,白银,49,17,练腿日
远古恐惧,Fiddlesticks,棱彩,50,14,和我一起困在这里
远古恐惧,Fiddlesticks,黄金,51,20,鲨鱼诱饵
远古恐惧,Fiddlesticks,白银,52,18,家园卫士
远古恐惧,Fiddlesticks,黄金,53,21,坦克引擎
远古恐惧,Fiddlesticks,棱彩,54,15,空投熊
远古恐惧,Fiddlesticks,黄金,55,22,急速之追求
远古恐惧,Fiddlesticks,棱彩,56,16,大招工具人
远古恐惧,Fiddlesticks,黄金,57,23,面包和果酱
远古恐惧,Fiddlesticks,黄金,58,24,藏身草丛
远古恐惧,Fiddlesticks,棱彩,59,17,电涌力场
远古恐惧,Fiddlesticks,棱彩,60,18,飞身踢
远古恐惧,Fiddlesticks,棱彩,61,19,珠光护手
远古恐惧,Fiddlesticks,黄金,62,25,生机迸发
远古恐惧,Fiddlesticks,白银,63,19,物理转魔法
远古恐惧,Fiddlesticks,黄金,64,26,吞噬灵魂
远古恐惧,Fiddlesticks,黄金,65,27,不动如山
远古恐惧,Fiddlesticks,黄金,66,28,心灵净化
远古恐惧,Fiddlesticks,棱彩,67,20,质变：混沌
远古恐惧,Fiddlesticks,黄金,68,29,尖端发明家
远古恐惧,Fiddlesticks,黄金,69,30,面包和黄油
远古恐惧,Fiddlesticks,黄金,70,31,夜狩
远古恐惧,Fiddlesticks,白银,71,20,海克斯科技龙魂
远古恐惧,Fiddlesticks,黄金,72,32,神圣干预
远古恐惧,Fiddlesticks,黄金,73,33,黎明使者的坚决
远古恐惧,Fiddlesticks,黄金,74,34,狙神飞星
远古恐惧,Fiddlesticks,白银,75,21,炼狱龙魂
远古恐惧,Fiddlesticks,棱彩,76,21,史上最大雪球
远古恐惧,Fiddlesticks,黄金,77,35,弹球
远古恐惧,Fiddlesticks,棱彩,78,22,利刃华尔兹
远古恐惧,Fiddlesticks,棱彩,79,23,全凭身法
远古恐惧,Fiddlesticks,黄金,80,36,神射法师
远古恐惧,Fiddlesticks,棱彩,81,24,潘朵拉的盒子
远古恐惧,Fiddlesticks,黄金,82,37,自然即是治愈
远古恐惧,Fiddlesticks,白银,83,22,海洋龙魂
远古恐惧,Fiddlesticks,白银,84,23,防护面纱
远古恐惧,Fiddlesticks,棱彩,85,25,巨人杀手
远古恐惧,Fiddlesticks,棱彩,86,26,死亡之环
远古恐惧,Fiddlesticks,棱彩,87,27,玻璃大炮
远古恐惧,Fiddlesticks,白银,88,24,注魔
远古恐惧,Fiddlesticks,黄金,89,38,冰雪爆裂
远古恐惧,Fiddlesticks,棱彩,90,28,巨像的勇气
远古恐惧,Fiddlesticks,黄金,91,39,面包和奶酪
远古恐惧,Fiddlesticks,白银,92,25,下雪天
远古恐惧,Fiddlesticks,黄金,93,40,哎哟，我的硬币！
远古恐惧,Fiddlesticks,黄金,94,41,我们的治疗
远古恐惧,Fiddlesticks,黄金,95,42,鲨鱼暴风
远古恐惧,Fiddlesticks,白银,96,26,杀意翻涌
远古恐惧,Fiddlesticks,棱彩,97,29,科学狂人
远古恐惧,Fiddlesticks,棱彩,98,30,歌利亚巨人
远古恐惧,Fiddlesticks,黄金,99,43,星界躯体
远古恐惧,Fiddlesticks,黄金,100,44,轻拍背部
远古恐惧,Fiddlesticks,白银,101,27,火狐
远古恐惧,Fiddlesticks,黄金,102,45,老练狙神
远古恐惧,Fiddlesticks,棱彩,103,31,超负荷
远古恐惧,Fiddlesticks,棱彩,104,32,神圣雪球
远古恐惧,Fiddlesticks,白银,105,28,属性！
远古恐惧,Fiddlesticks,白银,106,29,快中求稳
远古恐惧,Fiddlesticks,黄金,107,46,炽烈黎明
远古恐惧,Fiddlesticks,黄金,108,47,高压锅
远古恐惧,Fiddlesticks,棱彩,109,33,海牛阿福的勇士
远古恐惧,Fiddlesticks,黄金,110,48,罪恶快感
远古恐惧,Fiddlesticks,棱彩,111,34,扳机炼狱
远古恐惧,Fiddlesticks,棱彩,112,35,全能龙魂
远古恐惧,Fiddlesticks,黄金,113,49,豪猪
远古恐惧,Fiddlesticks,棱彩,114,36,属性叠属性叠属性！
远古恐惧,Fiddlesticks,黄金,115,50,过量延伸者
远古恐惧,Fiddlesticks,棱彩,116,37,吃过路兵
远古恐惧,Fiddlesticks,棱彩,117,38,尊我为王
远古恐惧,Fiddlesticks,黄金,118,51,无尽大杀四方
远古恐惧,Fiddlesticks,黄金,119,52,钢化你心
远古恐惧,Fiddlesticks,棱彩,120,39,泰坦的坚决
远古恐惧,Fiddlesticks,棱彩,121,40,夺金
远古恐惧,Fiddlesticks,黄金,122,53,火上浇油
远古恐惧,Fiddlesticks,黄金,123,54,咏叹奏鸣
远古恐惧,Fiddlesticks,白银,124,30,转得我眩晕了
远古恐惧,Fiddlesticks,白银,125,31,吵闹鬼
远古恐惧,Fiddlesticks,白银,126,32,山脉龙魂
远古恐惧,Fiddlesticks,黄金,127,55,狂徒豪气
远古恐惧,Fiddlesticks,棱彩,128,41,男爵之手
远古恐惧,Fiddlesticks,黄金,129,56,回力OK镖
远古恐惧,Fiddlesticks,棱彩,130,42,秘术冲拳
远古恐惧,Fiddlesticks,棱彩,131,43,至高天诺言
远古恐惧,Fiddlesticks,棱彩,132,44,软弹啪叽抓
远古恐惧,Fiddlesticks,白银,133,33,强力护盾
远古恐惧,Fiddlesticks,棱彩,134,45,回归基本功
远古恐惧,Fiddlesticks,棱彩,135,46,舞会女王
远古恐惧,Fiddlesticks,白银,136,34,唯快不破
远古恐惧,Fiddlesticks,黄金,137,57,缩小射线
远古恐惧,Fiddlesticks,棱彩,138,47,位面转移
远古恐惧,Fiddlesticks,棱彩,139,48,飞升仪式
远古恐惧,Fiddlesticks,棱彩,140,49,风语者的祝福
远古恐惧,Fiddlesticks,棱彩,141,50,大地苏醒
远古恐惧,Fiddlesticks,棱彩,142,51,濒死悟道
远古恐惧,Fiddlesticks,白银,143,35,重量级打击手
远古恐惧,Fiddlesticks,黄金,144,58,吸血习性
远古恐惧,Fiddlesticks,棱彩,145,52,物法皆修
远古恐惧,Fiddlesticks,黄金,146,59,更万用的瞄准镜
远古恐惧,Fiddlesticks,白银,147,36,点亮他们！
远古恐惧,Fiddlesticks,白银,148,37,闪光弹
远古恐惧,Fiddlesticks,白银,149,38,闪闪现现
远古恐惧,Fiddlesticks,黄金,150,60,升级：耀光
远古恐惧,Fiddlesticks,白银,151,39,万用瞄准镜
远古恐惧,Fiddlesticks,白银,152,40,升级：献祭
远古恐惧,Fiddlesticks,白银,153,41,灵巧
远古恐惧,Fiddlesticks,棱彩,154,53,灵魄炸弹
远古恐惧,Fiddlesticks,白银,155,42,急救用具
远古恐惧,Fiddlesticks,棱彩,156,54,最万用的瞄准镜
远古恐惧,Fiddlesticks,白银,157,43,坚若磐石
远古恐惧,Fiddlesticks,黄金,158,61,易损
远古恐惧,Fiddlesticks,棱彩,159,55,战争交响乐
远古恐惧,Fiddlesticks,黄金,160,62,会心治疗
远古恐惧,Fiddlesticks,棱彩,161,56,回响施放
远古恐惧,Fiddlesticks,黄金,162,63,活力焕发
远古恐惧,Fiddlesticks,棱彩,163,57,踢踏舞
远古恐惧,Fiddlesticks,黄金,164,64,祖母的辣椒油
远古恐惧,Fiddlesticks,黄金,165,65,灵魂虹吸
远古恐惧,Fiddlesticks,棱彩,166,58,小丑学院
远古恐惧,Fiddlesticks,黄金,167,66,坚韧
远古恐惧,Fiddlesticks,黄金,168,67,升级：雪球
远古恐惧,Fiddlesticks,棱彩,169,59,量子计算
远古恐惧,Fiddlesticks,黄金,170,68,关键暴击
远古恐惧,Fiddlesticks,黄金,171,69,暴击飞弹
远古恐惧,Fiddlesticks,黄金,172,70,魄罗爆破手
远古恐惧,Fiddlesticks,黄金,173,71,雪球扭蛋机
远古恐惧,Fiddlesticks,棱彩,174,60,蛋白粉奶昔
远古恐惧,Fiddlesticks,黄金,175,72,最终都市列车
远古恐惧,Fiddlesticks,黄金,176,73,仁慈打击
远古恐惧,Fiddlesticks,白银,177,44,会心防御
远古恐惧,Fiddlesticks,黄金,178,74,暴击律动
远古恐惧,Fiddlesticks,白银,179,45,狂热者
远古恐惧,Fiddlesticks,棱彩,180,61,连拨击锤
远古恐惧,Fiddlesticks,白银,181,46,天音爆
远古恐惧,Fiddlesticks,棱彩,182,62,升级：花晓之剑
远古恐惧,Fiddlesticks,棱彩,183,63,卡皮巴拉空投
远古恐惧,Fiddlesticks,棱彩,184,64,魄罗之王的弹跳
远古恐惧,Fiddlesticks,棱彩,185,65,信念者的强化
远古恐惧,Fiddlesticks,白银,186,47,由暴生急
远古恐惧,Fiddlesticks,黄金,187,75,威能之追求
无双剑姬,Fiora,黄金,1,1,狂徒豪气
无双剑姬,Fiora,棱彩,2,1,秘术冲拳
无双剑姬,Fiora,白银,3,1,渴血
无双剑姬,Fiora,棱彩,4,2,全凭身法
无双剑姬,Fiora,白银,5,2,大力
无双剑姬,Fiora,黄金,6,2,无尽大杀四方
无双剑姬,Fiora,黄金,7,3,升级：贪欲九头蛇
无双剑姬,Fiora,黄金,8,4,罪恶快感
无双剑姬,Fiora,棱彩,9,3,吃过路兵
无双剑姬,Fiora,黄金,10,5,急速之追求
无双剑姬,Fiora,黄金,11,6,升级：焚天
无双剑姬,Fiora,黄金,12,7,质变：棱彩阶
无双剑姬,Fiora,棱彩,13,4,利刃华尔兹
无双剑姬,Fiora,白银,14,3,暗影疾奔
无双剑姬,Fiora,黄金,15,8,面包和黄油
无双剑姬,Fiora,黄金,16,9,循环往复
无双剑姬,Fiora,白银,17,4,魔法转物理
无双剑姬,Fiora,棱彩,18,5,回归基本功
无双剑姬,Fiora,棱彩,19,6,终极九头蛇
无双剑姬,Fiora,黄金,20,10,威能之追求
无双剑姬,Fiora,白银,21,5,快中求稳
无双剑姬,Fiora,黄金,22,11,快步
无双剑姬,Fiora,黄金,23,12,虚幻武器
无双剑姬,Fiora,棱彩,24,7,最终形态
无双剑姬,Fiora,白银,25,6,质变：黄金阶
无双剑姬,Fiora,黄金,26,13,缩小引擎
无双剑姬,Fiora,白银,27,7,逃跑计划
无双剑姬,Fiora,棱彩,28,8,飞升仪式
无双剑姬,Fiora,白银,29,8,升级：死亡之舞
无双剑姬,Fiora,白银,30,9,终极不可阻挡
无双剑姬,Fiora,黄金,31,14,自然即是治愈
无双剑姬,Fiora,棱彩,32,9,踢踏舞
无双剑姬,Fiora,黄金,33,15,捐赠
无双剑姬,Fiora,黄金,34,16,升级：耀光
无双剑姬,Fiora,棱彩,35,10,飞身踢
无双剑姬,Fiora,黄金,36,17,面包和果酱
无双剑姬,Fiora,白银,37,10,练腿日
无双剑姬,Fiora,黄金,38,18,属性叠属性！
无双剑姬,Fiora,棱彩,39,11,终极唤醒
无双剑姬,Fiora,棱彩,40,12,濒死悟道
无双剑姬,Fiora,黄金,41,19,更万用的瞄准镜
无双剑姬,Fiora,白银,42,11,台风
无双剑姬,Fiora,黄金,43,20,钢化你心
无双剑姬,Fiora,黄金,44,21,坦克引擎
无双剑姬,Fiora,黄金,45,22,黎明使者的坚决
无双剑姬,Fiora,白银,46,12,重量级打击手
无双剑姬,Fiora,黄金,47,23,生机迸发
无双剑姬,Fiora,棱彩,48,13,双刀流
无双剑姬,Fiora,棱彩,49,14,质变：混沌
无双剑姬,Fiora,黄金,50,24,夜狩
无双剑姬,Fiora,黄金,51,25,闪现向前
无双剑姬,Fiora,白银,52,13,大师铸就
无双剑姬,Fiora,棱彩,53,15,掷骰狂人
无双剑姬,Fiora,棱彩,54,16,潘朵拉的盒子
无双剑姬,Fiora,棱彩,55,17,大地苏醒
无双剑姬,Fiora,白银,56,14,海洋龙魂
无双剑姬,Fiora,黄金,57,26,术士果汁盒
无双剑姬,Fiora,黄金,58,27,急急小子
无双剑姬,Fiora,棱彩,59,18,无限循环往复
无双剑姬,Fiora,棱彩,60,19,战争交响乐
无双剑姬,Fiora,黄金,61,28,星界躯体
无双剑姬,Fiora,白银,62,15,杀意翻涌
无双剑姬,Fiora,棱彩,63,20,歌利亚巨人
无双剑姬,Fiora,黄金,64,29,升级：无尽之刃
无双剑姬,Fiora,黄金,65,30,灵魂虹吸
无双剑姬,Fiora,黄金,66,31,心灵净化
无双剑姬,Fiora,黄金,67,32,缩小射线
无双剑姬,Fiora,黄金,68,33,尖端发明家
无双剑姬,Fiora,黄金,69,34,杀戮时间到了
无双剑姬,Fiora,棱彩,70,21,超负荷
无双剑姬,Fiora,黄金,71,35,火上浇油
无双剑姬,Fiora,黄金,72,36,面包和奶酪
无双剑姬,Fiora,白银,73,16,纯粹主义者 - 术师
无双剑姬,Fiora,白银,74,17,灵巧
无双剑姬,Fiora,黄金,75,37,神圣干预
无双剑姬,Fiora,棱彩,76,22,你摸不到
无双剑姬,Fiora,白银,77,18,万用瞄准镜
无双剑姬,Fiora,黄金,78,38,弹球
无双剑姬,Fiora,棱彩,79,23,巨人杀手
无双剑姬,Fiora,黄金,80,39,穿针引线
无双剑姬,Fiora,白银,81,19,升级：收集者
无双剑姬,Fiora,黄金,82,40,关键暴击
无双剑姬,Fiora,黄金,83,41,冰雪爆裂
无双剑姬,Fiora,黄金,84,42,易损
无双剑姬,Fiora,黄金,85,43,牙仙子
无双剑姬,Fiora,白银,86,20,俯冲轰炸
无双剑姬,Fiora,棱彩,87,24,史上最大雪球
无双剑姬,Fiora,棱彩,88,25,大法师
无双剑姬,Fiora,棱彩,89,26,科学狂人
无双剑姬,Fiora,黄金,90,44,我们的治疗
无双剑姬,Fiora,棱彩,91,27,泰坦的坚决
无双剑姬,Fiora,白银,92,21,侵蚀
无双剑姬,Fiora,棱彩,93,28,珠光护手
无双剑姬,Fiora,白银,94,22,炼狱龙魂
无双剑姬,Fiora,棱彩,95,29,连拨击锤
无双剑姬,Fiora,白银,96,23,下雪天
无双剑姬,Fiora,棱彩,97,30,双发快射
无双剑姬,Fiora,棱彩,98,31,海牛阿福的勇士
无双剑姬,Fiora,棱彩,99,32,最万用的瞄准镜
无双剑姬,Fiora,黄金,100,45,哎哟，我的硬币！
无双剑姬,Fiora,白银,101,24,唯快不破
无双剑姬,Fiora,黄金,102,46,高压锅
无双剑姬,Fiora,黄金,103,47,豪猪
无双剑姬,Fiora,黄金,104,48,鲨鱼暴风
无双剑姬,Fiora,白银,105,25,家园卫士
无双剑姬,Fiora,白银,106,26,防护面纱
无双剑姬,Fiora,棱彩,107,33,和我一起困在这里
无双剑姬,Fiora,白银,108,27,属性！
无双剑姬,Fiora,棱彩,109,34,尊我为王
无双剑姬,Fiora,棱彩,110,35,位面转移
无双剑姬,Fiora,黄金,111,49,有始有终
无双剑姬,Fiora,棱彩,112,36,神圣雪球
无双剑姬,Fiora,黄金,113,50,鲨鱼诱饵
无双剑姬,Fiora,白银,114,28,会心防御
无双剑姬,Fiora,黄金,115,51,暴击律动
无双剑姬,Fiora,白银,116,29,海克斯科技龙魂
无双剑姬,Fiora,棱彩,117,37,属性叠属性叠属性！
无双剑姬,Fiora,棱彩,118,38,终极刷新
无双剑姬,Fiora,棱彩,119,39,全能龙魂
无双剑姬,Fiora,黄金,120,52,过量延伸者
无双剑姬,Fiora,黄金,121,53,轻拍背部
无双剑姬,Fiora,黄金,122,54,咏叹奏鸣
无双剑姬,Fiora,白银,123,30,转得我眩晕了
无双剑姬,Fiora,白银,124,31,吵闹鬼
无双剑姬,Fiora,白银,125,32,双生火焰
无双剑姬,Fiora,黄金,126,55,回力OK镖
无双剑姬,Fiora,黄金,127,56,炽烈黎明
无双剑姬,Fiora,白银,128,33,山脉龙魂
无双剑姬,Fiora,白银,129,34,由暴生急
无双剑姬,Fiora,棱彩,130,40,夺金
无双剑姬,Fiora,白银,131,35,注魔
无双剑姬,Fiora,棱彩,132,41,舞会女王
无双剑姬,Fiora,白银,133,36,升级：献祭
无双剑姬,Fiora,黄金,134,57,溢流
无双剑姬,Fiora,白银,135,37,火狐
无双剑姬,Fiora,棱彩,136,42,死亡之环
无双剑姬,Fiora,棱彩,137,43,软弹啪叽抓
无双剑姬,Fiora,黄金,138,58,魔法飞弹
无双剑姬,Fiora,白银,139,38,由心及物
无双剑姬,Fiora,黄金,140,59,藏身草丛
无双剑姬,Fiora,白银,141,39,点亮他们！
无双剑姬,Fiora,棱彩,142,44,电涌力场
无双剑姬,Fiora,棱彩,143,45,男爵之手
无双剑姬,Fiora,棱彩,144,46,空投熊
无双剑姬,Fiora,棱彩,145,47,精怪魔法
无双剑姬,Fiora,棱彩,146,48,魄罗蛮冲
无双剑姬,Fiora,棱彩,147,49,炼狱导管
无双剑姬,Fiora,白银,148,40,冰寒
无双剑姬,Fiora,黄金,149,60,吸血习性
无双剑姬,Fiora,棱彩,150,50,风语者的祝福
无双剑姬,Fiora,棱彩,151,51,艾卡西亚的陷落
无双剑姬,Fiora,棱彩,152,52,至高天诺言
无双剑姬,Fiora,棱彩,153,53,玻璃大炮
无双剑姬,Fiora,黄金,154,61,活力焕发
无双剑姬,Fiora,白银,155,41,闪光弹
无双剑姬,Fiora,白银,156,42,闪闪现现
无双剑姬,Fiora,棱彩,157,54,小丑学院
无双剑姬,Fiora,白银,158,43,急救用具
无双剑姬,Fiora,黄金,159,62,会心治疗
无双剑姬,Fiora,黄金,160,63,升级：雪球
无双剑姬,Fiora,棱彩,161,55,灵魄炸弹
无双剑姬,Fiora,白银,162,44,强力护盾
无双剑姬,Fiora,棱彩,163,56,量子计算
无双剑姬,Fiora,黄金,164,64,虚空冲刺
无双剑姬,Fiora,黄金,165,65,坚韧
无双剑姬,Fiora,棱彩,166,57,蛋白粉奶昔
无双剑姬,Fiora,黄金,167,66,最终都市列车
无双剑姬,Fiora,黄金,168,67,雪球扭蛋机
无双剑姬,Fiora,棱彩,169,58,扳机炼狱
无双剑姬,Fiora,黄金,170,68,神射法师
无双剑姬,Fiora,白银,171,45,叠角龙
无双剑姬,Fiora,棱彩,172,59,升级：花晓之剑
无双剑姬,Fiora,黄金,173,69,魄罗爆破手
潮汐海灵,Fizz,黄金,1,1,神射法师
潮汐海灵,Fizz,白银,2,1,暗影疾奔
潮汐海灵,Fizz,棱彩,3,1,全凭身法
潮汐海灵,Fizz,黄金,4,2,术士果汁盒
潮汐海灵,Fizz,黄金,5,3,虚幻武器
潮汐海灵,Fizz,棱彩,6,2,尤里卡
潮汐海灵,Fizz,白银,7,2,纯粹主义者 - 术师
潮汐海灵,Fizz,黄金,8,4,超凡邪恶
潮汐海灵,Fizz,黄金,9,5,牙仙子
潮汐海灵,Fizz,白银,10,3,巫师式思考
潮汐海灵,Fizz,白银,11,4,升级：中娅
潮汐海灵,Fizz,黄金,12,6,夜狩
潮汐海灵,Fizz,黄金,13,7,炽燃利息
潮汐海灵,Fizz,棱彩,14,3,无限循环往复
潮汐海灵,Fizz,棱彩,15,4,大法师
潮汐海灵,Fizz,黄金,16,8,质变：棱彩阶
潮汐海灵,Fizz,黄金,17,9,循环往复
潮汐海灵,Fizz,棱彩,18,5,炼狱导管
潮汐海灵,Fizz,黄金,19,10,面包和奶酪
潮汐海灵,Fizz,黄金,20,11,急速之追求
潮汐海灵,Fizz,棱彩,21,6,飞升仪式
潮汐海灵,Fizz,黄金,22,12,无尽大杀四方
潮汐海灵,Fizz,黄金,23,13,急急小子
潮汐海灵,Fizz,棱彩,24,7,沃格勒特的巫师帽
潮汐海灵,Fizz,棱彩,25,8,回归基本功
潮汐海灵,Fizz,白银,26,5,快中求稳
潮汐海灵,Fizz,黄金,27,14,超强大脑
潮汐海灵,Fizz,白银,28,6,质变：黄金阶
潮汐海灵,Fizz,黄金,29,15,缩小引擎
潮汐海灵,Fizz,棱彩,30,9,利刃华尔兹
潮汐海灵,Fizz,白银,31,7,物理转魔法
潮汐海灵,Fizz,白银,32,8,逃跑计划
潮汐海灵,Fizz,黄金,33,16,罪恶快感
潮汐海灵,Fizz,棱彩,34,10,终极唤醒
潮汐海灵,Fizz,棱彩,35,11,吃过路兵
潮汐海灵,Fizz,白银,36,9,渴血
潮汐海灵,Fizz,白银,37,10,大师铸就
潮汐海灵,Fizz,黄金,38,17,狂徒豪气
潮汐海灵,Fizz,黄金,39,18,升级：耀光
潮汐海灵,Fizz,棱彩,40,12,掷骰狂人
潮汐海灵,Fizz,黄金,41,19,有始有终
潮汐海灵,Fizz,棱彩,42,13,质变：混沌
潮汐海灵,Fizz,黄金,43,20,威能之追求
潮汐海灵,Fizz,黄金,44,21,魔法飞弹
潮汐海灵,Fizz,白银,45,11,杀意翻涌
潮汐海灵,Fizz,黄金,46,22,快步
潮汐海灵,Fizz,黄金,47,23,穿针引线
潮汐海灵,Fizz,黄金,48,24,小小的额外帮助
潮汐海灵,Fizz,黄金,49,25,面包和黄油
潮汐海灵,Fizz,棱彩,50,14,超负荷
潮汐海灵,Fizz,棱彩,51,15,秘术冲拳
潮汐海灵,Fizz,黄金,52,26,杀戮时间到了
潮汐海灵,Fizz,白银,53,12,注魔
潮汐海灵,Fizz,棱彩,54,16,珠光护手
潮汐海灵,Fizz,棱彩,55,17,不祥契约
潮汐海灵,Fizz,白银,56,13,由心及物
潮汐海灵,Fizz,黄金,57,27,尖端发明家
潮汐海灵,Fizz,黄金,58,28,属性叠属性！
潮汐海灵,Fizz,黄金,59,29,捐赠
潮汐海灵,Fizz,白银,60,14,俯冲轰炸
潮汐海灵,Fizz,棱彩,61,18,史上最大雪球
潮汐海灵,Fizz,黄金,62,30,鲨鱼暴风
潮汐海灵,Fizz,棱彩,63,19,终极刷新
潮汐海灵,Fizz,黄金,64,31,溢流
潮汐海灵,Fizz,棱彩,65,20,歌利亚巨人
潮汐海灵,Fizz,黄金,66,32,藏身草丛
潮汐海灵,Fizz,白银,67,15,炼狱龙魂
潮汐海灵,Fizz,黄金,68,33,闪现向前
潮汐海灵,Fizz,白银,69,16,火狐
潮汐海灵,Fizz,棱彩,70,21,大地苏醒
潮汐海灵,Fizz,白银,71,17,下雪天
潮汐海灵,Fizz,黄金,72,34,弹球
潮汐海灵,Fizz,棱彩,73,22,潘朵拉的盒子
潮汐海灵,Fizz,白银,74,18,海洋龙魂
潮汐海灵,Fizz,黄金,75,35,坦克引擎
潮汐海灵,Fizz,黄金,76,36,鲨鱼诱饵
潮汐海灵,Fizz,白银,77,19,双生火焰
潮汐海灵,Fizz,黄金,78,37,火上浇油
潮汐海灵,Fizz,棱彩,79,23,飞身踢
潮汐海灵,Fizz,黄金,80,38,钢化你心
潮汐海灵,Fizz,棱彩,81,24,科学狂人
潮汐海灵,Fizz,黄金,82,39,冰雪爆裂
潮汐海灵,Fizz,白银,83,20,狂热者
潮汐海灵,Fizz,棱彩,84,25,最终形态
潮汐海灵,Fizz,白银,85,21,练腿日
潮汐海灵,Fizz,棱彩,86,26,巨人杀手
潮汐海灵,Fizz,白银,87,22,重量级打击手
潮汐海灵,Fizz,棱彩,88,27,扳机炼狱
潮汐海灵,Fizz,白银,89,23,防护面纱
潮汐海灵,Fizz,白银,90,24,侵蚀
潮汐海灵,Fizz,棱彩,91,28,神圣雪球
潮汐海灵,Fizz,棱彩,92,29,尊我为王
潮汐海灵,Fizz,黄金,93,40,神圣干预
潮汐海灵,Fizz,黄金,94,41,心灵净化
潮汐海灵,Fizz,白银,95,25,属性！
潮汐海灵,Fizz,白银,96,26,冰寒
潮汐海灵,Fizz,黄金,97,42,面包和果酱
潮汐海灵,Fizz,棱彩,98,30,海牛阿福的勇士
潮汐海灵,Fizz,黄金,99,43,轻拍背部
潮汐海灵,Fizz,棱彩,100,31,针插垫
潮汐海灵,Fizz,棱彩,101,32,空投熊
潮汐海灵,Fizz,黄金,102,44,星界躯体
潮汐海灵,Fizz,黄金,103,45,缩小射线
潮汐海灵,Fizz,白银,104,27,海克斯科技龙魂
潮汐海灵,Fizz,白银,105,28,终极不可阻挡
潮汐海灵,Fizz,棱彩,106,33,玻璃大炮
潮汐海灵,Fizz,黄金,107,46,更万用的瞄准镜
潮汐海灵,Fizz,棱彩,108,34,泰坦的坚决
潮汐海灵,Fizz,黄金,109,47,生机迸发
潮汐海灵,Fizz,黄金,110,48,升级：焚天
潮汐海灵,Fizz,黄金,111,49,哎哟，我的硬币！
潮汐海灵,Fizz,白银,112,29,家园卫士
潮汐海灵,Fizz,棱彩,113,35,全能龙魂
潮汐海灵,Fizz,棱彩,114,36,属性叠属性叠属性！
潮汐海灵,Fizz,黄金,115,50,黎明使者的坚决
潮汐海灵,Fizz,棱彩,116,37,位面转移
潮汐海灵,Fizz,白银,117,30,万用瞄准镜
潮汐海灵,Fizz,棱彩,118,38,你摸不到
潮汐海灵,Fizz,白银,119,31,升级：献祭
潮汐海灵,Fizz,黄金,120,51,高压锅
潮汐海灵,Fizz,棱彩,121,39,和我一起困在这里
潮汐海灵,Fizz,黄金,122,52,自然即是治愈
潮汐海灵,Fizz,白银,123,32,唯快不破
潮汐海灵,Fizz,棱彩,124,40,夺金
潮汐海灵,Fizz,黄金,125,53,升级：贪欲九头蛇
潮汐海灵,Fizz,棱彩,126,41,物法皆修
潮汐海灵,Fizz,棱彩,127,42,濒死悟道
潮汐海灵,Fizz,棱彩,128,43,电涌力场
潮汐海灵,Fizz,黄金,129,54,炽烈黎明
潮汐海灵,Fizz,黄金,130,55,过量延伸者
潮汐海灵,Fizz,白银,131,33,灵巧
潮汐海灵,Fizz,黄金,132,56,豪猪
潮汐海灵,Fizz,棱彩,133,44,精怪魔法
潮汐海灵,Fizz,白银,134,34,转得我眩晕了
潮汐海灵,Fizz,棱彩,135,45,舞会女王
潮汐海灵,Fizz,棱彩,136,46,艾卡西亚的陷落
潮汐海灵,Fizz,棱彩,137,47,最万用的瞄准镜
潮汐海灵,Fizz,棱彩,138,48,大招工具人
潮汐海灵,Fizz,白银,139,35,山脉龙魂
潮汐海灵,Fizz,黄金,140,57,咏叹奏鸣
潮汐海灵,Fizz,黄金,141,58,回力OK镖
潮汐海灵,Fizz,棱彩,142,49,男爵之手
潮汐海灵,Fizz,棱彩,143,50,战争交响乐
潮汐海灵,Fizz,黄金,144,59,我们的治疗
潮汐海灵,Fizz,棱彩,145,51,软弹啪叽抓
潮汐海灵,Fizz,棱彩,146,52,双刀流
潮汐海灵,Fizz,白银,147,36,点亮他们！
潮汐海灵,Fizz,棱彩,148,53,魄罗蛮冲
潮汐海灵,Fizz,棱彩,149,54,连拨击锤
潮汐海灵,Fizz,白银,150,37,吵闹鬼
潮汐海灵,Fizz,棱彩,151,55,踢踏舞
潮汐海灵,Fizz,棱彩,152,56,小丑学院
潮汐海灵,Fizz,黄金,153,60,活力焕发
潮汐海灵,Fizz,黄金,154,61,吸血习性
潮汐海灵,Fizz,黄金,155,62,升级：雪球
潮汐海灵,Fizz,白银,156,38,闪光弹
潮汐海灵,Fizz,黄金,157,63,坚韧
潮汐海灵,Fizz,黄金,158,64,雪球扭蛋机
潮汐海灵,Fizz,黄金,159,65,祖母的辣椒油
潮汐海灵,Fizz,黄金,160,66,易损
潮汐海灵,Fizz,黄金,161,67,最终都市列车
潮汐海灵,Fizz,黄金,162,68,邦！
潮汐海灵,Fizz,棱彩,163,57,量子计算
潮汐海灵,Fizz,白银,164,39,闪闪现现
潮汐海灵,Fizz,黄金,165,69,虚空冲刺
潮汐海灵,Fizz,黄金,166,70,关键暴击
潮汐海灵,Fizz,黄金,167,71,魄罗爆破手
潮汐海灵,Fizz,黄金,168,72,灵魂虹吸
潮汐海灵,Fizz,白银,169,40,魔法转物理
潮汐海灵,Fizz,白银,170,41,虹吸
潮汐海灵,Fizz,白银,171,42,会心防御
潮汐海灵,Fizz,白银,172,43,台风
潮汐海灵,Fizz,黄金,173,73,会心治疗
潮汐海灵,Fizz,白银,174,44,升级：收集者
潮汐海灵,Fizz,白银,175,45,大力
潮汐海灵,Fizz,棱彩,176,58,蛋白粉奶昔
潮汐海灵,Fizz,黄金,177,74,升级：无尽之刃
潮汐海灵,Fizz,棱彩,178,59,卡皮巴拉空投
潮汐海灵,Fizz,棱彩,179,60,？？？
潮汐海灵,Fizz,棱彩,180,61,魄罗之王的弹跳
潮汐海灵,Fizz,棱彩,181,62,双发快射
潮汐海灵,Fizz,白银,182,46,由暴生急
潮汐海灵,Fizz,白银,183,47,前进时间到
潮汐海灵,Fizz,白银,184,48,可靠武器
潮汐海灵,Fizz,黄金,185,75,喂呜喂呜
潮汐海灵,Fizz,白银,186,49,急救用具
潮汐海灵,Fizz,白银,187,50,叠角龙
潮汐海灵,Fizz,白银,188,51,强力护盾
潮汐海灵,Fizz,棱彩,189,63,激光治疗
潮汐海灵,Fizz,棱彩,190,64,你肩上的恶魔
正义巨像,Galio,黄金,1,1,坦克引擎
正义巨像,Galio,黄金,2,2,星界躯体
正义巨像,Galio,白银,3,1,重量级打击手
正义巨像,Galio,棱彩,4,1,飞身踢
正义巨像,Galio,黄金,5,3,钢化你心
正义巨像,Galio,棱彩,6,2,歌利亚巨人
正义巨像,Galio,棱彩,7,3,巨像的勇气
正义巨像,Galio,白银,8,2,扇巴掌
正义巨像,Galio,白银,9,3,升级：献祭
正义巨像,Galio,黄金,10,4,不动如山
正义巨像,Galio,黄金,11,5,吞噬灵魂
正义巨像,Galio,棱彩,12,4,残忍
正义巨像,Galio,黄金,13,6,高压锅
正义巨像,Galio,白银,14,4,由心及物
正义巨像,Galio,黄金,15,7,虚幻武器
正义巨像,Galio,黄金,16,8,超凡邪恶
正义巨像,Galio,黄金,17,9,质变：棱彩阶
正义巨像,Galio,黄金,18,10,术士果汁盒
正义巨像,Galio,黄金,19,11,贪欲束缚
正义巨像,Galio,棱彩,20,5,艾卡西亚的陷落
正义巨像,Galio,白银,21,5,质变：黄金阶
正义巨像,Galio,棱彩,22,6,大法师
正义巨像,Galio,黄金,23,12,生机迸发
正义巨像,Galio,白银,24,6,巫师式思考
正义巨像,Galio,黄金,25,13,黎明使者的坚决
正义巨像,Galio,棱彩,26,7,无限循环往复
正义巨像,Galio,黄金,27,14,循环往复
正义巨像,Galio,白银,28,7,逃跑计划
正义巨像,Galio,棱彩,29,8,炼狱导管
正义巨像,Galio,黄金,30,15,魔法飞弹
正义巨像,Galio,黄金,31,16,豪猪
正义巨像,Galio,白银,32,8,纯粹主义者 - 术师
正义巨像,Galio,黄金,33,17,急速之追求
正义巨像,Galio,黄金,34,18,面包和果酱
正义巨像,Galio,白银,35,9,练腿日
正义巨像,Galio,棱彩,36,9,尤里卡
正义巨像,Galio,白银,37,10,大师铸就
正义巨像,Galio,棱彩,38,10,回归基本功
正义巨像,Galio,白银,39,11,别停止引导
正义巨像,Galio,黄金,40,19,无尽大杀四方
正义巨像,Galio,白银,41,12,海洋龙魂
正义巨像,Galio,棱彩,42,11,泰坦的坚决
正义巨像,Galio,棱彩,43,12,史上最大雪球
正义巨像,Galio,黄金,44,20,尖端发明家
正义巨像,Galio,棱彩,45,13,质变：混沌
正义巨像,Galio,白银,46,13,暗影疾奔
正义巨像,Galio,黄金,47,21,属性叠属性！
正义巨像,Galio,棱彩,48,14,掷骰狂人
正义巨像,Galio,棱彩,49,15,沃格勒特的巫师帽
正义巨像,Galio,白银,50,14,侵蚀
正义巨像,Galio,棱彩,51,16,科学狂人
正义巨像,Galio,黄金,52,22,缩小引擎
正义巨像,Galio,黄金,53,23,神射法师
正义巨像,Galio,白银,54,15,俯冲轰炸
正义巨像,Galio,棱彩,55,17,和我一起困在这里
正义巨像,Galio,棱彩,56,18,多重射击
正义巨像,Galio,白银,57,16,快中求稳
正义巨像,Galio,黄金,58,24,神圣干预
正义巨像,Galio,黄金,59,25,轻拍背部
正义巨像,Galio,白银,60,17,升级：中娅
正义巨像,Galio,黄金,61,26,超强大脑
正义巨像,Galio,黄金,62,27,急急小子
正义巨像,Galio,黄金,63,28,威能之追求
正义巨像,Galio,黄金,64,29,面包和奶酪
正义巨像,Galio,黄金,65,30,捐赠
正义巨像,Galio,白银,66,18,下雪天
正义巨像,Galio,棱彩,67,19,回响施放
正义巨像,Galio,黄金,68,31,牙仙子
正义巨像,Galio,黄金,69,32,冰雪爆裂
正义巨像,Galio,白银,70,19,冰寒
正义巨像,Galio,黄金,71,33,弹球
正义巨像,Galio,黄金,72,34,自然即是治愈
正义巨像,Galio,黄金,73,35,炽燃利息
正义巨像,Galio,黄金,74,36,溢流
正义巨像,Galio,黄金,75,37,面包和黄油
正义巨像,Galio,棱彩,76,20,大地苏醒
正义巨像,Galio,黄金,77,38,闪现向前
正义巨像,Galio,棱彩,78,21,终极唤醒
正义巨像,Galio,白银,79,20,物理转魔法
正义巨像,Galio,棱彩,80,22,不祥契约
正义巨像,Galio,棱彩,81,23,空投熊
正义巨像,Galio,黄金,82,39,狂徒豪气
正义巨像,Galio,棱彩,83,24,潘朵拉的盒子
正义巨像,Galio,棱彩,84,25,终极刷新
正义巨像,Galio,棱彩,85,26,超负荷
正义巨像,Galio,黄金,86,40,我们的治疗
正义巨像,Galio,黄金,87,41,鲨鱼暴风
正义巨像,Galio,棱彩,88,27,舞会女王
正义巨像,Galio,棱彩,89,28,最终形态
正义巨像,Galio,白银,90,21,火狐
正义巨像,Galio,黄金,91,42,鲨鱼诱饵
正义巨像,Galio,白银,92,22,山脉龙魂
正义巨像,Galio,棱彩,93,29,神圣雪球
正义巨像,Galio,白银,94,23,属性！
正义巨像,Galio,棱彩,95,30,软弹啪叽抓
正义巨像,Galio,棱彩,96,31,你摸不到
正义巨像,Galio,白银,97,24,炼狱龙魂
正义巨像,Galio,棱彩,98,32,全凭身法
正义巨像,Galio,黄金,99,43,哎哟，我的硬币！
正义巨像,Galio,白银,100,25,双生火焰
正义巨像,Galio,黄金,101,44,狙神飞星
正义巨像,Galio,棱彩,102,33,全能龙魂
正义巨像,Galio,棱彩,103,34,精怪魔法
正义巨像,Galio,白银,104,26,海克斯科技龙魂
正义巨像,Galio,黄金,105,45,炽烈黎明
正义巨像,Galio,白银,106,27,杀意翻涌
正义巨像,Galio,棱彩,107,35,珠光护手
正义巨像,Galio,黄金,108,46,心灵净化
正义巨像,Galio,棱彩,109,36,扳机炼狱
正义巨像,Galio,黄金,110,47,咏叹奏鸣
正义巨像,Galio,黄金,111,48,过量延伸者
正义巨像,Galio,白银,112,28,转得我眩晕了
正义巨像,Galio,白银,113,29,注魔
正义巨像,Galio,黄金,114,49,杀戮时间到了
正义巨像,Galio,白银,115,30,防护面纱
正义巨像,Galio,棱彩,116,37,属性叠属性叠属性！
正义巨像,Galio,棱彩,117,38,海牛阿福的勇士
正义巨像,Galio,白银,118,31,渴血
正义巨像,Galio,棱彩,119,39,尊我为王
正义巨像,Galio,白银,120,32,家园卫士
正义巨像,Galio,黄金,121,50,有始有终
正义巨像,Galio,棱彩,122,40,濒死悟道
正义巨像,Galio,棱彩,123,41,电涌力场
正义巨像,Galio,棱彩,124,42,飞升仪式
正义巨像,Galio,黄金,125,51,缩小射线
正义巨像,Galio,棱彩,126,43,吃过路兵
正义巨像,Galio,棱彩,127,44,秘术冲拳
正义巨像,Galio,黄金,128,52,穿针引线
正义巨像,Galio,黄金,129,53,火上浇油
正义巨像,Galio,黄金,130,54,回力OK镖
正义巨像,Galio,棱彩,131,45,利刃华尔兹
正义巨像,Galio,棱彩,132,46,夺金
正义巨像,Galio,棱彩,133,47,巨人杀手
正义巨像,Galio,黄金,134,55,升级：焚天
正义巨像,Galio,棱彩,135,48,至高天诺言
正义巨像,Galio,棱彩,136,49,男爵之手
正义巨像,Galio,棱彩,137,50,大招工具人
正义巨像,Galio,棱彩,138,51,魄罗蛮冲
正义巨像,Galio,白银,139,33,狂热者
正义巨像,Galio,白银,140,34,吵闹鬼
正义巨像,Galio,棱彩,141,52,玻璃大炮
正义巨像,Galio,黄金,142,56,升级：贪欲九头蛇
正义巨像,Galio,黄金,143,57,更万用的瞄准镜
正义巨像,Galio,棱彩,144,53,位面转移
正义巨像,Galio,白银,145,35,万用瞄准镜
正义巨像,Galio,黄金,146,58,升级：耀光
正义巨像,Galio,黄金,147,59,罪恶快感
正义巨像,Galio,棱彩,148,54,物法皆修
正义巨像,Galio,黄金,149,60,夜狩
正义巨像,Galio,白银,150,36,灵巧
正义巨像,Galio,黄金,151,61,藏身草丛
正义巨像,Galio,白银,152,37,唯快不破
正义巨像,Galio,黄金,153,62,坚韧
正义巨像,Galio,棱彩,154,55,最万用的瞄准镜
正义巨像,Galio,白银,155,38,点亮他们！
正义巨像,Galio,棱彩,156,56,踢踏舞
正义巨像,Galio,黄金,157,63,活力焕发
正义巨像,Galio,棱彩,158,57,战争交响乐
正义巨像,Galio,白银,159,39,坚若磐石
正义巨像,Galio,白银,160,40,闪光弹
正义巨像,Galio,棱彩,161,58,灵魄炸弹
正义巨像,Galio,白银,162,41,闪闪现现
正义巨像,Galio,黄金,163,64,会心治疗
正义巨像,Galio,黄金,164,65,升级：雪球
正义巨像,Galio,棱彩,165,59,量子计算
正义巨像,Galio,黄金,166,66,祖母的辣椒油
正义巨像,Galio,棱彩,167,60,蛋白粉奶昔
正义巨像,Galio,黄金,168,67,雪球扭蛋机
正义巨像,Galio,黄金,169,68,吸血习性
正义巨像,Galio,黄金,170,69,最终都市列车
正义巨像,Galio,白银,171,42,会心防御
正义巨像,Galio,黄金,172,70,易损
正义巨像,Galio,棱彩,173,61,小丑学院
正义巨像,Galio,黄金,174,71,关键暴击
正义巨像,Galio,黄金,175,72,虚空冲刺
正义巨像,Galio,黄金,176,73,魄罗爆破手
正义巨像,Galio,白银,177,43,急救用具
正义巨像,Galio,白银,178,44,叠角龙
正义巨像,Galio,棱彩,179,62,卡皮巴拉空投
正义巨像,Galio,黄金,180,74,灵魂虹吸
正义巨像,Galio,白银,181,45,虹吸
正义巨像,Galio,白银,182,46,自适应防护
正义巨像,Galio,棱彩,183,63,魄罗之王的弹跳
正义巨像,Galio,白银,184,47,台风
正义巨像,Galio,黄金,185,75,喂呜喂呜
正义巨像,Galio,白银,186,48,天音爆
正义巨像,Galio,黄金,187,76,全心为你
正义巨像,Galio,白银,188,49,魔法转物理
正义巨像,Galio,棱彩,189,64,双刀流
正义巨像,Galio,黄金,190,77,暴击律动
正义巨像,Galio,棱彩,191,65,激光治疗
正义巨像,Galio,棱彩,192,66,王中王，靴中靴
海洋之灾,Gangplank,棱彩,1,1,珠光护手
海洋之灾,Gangplank,棱彩,2,2,双发快射
海洋之灾,Gangplank,黄金,3,1,升级：无尽之刃
海洋之灾,Gangplank,白银,4,1,升级：收集者
海洋之灾,Gangplank,白银,5,2,双生火焰
海洋之灾,Gangplank,白银,6,3,由暴生急
海洋之灾,Gangplank,黄金,7,2,升级：耀光
海洋之灾,Gangplank,棱彩,8,3,巨人杀手
海洋之灾,Gangplank,棱彩,9,4,回归基本功
海洋之灾,Gangplank,黄金,10,3,关键暴击
海洋之灾,Gangplank,黄金,11,4,虚幻武器
海洋之灾,Gangplank,白银,12,4,大力
海洋之灾,Gangplank,棱彩,13,5,无限循环往复
海洋之灾,Gangplank,黄金,14,5,易损
海洋之灾,Gangplank,棱彩,15,6,掷骰狂人
海洋之灾,Gangplank,黄金,16,6,质变：棱彩阶
海洋之灾,Gangplank,黄金,17,7,有始有终
海洋之灾,Gangplank,白银,18,5,纯粹主义者 - 术师
海洋之灾,Gangplank,黄金,19,8,威能之追求
海洋之灾,Gangplank,黄金,20,9,循环往复
海洋之灾,Gangplank,棱彩,21,7,终极刷新
海洋之灾,Gangplank,黄金,22,10,杀戮时间到了
海洋之灾,Gangplank,黄金,23,11,魔法飞弹
海洋之灾,Gangplank,黄金,24,12,急速之追求
海洋之灾,Gangplank,黄金,25,13,灵魂虹吸
海洋之灾,Gangplank,棱彩,26,8,精怪魔法
海洋之灾,Gangplank,白银,27,6,魔法转物理
海洋之灾,Gangplank,黄金,28,14,缩小引擎
海洋之灾,Gangplank,黄金,29,15,急急小子
海洋之灾,Gangplank,白银,30,7,狂热者
海洋之灾,Gangplank,黄金,31,16,面包和奶酪
海洋之灾,Gangplank,黄金,32,17,穿针引线
海洋之灾,Gangplank,棱彩,33,9,尤里卡
海洋之灾,Gangplank,棱彩,34,10,玻璃大炮
海洋之灾,Gangplank,黄金,35,18,牙仙子
海洋之灾,Gangplank,黄金,36,19,夜狩
海洋之灾,Gangplank,黄金,37,20,面包和黄油
海洋之灾,Gangplank,白银,38,8,质变：黄金阶
海洋之灾,Gangplank,棱彩,39,11,质变：混沌
海洋之灾,Gangplank,黄金,40,21,溢流
海洋之灾,Gangplank,白银,41,9,虹吸
海洋之灾,Gangplank,黄金,42,22,暴击飞弹
海洋之灾,Gangplank,黄金,43,23,捐赠
海洋之灾,Gangplank,黄金,44,24,属性叠属性！
海洋之灾,Gangplank,白银,45,10,渴血
海洋之灾,Gangplank,棱彩,46,12,科学狂人
海洋之灾,Gangplank,白银,47,11,会心防御
海洋之灾,Gangplank,白银,48,12,逃跑计划
海洋之灾,Gangplank,棱彩,49,13,歌利亚巨人
海洋之灾,Gangplank,黄金,50,25,超凡邪恶
海洋之灾,Gangplank,黄金,51,26,更万用的瞄准镜
海洋之灾,Gangplank,黄金,52,27,狙神飞星
海洋之灾,Gangplank,黄金,53,28,心灵净化
海洋之灾,Gangplank,棱彩,54,14,最万用的瞄准镜
海洋之灾,Gangplank,棱彩,55,15,连拨击锤
海洋之灾,Gangplank,黄金,56,29,神射法师
海洋之灾,Gangplank,白银,57,13,大师铸就
海洋之灾,Gangplank,棱彩,58,16,大招工具人
海洋之灾,Gangplank,白银,59,14,可靠武器
海洋之灾,Gangplank,白银,60,15,巫师式思考
海洋之灾,Gangplank,棱彩,61,17,潘朵拉的盒子
海洋之灾,Gangplank,白银,62,16,炼狱龙魂
海洋之灾,Gangplank,棱彩,63,18,最终形态
海洋之灾,Gangplank,棱彩,64,19,史上最大雪球
海洋之灾,Gangplank,黄金,65,30,面包和果酱
海洋之灾,Gangplank,黄金,66,31,升级：贪欲九头蛇
海洋之灾,Gangplank,黄金,67,32,回力OK镖
海洋之灾,Gangplank,白银,68,17,万用瞄准镜
海洋之灾,Gangplank,棱彩,69,20,海牛阿福的勇士
海洋之灾,Gangplank,棱彩,70,21,秘术冲拳
海洋之灾,Gangplank,棱彩,71,22,全能龙魂
海洋之灾,Gangplank,白银,72,18,灵巧
海洋之灾,Gangplank,棱彩,73,23,飞身踢
海洋之灾,Gangplank,黄金,74,33,哎哟，我的硬币！
海洋之灾,Gangplank,棱彩,75,24,属性叠属性叠属性！
海洋之灾,Gangplank,棱彩,76,25,物法皆修
海洋之灾,Gangplank,棱彩,77,26,夺金
海洋之灾,Gangplank,黄金,78,34,术士果汁盒
海洋之灾,Gangplank,黄金,79,35,藏身草丛
海洋之灾,Gangplank,棱彩,80,27,终极九头蛇
海洋之灾,Gangplank,棱彩,81,28,吃过路兵
海洋之灾,Gangplank,棱彩,82,29,尊我为王
海洋之灾,Gangplank,棱彩,83,30,利刃华尔兹
海洋之灾,Gangplank,棱彩,84,31,双刀流
海洋之灾,Gangplank,棱彩,85,32,和我一起困在这里
海洋之灾,Gangplank,黄金,86,36,罪恶快感
海洋之灾,Gangplank,棱彩,87,33,沃格勒特的巫师帽
海洋之灾,Gangplank,白银,88,19,唯快不破
海洋之灾,Gangplank,白银,89,20,冰寒
海洋之灾,Gangplank,白银,90,21,物理转魔法
海洋之灾,Gangplank,白银,91,22,注魔
海洋之灾,Gangplank,棱彩,92,34,飞升仪式
海洋之灾,Gangplank,白银,93,23,海克斯科技龙魂
海洋之灾,Gangplank,白银,94,24,属性！
海洋之灾,Gangplank,白银,95,25,练腿日
海洋之灾,Gangplank,黄金,96,37,弹球
海洋之灾,Gangplank,白银,97,26,叠角龙
海洋之灾,Gangplank,黄金,98,38,坦克引擎
海洋之灾,Gangplank,棱彩,99,35,神圣雪球
海洋之灾,Gangplank,白银,100,27,台风
海洋之灾,Gangplank,白银,101,28,家园卫士
海洋之灾,Gangplank,白银,102,29,升级：死亡之舞
海洋之灾,Gangplank,棱彩,103,36,你摸不到
海洋之灾,Gangplank,黄金,104,39,闪现向前
海洋之灾,Gangplank,白银,105,30,海洋龙魂
海洋之灾,Gangplank,黄金,106,40,鲨鱼暴风
海洋之灾,Gangplank,黄金,107,41,冰雪爆裂
海洋之灾,Gangplank,黄金,108,42,暴击律动
海洋之灾,Gangplank,棱彩,109,37,空投熊
海洋之灾,Gangplank,黄金,110,43,尖端发明家
海洋之灾,Gangplank,棱彩,111,38,男爵之手
海洋之灾,Gangplank,黄金,112,44,升级：焚天
海洋之灾,Gangplank,黄金,113,45,神圣干预
海洋之灾,Gangplank,白银,114,31,下雪天
海洋之灾,Gangplank,棱彩,115,39,扳机炼狱
海洋之灾,Gangplank,棱彩,116,40,炼狱导管
海洋之灾,Gangplank,黄金,117,46,火上浇油
海洋之灾,Gangplank,棱彩,118,41,电涌力场
海洋之灾,Gangplank,白银,119,32,侵蚀
海洋之灾,Gangplank,白银,120,33,终极不可阻挡
海洋之灾,Gangplank,黄金,121,47,生机迸发
海洋之灾,Gangplank,黄金,122,48,鲨鱼诱饵
海洋之灾,Gangplank,黄金,123,49,无尽大杀四方
海洋之灾,Gangplank,白银,124,34,俯冲轰炸
海洋之灾,Gangplank,黄金,125,50,炽烈黎明
海洋之灾,Gangplank,黄金,126,51,缩小射线
海洋之灾,Gangplank,白银,127,35,火狐
海洋之灾,Gangplank,白银,128,36,防护面纱
海洋之灾,Gangplank,棱彩,129,42,不祥契约
海洋之灾,Gangplank,白银,130,37,杀意翻涌
海洋之灾,Gangplank,棱彩,131,43,濒死悟道
海洋之灾,Gangplank,黄金,132,52,自然即是治愈
海洋之灾,Gangplank,棱彩,133,44,魄罗蛮冲
海洋之灾,Gangplank,黄金,134,53,黎明使者的坚决
海洋之灾,Gangplank,白银,135,38,山脉龙魂
海洋之灾,Gangplank,黄金,136,54,咏叹奏鸣
海洋之灾,Gangplank,黄金,137,55,过量延伸者
海洋之灾,Gangplank,白银,138,39,转得我眩晕了
海洋之灾,Gangplank,棱彩,139,45,战争交响乐
海洋之灾,Gangplank,黄金,140,56,我们的治疗
海洋之灾,Gangplank,白银,141,40,由心及物
海洋之灾,Gangplank,黄金,142,57,轻拍背部
海洋之灾,Gangplank,棱彩,143,46,位面转移
海洋之灾,Gangplank,白银,144,41,吵闹鬼
海洋之灾,Gangplank,黄金,145,58,超强大脑
海洋之灾,Gangplank,棱彩,146,47,泰坦的坚决
海洋之灾,Gangplank,棱彩,147,48,软弹啪叽抓
海洋之灾,Gangplank,白银,148,42,重量级打击手
海洋之灾,Gangplank,黄金,149,59,钢化你心
海洋之灾,Gangplank,黄金,150,60,星界躯体
海洋之灾,Gangplank,棱彩,151,49,踢踏舞
海洋之灾,Gangplank,白银,152,43,升级：中娅
海洋之灾,Gangplank,黄金,153,61,豪猪
海洋之灾,Gangplank,棱彩,154,50,舞会女王
海洋之灾,Gangplank,棱彩,155,51,大法师
海洋之灾,Gangplank,白银,156,44,点亮他们！
海洋之灾,Gangplank,黄金,157,62,吸血习性
海洋之灾,Gangplank,黄金,158,63,高压锅
海洋之灾,Gangplank,白银,159,45,升级：献祭
海洋之灾,Gangplank,棱彩,160,52,艾卡西亚的陷落
海洋之灾,Gangplank,棱彩,161,53,终极唤醒
海洋之灾,Gangplank,棱彩,162,54,小丑学院
海洋之灾,Gangplank,黄金,163,64,活力焕发
海洋之灾,Gangplank,黄金,164,65,会心治疗
海洋之灾,Gangplank,棱彩,165,55,超负荷
海洋之灾,Gangplank,黄金,166,66,魄罗爆破手
海洋之灾,Gangplank,白银,167,46,闪闪现现
海洋之灾,Gangplank,棱彩,168,56,量子计算
海洋之灾,Gangplank,白银,169,47,闪光弹
海洋之灾,Gangplank,黄金,170,67,雪球扭蛋机
海洋之灾,Gangplank,黄金,171,68,升级：雪球
海洋之灾,Gangplank,黄金,172,69,炽燃利息
海洋之灾,Gangplank,黄金,173,70,最终都市列车
海洋之灾,Gangplank,黄金,174,71,祖母的辣椒油
海洋之灾,Gangplank,黄金,175,72,坚韧
海洋之灾,Gangplank,棱彩,176,57,？？？
海洋之灾,Gangplank,棱彩,177,58,魄罗之王的弹跳
海洋之灾,Gangplank,棱彩,178,59,你肩上的恶魔
海洋之灾,Gangplank,黄金,179,73,仁慈打击
海洋之灾,Gangplank,棱彩,180,60,蛋白粉奶昔
海洋之灾,Gangplank,棱彩,181,61,至高天诺言
海洋之灾,Gangplank,棱彩,182,62,升级：花晓之剑
海洋之灾,Gangplank,棱彩,183,63,灵魄炸弹
德玛西亚之力,Garen,白银,1,1,旋转至胜
德玛西亚之力,Garen,棱彩,2,1,飞身踢
德玛西亚之力,Garen,黄金,3,1,坦克引擎
德玛西亚之力,Garen,黄金,4,2,钢化你心
德玛西亚之力,Garen,棱彩,5,2,歌利亚巨人
德玛西亚之力,Garen,黄金,6,3,升级：无尽之刃
德玛西亚之力,Garen,黄金,7,4,星界躯体
德玛西亚之力,Garen,白银,8,2,重量级打击手
德玛西亚之力,Garen,黄金,9,5,黎明使者的坚决
德玛西亚之力,Garen,白银,10,3,大力
德玛西亚之力,Garen,黄金,11,6,质变：棱彩阶
德玛西亚之力,Garen,黄金,12,7,邦！
德玛西亚之力,Garen,棱彩,13,3,泰坦的坚决
德玛西亚之力,Garen,黄金,14,8,快步
德玛西亚之力,Garen,黄金,15,9,高压锅
德玛西亚之力,Garen,白银,16,4,渴血
德玛西亚之力,Garen,白银,17,5,升级：献祭
德玛西亚之力,Garen,黄金,18,10,无尽大杀四方
德玛西亚之力,Garen,棱彩,19,4,艾卡西亚的陷落
德玛西亚之力,Garen,棱彩,20,5,回归基本功
德玛西亚之力,Garen,白银,21,6,保持坚定
德玛西亚之力,Garen,棱彩,22,6,利刃华尔兹
德玛西亚之力,Garen,白银,23,7,逃跑计划
德玛西亚之力,Garen,棱彩,24,7,掷骰狂人
德玛西亚之力,Garen,棱彩,25,8,巨人杀手
德玛西亚之力,Garen,棱彩,26,9,终极刷新
德玛西亚之力,Garen,黄金,27,11,威能之追求
德玛西亚之力,Garen,黄金,28,12,虚幻武器
德玛西亚之力,Garen,棱彩,29,10,秘术冲拳
德玛西亚之力,Garen,黄金,30,13,升级：贪欲九头蛇
德玛西亚之力,Garen,棱彩,31,11,最终形态
德玛西亚之力,Garen,白银,32,8,练腿日
德玛西亚之力,Garen,黄金,33,14,罪恶快感
德玛西亚之力,Garen,棱彩,34,12,回响施放
德玛西亚之力,Garen,黄金,35,15,小小的额外帮助
德玛西亚之力,Garen,白银,36,9,质变：黄金阶
德玛西亚之力,Garen,白银,37,10,灵巧
德玛西亚之力,Garen,黄金,38,16,面包和奶酪
德玛西亚之力,Garen,黄金,39,17,循环往复
德玛西亚之力,Garen,黄金,40,18,捐赠
德玛西亚之力,Garen,黄金,41,19,属性叠属性！
德玛西亚之力,Garen,黄金,42,20,生机迸发
德玛西亚之力,Garen,棱彩,43,13,质变：混沌
德玛西亚之力,Garen,黄金,44,21,穿针引线
德玛西亚之力,Garen,棱彩,45,14,史上最大雪球
德玛西亚之力,Garen,黄金,46,22,缩小引擎
德玛西亚之力,Garen,棱彩,47,15,终极唤醒
德玛西亚之力,Garen,黄金,48,23,急速之追求
德玛西亚之力,Garen,黄金,49,24,面包和黄油
德玛西亚之力,Garen,白银,50,11,升级：收集者
德玛西亚之力,Garen,黄金,51,25,灵魂虹吸
德玛西亚之力,Garen,黄金,52,26,易损
德玛西亚之力,Garen,黄金,53,27,豪猪
德玛西亚之力,Garen,黄金,54,28,弹球
德玛西亚之力,Garen,黄金,55,29,升级：焚天
德玛西亚之力,Garen,黄金,56,30,面包和果酱
德玛西亚之力,Garen,黄金,57,31,关键暴击
德玛西亚之力,Garen,黄金,58,32,轻拍背部
德玛西亚之力,Garen,黄金,59,33,闪现向前
德玛西亚之力,Garen,黄金,60,34,夜狩
德玛西亚之力,Garen,黄金,61,35,尖端发明家
德玛西亚之力,Garen,白银,62,12,大师铸就
德玛西亚之力,Garen,白银,63,13,魔法转物理
德玛西亚之力,Garen,黄金,64,36,神圣干预
德玛西亚之力,Garen,棱彩,65,16,科学狂人
德玛西亚之力,Garen,黄金,66,37,冰雪爆裂
德玛西亚之力,Garen,黄金,67,38,牙仙子
德玛西亚之力,Garen,棱彩,68,17,珠光护手
德玛西亚之力,Garen,棱彩,69,18,潘朵拉的盒子
德玛西亚之力,Garen,白银,70,14,杀意翻涌
德玛西亚之力,Garen,黄金,71,39,自然即是治愈
德玛西亚之力,Garen,黄金,72,40,更万用的瞄准镜
德玛西亚之力,Garen,黄金,73,41,心灵净化
德玛西亚之力,Garen,棱彩,74,19,终极九头蛇
德玛西亚之力,Garen,白银,75,15,前进时间到
德玛西亚之力,Garen,棱彩,76,20,神圣雪球
德玛西亚之力,Garen,黄金,77,42,暴击飞弹
德玛西亚之力,Garen,白银,78,16,侵蚀
德玛西亚之力,Garen,棱彩,79,21,吃过路兵
德玛西亚之力,Garen,白银,80,17,俯冲轰炸
德玛西亚之力,Garen,棱彩,81,22,战争交响乐
德玛西亚之力,Garen,黄金,82,43,鲨鱼暴风
德玛西亚之力,Garen,白银,83,18,会心防御
德玛西亚之力,Garen,白银,84,19,家园卫士
德玛西亚之力,Garen,棱彩,85,23,超负荷
德玛西亚之力,Garen,棱彩,86,24,和我一起困在这里
德玛西亚之力,Garen,棱彩,87,25,扳机炼狱
德玛西亚之力,Garen,棱彩,88,26,双刀流
德玛西亚之力,Garen,棱彩,89,27,你摸不到
德玛西亚之力,Garen,黄金,90,44,杀戮时间到了
德玛西亚之力,Garen,白银,91,20,升级：死亡之舞
德玛西亚之力,Garen,黄金,92,45,缩小射线
德玛西亚之力,Garen,白银,93,21,下雪天
德玛西亚之力,Garen,白银,94,22,狂热者
德玛西亚之力,Garen,黄金,95,46,火上浇油
德玛西亚之力,Garen,棱彩,96,28,海牛阿福的勇士
德玛西亚之力,Garen,黄金,97,47,暴击律动
德玛西亚之力,Garen,棱彩,98,29,飞升仪式
德玛西亚之力,Garen,黄金,99,48,术士果汁盒
德玛西亚之力,Garen,棱彩,100,30,全能龙魂
德玛西亚之力,Garen,黄金,101,49,鲨鱼诱饵
德玛西亚之力,Garen,棱彩,102,31,舞会女王
德玛西亚之力,Garen,黄金,103,50,哎哟，我的硬币！
德玛西亚之力,Garen,黄金,104,51,急急小子
德玛西亚之力,Garen,黄金,105,52,我们的治疗
德玛西亚之力,Garen,棱彩,106,32,濒死悟道
德玛西亚之力,Garen,棱彩,107,33,尊我为王
德玛西亚之力,Garen,白银,108,23,唯快不破
德玛西亚之力,Garen,棱彩,109,34,连拨击锤
德玛西亚之力,Garen,棱彩,110,35,属性叠属性叠属性！
德玛西亚之力,Garen,棱彩,111,36,踢踏舞
德玛西亚之力,Garen,棱彩,112,37,最万用的瞄准镜
德玛西亚之力,Garen,棱彩,113,38,无限循环往复
德玛西亚之力,Garen,黄金,114,53,有始有终
德玛西亚之力,Garen,棱彩,115,39,大招工具人
德玛西亚之力,Garen,棱彩,116,40,双发快射
德玛西亚之力,Garen,黄金,117,54,过量延伸者
德玛西亚之力,Garen,白银,118,24,台风
德玛西亚之力,Garen,白银,119,25,终极不可阻挡
德玛西亚之力,Garen,棱彩,120,41,大法师
德玛西亚之力,Garen,白银,121,26,炼狱龙魂
德玛西亚之力,Garen,白银,122,27,转得我眩晕了
德玛西亚之力,Garen,黄金,123,55,咏叹奏鸣
德玛西亚之力,Garen,白银,124,28,双生火焰
德玛西亚之力,Garen,白银,125,29,万用瞄准镜
德玛西亚之力,Garen,白银,126,30,属性！
德玛西亚之力,Garen,棱彩,127,42,软弹啪叽抓
德玛西亚之力,Garen,棱彩,128,43,夺金
德玛西亚之力,Garen,黄金,129,56,藏身草丛
德玛西亚之力,Garen,白银,130,31,山脉龙魂
德玛西亚之力,Garen,白银,131,32,吵闹鬼
德玛西亚之力,Garen,白银,132,33,由暴生急
德玛西亚之力,Garen,黄金,133,57,回力OK镖
德玛西亚之力,Garen,白银,134,34,海克斯科技龙魂
德玛西亚之力,Garen,棱彩,135,44,炼狱导管
德玛西亚之力,Garen,白银,136,35,叠角龙
德玛西亚之力,Garen,黄金,137,58,升级：耀光
德玛西亚之力,Garen,黄金,138,59,炽烈黎明
德玛西亚之力,Garen,白银,139,36,防护面纱
德玛西亚之力,Garen,棱彩,140,45,男爵之手
德玛西亚之力,Garen,棱彩,141,46,空投熊
德玛西亚之力,Garen,白银,142,37,火狐
德玛西亚之力,Garen,白银,143,38,海洋龙魂
德玛西亚之力,Garen,棱彩,144,47,魄罗蛮冲
德玛西亚之力,Garen,黄金,145,60,魔法飞弹
德玛西亚之力,Garen,白银,146,39,纯粹主义者 - 术师
德玛西亚之力,Garen,棱彩,147,48,位面转移
德玛西亚之力,Garen,棱彩,148,49,玻璃大炮
德玛西亚之力,Garen,棱彩,149,50,电涌力场
德玛西亚之力,Garen,白银,150,40,冰寒
德玛西亚之力,Garen,棱彩,151,51,精怪魔法
德玛西亚之力,Garen,黄金,152,61,坚韧
德玛西亚之力,Garen,白银,153,41,点亮他们！
德玛西亚之力,Garen,黄金,154,62,吸血习性
德玛西亚之力,Garen,黄金,155,63,会心治疗
德玛西亚之力,Garen,黄金,156,64,升级：雪球
德玛西亚之力,Garen,棱彩,157,52,量子计算
德玛西亚之力,Garen,白银,158,42,闪闪现现
德玛西亚之力,Garen,黄金,159,65,活力焕发
德玛西亚之力,Garen,棱彩,160,53,小丑学院
德玛西亚之力,Garen,黄金,161,66,雪球扭蛋机
德玛西亚之力,Garen,白银,162,43,闪光弹
德玛西亚之力,Garen,黄金,163,67,最终都市列车
德玛西亚之力,Garen,棱彩,164,54,蛋白粉奶昔
德玛西亚之力,Garen,黄金,165,68,魄罗爆破手
德玛西亚之力,Garen,白银,166,44,虹吸
德玛西亚之力,Garen,黄金,167,69,仁慈打击
德玛西亚之力,Garen,棱彩,168,55,升级：花晓之剑
德玛西亚之力,Garen,棱彩,169,56,魄罗之王的弹跳
德玛西亚之力,Garen,白银,170,45,急救用具
德玛西亚之力,Garen,白银,171,46,天音爆
德玛西亚之力,Garen,棱彩,172,57,风语者的祝福
德玛西亚之力,Garen,黄金,173,70,神射法师
德玛西亚之力,Garen,黄金,174,71,全心为你
德玛西亚之力,Garen,棱彩,175,58,激光治疗
德玛西亚之力,Garen,棱彩,176,59,卡皮巴拉空投
德玛西亚之力,Garen,棱彩,177,60,？？？
德玛西亚之力,Garen,棱彩,178,61,信念者的强化
德玛西亚之力,Garen,棱彩,179,62,你肩上的恶魔
德玛西亚之力,Garen,棱彩,180,63,针插垫
迷失之牙,Gnar,黄金,1,1,坦克引擎
迷失之牙,Gnar,棱彩,2,1,飞身踢
迷失之牙,Gnar,白银,3,1,重量级打击手
迷失之牙,Gnar,黄金,4,2,钢化你心
迷失之牙,Gnar,黄金,5,3,星界躯体
迷失之牙,Gnar,棱彩,6,2,歌利亚巨人
迷失之牙,Gnar,白银,7,2,大力
迷失之牙,Gnar,黄金,8,4,黎明使者的坚决
迷失之牙,Gnar,黄金,9,5,升级：耀光
迷失之牙,Gnar,棱彩,10,3,双刀流
迷失之牙,Gnar,黄金,11,6,质变：棱彩阶
迷失之牙,Gnar,白银,12,3,渴血
迷失之牙,Gnar,黄金,13,7,连锁反应
迷失之牙,Gnar,棱彩,14,4,泰坦的坚决
迷失之牙,Gnar,棱彩,15,5,连拨击锤
迷失之牙,Gnar,白银,16,4,台风
迷失之牙,Gnar,棱彩,17,6,秘术冲拳
迷失之牙,Gnar,黄金,18,8,高压锅
迷失之牙,Gnar,白银,19,5,质变：黄金阶
迷失之牙,Gnar,白银,20,6,灵巧
迷失之牙,Gnar,黄金,21,9,生机迸发
迷失之牙,Gnar,白银,22,7,逃跑计划
迷失之牙,Gnar,白银,23,8,练腿日
迷失之牙,Gnar,棱彩,24,7,掷骰狂人
迷失之牙,Gnar,黄金,25,10,火上浇油
迷失之牙,Gnar,棱彩,26,8,终极刷新
迷失之牙,Gnar,黄金,27,11,罪恶快感
迷失之牙,Gnar,黄金,28,12,缩小射线
迷失之牙,Gnar,黄金,29,13,捐赠
迷失之牙,Gnar,黄金,30,14,属性叠属性！
迷失之牙,Gnar,棱彩,31,9,史上最大雪球
迷失之牙,Gnar,黄金,32,15,循环往复
迷失之牙,Gnar,黄金,33,16,闪现向前
迷失之牙,Gnar,黄金,34,17,急速之追求
迷失之牙,Gnar,黄金,35,18,杀戮时间到了
迷失之牙,Gnar,黄金,36,19,不动如山
迷失之牙,Gnar,棱彩,37,10,质变：混沌
迷失之牙,Gnar,黄金,38,20,面包和黄油
迷失之牙,Gnar,黄金,39,21,弹球
迷失之牙,Gnar,黄金,40,22,缩小引擎
迷失之牙,Gnar,黄金,41,23,升级：无尽之刃
迷失之牙,Gnar,白银,42,9,魔法转物理
迷失之牙,Gnar,白银,43,10,大师铸就
迷失之牙,Gnar,黄金,44,24,虚幻武器
迷失之牙,Gnar,棱彩,45,11,战争交响乐
迷失之牙,Gnar,黄金,46,25,冰雪爆裂
迷失之牙,Gnar,黄金,47,26,吞噬灵魂
迷失之牙,Gnar,黄金,48,27,尖端发明家
迷失之牙,Gnar,白银,49,11,升级：死亡之舞
迷失之牙,Gnar,黄金,50,28,轻拍背部
迷失之牙,Gnar,黄金,51,29,自然即是治愈
迷失之牙,Gnar,黄金,52,30,豪猪
迷失之牙,Gnar,棱彩,53,12,巨像的勇气
迷失之牙,Gnar,棱彩,54,13,你摸不到
迷失之牙,Gnar,黄金,55,31,面包和奶酪
迷失之牙,Gnar,棱彩,56,14,科学狂人
迷失之牙,Gnar,棱彩,57,15,踢踏舞
迷失之牙,Gnar,白银,58,12,终极不可阻挡
迷失之牙,Gnar,黄金,59,32,心灵净化
迷失之牙,Gnar,黄金,60,33,无尽大杀四方
迷失之牙,Gnar,白银,61,13,点亮他们！
迷失之牙,Gnar,白银,62,14,下雪天
迷失之牙,Gnar,白银,63,15,扇巴掌
迷失之牙,Gnar,棱彩,64,16,潘朵拉的盒子
迷失之牙,Gnar,白银,65,16,俯冲轰炸
迷失之牙,Gnar,黄金,66,34,回力OK镖
迷失之牙,Gnar,棱彩,67,17,终极唤醒
迷失之牙,Gnar,黄金,68,35,穿针引线
迷失之牙,Gnar,黄金,69,36,鲨鱼暴风
迷失之牙,Gnar,白银,70,17,侵蚀
迷失之牙,Gnar,棱彩,71,18,巨人杀手
迷失之牙,Gnar,黄金,72,37,神圣干预
迷失之牙,Gnar,黄金,73,38,升级：焚天
迷失之牙,Gnar,棱彩,74,19,残忍
迷失之牙,Gnar,黄金,75,39,哎哟，我的硬币！
迷失之牙,Gnar,棱彩,76,20,精怪魔法
迷失之牙,Gnar,棱彩,77,21,终极九头蛇
迷失之牙,Gnar,白银,78,18,炼狱龙魂
迷失之牙,Gnar,黄金,79,40,鲨鱼诱饵
迷失之牙,Gnar,棱彩,80,22,海牛阿福的勇士
迷失之牙,Gnar,白银,81,19,家园卫士
迷失之牙,Gnar,棱彩,82,23,吃过路兵
迷失之牙,Gnar,黄金,83,41,我们的治疗
迷失之牙,Gnar,棱彩,84,24,物法皆修
迷失之牙,Gnar,棱彩,85,25,神圣雪球
迷失之牙,Gnar,棱彩,86,26,扳机炼狱
迷失之牙,Gnar,黄金,87,42,暴击律动
迷失之牙,Gnar,黄金,88,43,暴击飞弹
迷失之牙,Gnar,白银,89,20,暗影疾奔
迷失之牙,Gnar,黄金,90,44,术士果汁盒
迷失之牙,Gnar,棱彩,91,27,全能龙魂
迷失之牙,Gnar,棱彩,92,28,空投熊
迷失之牙,Gnar,棱彩,93,29,利刃华尔兹
迷失之牙,Gnar,黄金,94,45,升级：贪欲九头蛇
迷失之牙,Gnar,白银,95,21,转得我眩晕了
迷失之牙,Gnar,黄金,96,46,神射法师
迷失之牙,Gnar,黄金,97,47,夜狩
迷失之牙,Gnar,白银,98,22,海克斯科技龙魂
迷失之牙,Gnar,白银,99,23,杀意翻涌
迷失之牙,Gnar,黄金,100,48,灵魂虹吸
迷失之牙,Gnar,白银,101,24,快中求稳
迷失之牙,Gnar,白银,102,25,山脉龙魂
迷失之牙,Gnar,白银,103,26,属性！
迷失之牙,Gnar,棱彩,104,30,尊我为王
迷失之牙,Gnar,棱彩,105,31,回归基本功
迷失之牙,Gnar,黄金,106,49,过量延伸者
迷失之牙,Gnar,白银,107,27,升级：收集者
迷失之牙,Gnar,棱彩,108,32,大地苏醒
迷失之牙,Gnar,黄金,109,50,狂徒豪气
迷失之牙,Gnar,棱彩,110,33,最终形态
迷失之牙,Gnar,棱彩,111,34,属性叠属性叠属性！
迷失之牙,Gnar,棱彩,112,35,软弹啪叽抓
迷失之牙,Gnar,黄金,113,51,咏叹奏鸣
迷失之牙,Gnar,棱彩,114,36,双发快射
迷失之牙,Gnar,白银,115,28,火狐
迷失之牙,Gnar,黄金,116,52,有始有终
迷失之牙,Gnar,棱彩,117,37,珠光护手
迷失之牙,Gnar,黄金,118,53,魔法飞弹
迷失之牙,Gnar,白银,119,29,双生火焰
迷失之牙,Gnar,棱彩,120,38,夺金
迷失之牙,Gnar,棱彩,121,39,和我一起困在这里
迷失之牙,Gnar,黄金,122,54,炽烈黎明
迷失之牙,Gnar,白银,123,30,防护面纱
迷失之牙,Gnar,黄金,124,55,老练狙神
迷失之牙,Gnar,棱彩,125,40,濒死悟道
迷失之牙,Gnar,白银,126,31,升级：献祭
迷失之牙,Gnar,黄金,127,56,急急小子
迷失之牙,Gnar,黄金,128,57,牙仙子
迷失之牙,Gnar,棱彩,129,41,全凭身法
迷失之牙,Gnar,白银,130,32,海洋龙魂
迷失之牙,Gnar,白银,131,33,物理转魔法
迷失之牙,Gnar,黄金,132,58,超凡邪恶
迷失之牙,Gnar,棱彩,133,42,舞会女王
迷失之牙,Gnar,棱彩,134,43,飞升仪式
迷失之牙,Gnar,棱彩,135,44,魄罗蛮冲
迷失之牙,Gnar,黄金,136,59,藏身草丛
迷失之牙,Gnar,棱彩,137,45,男爵之手
迷失之牙,Gnar,白银,138,34,冰寒
迷失之牙,Gnar,白银,139,35,唯快不破
迷失之牙,Gnar,棱彩,140,46,位面转移
迷失之牙,Gnar,棱彩,141,47,大法师
迷失之牙,Gnar,棱彩,142,48,电涌力场
迷失之牙,Gnar,白银,143,36,巫师式思考
迷失之牙,Gnar,棱彩,144,49,无限循环往复
迷失之牙,Gnar,白银,145,37,吵闹鬼
迷失之牙,Gnar,棱彩,146,50,大招工具人
迷失之牙,Gnar,棱彩,147,51,不祥契约
迷失之牙,Gnar,黄金,148,60,狙神飞星
迷失之牙,Gnar,棱彩,149,52,炼狱导管
迷失之牙,Gnar,黄金,150,61,超强大脑
迷失之牙,Gnar,黄金,151,62,更万用的瞄准镜
迷失之牙,Gnar,棱彩,152,53,玻璃大炮
迷失之牙,Gnar,白银,153,38,纯粹主义者 - 术师
迷失之牙,Gnar,白银,154,39,闪闪现现
迷失之牙,Gnar,棱彩,155,54,沃格勒特的巫师帽
迷失之牙,Gnar,白银,156,40,闪光弹
迷失之牙,Gnar,黄金,157,63,坚韧
迷失之牙,Gnar,黄金,158,64,吸血习性
迷失之牙,Gnar,棱彩,159,55,尤里卡
迷失之牙,Gnar,棱彩,160,56,最万用的瞄准镜
迷失之牙,Gnar,白银,161,41,万用瞄准镜
迷失之牙,Gnar,白银,162,42,升级：中娅
迷失之牙,Gnar,黄金,163,65,活力焕发
迷失之牙,Gnar,黄金,164,66,易损
迷失之牙,Gnar,黄金,165,67,升级：雪球
迷失之牙,Gnar,棱彩,166,57,小丑学院
迷失之牙,Gnar,白银,167,43,狂热者
迷失之牙,Gnar,白银,168,44,坚若磐石
迷失之牙,Gnar,黄金,169,68,关键暴击
迷失之牙,Gnar,白银,170,45,会心防御
迷失之牙,Gnar,黄金,171,69,雪球扭蛋机
迷失之牙,Gnar,黄金,172,70,魄罗爆破手
迷失之牙,Gnar,棱彩,173,58,量子计算
迷失之牙,Gnar,黄金,174,71,会心治疗
迷失之牙,Gnar,棱彩,175,59,？？？
迷失之牙,Gnar,黄金,176,72,祖母的辣椒油
迷失之牙,Gnar,棱彩,177,60,卡皮巴拉空投
迷失之牙,Gnar,棱彩,178,61,蛋白粉奶昔
迷失之牙,Gnar,棱彩,179,62,升级：花晓之剑
迷失之牙,Gnar,棱彩,180,63,死亡之环
迷失之牙,Gnar,黄金,181,73,面包和果酱
迷失之牙,Gnar,棱彩,182,64,激光治疗
迷失之牙,Gnar,黄金,183,74,最终都市列车
迷失之牙,Gnar,棱彩,184,65,魄罗之王的弹跳
迷失之牙,Gnar,黄金,185,75,虚空冲刺
迷失之牙,Gnar,黄金,186,76,威能之追求
迷失之牙,Gnar,白银,187,46,可靠武器
酒桶,Gragas,黄金,1,1,坦克引擎
酒桶,Gragas,黄金,2,2,虚幻武器
酒桶,Gragas,棱彩,3,1,飞身踢
酒桶,Gragas,黄金,4,3,术士果汁盒
酒桶,Gragas,白银,5,1,扇巴掌
酒桶,Gragas,棱彩,6,2,尤里卡
酒桶,Gragas,白银,7,2,巫师式思考
酒桶,Gragas,棱彩,8,3,歌利亚巨人
酒桶,Gragas,黄金,9,4,星界躯体
酒桶,Gragas,黄金,10,5,超凡邪恶
酒桶,Gragas,白银,11,3,重量级打击手
酒桶,Gragas,黄金,12,6,钢化你心
酒桶,Gragas,白银,13,4,纯粹主义者 - 术师
酒桶,Gragas,白银,14,5,由心及物
酒桶,Gragas,棱彩,15,4,大法师
酒桶,Gragas,黄金,16,7,神射法师
酒桶,Gragas,黄金,17,8,连锁反应
酒桶,Gragas,黄金,18,9,贪欲束缚
酒桶,Gragas,棱彩,19,5,残忍
酒桶,Gragas,棱彩,20,6,巨像的勇气
酒桶,Gragas,棱彩,21,7,无限循环往复
酒桶,Gragas,黄金,22,10,牙仙子
酒桶,Gragas,黄金,23,11,质变：棱彩阶
酒桶,Gragas,黄金,24,12,吞噬灵魂
酒桶,Gragas,黄金,25,13,黎明使者的坚决
酒桶,Gragas,黄金,26,14,循环往复
酒桶,Gragas,黄金,27,15,杀戮时间到了
酒桶,Gragas,黄金,28,16,魔法飞弹
酒桶,Gragas,白银,29,6,渴血
酒桶,Gragas,黄金,30,17,急速之追求
酒桶,Gragas,白银,31,7,升级：中娅
酒桶,Gragas,黄金,32,18,不动如山
酒桶,Gragas,棱彩,33,8,终极刷新
酒桶,Gragas,棱彩,34,9,沃格勒特的巫师帽
酒桶,Gragas,白银,35,8,质变：黄金阶
酒桶,Gragas,黄金,36,19,超强大脑
酒桶,Gragas,黄金,37,20,面包和奶酪
酒桶,Gragas,黄金,38,21,高压锅
酒桶,Gragas,白银,39,9,升级：献祭
酒桶,Gragas,黄金,40,22,溢流
酒桶,Gragas,黄金,41,23,急急小子
酒桶,Gragas,白银,42,10,逃跑计划
酒桶,Gragas,黄金,43,24,缩小引擎
酒桶,Gragas,白银,44,11,物理转魔法
酒桶,Gragas,棱彩,45,10,珠光护手
酒桶,Gragas,棱彩,46,11,艾卡西亚的陷落
酒桶,Gragas,棱彩,47,12,史上最大雪球
酒桶,Gragas,白银,48,12,暗影疾奔
酒桶,Gragas,棱彩,49,13,掷骰狂人
酒桶,Gragas,黄金,50,25,有始有终
酒桶,Gragas,棱彩,51,14,科学狂人
酒桶,Gragas,棱彩,52,15,秘术冲拳
酒桶,Gragas,黄金,53,26,狂徒豪气
酒桶,Gragas,白银,54,13,虹吸
酒桶,Gragas,棱彩,55,16,终极唤醒
酒桶,Gragas,黄金,56,27,心灵净化
酒桶,Gragas,黄金,57,28,自然即是治愈
酒桶,Gragas,白银,58,14,冰寒
酒桶,Gragas,黄金,59,29,威能之追求
酒桶,Gragas,棱彩,60,17,炼狱导管
酒桶,Gragas,黄金,61,30,我们的治疗
酒桶,Gragas,白银,62,15,快中求稳
酒桶,Gragas,白银,63,16,大师铸就
酒桶,Gragas,黄金,64,31,穿针引线
酒桶,Gragas,白银,65,17,练腿日
酒桶,Gragas,黄金,66,32,生机迸发
酒桶,Gragas,棱彩,67,18,不祥契约
酒桶,Gragas,棱彩,68,19,质变：混沌
酒桶,Gragas,黄金,69,33,闪现向前
酒桶,Gragas,棱彩,70,20,精怪魔法
酒桶,Gragas,白银,71,18,注魔
酒桶,Gragas,棱彩,72,21,全凭身法
酒桶,Gragas,白银,73,19,海洋龙魂
酒桶,Gragas,棱彩,74,22,回归基本功
酒桶,Gragas,白银,75,20,俯冲轰炸
酒桶,Gragas,棱彩,76,23,最终形态
酒桶,Gragas,黄金,77,34,捐赠
酒桶,Gragas,棱彩,78,24,和我一起困在这里
酒桶,Gragas,黄金,79,35,属性叠属性！
酒桶,Gragas,黄金,80,36,面包和黄油
酒桶,Gragas,黄金,81,37,弹球
酒桶,Gragas,白银,82,21,下雪天
酒桶,Gragas,白银,83,22,炼狱龙魂
酒桶,Gragas,棱彩,84,25,软弹啪叽抓
酒桶,Gragas,棱彩,85,26,扳机炼狱
酒桶,Gragas,黄金,86,38,冰雪爆裂
酒桶,Gragas,白银,87,23,双生火焰
酒桶,Gragas,棱彩,88,27,大招工具人
酒桶,Gragas,棱彩,89,28,大地苏醒
酒桶,Gragas,白银,90,24,火狐
酒桶,Gragas,黄金,91,39,尖端发明家
酒桶,Gragas,黄金,92,40,无尽大杀四方
酒桶,Gragas,黄金,93,41,狙神飞星
酒桶,Gragas,棱彩,94,29,潘朵拉的盒子
酒桶,Gragas,黄金,95,42,面包和果酱
酒桶,Gragas,黄金,96,43,轻拍背部
酒桶,Gragas,棱彩,97,30,玻璃大炮
酒桶,Gragas,黄金,98,44,鲨鱼暴风
酒桶,Gragas,棱彩,99,31,空投熊
酒桶,Gragas,棱彩,100,32,泰坦的坚决
酒桶,Gragas,黄金,101,45,豪猪
酒桶,Gragas,白银,102,25,别停止引导
酒桶,Gragas,黄金,103,46,神圣干预
酒桶,Gragas,棱彩,104,33,濒死悟道
酒桶,Gragas,白银,105,26,属性！
酒桶,Gragas,白银,106,27,海克斯科技龙魂
酒桶,Gragas,白银,107,28,侵蚀
酒桶,Gragas,黄金,108,47,升级：耀光
酒桶,Gragas,白银,109,29,终极不可阻挡
酒桶,Gragas,棱彩,110,34,巨人杀手
酒桶,Gragas,黄金,111,48,哎哟，我的硬币！
酒桶,Gragas,黄金,112,49,鲨鱼诱饵
酒桶,Gragas,棱彩,113,35,神圣雪球
酒桶,Gragas,棱彩,114,36,海牛阿福的勇士
酒桶,Gragas,棱彩,115,37,死亡之环
酒桶,Gragas,白银,116,30,家园卫士
酒桶,Gragas,棱彩,117,38,全能龙魂
酒桶,Gragas,棱彩,118,39,你摸不到
酒桶,Gragas,白银,119,31,转得我眩晕了
酒桶,Gragas,棱彩,120,40,电涌力场
酒桶,Gragas,棱彩,121,41,尊我为王
酒桶,Gragas,棱彩,122,42,属性叠属性叠属性！
酒桶,Gragas,白银,123,32,杀意翻涌
酒桶,Gragas,黄金,124,50,夜狩
酒桶,Gragas,白银,125,33,山脉龙魂
酒桶,Gragas,棱彩,126,43,飞升仪式
酒桶,Gragas,黄金,127,51,过量延伸者
酒桶,Gragas,白银,128,34,防护面纱
酒桶,Gragas,白银,129,35,狂热者
酒桶,Gragas,棱彩,130,44,夺金
酒桶,Gragas,棱彩,131,45,舞会女王
酒桶,Gragas,棱彩,132,46,吃过路兵
酒桶,Gragas,黄金,133,52,咏叹奏鸣
酒桶,Gragas,黄金,134,53,炽烈黎明
酒桶,Gragas,棱彩,135,47,利刃华尔兹
酒桶,Gragas,黄金,136,54,罪恶快感
酒桶,Gragas,棱彩,137,48,男爵之手
酒桶,Gragas,黄金,138,55,藏身草丛
酒桶,Gragas,黄金,139,56,回力OK镖
酒桶,Gragas,棱彩,140,49,魄罗蛮冲
酒桶,Gragas,黄金,141,57,缩小射线
酒桶,Gragas,黄金,142,58,火上浇油
酒桶,Gragas,棱彩,143,50,位面转移
酒桶,Gragas,棱彩,144,51,风语者的祝福
酒桶,Gragas,黄金,145,59,升级：焚天
酒桶,Gragas,白银,146,36,灵巧
酒桶,Gragas,棱彩,147,52,至高天诺言
酒桶,Gragas,黄金,148,60,升级：贪欲九头蛇
酒桶,Gragas,棱彩,149,53,物法皆修
酒桶,Gragas,白银,150,37,吵闹鬼
酒桶,Gragas,白银,151,38,唯快不破
酒桶,Gragas,黄金,152,61,更万用的瞄准镜
酒桶,Gragas,白银,153,39,万用瞄准镜
酒桶,Gragas,黄金,154,62,坚韧
酒桶,Gragas,白银,155,40,闪光弹
酒桶,Gragas,白银,156,41,闪闪现现
酒桶,Gragas,白银,157,42,点亮他们！
酒桶,Gragas,黄金,158,63,活力焕发
酒桶,Gragas,棱彩,159,54,最万用的瞄准镜
酒桶,Gragas,棱彩,160,55,踢踏舞
酒桶,Gragas,白银,161,43,坚若磐石
酒桶,Gragas,黄金,162,64,邦！
酒桶,Gragas,棱彩,163,56,战争交响乐
酒桶,Gragas,棱彩,164,57,灵魄炸弹
酒桶,Gragas,黄金,165,65,会心治疗
酒桶,Gragas,黄金,166,66,升级：雪球
酒桶,Gragas,白银,167,44,急救用具
酒桶,Gragas,棱彩,168,58,蛋白粉奶昔
酒桶,Gragas,黄金,169,67,雪球扭蛋机
酒桶,Gragas,黄金,170,68,祖母的辣椒油
酒桶,Gragas,黄金,171,69,吸血习性
酒桶,Gragas,棱彩,172,59,小丑学院
酒桶,Gragas,白银,173,45,强力护盾
酒桶,Gragas,黄金,174,70,易损
酒桶,Gragas,白银,175,46,会心防御
酒桶,Gragas,黄金,176,71,魄罗爆破手
酒桶,Gragas,黄金,177,72,关键暴击
酒桶,Gragas,黄金,178,73,灵魂虹吸
酒桶,Gragas,黄金,179,74,最终都市列车
酒桶,Gragas,黄金,180,75,虚空冲刺
酒桶,Gragas,棱彩,181,60,量子计算
酒桶,Gragas,黄金,182,76,暴击律动
酒桶,Gragas,白银,183,47,台风
酒桶,Gragas,棱彩,184,61,连拨击锤
酒桶,Gragas,棱彩,185,62,魄罗之王的弹跳
酒桶,Gragas,白银,186,48,可靠武器
酒桶,Gragas,白银,187,49,自适应防护
酒桶,Gragas,白银,188,50,天音爆
酒桶,Gragas,棱彩,189,63,双发快射
酒桶,Gragas,棱彩,190,64,回响施放
酒桶,Gragas,棱彩,191,65,超负荷
法外狂徒,Graves,黄金,1,1,升级：无尽之刃
法外狂徒,Graves,棱彩,2,1,亮出你的剑
法外狂徒,Graves,黄金,3,2,灵魂虹吸
法外狂徒,Graves,白银,4,1,升级：收集者
法外狂徒,Graves,黄金,5,3,更万用的瞄准镜
法外狂徒,Graves,黄金,6,4,暴击飞弹
法外狂徒,Graves,棱彩,7,2,双发快射
法外狂徒,Graves,白银,8,2,大力
法外狂徒,Graves,棱彩,9,3,珠光护手
法外狂徒,Graves,棱彩,10,4,巨人杀手
法外狂徒,Graves,白银,11,3,会心防御
法外狂徒,Graves,棱彩,12,5,最万用的瞄准镜
法外狂徒,Graves,白银,13,4,万用瞄准镜
法外狂徒,Graves,黄金,14,5,暴击律动
法外狂徒,Graves,黄金,15,6,关键暴击
法外狂徒,Graves,黄金,16,7,质变：棱彩阶
法外狂徒,Graves,白银,17,5,灵巧
法外狂徒,Graves,棱彩,18,6,回归基本功
法外狂徒,Graves,白银,19,6,魔法转物理
法外狂徒,Graves,棱彩,20,7,掷骰狂人
法外狂徒,Graves,白银,21,7,由暴生急
法外狂徒,Graves,白银,22,8,渴血
法外狂徒,Graves,黄金,23,8,穿针引线
法外狂徒,Graves,棱彩,24,8,双刀流
法外狂徒,Graves,黄金,25,9,牙仙子
法外狂徒,Graves,黄金,26,10,易损
法外狂徒,Graves,棱彩,27,9,连拨击锤
法外狂徒,Graves,白银,28,9,质变：黄金阶
法外狂徒,Graves,黄金,29,11,夜狩
法外狂徒,Graves,白银,30,10,台风
法外狂徒,Graves,白银,31,11,暗影疾奔
法外狂徒,Graves,黄金,32,12,罪恶快感
法外狂徒,Graves,黄金,33,13,缩小引擎
法外狂徒,Graves,白银,34,12,逃跑计划
法外狂徒,Graves,棱彩,35,10,飞身踢
法外狂徒,Graves,棱彩,36,11,质变：混沌
法外狂徒,Graves,黄金,37,14,面包和奶酪
法外狂徒,Graves,黄金,38,15,有始有终
法外狂徒,Graves,黄金,39,16,捐赠
法外狂徒,Graves,黄金,40,17,属性叠属性！
法外狂徒,Graves,黄金,41,18,闪现向前
法外狂徒,Graves,黄金,42,19,狂徒豪气
法外狂徒,Graves,白银,43,13,大师铸就
法外狂徒,Graves,白银,44,14,快中求稳
法外狂徒,Graves,棱彩,45,12,史上最大雪球
法外狂徒,Graves,棱彩,46,13,终极九头蛇
法外狂徒,Graves,黄金,47,20,威能之追求
法外狂徒,Graves,棱彩,48,14,多重射击
法外狂徒,Graves,棱彩,49,15,潘朵拉的盒子
法外狂徒,Graves,黄金,50,21,缩小射线
法外狂徒,Graves,棱彩,51,16,终极刷新
法外狂徒,Graves,黄金,52,22,急速之追求
法外狂徒,Graves,棱彩,53,17,科学狂人
法外狂徒,Graves,棱彩,54,18,吃过路兵
法外狂徒,Graves,棱彩,55,19,超负荷
法外狂徒,Graves,棱彩,56,20,利刃华尔兹
法外狂徒,Graves,黄金,57,23,循环往复
法外狂徒,Graves,棱彩,58,21,全凭身法
法外狂徒,Graves,棱彩,59,22,秘术冲拳
法外狂徒,Graves,白银,60,15,炼狱龙魂
法外狂徒,Graves,白银,61,16,狂热者
法外狂徒,Graves,黄金,62,24,面包和黄油
法外狂徒,Graves,棱彩,63,23,咒语裂变
法外狂徒,Graves,棱彩,64,24,终极唤醒
法外狂徒,Graves,白银,65,17,家园卫士
法外狂徒,Graves,黄金,66,25,杀戮时间到了
法外狂徒,Graves,棱彩,67,25,海牛阿福的勇士
法外狂徒,Graves,棱彩,68,26,战争交响乐
法外狂徒,Graves,棱彩,69,27,踢踏舞
法外狂徒,Graves,棱彩,70,28,玻璃大炮
法外狂徒,Graves,白银,71,18,练腿日
法外狂徒,Graves,黄金,72,26,术士果汁盒
法外狂徒,Graves,黄金,73,27,火上浇油
法外狂徒,Graves,棱彩,74,29,神圣雪球
法外狂徒,Graves,白银,75,19,点亮他们！
法外狂徒,Graves,黄金,76,28,冰雪爆裂
法外狂徒,Graves,黄金,77,29,升级：贪欲九头蛇
法外狂徒,Graves,黄金,78,30,弹球
法外狂徒,Graves,黄金,79,31,老练狙神
法外狂徒,Graves,白银,80,20,海克斯科技龙魂
法外狂徒,Graves,白银,81,21,注魔
法外狂徒,Graves,黄金,82,32,心灵净化
法外狂徒,Graves,棱彩,83,30,全能龙魂
法外狂徒,Graves,黄金,84,33,哎哟，我的硬币！
法外狂徒,Graves,棱彩,85,31,尊我为王
法外狂徒,Graves,白银,86,22,纯粹主义者 - 术师
法外狂徒,Graves,棱彩,87,32,属性叠属性叠属性！
法外狂徒,Graves,白银,88,23,侵蚀
法外狂徒,Graves,白银,89,24,防护面纱
法外狂徒,Graves,棱彩,90,33,最终形态
法外狂徒,Graves,黄金,91,34,无尽大杀四方
法外狂徒,Graves,白银,92,25,双生火焰
法外狂徒,Graves,白银,93,26,海洋龙魂
法外狂徒,Graves,棱彩,94,34,扳机炼狱
法外狂徒,Graves,白银,95,27,属性！
法外狂徒,Graves,黄金,96,35,生机迸发
法外狂徒,Graves,白银,97,28,下雪天
法外狂徒,Graves,黄金,98,36,面包和果酱
法外狂徒,Graves,黄金,99,37,鲨鱼暴风
法外狂徒,Graves,棱彩,100,35,夺金
法外狂徒,Graves,棱彩,101,36,歌利亚巨人
法外狂徒,Graves,黄金,102,38,坦克引擎
法外狂徒,Graves,棱彩,103,37,泰坦的坚决
法外狂徒,Graves,白银,104,29,杀意翻涌
法外狂徒,Graves,棱彩,105,38,飞升仪式
法外狂徒,Graves,黄金,106,39,黎明使者的坚决
法外狂徒,Graves,黄金,107,40,回力OK镖
法外狂徒,Graves,黄金,108,41,神圣干预
法外狂徒,Graves,棱彩,109,39,你摸不到
法外狂徒,Graves,棱彩,110,40,无限循环往复
法外狂徒,Graves,白银,111,30,转得我眩晕了
法外狂徒,Graves,黄金,112,42,虚幻武器
法外狂徒,Graves,棱彩,113,41,濒死悟道
法外狂徒,Graves,棱彩,114,42,精怪魔法
法外狂徒,Graves,棱彩,115,43,大法师
法外狂徒,Graves,黄金,116,43,急急小子
法外狂徒,Graves,黄金,117,44,藏身草丛
法外狂徒,Graves,棱彩,118,44,男爵之手
法外狂徒,Graves,黄金,119,45,过量延伸者
法外狂徒,Graves,棱彩,120,45,大招工具人
法外狂徒,Graves,白银,121,31,重量级打击手
法外狂徒,Graves,白银,122,32,终极不可阻挡
法外狂徒,Graves,黄金,123,46,狙神飞星
法外狂徒,Graves,黄金,124,47,轻拍背部
法外狂徒,Graves,黄金,125,48,自然即是治愈
法外狂徒,Graves,黄金,126,49,钢化你心
法外狂徒,Graves,黄金,127,50,尖端发明家
法外狂徒,Graves,黄金,128,51,星界躯体
法外狂徒,Graves,白银,129,33,俯冲轰炸
法外狂徒,Graves,黄金,130,52,魔法飞弹
法外狂徒,Graves,黄金,131,53,鲨鱼诱饵
法外狂徒,Graves,白银,132,34,山脉龙魂
法外狂徒,Graves,白银,133,35,唯快不破
法外狂徒,Graves,棱彩,134,46,大地苏醒
法外狂徒,Graves,黄金,135,54,咏叹奏鸣
法外狂徒,Graves,棱彩,136,47,位面转移
法外狂徒,Graves,黄金,137,55,我们的治疗
法外狂徒,Graves,白银,138,36,火狐
法外狂徒,Graves,棱彩,139,48,魄罗蛮冲
法外狂徒,Graves,黄金,140,56,豪猪
法外狂徒,Graves,白银,141,37,吵闹鬼
法外狂徒,Graves,棱彩,142,49,软弹啪叽抓
法外狂徒,Graves,黄金,143,57,炽烈黎明
法外狂徒,Graves,黄金,144,58,溢流
法外狂徒,Graves,棱彩,145,50,电涌力场
法外狂徒,Graves,黄金,146,59,吸血习性
法外狂徒,Graves,棱彩,147,51,炼狱导管
法外狂徒,Graves,白银,148,38,冰寒
法外狂徒,Graves,棱彩,149,52,小丑学院
法外狂徒,Graves,黄金,150,60,升级：焚天
法外狂徒,Graves,白银,151,39,由心及物
法外狂徒,Graves,黄金,152,61,高压锅
法外狂徒,Graves,黄金,153,62,会心治疗
法外狂徒,Graves,棱彩,154,53,和我一起困在这里
法外狂徒,Graves,棱彩,155,54,舞会女王
法外狂徒,Graves,黄金,156,63,神射法师
法外狂徒,Graves,白银,157,40,闪光弹
法外狂徒,Graves,白银,158,41,闪闪现现
法外狂徒,Graves,黄金,159,64,最终都市列车
法外狂徒,Graves,黄金,160,65,雪球扭蛋机
法外狂徒,Graves,棱彩,161,55,量子计算
法外狂徒,Graves,黄金,162,66,活力焕发
法外狂徒,Graves,黄金,163,67,升级：雪球
法外狂徒,Graves,黄金,164,68,魄罗爆破手
法外狂徒,Graves,黄金,165,69,坚韧
法外狂徒,Graves,棱彩,166,56,你肩上的恶魔
法外狂徒,Graves,黄金,167,70,虚空冲刺
法外狂徒,Graves,白银,168,42,叠角龙
法外狂徒,Graves,棱彩,169,57,回响施放
法外狂徒,Graves,白银,170,43,巫师式思考
法外狂徒,Graves,棱彩,171,58,蛋白粉奶昔
法外狂徒,Graves,棱彩,172,59,艾卡西亚的陷落
法外狂徒,Graves,棱彩,173,60,升级：花晓之剑
法外狂徒,Graves,棱彩,174,61,？？？
法外狂徒,Graves,黄金,175,71,升级：耀光
灵罗娃娃,Gwen,黄金,1,1,术士果汁盒
灵罗娃娃,Gwen,黄金,2,2,神射法师
灵罗娃娃,Gwen,白银,3,1,渴血
灵罗娃娃,Gwen,黄金,4,3,虚幻武器
灵罗娃娃,Gwen,棱彩,5,1,秘术冲拳
灵罗娃娃,Gwen,棱彩,6,2,最终形态
灵罗娃娃,Gwen,白银,7,2,巫师式思考
灵罗娃娃,Gwen,黄金,8,4,超凡邪恶
灵罗娃娃,Gwen,黄金,9,5,狂徒豪气
灵罗娃娃,Gwen,黄金,10,6,罪恶快感
灵罗娃娃,Gwen,棱彩,11,3,不祥契约
灵罗娃娃,Gwen,黄金,12,7,无尽大杀四方
灵罗娃娃,Gwen,棱彩,13,4,沃格勒特的巫师帽
灵罗娃娃,Gwen,黄金,14,8,质变：棱彩阶
灵罗娃娃,Gwen,棱彩,15,5,吃过路兵
灵罗娃娃,Gwen,白银,16,3,虹吸
灵罗娃娃,Gwen,白银,17,4,升级：中娅
灵罗娃娃,Gwen,白银,18,5,暗影疾奔
灵罗娃娃,Gwen,棱彩,19,6,回归基本功
灵罗娃娃,Gwen,白银,20,6,逃跑计划
灵罗娃娃,Gwen,棱彩,21,7,掷骰狂人
灵罗娃娃,Gwen,黄金,22,9,威能之追求
灵罗娃娃,Gwen,棱彩,23,8,飞升仪式
灵罗娃娃,Gwen,黄金,24,10,超强大脑
灵罗娃娃,Gwen,棱彩,25,9,踢踏舞
灵罗娃娃,Gwen,棱彩,26,10,大法师
灵罗娃娃,Gwen,棱彩,27,11,全凭身法
灵罗娃娃,Gwen,棱彩,28,12,无限循环往复
灵罗娃娃,Gwen,白银,29,7,灵巧
灵罗娃娃,Gwen,黄金,30,11,更万用的瞄准镜
灵罗娃娃,Gwen,棱彩,31,13,濒死悟道
灵罗娃娃,Gwen,白银,32,8,质变：黄金阶
灵罗娃娃,Gwen,黄金,33,12,急速之追求
灵罗娃娃,Gwen,黄金,34,13,急急小子
灵罗娃娃,Gwen,黄金,35,14,循环往复
灵罗娃娃,Gwen,棱彩,36,14,利刃华尔兹
灵罗娃娃,Gwen,白银,37,9,终极不可阻挡
灵罗娃娃,Gwen,黄金,38,15,杀戮时间到了
灵罗娃娃,Gwen,白银,39,10,物理转魔法
灵罗娃娃,Gwen,白银,40,11,狂热者
灵罗娃娃,Gwen,黄金,41,16,魔法飞弹
灵罗娃娃,Gwen,白银,42,12,快中求稳
灵罗娃娃,Gwen,白银,43,13,注魔
灵罗娃娃,Gwen,棱彩,44,15,飞身踢
灵罗娃娃,Gwen,黄金,45,17,穿针引线
灵罗娃娃,Gwen,棱彩,46,16,终极唤醒
灵罗娃娃,Gwen,白银,47,14,万用瞄准镜
灵罗娃娃,Gwen,棱彩,48,17,珠光护手
灵罗娃娃,Gwen,黄金,49,18,自然即是治愈
灵罗娃娃,Gwen,黄金,50,19,面包和黄油
灵罗娃娃,Gwen,黄金,51,20,缩小引擎
灵罗娃娃,Gwen,棱彩,52,18,战争交响乐
灵罗娃娃,Gwen,棱彩,53,19,尤里卡
灵罗娃娃,Gwen,白银,54,15,可靠武器
灵罗娃娃,Gwen,黄金,55,21,心灵净化
灵罗娃娃,Gwen,黄金,56,22,面包和奶酪
灵罗娃娃,Gwen,黄金,57,23,火上浇油
灵罗娃娃,Gwen,黄金,58,24,升级：耀光
灵罗娃娃,Gwen,白银,59,16,自适应防护
灵罗娃娃,Gwen,棱彩,60,20,质变：混沌
灵罗娃娃,Gwen,白银,61,17,练腿日
灵罗娃娃,Gwen,黄金,62,25,牙仙子
灵罗娃娃,Gwen,棱彩,63,21,最万用的瞄准镜
灵罗娃娃,Gwen,黄金,64,26,属性叠属性！
灵罗娃娃,Gwen,黄金,65,27,捐赠
灵罗娃娃,Gwen,黄金,66,28,溢流
灵罗娃娃,Gwen,白银,67,18,大师铸就
灵罗娃娃,Gwen,棱彩,68,22,巨人杀手
灵罗娃娃,Gwen,白银,69,19,侵蚀
灵罗娃娃,Gwen,棱彩,70,23,终极刷新
灵罗娃娃,Gwen,棱彩,71,24,精怪魔法
灵罗娃娃,Gwen,黄金,72,29,坦克引擎
灵罗娃娃,Gwen,白银,73,20,海洋龙魂
灵罗娃娃,Gwen,黄金,74,30,黎明使者的坚决
灵罗娃娃,Gwen,白银,75,21,双生火焰
灵罗娃娃,Gwen,棱彩,76,25,物法皆修
灵罗娃娃,Gwen,棱彩,77,26,歌利亚巨人
灵罗娃娃,Gwen,棱彩,78,27,史上最大雪球
灵罗娃娃,Gwen,白银,79,22,火狐
灵罗娃娃,Gwen,棱彩,80,28,炼狱导管
灵罗娃娃,Gwen,棱彩,81,29,你摸不到
灵罗娃娃,Gwen,黄金,82,31,生机迸发
灵罗娃娃,Gwen,黄金,83,32,缩小射线
灵罗娃娃,Gwen,黄金,84,33,夜狩
灵罗娃娃,Gwen,黄金,85,34,钢化你心
灵罗娃娃,Gwen,棱彩,86,30,双刀流
灵罗娃娃,Gwen,棱彩,87,31,潘朵拉的盒子
灵罗娃娃,Gwen,棱彩,88,32,泰坦的坚决
灵罗娃娃,Gwen,白银,89,23,纯粹主义者 - 术师
灵罗娃娃,Gwen,黄金,90,35,闪现向前
灵罗娃娃,Gwen,棱彩,91,33,电涌力场
灵罗娃娃,Gwen,黄金,92,36,有始有终
灵罗娃娃,Gwen,棱彩,93,34,海牛阿福的勇士
灵罗娃娃,Gwen,白银,94,24,由心及物
灵罗娃娃,Gwen,棱彩,95,35,科学狂人
灵罗娃娃,Gwen,棱彩,96,36,和我一起困在这里
灵罗娃娃,Gwen,棱彩,97,37,扳机炼狱
灵罗娃娃,Gwen,白银,98,25,炼狱龙魂
灵罗娃娃,Gwen,黄金,99,37,弹球
灵罗娃娃,Gwen,黄金,100,38,神圣干预
灵罗娃娃,Gwen,黄金,101,39,轻拍背部
灵罗娃娃,Gwen,白银,102,26,重量级打击手
灵罗娃娃,Gwen,白银,103,27,海克斯科技龙魂
灵罗娃娃,Gwen,白银,104,28,俯冲轰炸
灵罗娃娃,Gwen,黄金,105,40,冰雪爆裂
灵罗娃娃,Gwen,白银,106,29,冰寒
灵罗娃娃,Gwen,黄金,107,41,星界躯体
灵罗娃娃,Gwen,白银,108,30,杀意翻涌
灵罗娃娃,Gwen,白银,109,31,下雪天
灵罗娃娃,Gwen,白银,110,32,点亮他们！
灵罗娃娃,Gwen,白银,111,33,属性！
灵罗娃娃,Gwen,黄金,112,42,我们的治疗
灵罗娃娃,Gwen,棱彩,113,38,全能龙魂
灵罗娃娃,Gwen,棱彩,114,39,位面转移
灵罗娃娃,Gwen,棱彩,115,40,属性叠属性叠属性！
灵罗娃娃,Gwen,棱彩,116,41,神圣雪球
灵罗娃娃,Gwen,黄金,117,43,升级：贪欲九头蛇
灵罗娃娃,Gwen,黄金,118,44,暴击律动
灵罗娃娃,Gwen,黄金,119,45,鲨鱼暴风
灵罗娃娃,Gwen,棱彩,120,42,空投熊
灵罗娃娃,Gwen,黄金,121,46,尖端发明家
灵罗娃娃,Gwen,黄金,122,47,哎哟，我的硬币！
灵罗娃娃,Gwen,白银,123,34,防护面纱
灵罗娃娃,Gwen,黄金,124,48,高压锅
灵罗娃娃,Gwen,棱彩,125,43,尊我为王
灵罗娃娃,Gwen,黄金,126,49,鲨鱼诱饵
灵罗娃娃,Gwen,白银,127,35,台风
灵罗娃娃,Gwen,白银,128,36,家园卫士
灵罗娃娃,Gwen,棱彩,129,44,夺金
灵罗娃娃,Gwen,白银,130,37,吵闹鬼
灵罗娃娃,Gwen,白银,131,38,唯快不破
灵罗娃娃,Gwen,黄金,132,50,炽烈黎明
灵罗娃娃,Gwen,白银,133,39,转得我眩晕了
灵罗娃娃,Gwen,黄金,134,51,咏叹奏鸣
灵罗娃娃,Gwen,棱彩,135,45,连拨击锤
灵罗娃娃,Gwen,棱彩,136,46,大地苏醒
灵罗娃娃,Gwen,棱彩,137,47,男爵之手
灵罗娃娃,Gwen,黄金,138,52,升级：焚天
灵罗娃娃,Gwen,黄金,139,53,豪猪
灵罗娃娃,Gwen,黄金,140,54,回力OK镖
灵罗娃娃,Gwen,黄金,141,55,过量延伸者
灵罗娃娃,Gwen,棱彩,142,48,舞会女王
灵罗娃娃,Gwen,白银,143,40,山脉龙魂
灵罗娃娃,Gwen,棱彩,144,49,大招工具人
灵罗娃娃,Gwen,棱彩,145,50,软弹啪叽抓
灵罗娃娃,Gwen,棱彩,146,51,死亡之环
灵罗娃娃,Gwen,棱彩,147,52,魄罗蛮冲
灵罗娃娃,Gwen,黄金,148,56,藏身草丛
灵罗娃娃,Gwen,黄金,149,57,吸血习性
灵罗娃娃,Gwen,棱彩,150,53,至高天诺言
灵罗娃娃,Gwen,白银,151,41,升级：献祭
灵罗娃娃,Gwen,棱彩,152,54,玻璃大炮
灵罗娃娃,Gwen,棱彩,153,55,艾卡西亚的陷落
灵罗娃娃,Gwen,棱彩,154,56,风语者的祝福
灵罗娃娃,Gwen,黄金,155,58,活力焕发
灵罗娃娃,Gwen,黄金,156,59,会心治疗
灵罗娃娃,Gwen,黄金,157,60,灵魂虹吸
灵罗娃娃,Gwen,棱彩,158,57,小丑学院
灵罗娃娃,Gwen,黄金,159,61,关键暴击
灵罗娃娃,Gwen,棱彩,160,58,灵魄炸弹
灵罗娃娃,Gwen,黄金,161,62,虚空冲刺
灵罗娃娃,Gwen,白银,162,42,急救用具
灵罗娃娃,Gwen,黄金,163,63,祖母的辣椒油
灵罗娃娃,Gwen,棱彩,164,59,量子计算
灵罗娃娃,Gwen,白银,165,43,闪光弹
灵罗娃娃,Gwen,黄金,166,64,坚韧
灵罗娃娃,Gwen,黄金,167,65,雪球扭蛋机
灵罗娃娃,Gwen,白银,168,44,闪闪现现
灵罗娃娃,Gwen,白银,169,45,强力护盾
灵罗娃娃,Gwen,黄金,170,66,升级：雪球
灵罗娃娃,Gwen,黄金,171,67,最终都市列车
灵罗娃娃,Gwen,白银,172,46,会心防御
灵罗娃娃,Gwen,黄金,173,68,易损
灵罗娃娃,Gwen,黄金,174,69,魄罗爆破手
灵罗娃娃,Gwen,棱彩,175,60,蛋白粉奶昔
灵罗娃娃,Gwen,棱彩,176,61,升级：花晓之剑
灵罗娃娃,Gwen,棱彩,177,62,双发快射
灵罗娃娃,Gwen,白银,178,47,魔法转物理
灵罗娃娃,Gwen,棱彩,179,63,王中王，靴中靴
灵罗娃娃,Gwen,棱彩,180,64,魄罗之王的弹跳
灵罗娃娃,Gwen,棱彩,181,65,超负荷
战争之影,Hecarim,白银,1,1,旋转至胜
战争之影,Hecarim,黄金,2,1,坦克引擎
战争之影,Hecarim,黄金,3,2,无尽大杀四方
战争之影,Hecarim,棱彩,4,1,秘术冲拳
战争之影,Hecarim,黄金,5,3,罪恶快感
战争之影,Hecarim,棱彩,6,2,飞身踢
战争之影,Hecarim,白银,7,2,渴血
战争之影,Hecarim,黄金,8,4,钢化你心
战争之影,Hecarim,黄金,9,5,虚幻武器
战争之影,Hecarim,黄金,10,6,黎明使者的坚决
战争之影,Hecarim,白银,11,3,大力
战争之影,Hecarim,黄金,12,7,质变：棱彩阶
战争之影,Hecarim,棱彩,13,3,终极唤醒
战争之影,Hecarim,棱彩,14,4,最终形态
战争之影,Hecarim,棱彩,15,5,吃过路兵
战争之影,Hecarim,黄金,16,8,循环往复
战争之影,Hecarim,黄金,17,9,升级：贪欲九头蛇
战争之影,Hecarim,棱彩,18,6,回归基本功
战争之影,Hecarim,白银,19,4,保持坚定
战争之影,Hecarim,棱彩,20,7,无限循环往复
战争之影,Hecarim,棱彩,21,8,掷骰狂人
战争之影,Hecarim,黄金,22,10,星界躯体
战争之影,Hecarim,黄金,23,11,快步
战争之影,Hecarim,棱彩,24,9,歌利亚巨人
战争之影,Hecarim,黄金,25,12,面包和黄油
战争之影,Hecarim,黄金,26,13,穿针引线
战争之影,Hecarim,黄金,27,14,高压锅
战争之影,Hecarim,黄金,28,15,夜狩
战争之影,Hecarim,白银,29,5,重量级打击手
战争之影,Hecarim,棱彩,30,10,泰坦的坚决
战争之影,Hecarim,黄金,31,16,缩小引擎
战争之影,Hecarim,黄金,32,17,升级：焚天
战争之影,Hecarim,黄金,33,18,轻拍背部
战争之影,Hecarim,棱彩,34,11,回响施放
战争之影,Hecarim,黄金,35,19,急急小子
战争之影,Hecarim,黄金,36,20,急速之追求
战争之影,Hecarim,白银,37,6,自适应防护
战争之影,Hecarim,白银,38,7,练腿日
战争之影,Hecarim,黄金,39,21,连锁反应
战争之影,Hecarim,棱彩,40,12,濒死悟道
战争之影,Hecarim,白银,41,8,质变：黄金阶
战争之影,Hecarim,白银,42,9,可靠武器
战争之影,Hecarim,白银,43,10,逃跑计划
战争之影,Hecarim,棱彩,44,13,和我一起困在这里
战争之影,Hecarim,棱彩,45,14,战争交响乐
战争之影,Hecarim,白银,46,11,魔法转物理
战争之影,Hecarim,白银,47,12,升级：死亡之舞
战争之影,Hecarim,白银,48,13,升级：献祭
战争之影,Hecarim,黄金,49,22,捐赠
战争之影,Hecarim,棱彩,50,15,质变：混沌
战争之影,Hecarim,黄金,51,23,属性叠属性！
战争之影,Hecarim,棱彩,52,16,扳机炼狱
战争之影,Hecarim,黄金,53,24,溢流
战争之影,Hecarim,白银,54,14,纯粹主义者 - 术师
战争之影,Hecarim,棱彩,55,17,巨人杀手
战争之影,Hecarim,棱彩,56,18,艾卡西亚的陷落
战争之影,Hecarim,棱彩,57,19,利刃华尔兹
战争之影,Hecarim,白银,58,15,唯快不破
战争之影,Hecarim,棱彩,59,20,大法师
战争之影,Hecarim,白银,60,16,暗影疾奔
战争之影,Hecarim,棱彩,61,21,科学狂人
战争之影,Hecarim,棱彩,62,22,终极九头蛇
战争之影,Hecarim,黄金,63,25,牙仙子
战争之影,Hecarim,白银,64,17,杀意翻涌
战争之影,Hecarim,棱彩,65,23,潘朵拉的盒子
战争之影,Hecarim,棱彩,66,24,全凭身法
战争之影,Hecarim,黄金,67,26,狂徒豪气
战争之影,Hecarim,棱彩,68,25,飞升仪式
战争之影,Hecarim,黄金,69,27,面包和果酱
战争之影,Hecarim,黄金,70,28,生机迸发
战争之影,Hecarim,黄金,71,29,杀戮时间到了
战争之影,Hecarim,棱彩,72,26,终极刷新
战争之影,Hecarim,白银,73,18,终极不可阻挡
战争之影,Hecarim,黄金,74,30,尖端发明家
战争之影,Hecarim,黄金,75,31,吞噬灵魂
战争之影,Hecarim,棱彩,76,27,你摸不到
战争之影,Hecarim,黄金,77,32,术士果汁盒
战争之影,Hecarim,白银,78,19,家园卫士
战争之影,Hecarim,黄金,79,33,不动如山
战争之影,Hecarim,白银,80,20,大师铸就
战争之影,Hecarim,黄金,81,34,我们的治疗
战争之影,Hecarim,黄金,82,35,面包和奶酪
战争之影,Hecarim,黄金,83,36,神圣干预
战争之影,Hecarim,白银,84,21,海洋龙魂
战争之影,Hecarim,棱彩,85,28,大地苏醒
战争之影,Hecarim,黄金,86,37,豪猪
战争之影,Hecarim,黄金,87,38,升级：耀光
战争之影,Hecarim,棱彩,88,29,珠光护手
战争之影,Hecarim,黄金,89,39,闪现向前
战争之影,Hecarim,白银,90,22,侵蚀
战争之影,Hecarim,棱彩,91,30,炼狱导管
战争之影,Hecarim,棱彩,92,31,精怪魔法
战争之影,Hecarim,黄金,93,40,自然即是治愈
战争之影,Hecarim,棱彩,94,32,史上最大雪球
战争之影,Hecarim,黄金,95,41,心灵净化
战争之影,Hecarim,棱彩,96,33,巨像的勇气
战争之影,Hecarim,黄金,97,42,冰雪爆裂
战争之影,Hecarim,黄金,98,43,弹球
战争之影,Hecarim,黄金,99,44,升级：无尽之刃
战争之影,Hecarim,棱彩,100,34,海牛阿福的勇士
战争之影,Hecarim,白银,101,23,吵闹鬼
战争之影,Hecarim,棱彩,102,35,尊我为王
战争之影,Hecarim,白银,103,24,扇巴掌
战争之影,Hecarim,黄金,104,45,哎哟，我的硬币！
战争之影,Hecarim,白银,105,25,俯冲轰炸
战争之影,Hecarim,棱彩,106,36,舞会女王
战争之影,Hecarim,黄金,107,46,有始有终
战争之影,Hecarim,白银,108,26,由心及物
战争之影,Hecarim,白银,109,27,升级：收集者
战争之影,Hecarim,黄金,110,47,咏叹奏鸣
战争之影,Hecarim,白银,111,28,快中求稳
战争之影,Hecarim,黄金,112,48,过量延伸者
战争之影,Hecarim,黄金,113,49,鲨鱼暴风
战争之影,Hecarim,棱彩,114,37,位面转移
战争之影,Hecarim,白银,115,29,炼狱龙魂
战争之影,Hecarim,棱彩,116,38,死亡之环
战争之影,Hecarim,棱彩,117,39,全能龙魂
战争之影,Hecarim,黄金,118,50,鲨鱼诱饵
战争之影,Hecarim,黄金,119,51,火上浇油
战争之影,Hecarim,棱彩,120,40,属性叠属性叠属性！
战争之影,Hecarim,棱彩,121,41,神圣雪球
战争之影,Hecarim,黄金,122,52,缩小射线
战争之影,Hecarim,棱彩,123,42,夺金
战争之影,Hecarim,白银,124,30,双生火焰
战争之影,Hecarim,棱彩,125,43,双刀流
战争之影,Hecarim,黄金,126,53,魔法飞弹
战争之影,Hecarim,白银,127,31,下雪天
战争之影,Hecarim,白银,128,32,属性！
战争之影,Hecarim,黄金,129,54,炽烈黎明
战争之影,Hecarim,棱彩,130,44,连拨击锤
战争之影,Hecarim,白银,131,33,台风
战争之影,Hecarim,白银,132,34,注魔
战争之影,Hecarim,白银,133,35,海克斯科技龙魂
战争之影,Hecarim,棱彩,134,45,大招工具人
战争之影,Hecarim,棱彩,135,46,软弹啪叽抓
战争之影,Hecarim,棱彩,136,47,踢踏舞
战争之影,Hecarim,白银,137,36,火狐
战争之影,Hecarim,棱彩,138,48,电涌力场
战争之影,Hecarim,黄金,139,55,回力OK镖
战争之影,Hecarim,黄金,140,56,更万用的瞄准镜
战争之影,Hecarim,白银,141,37,防护面纱
战争之影,Hecarim,白银,142,38,山脉龙魂
战争之影,Hecarim,白银,143,39,转得我眩晕了
战争之影,Hecarim,黄金,144,57,藏身草丛
战争之影,Hecarim,棱彩,145,49,空投熊
战争之影,Hecarim,白银,146,40,灵巧
战争之影,Hecarim,棱彩,147,50,男爵之手
战争之影,Hecarim,黄金,148,58,活力焕发
战争之影,Hecarim,棱彩,149,51,风语者的祝福
战争之影,Hecarim,黄金,150,59,吸血习性
战争之影,Hecarim,棱彩,151,52,魄罗蛮冲
战争之影,Hecarim,棱彩,152,53,至高天诺言
战争之影,Hecarim,白银,153,41,万用瞄准镜
战争之影,Hecarim,黄金,154,60,会心治疗
战争之影,Hecarim,棱彩,155,54,最万用的瞄准镜
战争之影,Hecarim,黄金,156,61,坚韧
战争之影,Hecarim,白银,157,42,冰寒
战争之影,Hecarim,棱彩,158,55,玻璃大炮
战争之影,Hecarim,白银,159,43,急救用具
战争之影,Hecarim,白银,160,44,点亮他们！
战争之影,Hecarim,棱彩,161,56,蛋白粉奶昔
战争之影,Hecarim,棱彩,162,57,灵魄炸弹
战争之影,Hecarim,白银,163,45,闪光弹
战争之影,Hecarim,棱彩,164,58,量子计算
战争之影,Hecarim,白银,165,46,闪闪现现
战争之影,Hecarim,黄金,166,62,灵魂虹吸
战争之影,Hecarim,黄金,167,63,关键暴击
战争之影,Hecarim,白银,168,47,会心防御
战争之影,Hecarim,棱彩,169,59,小丑学院
战争之影,Hecarim,黄金,170,64,升级：雪球
战争之影,Hecarim,黄金,171,65,雪球扭蛋机
战争之影,Hecarim,黄金,172,66,易损
战争之影,Hecarim,白银,173,48,坚若磐石
战争之影,Hecarim,黄金,174,67,最终都市列车
战争之影,Hecarim,白银,175,49,强力护盾
战争之影,Hecarim,黄金,176,68,贪欲束缚
战争之影,Hecarim,黄金,177,69,魄罗爆破手
战争之影,Hecarim,棱彩,178,60,魄罗之王的弹跳
战争之影,Hecarim,棱彩,179,61,双发快射
战争之影,Hecarim,白银,180,50,由暴生急
战争之影,Hecarim,棱彩,181,62,超负荷
战争之影,Hecarim,白银,182,51,天音爆
战争之影,Hecarim,黄金,183,70,威能之追求
战争之影,Hecarim,黄金,184,71,喂呜喂呜
战争之影,Hecarim,白银,185,52,叠角龙
战争之影,Hecarim,棱彩,186,63,你肩上的恶魔
大发明家,Heimerdinger,黄金,1,1,魔法飞弹
大发明家,Heimerdinger,棱彩,2,1,炼狱导管
大发明家,Heimerdinger,黄金,3,2,术士果汁盒
大发明家,Heimerdinger,黄金,4,3,超凡邪恶
大发明家,Heimerdinger,白银,5,1,冰寒
大发明家,Heimerdinger,棱彩,6,2,尤里卡
大发明家,Heimerdinger,白银,7,2,巫师式思考
大发明家,Heimerdinger,黄金,8,4,老练狙神
大发明家,Heimerdinger,棱彩,9,3,大法师
大发明家,Heimerdinger,白银,10,3,升级：中娅
大发明家,Heimerdinger,黄金,11,5,狙神飞星
大发明家,Heimerdinger,黄金,12,6,超强大脑
大发明家,Heimerdinger,棱彩,13,4,无限循环往复
大发明家,Heimerdinger,棱彩,14,5,沃格勒特的巫师帽
大发明家,Heimerdinger,黄金,15,7,仆从大师
大发明家,Heimerdinger,黄金,16,8,虚幻武器
大发明家,Heimerdinger,白银,17,4,纯粹主义者 - 术师
大发明家,Heimerdinger,白银,18,5,双生火焰
大发明家,Heimerdinger,黄金,19,9,质变：棱彩阶
大发明家,Heimerdinger,棱彩,20,6,巨人杀手
大发明家,Heimerdinger,黄金,21,10,循环往复
大发明家,Heimerdinger,黄金,22,11,急急小子
大发明家,Heimerdinger,黄金,23,12,缩小引擎
大发明家,Heimerdinger,棱彩,24,7,终极刷新
大发明家,Heimerdinger,黄金,25,13,回力OK镖
大发明家,Heimerdinger,黄金,26,14,面包和黄油
大发明家,Heimerdinger,白银,27,6,质变：黄金阶
大发明家,Heimerdinger,白银,28,7,大师铸就
大发明家,Heimerdinger,黄金,29,15,急速之追求
大发明家,Heimerdinger,棱彩,30,8,精怪魔法
大发明家,Heimerdinger,黄金,31,16,有始有终
大发明家,Heimerdinger,白银,32,8,侵蚀
大发明家,Heimerdinger,棱彩,33,9,终极唤醒
大发明家,Heimerdinger,白银,34,9,海克斯科技龙魂
大发明家,Heimerdinger,黄金,35,17,炽燃利息
大发明家,Heimerdinger,白银,36,10,家园卫士
大发明家,Heimerdinger,黄金,37,18,贪欲束缚
大发明家,Heimerdinger,黄金,38,19,牙仙子
大发明家,Heimerdinger,黄金,39,20,穿针引线
大发明家,Heimerdinger,棱彩,40,10,珠光护手
大发明家,Heimerdinger,白银,41,11,炼狱龙魂
大发明家,Heimerdinger,白银,42,12,物理转魔法
大发明家,Heimerdinger,黄金,43,21,面包和奶酪
大发明家,Heimerdinger,棱彩,44,11,质变：混沌
大发明家,Heimerdinger,棱彩,45,12,掷骰狂人
大发明家,Heimerdinger,黄金,46,22,捐赠
大发明家,Heimerdinger,棱彩,47,13,不祥契约
大发明家,Heimerdinger,黄金,48,23,属性叠属性！
大发明家,Heimerdinger,白银,49,13,扇巴掌
大发明家,Heimerdinger,白银,50,14,火狐
大发明家,Heimerdinger,白银,51,15,渴血
大发明家,Heimerdinger,棱彩,52,14,科学狂人
大发明家,Heimerdinger,白银,53,16,逃跑计划
大发明家,Heimerdinger,黄金,54,24,心灵净化
大发明家,Heimerdinger,黄金,55,25,杀戮时间到了
大发明家,Heimerdinger,黄金,56,26,溢流
大发明家,Heimerdinger,棱彩,57,15,超负荷
大发明家,Heimerdinger,白银,58,17,由心及物
大发明家,Heimerdinger,黄金,59,27,面包和果酱
大发明家,Heimerdinger,白银,60,18,海洋龙魂
大发明家,Heimerdinger,黄金,61,28,威能之追求
大发明家,Heimerdinger,棱彩,62,16,玻璃大炮
大发明家,Heimerdinger,棱彩,63,17,电涌力场
大发明家,Heimerdinger,棱彩,64,18,潘朵拉的盒子
大发明家,Heimerdinger,棱彩,65,19,残忍
大发明家,Heimerdinger,黄金,66,29,神圣干预
大发明家,Heimerdinger,白银,67,19,练腿日
大发明家,Heimerdinger,黄金,68,30,炽烈黎明
大发明家,Heimerdinger,棱彩,69,20,大招工具人
大发明家,Heimerdinger,黄金,70,31,哎哟，我的硬币！
大发明家,Heimerdinger,棱彩,71,21,你摸不到
大发明家,Heimerdinger,白银,72,20,终极不可阻挡
大发明家,Heimerdinger,棱彩,73,22,飞身踢
大发明家,Heimerdinger,棱彩,74,23,史上最大雪球
大发明家,Heimerdinger,棱彩,75,24,全能龙魂
大发明家,Heimerdinger,黄金,76,32,神射法师
大发明家,Heimerdinger,黄金,77,33,尖端发明家
大发明家,Heimerdinger,白银,78,21,属性！
大发明家,Heimerdinger,黄金,79,34,不动如山
大发明家,Heimerdinger,黄金,80,35,夜狩
大发明家,Heimerdinger,棱彩,81,25,回归基本功
大发明家,Heimerdinger,白银,82,22,防护面纱
大发明家,Heimerdinger,棱彩,83,26,夺金
大发明家,Heimerdinger,棱彩,84,27,海牛阿福的勇士
大发明家,Heimerdinger,黄金,85,36,火上浇油
大发明家,Heimerdinger,白银,86,23,注魔
大发明家,Heimerdinger,棱彩,87,28,属性叠属性叠属性！
大发明家,Heimerdinger,棱彩,88,29,秘术冲拳
大发明家,Heimerdinger,黄金,89,37,生机迸发
大发明家,Heimerdinger,黄金,90,38,咏叹奏鸣
大发明家,Heimerdinger,棱彩,91,30,男爵之手
大发明家,Heimerdinger,黄金,92,39,坦克引擎
大发明家,Heimerdinger,棱彩,93,31,空投熊
大发明家,Heimerdinger,黄金,94,40,闪现向前
大发明家,Heimerdinger,黄金,95,41,鲨鱼暴风
大发明家,Heimerdinger,黄金,96,42,吞噬灵魂
大发明家,Heimerdinger,白银,97,24,俯冲轰炸
大发明家,Heimerdinger,棱彩,98,32,最终形态
大发明家,Heimerdinger,黄金,99,43,缩小射线
大发明家,Heimerdinger,白银,100,25,山脉龙魂
大发明家,Heimerdinger,棱彩,101,33,尊我为王
大发明家,Heimerdinger,黄金,102,44,弹球
大发明家,Heimerdinger,黄金,103,45,鲨鱼诱饵
大发明家,Heimerdinger,黄金,104,46,自然即是治愈
大发明家,Heimerdinger,白银,105,26,唯快不破
大发明家,Heimerdinger,黄金,106,47,藏身草丛
大发明家,Heimerdinger,棱彩,107,34,巨像的勇气
大发明家,Heimerdinger,白银,108,27,吵闹鬼
大发明家,Heimerdinger,棱彩,109,35,魄罗蛮冲
大发明家,Heimerdinger,白银,110,28,点亮他们！
大发明家,Heimerdinger,白银,111,29,下雪天
大发明家,Heimerdinger,黄金,112,48,黎明使者的坚决
大发明家,Heimerdinger,棱彩,113,36,扳机炼狱
大发明家,Heimerdinger,黄金,114,49,罪恶快感
大发明家,Heimerdinger,棱彩,115,37,物法皆修
大发明家,Heimerdinger,棱彩,116,38,歌利亚巨人
大发明家,Heimerdinger,黄金,117,50,冰雪爆裂
大发明家,Heimerdinger,棱彩,118,39,吃过路兵
大发明家,Heimerdinger,白银,119,30,转得我眩晕了
大发明家,Heimerdinger,白银,120,31,万用瞄准镜
大发明家,Heimerdinger,黄金,121,51,更万用的瞄准镜
大发明家,Heimerdinger,黄金,122,52,轻拍背部
大发明家,Heimerdinger,白银,123,32,灵巧
大发明家,Heimerdinger,黄金,124,53,我们的治疗
大发明家,Heimerdinger,黄金,125,54,过量延伸者
大发明家,Heimerdinger,黄金,126,55,星界躯体
大发明家,Heimerdinger,棱彩,127,40,濒死悟道
大发明家,Heimerdinger,棱彩,128,41,神圣雪球
大发明家,Heimerdinger,棱彩,129,42,泰坦的坚决
大发明家,Heimerdinger,黄金,130,56,豪猪
大发明家,Heimerdinger,白银,131,33,杀意翻涌
大发明家,Heimerdinger,棱彩,132,43,位面转移
大发明家,Heimerdinger,棱彩,133,44,软弹啪叽抓
大发明家,Heimerdinger,棱彩,134,45,最万用的瞄准镜
大发明家,Heimerdinger,黄金,135,57,高压锅
大发明家,Heimerdinger,白银,136,34,重量级打击手
大发明家,Heimerdinger,棱彩,137,46,战争交响乐
大发明家,Heimerdinger,棱彩,138,47,飞升仪式
大发明家,Heimerdinger,黄金,139,58,钢化你心
大发明家,Heimerdinger,黄金,140,59,升级：耀光
大发明家,Heimerdinger,棱彩,141,48,利刃华尔兹
大发明家,Heimerdinger,棱彩,142,49,踢踏舞
大发明家,Heimerdinger,黄金,143,60,无尽大杀四方
大发明家,Heimerdinger,棱彩,144,50,舞会女王
大发明家,Heimerdinger,黄金,145,61,祖母的辣椒油
大发明家,Heimerdinger,黄金,146,62,吸血习性
大发明家,Heimerdinger,黄金,147,63,魄罗爆破手
大发明家,Heimerdinger,黄金,148,64,易损
大发明家,Heimerdinger,黄金,149,65,活力焕发
大发明家,Heimerdinger,黄金,150,66,关键暴击
大发明家,Heimerdinger,黄金,151,67,升级：雪球
大发明家,Heimerdinger,白银,152,35,闪闪现现
大发明家,Heimerdinger,黄金,153,68,暴击飞弹
大发明家,Heimerdinger,棱彩,154,51,量子计算
大发明家,Heimerdinger,白银,155,36,坚若磐石
大发明家,Heimerdinger,黄金,156,69,坚韧
大发明家,Heimerdinger,棱彩,157,52,小丑学院
大发明家,Heimerdinger,黄金,158,70,雪球扭蛋机
大发明家,Heimerdinger,黄金,159,71,最终都市列车
大发明家,Heimerdinger,白银,160,37,闪光弹
大发明家,Heimerdinger,黄金,161,72,灵魂虹吸
大发明家,Heimerdinger,黄金,162,73,会心治疗
大发明家,Heimerdinger,棱彩,163,53,连拨击锤
大发明家,Heimerdinger,白银,164,38,虹吸
大发明家,Heimerdinger,白银,165,39,会心防御
大发明家,Heimerdinger,棱彩,166,54,双刀流
大发明家,Heimerdinger,白银,167,40,狂热者
大发明家,Heimerdinger,白银,168,41,可靠武器
大发明家,Heimerdinger,白银,169,42,台风
大发明家,Heimerdinger,棱彩,170,55,蛋白粉奶昔
大发明家,Heimerdinger,棱彩,171,56,激光治疗
大发明家,Heimerdinger,棱彩,172,57,卡皮巴拉空投
大发明家,Heimerdinger,白银,173,43,急救用具
大发明家,Heimerdinger,白银,174,44,天音爆
大发明家,Heimerdinger,白银,175,45,叠角龙
大发明家,Heimerdinger,黄金,176,74,暴击律动
大发明家,Heimerdinger,棱彩,177,58,升级：花晓之剑
大发明家,Heimerdinger,棱彩,178,59,？？？
大发明家,Heimerdinger,棱彩,179,60,你肩上的恶魔
大发明家,Heimerdinger,白银,180,46,由暴生急
异画师,Hwei,黄金,1,1,魔法飞弹
异画师,Hwei,棱彩,2,1,炼狱导管
异画师,Hwei,黄金,3,2,老练狙神
异画师,Hwei,黄金,4,3,术士果汁盒
异画师,Hwei,黄金,5,4,超凡邪恶
异画师,Hwei,棱彩,6,2,尤里卡
异画师,Hwei,白银,7,1,巫师式思考
异画师,Hwei,白银,8,2,冰寒
异画师,Hwei,黄金,9,5,狙神飞星
异画师,Hwei,棱彩,10,3,大法师
异画师,Hwei,白银,11,3,纯粹主义者 - 术师
异画师,Hwei,黄金,12,6,炽燃利息
异画师,Hwei,黄金,13,7,超强大脑
异画师,Hwei,棱彩,14,4,无限循环往复
异画师,Hwei,黄金,15,8,急急小子
异画师,Hwei,白银,16,4,升级：中娅
异画师,Hwei,黄金,17,9,质变：棱彩阶
异画师,Hwei,棱彩,18,5,沃格勒特的巫师帽
异画师,Hwei,黄金,19,10,缩小引擎
异画师,Hwei,黄金,20,11,循环往复
异画师,Hwei,黄金,21,12,牙仙子
异画师,Hwei,白银,22,5,双生火焰
异画师,Hwei,黄金,23,13,虚幻武器
异画师,Hwei,白银,24,6,质变：黄金阶
异画师,Hwei,黄金,25,14,杀戮时间到了
异画师,Hwei,白银,26,7,由心及物
异画师,Hwei,棱彩,27,6,残忍
异画师,Hwei,白银,28,8,大师铸就
异画师,Hwei,白银,29,9,家园卫士
异画师,Hwei,棱彩,30,7,超负荷
异画师,Hwei,棱彩,31,8,终极刷新
异画师,Hwei,棱彩,32,9,精怪魔法
异画师,Hwei,黄金,33,15,面包和黄油
异画师,Hwei,白银,34,10,扇巴掌
异画师,Hwei,白银,35,11,海克斯科技龙魂
异画师,Hwei,白银,36,12,侵蚀
异画师,Hwei,棱彩,37,10,珠光护手
异画师,Hwei,黄金,38,16,穿针引线
异画师,Hwei,棱彩,39,11,终极唤醒
异画师,Hwei,白银,40,13,物理转魔法
异画师,Hwei,棱彩,41,12,掷骰狂人
异画师,Hwei,黄金,42,17,回力OK镖
异画师,Hwei,棱彩,43,13,不祥契约
异画师,Hwei,白银,44,14,海洋龙魂
异画师,Hwei,白银,45,15,炼狱龙魂
异画师,Hwei,棱彩,46,14,回归基本功
异画师,Hwei,黄金,47,18,有始有终
异画师,Hwei,棱彩,48,15,质变：混沌
异画师,Hwei,黄金,49,19,面包和奶酪
异画师,Hwei,棱彩,50,16,巨人杀手
异画师,Hwei,黄金,51,20,捐赠
异画师,Hwei,黄金,52,21,炽烈黎明
异画师,Hwei,黄金,53,22,属性叠属性！
异画师,Hwei,白银,54,16,火狐
异画师,Hwei,黄金,55,23,心灵净化
异画师,Hwei,白银,56,17,逃跑计划
异画师,Hwei,白银,57,18,渴血
异画师,Hwei,黄金,58,24,溢流
异画师,Hwei,棱彩,59,17,玻璃大炮
异画师,Hwei,白银,60,19,强力护盾
异画师,Hwei,棱彩,61,18,电涌力场
异画师,Hwei,白银,62,20,练腿日
异画师,Hwei,棱彩,63,19,潘朵拉的盒子
异画师,Hwei,棱彩,64,20,全能龙魂
异画师,Hwei,棱彩,65,21,科学狂人
异画师,Hwei,黄金,66,25,快步
异画师,Hwei,黄金,67,26,神圣干预
异画师,Hwei,黄金,68,27,哎哟，我的硬币！
异画师,Hwei,白银,69,21,防护面纱
异画师,Hwei,棱彩,70,22,史上最大雪球
异画师,Hwei,黄金,71,28,不动如山
异画师,Hwei,棱彩,72,23,夺金
异画师,Hwei,黄金,73,29,神射法师
异画师,Hwei,白银,74,22,属性！
异画师,Hwei,棱彩,75,24,飞身踢
异画师,Hwei,黄金,76,30,面包和果酱
异画师,Hwei,棱彩,77,25,海牛阿福的勇士
异画师,Hwei,黄金,78,31,尖端发明家
异画师,Hwei,棱彩,79,26,属性叠属性叠属性！
异画师,Hwei,黄金,80,32,吞噬灵魂
异画师,Hwei,棱彩,81,27,巨像的勇气
异画师,Hwei,棱彩,82,28,你摸不到
异画师,Hwei,棱彩,83,29,空投熊
异画师,Hwei,黄金,84,33,咏叹奏鸣
异画师,Hwei,黄金,85,34,坦克引擎
异画师,Hwei,白银,86,23,终极不可阻挡
异画师,Hwei,白银,87,24,注魔
异画师,Hwei,白银,88,25,天音爆
异画师,Hwei,黄金,89,35,闪现向前
异画师,Hwei,棱彩,90,30,大招工具人
异画师,Hwei,棱彩,91,31,男爵之手
异画师,Hwei,黄金,92,36,喂呜喂呜
异画师,Hwei,黄金,93,37,火上浇油
异画师,Hwei,棱彩,94,32,尊我为王
异画师,Hwei,白银,95,26,吵闹鬼
异画师,Hwei,黄金,96,38,生机迸发
异画师,Hwei,黄金,97,39,鲨鱼诱饵
异画师,Hwei,棱彩,98,33,信念者的强化
异画师,Hwei,棱彩,99,34,秘术冲拳
异画师,Hwei,黄金,100,40,鲨鱼暴风
异画师,Hwei,白银,101,27,急救用具
异画师,Hwei,黄金,102,41,夜狩
异画师,Hwei,白银,103,28,山脉龙魂
异画师,Hwei,白银,104,29,俯冲轰炸
异画师,Hwei,黄金,105,42,自然即是治愈
异画师,Hwei,黄金,106,43,全心为你
异画师,Hwei,黄金,107,44,弹球
异画师,Hwei,白银,108,30,唯快不破
异画师,Hwei,棱彩,109,35,魄罗蛮冲
异画师,Hwei,黄金,110,45,罪恶快感
异画师,Hwei,黄金,111,46,藏身草丛
异画师,Hwei,棱彩,112,36,歌利亚巨人
异画师,Hwei,黄金,113,47,黎明使者的坚决
异画师,Hwei,棱彩,114,37,吃过路兵
异画师,Hwei,棱彩,115,38,风语者的祝福
异画师,Hwei,白银,116,31,下雪天
异画师,Hwei,黄金,117,48,轻拍背部
异画师,Hwei,棱彩,118,39,扳机炼狱
异画师,Hwei,黄金,119,49,缩小射线
异画师,Hwei,白银,120,32,杀意翻涌
异画师,Hwei,黄金,121,50,冰雪爆裂
异画师,Hwei,黄金,122,51,我们的治疗
异画师,Hwei,棱彩,123,40,蛋白粉奶昔
异画师,Hwei,棱彩,124,41,死亡之环
异画师,Hwei,棱彩,125,42,最终形态
异画师,Hwei,棱彩,126,43,升级：花晓之剑
异画师,Hwei,棱彩,127,44,位面转移
异画师,Hwei,白银,128,33,转得我眩晕了
异画师,Hwei,白银,129,34,点亮他们！
异画师,Hwei,棱彩,130,45,物法皆修
异画师,Hwei,棱彩,131,46,神圣雪球
异画师,Hwei,黄金,132,52,过量延伸者
异画师,Hwei,棱彩,133,47,泰坦的坚决
异画师,Hwei,黄金,134,53,星界躯体
异画师,Hwei,白银,135,35,灵巧
异画师,Hwei,棱彩,136,48,至高天诺言
异画师,Hwei,白银,137,36,万用瞄准镜
异画师,Hwei,黄金,138,54,更万用的瞄准镜
异画师,Hwei,黄金,139,55,豪猪
异画师,Hwei,棱彩,140,49,灵魄炸弹
异画师,Hwei,棱彩,141,50,濒死悟道
异画师,Hwei,棱彩,142,51,软弹啪叽抓
异画师,Hwei,棱彩,143,52,飞升仪式
异画师,Hwei,棱彩,144,53,利刃华尔兹
异画师,Hwei,棱彩,145,54,最万用的瞄准镜
异画师,Hwei,黄金,146,56,高压锅
异画师,Hwei,黄金,147,57,升级：耀光
异画师,Hwei,棱彩,148,55,战争交响乐
异画师,Hwei,棱彩,149,56,踢踏舞
异画师,Hwei,白银,150,37,重量级打击手
异画师,Hwei,黄金,151,58,钢化你心
异画师,Hwei,黄金,152,59,活力焕发
异画师,Hwei,黄金,153,60,祖母的辣椒油
异画师,Hwei,黄金,154,61,吸血习性
异画师,Hwei,黄金,155,62,易损
异画师,Hwei,黄金,156,63,魄罗爆破手
异画师,Hwei,黄金,157,64,关键暴击
异画师,Hwei,黄金,158,65,暴击飞弹
异画师,Hwei,白银,159,38,坚若磐石
异画师,Hwei,黄金,160,66,升级：雪球
异画师,Hwei,白银,161,39,闪闪现现
异画师,Hwei,白银,162,40,会心防御
异画师,Hwei,棱彩,163,57,量子计算
异画师,Hwei,棱彩,164,58,小丑学院
异画师,Hwei,黄金,165,67,会心治疗
异画师,Hwei,棱彩,166,59,激光治疗
异画师,Hwei,黄金,167,68,雪球扭蛋机
异画师,Hwei,黄金,168,69,坚韧
异画师,Hwei,黄金,169,70,灵魂虹吸
异画师,Hwei,棱彩,170,60,小猫咪找妈妈
异画师,Hwei,黄金,171,71,最终都市列车
异画师,Hwei,白银,172,41,台风
异画师,Hwei,棱彩,173,61,连拨击锤
异画师,Hwei,白银,174,42,狂热者
异画师,Hwei,棱彩,175,62,双发快射
异画师,Hwei,白银,176,43,闪光弹
异画师,Hwei,黄金,177,72,暴击律动
异画师,Hwei,棱彩,178,63,王中王，靴中靴
异画师,Hwei,棱彩,179,64,你肩上的恶魔
异画师,Hwei,白银,180,44,由暴生急
海兽祭司,Illaoi,黄金,1,1,坦克引擎
海兽祭司,Illaoi,棱彩,2,1,飞身踢
海兽祭司,Illaoi,黄金,3,2,钢化你心
海兽祭司,Illaoi,白银,4,1,重量级打击手
海兽祭司,Illaoi,白银,5,2,渴血
海兽祭司,Illaoi,棱彩,6,2,歌利亚巨人
海兽祭司,Illaoi,黄金,7,3,黎明使者的坚决
海兽祭司,Illaoi,黄金,8,4,星界躯体
海兽祭司,Illaoi,棱彩,9,3,最终形态
海兽祭司,Illaoi,黄金,10,5,邦！
海兽祭司,Illaoi,白银,11,3,大力
海兽祭司,Illaoi,黄金,12,6,高压锅
海兽祭司,Illaoi,黄金,13,7,质变：棱彩阶
海兽祭司,Illaoi,黄金,14,8,升级：焚天
海兽祭司,Illaoi,棱彩,15,4,泰坦的坚决
海兽祭司,Illaoi,黄金,16,9,杀戮时间到了
海兽祭司,Illaoi,棱彩,17,5,和我一起困在这里
海兽祭司,Illaoi,棱彩,18,6,秘术冲拳
海兽祭司,Illaoi,白银,19,4,终极不可阻挡
海兽祭司,Illaoi,白银,20,5,升级：献祭
海兽祭司,Illaoi,黄金,21,10,面包和果酱
海兽祭司,Illaoi,黄金,22,11,无尽大杀四方
海兽祭司,Illaoi,黄金,23,12,循环往复
海兽祭司,Illaoi,棱彩,24,7,终极唤醒
海兽祭司,Illaoi,棱彩,25,8,你摸不到
海兽祭司,Illaoi,黄金,26,13,生机迸发
海兽祭司,Illaoi,白银,27,6,质变：黄金阶
海兽祭司,Illaoi,棱彩,28,9,艾卡西亚的陷落
海兽祭司,Illaoi,白银,29,7,逃跑计划
海兽祭司,Illaoi,白银,30,8,自适应防护
海兽祭司,Illaoi,黄金,31,14,仆从大师
海兽祭司,Illaoi,黄金,32,15,面包和奶酪
海兽祭司,Illaoi,白银,33,9,升级：死亡之舞
海兽祭司,Illaoi,白银,34,10,魔法转物理
海兽祭司,Illaoi,白银,35,11,大师铸就
海兽祭司,Illaoi,黄金,36,16,捐赠
海兽祭司,Illaoi,白银,37,12,练腿日
海兽祭司,Illaoi,黄金,38,17,属性叠属性！
海兽祭司,Illaoi,棱彩,39,10,掷骰狂人
海兽祭司,Illaoi,棱彩,40,11,科学狂人
海兽祭司,Illaoi,黄金,41,18,快步
海兽祭司,Illaoi,黄金,42,19,虚幻武器
海兽祭司,Illaoi,黄金,43,20,升级：贪欲九头蛇
海兽祭司,Illaoi,棱彩,44,12,终极刷新
海兽祭司,Illaoi,白银,45,13,可靠武器
海兽祭司,Illaoi,黄金,46,21,尖端发明家
海兽祭司,Illaoi,黄金,47,22,豪猪
海兽祭司,Illaoi,白银,48,14,海洋龙魂
海兽祭司,Illaoi,棱彩,49,13,质变：混沌
海兽祭司,Illaoi,棱彩,50,14,精怪魔法
海兽祭司,Illaoi,棱彩,51,15,回响施放
海兽祭司,Illaoi,黄金,52,23,神圣干预
海兽祭司,Illaoi,黄金,53,24,面包和黄油
海兽祭司,Illaoi,黄金,54,25,我们的治疗
海兽祭司,Illaoi,黄金,55,26,心灵净化
海兽祭司,Illaoi,黄金,56,27,术士果汁盒
海兽祭司,Illaoi,白银,57,15,侵蚀
海兽祭司,Illaoi,黄金,58,28,自然即是治愈
海兽祭司,Illaoi,黄金,59,29,更万用的瞄准镜
海兽祭司,Illaoi,棱彩,60,16,史上最大雪球
海兽祭司,Illaoi,棱彩,61,17,终极九头蛇
海兽祭司,Illaoi,白银,62,16,俯冲轰炸
海兽祭司,Illaoi,棱彩,63,18,超负荷
海兽祭司,Illaoi,黄金,64,30,缩小引擎
海兽祭司,Illaoi,黄金,65,31,弹球
海兽祭司,Illaoi,黄金,66,32,冰雪爆裂
海兽祭司,Illaoi,黄金,67,33,缩小射线
海兽祭司,Illaoi,黄金,68,34,升级：耀光
海兽祭司,Illaoi,黄金,69,35,闪现向前
海兽祭司,Illaoi,棱彩,70,19,潘朵拉的盒子
海兽祭司,Illaoi,棱彩,71,20,无限循环往复
海兽祭司,Illaoi,黄金,72,36,火上浇油
海兽祭司,Illaoi,棱彩,73,21,吃过路兵
海兽祭司,Illaoi,白银,74,17,下雪天
海兽祭司,Illaoi,白银,75,18,炼狱龙魂
海兽祭司,Illaoi,棱彩,76,22,扳机炼狱
海兽祭司,Illaoi,黄金,77,37,穿针引线
海兽祭司,Illaoi,棱彩,78,23,濒死悟道
海兽祭司,Illaoi,棱彩,79,24,战争交响乐
海兽祭司,Illaoi,黄金,80,38,鲨鱼暴风
海兽祭司,Illaoi,黄金,81,39,狂徒豪气
海兽祭司,Illaoi,白银,82,19,快中求稳
海兽祭司,Illaoi,白银,83,20,万用瞄准镜
海兽祭司,Illaoi,棱彩,84,25,大法师
海兽祭司,Illaoi,白银,85,21,属性！
海兽祭司,Illaoi,棱彩,86,26,软弹啪叽抓
海兽祭司,Illaoi,黄金,87,40,哎哟，我的硬币！
海兽祭司,Illaoi,棱彩,88,27,珠光护手
海兽祭司,Illaoi,黄金,89,41,轻拍背部
海兽祭司,Illaoi,白银,90,22,由心及物
海兽祭司,Illaoi,棱彩,91,28,海牛阿福的勇士
海兽祭司,Illaoi,黄金,92,42,鲨鱼诱饵
海兽祭司,Illaoi,棱彩,93,29,大招工具人
海兽祭司,Illaoi,白银,94,23,杀意翻涌
海兽祭司,Illaoi,黄金,95,43,升级：无尽之刃
海兽祭司,Illaoi,白银,96,24,台风
海兽祭司,Illaoi,棱彩,97,30,全能龙魂
海兽祭司,Illaoi,棱彩,98,31,飞升仪式
海兽祭司,Illaoi,黄金,99,44,罪恶快感
海兽祭司,Illaoi,棱彩,100,32,利刃华尔兹
海兽祭司,Illaoi,黄金,101,45,夜狩
海兽祭司,Illaoi,棱彩,102,33,神圣雪球
海兽祭司,Illaoi,黄金,103,46,过量延伸者
海兽祭司,Illaoi,棱彩,104,34,电涌力场
海兽祭司,Illaoi,白银,105,25,山脉龙魂
海兽祭司,Illaoi,棱彩,106,35,回归基本功
海兽祭司,Illaoi,白银,107,26,升级：收集者
海兽祭司,Illaoi,白银,108,27,海克斯科技龙魂
海兽祭司,Illaoi,棱彩,109,36,最万用的瞄准镜
海兽祭司,Illaoi,白银,110,28,暗影疾奔
海兽祭司,Illaoi,黄金,111,47,咏叹奏鸣
海兽祭司,Illaoi,棱彩,112,37,属性叠属性叠属性！
海兽祭司,Illaoi,棱彩,113,38,尊我为王
海兽祭司,Illaoi,白银,114,29,转得我眩晕了
海兽祭司,Illaoi,棱彩,115,39,大地苏醒
海兽祭司,Illaoi,白银,116,30,防护面纱
海兽祭司,Illaoi,白银,117,31,纯粹主义者 - 术师
海兽祭司,Illaoi,棱彩,118,40,双刀流
海兽祭司,Illaoi,棱彩,119,41,舞会女王
海兽祭司,Illaoi,白银,120,32,家园卫士
海兽祭司,Illaoi,黄金,121,48,有始有终
海兽祭司,Illaoi,棱彩,122,42,连拨击锤
海兽祭司,Illaoi,黄金,123,49,急急小子
海兽祭司,Illaoi,黄金,124,50,牙仙子
海兽祭司,Illaoi,黄金,125,51,炽烈黎明
海兽祭司,Illaoi,棱彩,126,43,巨人杀手
海兽祭司,Illaoi,黄金,127,52,魔法飞弹
海兽祭司,Illaoi,棱彩,128,44,全凭身法
海兽祭司,Illaoi,白银,129,33,冰寒
海兽祭司,Illaoi,黄金,130,53,回力OK镖
海兽祭司,Illaoi,白银,131,34,双生火焰
海兽祭司,Illaoi,黄金,132,54,溢流
海兽祭司,Illaoi,棱彩,133,45,炼狱导管
海兽祭司,Illaoi,棱彩,134,46,夺金
海兽祭司,Illaoi,棱彩,135,47,男爵之手
海兽祭司,Illaoi,白银,136,35,吵闹鬼
海兽祭司,Illaoi,棱彩,137,48,空投熊
海兽祭司,Illaoi,黄金,138,55,藏身草丛
海兽祭司,Illaoi,棱彩,139,49,魄罗蛮冲
海兽祭司,Illaoi,白银,140,36,灵巧
海兽祭司,Illaoi,棱彩,141,50,至高天诺言
海兽祭司,Illaoi,棱彩,142,51,位面转移
海兽祭司,Illaoi,白银,143,37,注魔
海兽祭司,Illaoi,白银,144,38,唯快不破
海兽祭司,Illaoi,白银,145,39,火狐
海兽祭司,Illaoi,黄金,146,56,坚韧
海兽祭司,Illaoi,黄金,147,57,吸血习性
海兽祭司,Illaoi,黄金,148,58,活力焕发
海兽祭司,Illaoi,白银,149,40,点亮他们！
海兽祭司,Illaoi,黄金,150,59,会心治疗
海兽祭司,Illaoi,棱彩,151,52,踢踏舞
海兽祭司,Illaoi,棱彩,152,53,蛋白粉奶昔
海兽祭司,Illaoi,黄金,153,60,狙神飞星
海兽祭司,Illaoi,棱彩,154,54,玻璃大炮
海兽祭司,Illaoi,棱彩,155,55,灵魄炸弹
海兽祭司,Illaoi,白银,156,41,急救用具
海兽祭司,Illaoi,白银,157,42,闪闪现现
海兽祭司,Illaoi,白银,158,43,闪光弹
海兽祭司,Illaoi,黄金,159,61,升级：雪球
海兽祭司,Illaoi,白银,160,44,强力护盾
海兽祭司,Illaoi,黄金,161,62,雪球扭蛋机
海兽祭司,Illaoi,黄金,162,63,威能之追求
海兽祭司,Illaoi,棱彩,163,56,量子计算
海兽祭司,Illaoi,黄金,164,64,灵魂虹吸
海兽祭司,Illaoi,棱彩,165,57,风语者的祝福
海兽祭司,Illaoi,黄金,166,65,急速之追求
海兽祭司,Illaoi,黄金,167,66,最终都市列车
海兽祭司,Illaoi,黄金,168,67,关键暴击
海兽祭司,Illaoi,白银,169,45,会心防御
海兽祭司,Illaoi,黄金,170,68,魄罗爆破手
海兽祭司,Illaoi,白银,171,46,叠角龙
海兽祭司,Illaoi,黄金,172,69,易损
海兽祭司,Illaoi,黄金,173,70,神射法师
海兽祭司,Illaoi,棱彩,174,58,小丑学院
海兽祭司,Illaoi,棱彩,175,59,魄罗之王的弹跳
海兽祭司,Illaoi,黄金,176,71,全心为你
海兽祭司,Illaoi,棱彩,177,60,升级：花晓之剑
海兽祭司,Illaoi,棱彩,178,61,激光治疗
海兽祭司,Illaoi,棱彩,179,62,王中王，靴中靴
海兽祭司,Illaoi,棱彩,180,63,信念者的强化
海兽祭司,Illaoi,棱彩,181,64,双发快射
刀锋舞者,Irelia,黄金,1,1,狂徒豪气
刀锋舞者,Irelia,白银,2,1,渴血
刀锋舞者,Irelia,棱彩,3,1,秘术冲拳
刀锋舞者,Irelia,黄金,4,2,升级：耀光
刀锋舞者,Irelia,白银,5,2,大力
刀锋舞者,Irelia,黄金,6,3,无尽大杀四方
刀锋舞者,Irelia,棱彩,7,2,全凭身法
刀锋舞者,Irelia,黄金,8,4,罪恶快感
刀锋舞者,Irelia,棱彩,9,3,最终形态
刀锋舞者,Irelia,黄金,10,5,穿针引线
刀锋舞者,Irelia,黄金,11,6,升级：焚天
刀锋舞者,Irelia,棱彩,12,4,战争交响乐
刀锋舞者,Irelia,黄金,13,7,质变：棱彩阶
刀锋舞者,Irelia,黄金,14,8,升级：贪欲九头蛇
刀锋舞者,Irelia,棱彩,15,5,大地苏醒
刀锋舞者,Irelia,黄金,16,9,威能之追求
刀锋舞者,Irelia,白银,17,3,终极不可阻挡
刀锋舞者,Irelia,黄金,18,10,夜狩
刀锋舞者,Irelia,棱彩,19,6,利刃华尔兹
刀锋舞者,Irelia,白银,20,4,快中求稳
刀锋舞者,Irelia,黄金,21,11,面包和黄油
刀锋舞者,Irelia,棱彩,22,7,吃过路兵
刀锋舞者,Irelia,白银,23,5,暗影疾奔
刀锋舞者,Irelia,白银,24,6,逃跑计划
刀锋舞者,Irelia,黄金,25,12,虚幻武器
刀锋舞者,Irelia,棱彩,26,8,濒死悟道
刀锋舞者,Irelia,白银,27,7,升级：死亡之舞
刀锋舞者,Irelia,白银,28,8,重量级打击手
刀锋舞者,Irelia,棱彩,29,9,终极九头蛇
刀锋舞者,Irelia,棱彩,30,10,歌利亚巨人
刀锋舞者,Irelia,黄金,31,13,杀戮时间到了
刀锋舞者,Irelia,棱彩,32,11,飞升仪式
刀锋舞者,Irelia,白银,33,9,质变：黄金阶
刀锋舞者,Irelia,黄金,34,14,急速之追求
刀锋舞者,Irelia,白银,35,10,台风
刀锋舞者,Irelia,白银,36,11,魔法转物理
刀锋舞者,Irelia,黄金,37,15,循环往复
刀锋舞者,Irelia,白银,38,12,灵巧
刀锋舞者,Irelia,黄金,39,16,贪欲束缚
刀锋舞者,Irelia,黄金,40,17,更万用的瞄准镜
刀锋舞者,Irelia,棱彩,41,12,双刀流
刀锋舞者,Irelia,黄金,42,18,心灵净化
刀锋舞者,Irelia,棱彩,43,13,咒语裂变
刀锋舞者,Irelia,棱彩,44,14,飞身踢
刀锋舞者,Irelia,黄金,45,19,生机迸发
刀锋舞者,Irelia,棱彩,46,15,踢踏舞
刀锋舞者,Irelia,黄金,47,20,捐赠
刀锋舞者,Irelia,黄金,48,21,自然即是治愈
刀锋舞者,Irelia,棱彩,49,16,终极唤醒
刀锋舞者,Irelia,黄金,50,22,黎明使者的坚决
刀锋舞者,Irelia,黄金,51,23,属性叠属性！
刀锋舞者,Irelia,黄金,52,24,钢化你心
刀锋舞者,Irelia,黄金,53,25,火上浇油
刀锋舞者,Irelia,黄金,54,26,缩小射线
刀锋舞者,Irelia,黄金,55,27,坦克引擎
刀锋舞者,Irelia,黄金,56,28,闪现向前
刀锋舞者,Irelia,白银,57,13,大师铸就
刀锋舞者,Irelia,黄金,58,29,缩小引擎
刀锋舞者,Irelia,白银,59,14,练腿日
刀锋舞者,Irelia,白银,60,15,万用瞄准镜
刀锋舞者,Irelia,棱彩,61,17,扳机炼狱
刀锋舞者,Irelia,棱彩,62,18,质变：混沌
刀锋舞者,Irelia,棱彩,63,19,回归基本功
刀锋舞者,Irelia,黄金,64,30,灵魂虹吸
刀锋舞者,Irelia,黄金,65,31,星界躯体
刀锋舞者,Irelia,黄金,66,32,神圣干预
刀锋舞者,Irelia,白银,67,16,别停止引导
刀锋舞者,Irelia,黄金,68,33,术士果汁盒
刀锋舞者,Irelia,棱彩,69,20,掷骰狂人
刀锋舞者,Irelia,棱彩,70,21,潘朵拉的盒子
刀锋舞者,Irelia,黄金,71,34,尖端发明家
刀锋舞者,Irelia,棱彩,72,22,史上最大雪球
刀锋舞者,Irelia,棱彩,73,23,泰坦的坚决
刀锋舞者,Irelia,黄金,74,35,升级：无尽之刃
刀锋舞者,Irelia,棱彩,75,24,终极刷新
刀锋舞者,Irelia,棱彩,76,25,精怪魔法
刀锋舞者,Irelia,棱彩,77,26,你摸不到
刀锋舞者,Irelia,黄金,78,36,面包和奶酪
刀锋舞者,Irelia,棱彩,79,27,物法皆修
刀锋舞者,Irelia,黄金,80,37,面包和果酱
刀锋舞者,Irelia,黄金,81,38,弹球
刀锋舞者,Irelia,棱彩,82,28,最万用的瞄准镜
刀锋舞者,Irelia,白银,83,17,炼狱龙魂
刀锋舞者,Irelia,白银,84,18,海洋龙魂
刀锋舞者,Irelia,棱彩,85,29,和我一起困在这里
刀锋舞者,Irelia,黄金,86,39,暴击律动
刀锋舞者,Irelia,黄金,87,40,冰雪爆裂
刀锋舞者,Irelia,白银,88,19,俯冲轰炸
刀锋舞者,Irelia,白银,89,20,侵蚀
刀锋舞者,Irelia,棱彩,90,30,海牛阿福的勇士
刀锋舞者,Irelia,黄金,91,41,吞噬灵魂
刀锋舞者,Irelia,白银,92,21,升级：收集者
刀锋舞者,Irelia,白银,93,22,双生火焰
刀锋舞者,Irelia,黄金,94,42,轻拍背部
刀锋舞者,Irelia,棱彩,95,31,连拨击锤
刀锋舞者,Irelia,黄金,96,43,我们的治疗
刀锋舞者,Irelia,白银,97,23,下雪天
刀锋舞者,Irelia,棱彩,98,32,珠光护手
刀锋舞者,Irelia,黄金,99,44,鲨鱼暴风
刀锋舞者,Irelia,黄金,100,45,豪猪
刀锋舞者,Irelia,白银,101,24,扇巴掌
刀锋舞者,Irelia,棱彩,102,33,巨人杀手
刀锋舞者,Irelia,黄金,103,46,不动如山
刀锋舞者,Irelia,白银,104,25,属性！
刀锋舞者,Irelia,棱彩,105,34,无限循环往复
刀锋舞者,Irelia,棱彩,106,35,科学狂人
刀锋舞者,Irelia,白银,107,26,杀意翻涌
刀锋舞者,Irelia,棱彩,108,36,大法师
刀锋舞者,Irelia,棱彩,109,37,神圣雪球
刀锋舞者,Irelia,黄金,110,47,高压锅
刀锋舞者,Irelia,黄金,111,48,哎哟，我的硬币！
刀锋舞者,Irelia,棱彩,112,38,位面转移
刀锋舞者,Irelia,白银,113,27,海克斯科技龙魂
刀锋舞者,Irelia,黄金,114,49,过量延伸者
刀锋舞者,Irelia,棱彩,115,39,全能龙魂
刀锋舞者,Irelia,白银,116,28,防护面纱
刀锋舞者,Irelia,黄金,117,50,牙仙子
刀锋舞者,Irelia,黄金,118,51,有始有终
刀锋舞者,Irelia,白银,119,29,火狐
刀锋舞者,Irelia,白银,120,30,点亮他们！
刀锋舞者,Irelia,白银,121,31,转得我眩晕了
刀锋舞者,Irelia,棱彩,122,40,尊我为王
刀锋舞者,Irelia,黄金,123,52,神射法师
刀锋舞者,Irelia,棱彩,124,41,属性叠属性叠属性！
刀锋舞者,Irelia,黄金,125,53,鲨鱼诱饵
刀锋舞者,Irelia,白银,126,32,家园卫士
刀锋舞者,Irelia,棱彩,127,42,巨像的勇气
刀锋舞者,Irelia,棱彩,128,43,舞会女王
刀锋舞者,Irelia,白银,129,33,山脉龙魂
刀锋舞者,Irelia,白银,130,34,注魔
刀锋舞者,Irelia,棱彩,131,44,残忍
刀锋舞者,Irelia,白银,132,35,纯粹主义者 - 术师
刀锋舞者,Irelia,棱彩,133,45,大招工具人
刀锋舞者,Irelia,黄金,134,54,炽烈黎明
刀锋舞者,Irelia,白银,135,36,物理转魔法
刀锋舞者,Irelia,黄金,136,55,咏叹奏鸣
刀锋舞者,Irelia,黄金,137,56,急急小子
刀锋舞者,Irelia,黄金,138,57,回力OK镖
刀锋舞者,Irelia,黄金,139,58,溢流
刀锋舞者,Irelia,黄金,140,59,藏身草丛
刀锋舞者,Irelia,黄金,141,60,魔法飞弹
刀锋舞者,Irelia,棱彩,142,46,夺金
刀锋舞者,Irelia,黄金,143,61,超凡邪恶
刀锋舞者,Irelia,白银,144,37,唯快不破
刀锋舞者,Irelia,棱彩,145,47,空投熊
刀锋舞者,Irelia,白银,146,38,由心及物
刀锋舞者,Irelia,白银,147,39,巫师式思考
刀锋舞者,Irelia,棱彩,148,48,电涌力场
刀锋舞者,Irelia,棱彩,149,49,死亡之环
刀锋舞者,Irelia,白银,150,40,吵闹鬼
刀锋舞者,Irelia,棱彩,151,50,软弹啪叽抓
刀锋舞者,Irelia,棱彩,152,51,尤里卡
刀锋舞者,Irelia,棱彩,153,52,男爵之手
刀锋舞者,Irelia,白银,154,41,升级：献祭
刀锋舞者,Irelia,棱彩,155,53,不祥契约
刀锋舞者,Irelia,棱彩,156,54,魄罗蛮冲
刀锋舞者,Irelia,棱彩,157,55,艾卡西亚的陷落
刀锋舞者,Irelia,黄金,158,62,超强大脑
刀锋舞者,Irelia,白银,159,42,冰寒
刀锋舞者,Irelia,棱彩,160,56,炼狱导管
刀锋舞者,Irelia,白银,161,43,升级：中娅
刀锋舞者,Irelia,黄金,162,63,吸血习性
刀锋舞者,Irelia,棱彩,163,57,沃格勒特的巫师帽
刀锋舞者,Irelia,棱彩,164,58,玻璃大炮
刀锋舞者,Irelia,棱彩,165,59,风语者的祝福
刀锋舞者,Irelia,白银,166,44,闪光弹
刀锋舞者,Irelia,黄金,167,64,活力焕发
刀锋舞者,Irelia,白银,168,45,闪闪现现
刀锋舞者,Irelia,黄金,169,65,关键暴击
刀锋舞者,Irelia,白银,170,46,会心防御
刀锋舞者,Irelia,黄金,171,66,会心治疗
刀锋舞者,Irelia,黄金,172,67,坚韧
刀锋舞者,Irelia,棱彩,173,60,量子计算
刀锋舞者,Irelia,黄金,174,68,升级：雪球
刀锋舞者,Irelia,黄金,175,69,雪球扭蛋机
刀锋舞者,Irelia,白银,176,47,狂热者
刀锋舞者,Irelia,黄金,177,70,易损
刀锋舞者,Irelia,棱彩,178,61,小丑学院
刀锋舞者,Irelia,黄金,179,71,虚空冲刺
刀锋舞者,Irelia,棱彩,180,62,超负荷
刀锋舞者,Irelia,棱彩,181,63,升级：花晓之剑
刀锋舞者,Irelia,黄金,182,72,最终都市列车
刀锋舞者,Irelia,黄金,183,73,魄罗爆破手
刀锋舞者,Irelia,棱彩,184,64,魄罗之王的弹跳
刀锋舞者,Irelia,棱彩,185,65,双发快射
刀锋舞者,Irelia,白银,186,48,叠角龙
刀锋舞者,Irelia,白银,187,49,坚若磐石
刀锋舞者,Irelia,黄金,188,74,祖母的辣椒油
刀锋舞者,Irelia,棱彩,189,66,？？？
翠神,Ivern,白银,1,1,急救用具
翠神,Ivern,黄金,2,1,全心为你
翠神,Ivern,黄金,3,2,咏叹奏鸣
翠神,Ivern,黄金,4,3,喂呜喂呜
翠神,Ivern,白银,5,2,天音爆
翠神,Ivern,黄金,6,4,仁慈打击
翠神,Ivern,棱彩,7,1,灵魄炸弹
翠神,Ivern,棱彩,8,2,信念者的强化
翠神,Ivern,黄金,9,5,自然即是治愈
翠神,Ivern,黄金,10,6,神圣干预
翠神,Ivern,棱彩,11,3,风语者的祝福
翠神,Ivern,棱彩,12,4,至高天诺言
翠神,Ivern,棱彩,13,5,无限循环往复
翠神,Ivern,白银,14,3,加固护盾
翠神,Ivern,黄金,15,7,仆从大师
翠神,Ivern,棱彩,16,6,大法师
翠神,Ivern,黄金,17,8,质变：棱彩阶
翠神,Ivern,棱彩,18,7,蛋白粉奶昔
翠神,Ivern,白银,19,4,扇巴掌
翠神,Ivern,黄金,20,9,循环往复
翠神,Ivern,黄金,21,10,缩小引擎
翠神,Ivern,棱彩,22,8,升级：花晓之剑
翠神,Ivern,白银,23,5,冰寒
翠神,Ivern,黄金,24,11,炽烈黎明
翠神,Ivern,黄金,25,12,贪欲束缚
翠神,Ivern,棱彩,26,9,咒语裂变
翠神,Ivern,黄金,27,13,急急小子
翠神,Ivern,黄金,28,14,面包和奶酪
翠神,Ivern,白银,29,6,质变：黄金阶
翠神,Ivern,棱彩,30,10,超负荷
翠神,Ivern,黄金,31,15,会心治疗
翠神,Ivern,黄金,32,16,轻拍背部
翠神,Ivern,白银,33,7,家园卫士
翠神,Ivern,白银,34,8,纯粹主义者 - 术师
翠神,Ivern,白银,35,9,练腿日
翠神,Ivern,白银,36,10,海洋龙魂
翠神,Ivern,棱彩,37,11,回归基本功
翠神,Ivern,棱彩,38,12,掷骰狂人
翠神,Ivern,黄金,39,17,藏身草丛
翠神,Ivern,白银,40,11,强力护盾
翠神,Ivern,棱彩,41,13,终极刷新
翠神,Ivern,棱彩,42,14,残忍
翠神,Ivern,黄金,43,18,吞噬灵魂
翠神,Ivern,黄金,44,19,急速之追求
翠神,Ivern,棱彩,45,15,终极唤醒
翠神,Ivern,黄金,46,20,虚幻武器
翠神,Ivern,黄金,47,21,不动如山
翠神,Ivern,棱彩,48,16,巨像的勇气
翠神,Ivern,棱彩,49,17,质变：混沌
翠神,Ivern,白银,50,12,台风
翠神,Ivern,黄金,51,22,面包和黄油
翠神,Ivern,白银,52,13,巫师式思考
翠神,Ivern,白银,53,14,由心及物
翠神,Ivern,棱彩,54,18,尤里卡
翠神,Ivern,黄金,55,23,超凡邪恶
翠神,Ivern,黄金,56,24,尖端发明家
翠神,Ivern,棱彩,57,19,史上最大雪球
翠神,Ivern,黄金,58,25,溢流
翠神,Ivern,黄金,59,26,超强大脑
翠神,Ivern,黄金,60,27,捐赠
翠神,Ivern,黄金,61,28,哎哟，我的硬币！
翠神,Ivern,白银,62,15,大师铸就
翠神,Ivern,黄金,63,29,属性叠属性！
翠神,Ivern,棱彩,64,20,潘朵拉的盒子
翠神,Ivern,黄金,65,30,威能之追求
翠神,Ivern,棱彩,66,21,双刀流
翠神,Ivern,黄金,67,31,缩小射线
翠神,Ivern,黄金,68,32,杀戮时间到了
翠神,Ivern,黄金,69,33,魔法飞弹
翠神,Ivern,黄金,70,34,面包和果酱
翠神,Ivern,棱彩,71,22,软弹啪叽抓
翠神,Ivern,白银,72,16,逃跑计划
翠神,Ivern,棱彩,73,23,大招工具人
翠神,Ivern,黄金,74,35,坦克引擎
翠神,Ivern,黄金,75,36,神射法师
翠神,Ivern,白银,76,17,双生火焰
翠神,Ivern,白银,77,18,侵蚀
翠神,Ivern,白银,78,19,物理转魔法
翠神,Ivern,棱彩,79,24,物法皆修
翠神,Ivern,白银,80,20,属性！
翠神,Ivern,白银,81,21,灵巧
翠神,Ivern,黄金,82,37,星界躯体
翠神,Ivern,黄金,83,38,生机迸发
翠神,Ivern,白银,84,22,火狐
翠神,Ivern,白银,85,23,狂热者
翠神,Ivern,棱彩,86,25,科学狂人
翠神,Ivern,白银,87,24,海克斯科技龙魂
翠神,Ivern,黄金,88,39,回力OK镖
翠神,Ivern,黄金,89,40,弹球
翠神,Ivern,白银,90,25,炼狱龙魂
翠神,Ivern,白银,91,26,山脉龙魂
翠神,Ivern,白银,92,27,终极不可阻挡
翠神,Ivern,棱彩,93,26,全能龙魂
翠神,Ivern,黄金,94,41,火上浇油
翠神,Ivern,白银,95,28,下雪天
翠神,Ivern,白银,96,29,转得我眩晕了
翠神,Ivern,黄金,97,42,我们的治疗
翠神,Ivern,白银,98,30,防护面纱
翠神,Ivern,黄金,99,43,升级：耀光
翠神,Ivern,黄金,100,44,冰雪爆裂
翠神,Ivern,棱彩,101,27,亮出你的剑
翠神,Ivern,棱彩,102,28,海牛阿福的勇士
翠神,Ivern,黄金,103,45,术士果汁盒
翠神,Ivern,棱彩,104,29,飞身踢
翠神,Ivern,黄金,105,46,鲨鱼暴风
翠神,Ivern,白银,106,31,升级：中娅
翠神,Ivern,棱彩,107,30,秘术冲拳
翠神,Ivern,黄金,108,47,闪现向前
翠神,Ivern,棱彩,109,31,巨人杀手
翠神,Ivern,棱彩,110,32,连拨击锤
翠神,Ivern,棱彩,111,33,踢踏舞
翠神,Ivern,黄金,112,48,狙神飞星
翠神,Ivern,棱彩,113,34,空投熊
翠神,Ivern,白银,114,32,俯冲轰炸
翠神,Ivern,黄金,115,49,心灵净化
翠神,Ivern,棱彩,116,35,沃格勒特的巫师帽
翠神,Ivern,棱彩,117,36,你摸不到
翠神,Ivern,白银,118,33,注魔
翠神,Ivern,棱彩,119,37,属性叠属性叠属性！
翠神,Ivern,白银,120,34,点亮他们！
翠神,Ivern,棱彩,121,38,魄罗蛮冲
翠神,Ivern,棱彩,122,39,珠光护手
翠神,Ivern,棱彩,123,40,歌利亚巨人
翠神,Ivern,棱彩,124,41,男爵之手
翠神,Ivern,黄金,125,50,更万用的瞄准镜
翠神,Ivern,白银,126,35,杀意翻涌
翠神,Ivern,棱彩,127,42,死亡之环
翠神,Ivern,黄金,128,51,钢化你心
翠神,Ivern,棱彩,129,43,尊我为王
翠神,Ivern,白银,130,36,吵闹鬼
翠神,Ivern,棱彩,131,44,位面转移
翠神,Ivern,黄金,132,52,黎明使者的坚决
翠神,Ivern,棱彩,133,45,夺金
翠神,Ivern,黄金,134,53,鲨鱼诱饵
翠神,Ivern,黄金,135,54,升级：无尽之刃
翠神,Ivern,白银,136,37,万用瞄准镜
翠神,Ivern,白银,137,38,魔法转物理
翠神,Ivern,白银,138,39,大力
翠神,Ivern,黄金,139,55,有始有终
翠神,Ivern,棱彩,140,46,最终形态
翠神,Ivern,棱彩,141,47,电涌力场
翠神,Ivern,棱彩,142,48,炼狱导管
翠神,Ivern,棱彩,143,49,神圣雪球
翠神,Ivern,白银,144,40,渴血
翠神,Ivern,黄金,145,56,罪恶快感
翠神,Ivern,棱彩,146,50,不祥契约
翠神,Ivern,白银,147,41,重量级打击手
翠神,Ivern,黄金,148,57,过量延伸者
翠神,Ivern,棱彩,149,51,战争交响乐
翠神,Ivern,黄金,150,58,穿针引线
翠神,Ivern,白银,151,42,升级：收集者
翠神,Ivern,黄金,152,59,暴击律动
翠神,Ivern,棱彩,153,52,最万用的瞄准镜
翠神,Ivern,棱彩,154,53,扳机炼狱
翠神,Ivern,棱彩,155,54,泰坦的坚决
翠神,Ivern,棱彩,156,55,玻璃大炮
翠神,Ivern,黄金,157,60,高压锅
翠神,Ivern,白银,158,43,唯快不破
翠神,Ivern,黄金,159,61,豪猪
翠神,Ivern,棱彩,160,56,吃过路兵
翠神,Ivern,黄金,161,62,夜狩
翠神,Ivern,棱彩,162,57,利刃华尔兹
翠神,Ivern,棱彩,163,58,激光治疗
翠神,Ivern,黄金,164,63,牙仙子
翠神,Ivern,棱彩,165,59,小猫咪找妈妈
翠神,Ivern,黄金,166,64,坚韧
翠神,Ivern,白银,167,44,坚若磐石
翠神,Ivern,黄金,168,65,活力焕发
翠神,Ivern,白银,169,45,闪光弹
翠神,Ivern,白银,170,46,闪闪现现
翠神,Ivern,黄金,171,66,关键暴击
翠神,Ivern,黄金,172,67,升级：雪球
翠神,Ivern,黄金,173,68,吸血习性
翠神,Ivern,黄金,174,69,祖母的辣椒油
翠神,Ivern,黄金,175,70,魄罗爆破手
翠神,Ivern,棱彩,176,60,量子计算
翠神,Ivern,黄金,177,71,灵魂虹吸
翠神,Ivern,黄金,178,72,雪球扭蛋机
翠神,Ivern,棱彩,179,61,和我一起困在这里
翠神,Ivern,棱彩,180,62,魄罗之王的弹跳
翠神,Ivern,黄金,181,73,升级：贪欲九头蛇
翠神,Ivern,白银,182,47,会心防御
翠神,Ivern,棱彩,183,63,小丑学院
翠神,Ivern,黄金,184,74,暴击飞弹
翠神,Ivern,棱彩,185,64,卡皮巴拉空投
翠神,Ivern,棱彩,186,65,？？？
翠神,Ivern,黄金,187,75,无尽大杀四方
翠神,Ivern,棱彩,188,66,飞升仪式
翠神,Ivern,黄金,189,76,升级：焚天
风暴之怒,Janna,黄金,1,1,咏叹奏鸣
风暴之怒,Janna,白银,2,1,急救用具
风暴之怒,Janna,黄金,3,2,全心为你
风暴之怒,Janna,黄金,4,3,喂呜喂呜
风暴之怒,Janna,白银,5,2,天音爆
风暴之怒,Janna,棱彩,6,1,灵魄炸弹
风暴之怒,Janna,棱彩,7,2,信念者的强化
风暴之怒,Janna,黄金,8,4,老练狙神
风暴之怒,Janna,黄金,9,5,仁慈打击
风暴之怒,Janna,棱彩,10,3,大法师
风暴之怒,Janna,黄金,11,6,神圣干预
风暴之怒,Janna,白银,12,3,纯粹主义者 - 术师
风暴之怒,Janna,棱彩,13,4,尤里卡
风暴之怒,Janna,棱彩,14,5,至高天诺言
风暴之怒,Janna,棱彩,15,6,风语者的祝福
风暴之怒,Janna,棱彩,16,7,无限循环往复
风暴之怒,Janna,黄金,17,7,缩小引擎
风暴之怒,Janna,黄金,18,8,魔法飞弹
风暴之怒,Janna,黄金,19,9,贪欲束缚
风暴之怒,Janna,黄金,20,10,急急小子
风暴之怒,Janna,黄金,21,11,狙神飞星
风暴之怒,Janna,黄金,22,12,超凡邪恶
风暴之怒,Janna,白银,23,4,巫师式思考
风暴之怒,Janna,白银,24,5,扇巴掌
风暴之怒,Janna,黄金,25,13,质变：棱彩阶
风暴之怒,Janna,黄金,26,14,循环往复
风暴之怒,Janna,白银,27,6,加固护盾
风暴之怒,Janna,黄金,28,15,急速之追求
风暴之怒,Janna,棱彩,29,8,残忍
风暴之怒,Janna,白银,30,7,冰寒
风暴之怒,Janna,黄金,31,16,连锁反应
风暴之怒,Janna,黄金,32,17,溢流
风暴之怒,Janna,棱彩,33,9,蛋白粉奶昔
风暴之怒,Janna,黄金,34,18,炽烈黎明
风暴之怒,Janna,黄金,35,19,面包和黄油
风暴之怒,Janna,白银,36,8,虹吸
风暴之怒,Janna,黄金,37,20,不动如山
风暴之怒,Janna,白银,38,9,家园卫士
风暴之怒,Janna,白银,39,10,质变：黄金阶
风暴之怒,Janna,白银,40,11,由心及物
风暴之怒,Janna,黄金,41,21,回力OK镖
风暴之怒,Janna,棱彩,42,10,死亡之环
风暴之怒,Janna,棱彩,43,11,终极刷新
风暴之怒,Janna,黄金,44,22,面包和奶酪
风暴之怒,Janna,黄金,45,23,会心治疗
风暴之怒,Janna,棱彩,46,12,回响施放
风暴之怒,Janna,棱彩,47,13,升级：花晓之剑
风暴之怒,Janna,棱彩,48,14,沃格勒特的巫师帽
风暴之怒,Janna,白银,49,12,终极不可阻挡
风暴之怒,Janna,黄金,50,24,吞噬灵魂
风暴之怒,Janna,白银,51,13,练腿日
风暴之怒,Janna,黄金,52,25,自然即是治愈
风暴之怒,Janna,棱彩,53,15,掷骰狂人
风暴之怒,Janna,白银,54,14,海克斯科技龙魂
风暴之怒,Janna,棱彩,55,16,炼狱导管
风暴之怒,Janna,黄金,56,26,虚幻武器
风暴之怒,Janna,棱彩,57,17,三重射击
风暴之怒,Janna,白银,58,15,强力护盾
风暴之怒,Janna,棱彩,59,18,终极唤醒
风暴之怒,Janna,黄金,60,27,威能之追求
风暴之怒,Janna,白银,61,16,双生火焰
风暴之怒,Janna,棱彩,62,19,质变：混沌
风暴之怒,Janna,黄金,63,28,超强大脑
风暴之怒,Janna,白银,64,17,升级：中娅
风暴之怒,Janna,白银,65,18,海洋龙魂
风暴之怒,Janna,棱彩,66,20,回归基本功
风暴之怒,Janna,棱彩,67,21,你摸不到
风暴之怒,Janna,棱彩,68,22,巨像的勇气
风暴之怒,Janna,棱彩,69,23,潘朵拉的盒子
风暴之怒,Janna,黄金,70,29,捐赠
风暴之怒,Janna,黄金,71,30,属性叠属性！
风暴之怒,Janna,白银,72,19,大师铸就
风暴之怒,Janna,黄金,73,31,尖端发明家
风暴之怒,Janna,黄金,74,32,哎哟，我的硬币！
风暴之怒,Janna,白银,75,20,物理转魔法
风暴之怒,Janna,黄金,76,33,生机迸发
风暴之怒,Janna,棱彩,77,24,史上最大雪球
风暴之怒,Janna,白银,78,21,炼狱龙魂
风暴之怒,Janna,棱彩,79,25,巨人杀手
风暴之怒,Janna,黄金,80,34,面包和果酱
风暴之怒,Janna,棱彩,81,26,珠光护手
风暴之怒,Janna,白银,82,22,火狐
风暴之怒,Janna,棱彩,83,27,玻璃大炮
风暴之怒,Janna,白银,84,23,别停止引导
风暴之怒,Janna,棱彩,85,28,电涌力场
风暴之怒,Janna,黄金,86,35,轻拍背部
风暴之怒,Janna,棱彩,87,29,科学狂人
风暴之怒,Janna,白银,88,24,逃跑计划
风暴之怒,Janna,黄金,89,36,我们的治疗
风暴之怒,Janna,棱彩,90,30,大招工具人
风暴之怒,Janna,白银,91,25,属性！
风暴之怒,Janna,棱彩,92,31,不祥契约
风暴之怒,Janna,白银,93,26,侵蚀
风暴之怒,Janna,白银,94,27,唯快不破
风暴之怒,Janna,棱彩,95,32,全能龙魂
风暴之怒,Janna,黄金,96,37,坦克引擎
风暴之怒,Janna,棱彩,97,33,海牛阿福的勇士
风暴之怒,Janna,黄金,98,38,神射法师
风暴之怒,Janna,黄金,99,39,术士果汁盒
风暴之怒,Janna,棱彩,100,34,属性叠属性叠属性！
风暴之怒,Janna,白银,101,28,防护面纱
风暴之怒,Janna,黄金,102,40,有始有终
风暴之怒,Janna,棱彩,103,35,夺金
风暴之怒,Janna,棱彩,104,36,飞身踢
风暴之怒,Janna,棱彩,105,37,魄罗蛮冲
风暴之怒,Janna,棱彩,106,38,秘术冲拳
风暴之怒,Janna,白银,107,29,山脉龙魂
风暴之怒,Janna,白银,108,30,注魔
风暴之怒,Janna,黄金,109,41,星界躯体
风暴之怒,Janna,黄金,110,42,弹球
风暴之怒,Janna,黄金,111,43,鲨鱼暴风
风暴之怒,Janna,白银,112,31,吵闹鬼
风暴之怒,Janna,黄金,113,44,心灵净化
风暴之怒,Janna,棱彩,114,39,尊我为王
风暴之怒,Janna,棱彩,115,40,男爵之手
风暴之怒,Janna,黄金,116,45,冰雪爆裂
风暴之怒,Janna,黄金,117,46,穿针引线
风暴之怒,Janna,棱彩,118,41,空投熊
风暴之怒,Janna,黄金,119,47,黎明使者的坚决
风暴之怒,Janna,黄金,120,48,缩小射线
风暴之怒,Janna,白银,121,32,下雪天
风暴之怒,Janna,白银,122,33,杀意翻涌
风暴之怒,Janna,黄金,123,49,闪现向前
风暴之怒,Janna,白银,124,34,俯冲轰炸
风暴之怒,Janna,白银,125,35,渴血
风暴之怒,Janna,黄金,126,50,杀戮时间到了
风暴之怒,Janna,棱彩,127,42,歌利亚巨人
风暴之怒,Janna,棱彩,128,43,位面转移
风暴之怒,Janna,白银,129,36,转得我眩晕了
风暴之怒,Janna,黄金,130,51,鲨鱼诱饵
风暴之怒,Janna,棱彩,131,44,吃过路兵
风暴之怒,Janna,黄金,132,52,火上浇油
风暴之怒,Janna,白银,133,37,灵巧
风暴之怒,Janna,棱彩,134,45,软弹啪叽抓
风暴之怒,Janna,棱彩,135,46,扳机炼狱
风暴之怒,Janna,黄金,136,53,更万用的瞄准镜
风暴之怒,Janna,黄金,137,54,牙仙子
风暴之怒,Janna,白银,138,38,万用瞄准镜
风暴之怒,Janna,棱彩,139,47,神圣雪球
风暴之怒,Janna,棱彩,140,48,物法皆修
风暴之怒,Janna,棱彩,141,49,踢踏舞
风暴之怒,Janna,棱彩,142,50,最终形态
风暴之怒,Janna,黄金,143,55,藏身草丛
风暴之怒,Janna,黄金,144,56,夜狩
风暴之怒,Janna,白银,145,39,点亮他们！
风暴之怒,Janna,黄金,146,57,罪恶快感
风暴之怒,Janna,黄金,147,58,过量延伸者
风暴之怒,Janna,棱彩,148,51,最万用的瞄准镜
风暴之怒,Janna,黄金,149,59,豪猪
风暴之怒,Janna,黄金,150,60,钢化你心
风暴之怒,Janna,黄金,151,61,升级：耀光
风暴之怒,Janna,棱彩,152,52,泰坦的坚决
风暴之怒,Janna,白银,153,40,重量级打击手
风暴之怒,Janna,黄金,154,62,高压锅
风暴之怒,Janna,棱彩,155,53,利刃华尔兹
风暴之怒,Janna,棱彩,156,54,战争交响乐
风暴之怒,Janna,棱彩,157,55,小猫咪找妈妈
风暴之怒,Janna,棱彩,158,56,飞升仪式
风暴之怒,Janna,棱彩,159,57,激光治疗
风暴之怒,Janna,黄金,160,63,活力焕发
风暴之怒,Janna,黄金,161,64,坚韧
风暴之怒,Janna,黄金,162,65,祖母的辣椒油
风暴之怒,Janna,黄金,163,66,魄罗爆破手
风暴之怒,Janna,白银,164,41,坚若磐石
风暴之怒,Janna,黄金,165,67,升级：雪球
风暴之怒,Janna,黄金,166,68,关键暴击
风暴之怒,Janna,黄金,167,69,雪球扭蛋机
风暴之怒,Janna,黄金,168,70,易损
风暴之怒,Janna,棱彩,169,58,？？？
风暴之怒,Janna,黄金,170,71,快步
风暴之怒,Janna,棱彩,171,59,量子计算
风暴之怒,Janna,白银,172,42,会心防御
风暴之怒,Janna,黄金,173,72,暴击飞弹
风暴之怒,Janna,白银,174,43,台风
风暴之怒,Janna,白银,175,44,闪光弹
风暴之怒,Janna,棱彩,176,60,连拨击锤
风暴之怒,Janna,棱彩,177,61,小丑学院
风暴之怒,Janna,黄金,178,73,最终都市列车
风暴之怒,Janna,白银,179,45,狂热者
风暴之怒,Janna,棱彩,180,62,超负荷
风暴之怒,Janna,白银,181,46,可靠武器
风暴之怒,Janna,黄金,182,74,灵魂虹吸
风暴之怒,Janna,棱彩,183,63,双刀流
风暴之怒,Janna,黄金,184,75,暴击律动
风暴之怒,Janna,棱彩,185,64,王中王，靴中靴
风暴之怒,Janna,黄金,186,76,吸血习性
风暴之怒,Janna,白银,187,47,闪闪现现
风暴之怒,Janna,棱彩,188,65,魄罗之王的弹跳
风暴之怒,Janna,棱彩,189,66,双发快射
风暴之怒,Janna,白银,190,48,主玩辅助
风暴之怒,Janna,白银,191,49,自适应防护
德玛西亚皇子,JarvanIV,黄金,1,1,坦克引擎
德玛西亚皇子,JarvanIV,棱彩,2,1,飞身踢
德玛西亚皇子,JarvanIV,白银,3,1,重量级打击手
德玛西亚皇子,JarvanIV,白银,4,2,大力
德玛西亚皇子,JarvanIV,黄金,5,2,无尽大杀四方
德玛西亚皇子,JarvanIV,黄金,6,3,钢化你心
德玛西亚皇子,JarvanIV,黄金,7,4,星界躯体
德玛西亚皇子,JarvanIV,棱彩,8,2,歌利亚巨人
德玛西亚皇子,JarvanIV,黄金,9,5,穿针引线
德玛西亚皇子,JarvanIV,黄金,10,6,黎明使者的坚决
德玛西亚皇子,JarvanIV,黄金,11,7,地形专家
德玛西亚皇子,JarvanIV,黄金,12,8,牙仙子
德玛西亚皇子,JarvanIV,黄金,13,9,杀戮时间到了
德玛西亚皇子,JarvanIV,白银,14,3,渴血
德玛西亚皇子,JarvanIV,白银,15,4,暗影疾奔
德玛西亚皇子,JarvanIV,白银,16,5,升级：收集者
德玛西亚皇子,JarvanIV,黄金,17,10,质变：棱彩阶
德玛西亚皇子,JarvanIV,棱彩,18,3,最终形态
德玛西亚皇子,JarvanIV,黄金,19,11,升级：焚天
德玛西亚皇子,JarvanIV,棱彩,20,4,和我一起困在这里
德玛西亚皇子,JarvanIV,黄金,21,12,夜狩
德玛西亚皇子,JarvanIV,黄金,22,13,高压锅
德玛西亚皇子,JarvanIV,棱彩,23,5,飞升仪式
德玛西亚皇子,JarvanIV,白银,24,6,升级：献祭
德玛西亚皇子,JarvanIV,棱彩,25,6,利刃华尔兹
德玛西亚皇子,JarvanIV,棱彩,26,7,泰坦的坚决
德玛西亚皇子,JarvanIV,黄金,27,14,贪欲束缚
德玛西亚皇子,JarvanIV,黄金,28,15,狂徒豪气
德玛西亚皇子,JarvanIV,白银,29,7,扇巴掌
德玛西亚皇子,JarvanIV,棱彩,30,8,你摸不到
德玛西亚皇子,JarvanIV,棱彩,31,9,终极唤醒
德玛西亚皇子,JarvanIV,黄金,32,16,生机迸发
德玛西亚皇子,JarvanIV,黄金,33,17,升级：贪欲九头蛇
德玛西亚皇子,JarvanIV,黄金,34,18,循环往复
德玛西亚皇子,JarvanIV,白银,35,8,魔法转物理
德玛西亚皇子,JarvanIV,白银,36,9,逃跑计划
德玛西亚皇子,JarvanIV,棱彩,37,10,艾卡西亚的陷落
德玛西亚皇子,JarvanIV,白银,38,10,快中求稳
德玛西亚皇子,JarvanIV,棱彩,39,11,掷骰狂人
德玛西亚皇子,JarvanIV,棱彩,40,12,终极九头蛇
德玛西亚皇子,JarvanIV,棱彩,41,13,科学狂人
德玛西亚皇子,JarvanIV,棱彩,42,14,全凭身法
德玛西亚皇子,JarvanIV,棱彩,43,15,终极刷新
德玛西亚皇子,JarvanIV,黄金,44,19,吞噬灵魂
德玛西亚皇子,JarvanIV,白银,45,11,质变：黄金阶
德玛西亚皇子,JarvanIV,棱彩,46,16,秘术冲拳
德玛西亚皇子,JarvanIV,黄金,47,20,不动如山
德玛西亚皇子,JarvanIV,棱彩,48,17,巨像的勇气
德玛西亚皇子,JarvanIV,白银,49,12,俯冲轰炸
德玛西亚皇子,JarvanIV,白银,50,13,终极不可阻挡
德玛西亚皇子,JarvanIV,黄金,51,21,升级：无尽之刃
德玛西亚皇子,JarvanIV,棱彩,52,18,精怪魔法
德玛西亚皇子,JarvanIV,棱彩,53,19,大地苏醒
德玛西亚皇子,JarvanIV,黄金,54,22,罪恶快感
德玛西亚皇子,JarvanIV,白银,55,14,升级：死亡之舞
德玛西亚皇子,JarvanIV,黄金,56,23,威能之追求
德玛西亚皇子,JarvanIV,棱彩,57,20,吃过路兵
德玛西亚皇子,JarvanIV,棱彩,58,21,史上最大雪球
德玛西亚皇子,JarvanIV,棱彩,59,22,珠光护手
德玛西亚皇子,JarvanIV,白银,60,15,大师铸就
德玛西亚皇子,JarvanIV,黄金,61,24,捐赠
德玛西亚皇子,JarvanIV,棱彩,62,23,质变：混沌
德玛西亚皇子,JarvanIV,棱彩,63,24,濒死悟道
德玛西亚皇子,JarvanIV,白银,64,16,杀意翻涌
德玛西亚皇子,JarvanIV,黄金,65,25,藏身草丛
德玛西亚皇子,JarvanIV,白银,66,17,练腿日
德玛西亚皇子,JarvanIV,黄金,67,26,虚幻武器
德玛西亚皇子,JarvanIV,黄金,68,27,属性叠属性！
德玛西亚皇子,JarvanIV,黄金,69,28,面包和黄油
德玛西亚皇子,JarvanIV,黄金,70,29,急速之追求
德玛西亚皇子,JarvanIV,黄金,71,30,缩小引擎
德玛西亚皇子,JarvanIV,黄金,72,31,弹球
德玛西亚皇子,JarvanIV,黄金,73,32,闪现向前
德玛西亚皇子,JarvanIV,黄金,74,33,尖端发明家
德玛西亚皇子,JarvanIV,黄金,75,34,冰雪爆裂
德玛西亚皇子,JarvanIV,棱彩,76,25,战争交响乐
德玛西亚皇子,JarvanIV,黄金,77,35,豪猪
德玛西亚皇子,JarvanIV,白银,78,18,下雪天
德玛西亚皇子,JarvanIV,黄金,79,36,心灵净化
德玛西亚皇子,JarvanIV,黄金,80,37,神圣干预
德玛西亚皇子,JarvanIV,黄金,81,38,面包和奶酪
德玛西亚皇子,JarvanIV,黄金,82,39,有始有终
德玛西亚皇子,JarvanIV,黄金,83,40,灵魂虹吸
德玛西亚皇子,JarvanIV,棱彩,84,26,潘朵拉的盒子
德玛西亚皇子,JarvanIV,白银,85,19,海洋龙魂
德玛西亚皇子,JarvanIV,黄金,86,41,鲨鱼诱饵
德玛西亚皇子,JarvanIV,棱彩,87,27,无限循环往复
德玛西亚皇子,JarvanIV,白银,88,20,炼狱龙魂
德玛西亚皇子,JarvanIV,黄金,89,42,鲨鱼暴风
德玛西亚皇子,JarvanIV,黄金,90,43,自然即是治愈
德玛西亚皇子,JarvanIV,棱彩,91,28,扳机炼狱
德玛西亚皇子,JarvanIV,黄金,92,44,缩小射线
德玛西亚皇子,JarvanIV,黄金,93,45,轻拍背部
德玛西亚皇子,JarvanIV,黄金,94,46,更万用的瞄准镜
德玛西亚皇子,JarvanIV,白银,95,21,侵蚀
德玛西亚皇子,JarvanIV,棱彩,96,29,海牛阿福的勇士
德玛西亚皇子,JarvanIV,棱彩,97,30,大招工具人
德玛西亚皇子,JarvanIV,黄金,98,47,易损
德玛西亚皇子,JarvanIV,黄金,99,48,哎哟，我的硬币！
德玛西亚皇子,JarvanIV,棱彩,100,31,神圣雪球
德玛西亚皇子,JarvanIV,棱彩,101,32,回归基本功
德玛西亚皇子,JarvanIV,黄金,102,49,关键暴击
德玛西亚皇子,JarvanIV,白银,103,22,灵巧
德玛西亚皇子,JarvanIV,黄金,104,50,面包和果酱
德玛西亚皇子,JarvanIV,白银,105,23,台风
德玛西亚皇子,JarvanIV,黄金,106,51,过量延伸者
德玛西亚皇子,JarvanIV,棱彩,107,33,大法师
德玛西亚皇子,JarvanIV,黄金,108,52,火上浇油
德玛西亚皇子,JarvanIV,白银,109,24,属性！
德玛西亚皇子,JarvanIV,白银,110,25,纯粹主义者 - 术师
德玛西亚皇子,JarvanIV,棱彩,111,34,位面转移
德玛西亚皇子,JarvanIV,棱彩,112,35,舞会女王
德玛西亚皇子,JarvanIV,黄金,113,53,我们的治疗
德玛西亚皇子,JarvanIV,白银,114,26,万用瞄准镜
德玛西亚皇子,JarvanIV,棱彩,115,36,尊我为王
德玛西亚皇子,JarvanIV,棱彩,116,37,空投熊
德玛西亚皇子,JarvanIV,棱彩,117,38,全能龙魂
德玛西亚皇子,JarvanIV,棱彩,118,39,双刀流
德玛西亚皇子,JarvanIV,白银,119,27,转得我眩晕了
德玛西亚皇子,JarvanIV,白银,120,28,山脉龙魂
德玛西亚皇子,JarvanIV,棱彩,121,40,巨人杀手
德玛西亚皇子,JarvanIV,黄金,122,54,急急小子
德玛西亚皇子,JarvanIV,白银,123,29,会心防御
德玛西亚皇子,JarvanIV,棱彩,124,41,属性叠属性叠属性！
德玛西亚皇子,JarvanIV,黄金,125,55,升级：耀光
德玛西亚皇子,JarvanIV,白银,126,30,海克斯科技龙魂
德玛西亚皇子,JarvanIV,棱彩,127,42,回响施放
德玛西亚皇子,JarvanIV,棱彩,128,43,软弹啪叽抓
德玛西亚皇子,JarvanIV,棱彩,129,44,连拨击锤
德玛西亚皇子,JarvanIV,棱彩,130,45,电涌力场
德玛西亚皇子,JarvanIV,棱彩,131,46,最万用的瞄准镜
德玛西亚皇子,JarvanIV,白银,132,31,防护面纱
德玛西亚皇子,JarvanIV,白银,133,32,由心及物
德玛西亚皇子,JarvanIV,白银,134,33,双生火焰
德玛西亚皇子,JarvanIV,白银,135,34,家园卫士
德玛西亚皇子,JarvanIV,黄金,136,56,暴击律动
德玛西亚皇子,JarvanIV,黄金,137,57,术士果汁盒
德玛西亚皇子,JarvanIV,棱彩,138,47,双发快射
德玛西亚皇子,JarvanIV,棱彩,139,48,夺金
德玛西亚皇子,JarvanIV,黄金,140,58,溢流
德玛西亚皇子,JarvanIV,黄金,141,59,咏叹奏鸣
德玛西亚皇子,JarvanIV,白银,142,35,火狐
德玛西亚皇子,JarvanIV,棱彩,143,49,残忍
德玛西亚皇子,JarvanIV,黄金,144,60,回力OK镖
德玛西亚皇子,JarvanIV,棱彩,145,50,魄罗蛮冲
德玛西亚皇子,JarvanIV,黄金,146,61,炽烈黎明
德玛西亚皇子,JarvanIV,棱彩,147,51,男爵之手
德玛西亚皇子,JarvanIV,白银,148,36,注魔
德玛西亚皇子,JarvanIV,棱彩,149,52,踢踏舞
德玛西亚皇子,JarvanIV,黄金,150,62,魔法飞弹
德玛西亚皇子,JarvanIV,白银,151,37,冰寒
德玛西亚皇子,JarvanIV,白银,152,38,由暴生急
德玛西亚皇子,JarvanIV,棱彩,153,53,炼狱导管
德玛西亚皇子,JarvanIV,棱彩,154,54,玻璃大炮
德玛西亚皇子,JarvanIV,白银,155,39,吵闹鬼
德玛西亚皇子,JarvanIV,白银,156,40,唯快不破
德玛西亚皇子,JarvanIV,白银,157,41,点亮他们！
德玛西亚皇子,JarvanIV,白银,158,42,闪光弹
德玛西亚皇子,JarvanIV,黄金,159,63,狙神飞星
德玛西亚皇子,JarvanIV,白银,160,43,闪闪现现
德玛西亚皇子,JarvanIV,黄金,161,64,坚韧
德玛西亚皇子,JarvanIV,黄金,162,65,吸血习性
德玛西亚皇子,JarvanIV,白银,163,44,强力护盾
德玛西亚皇子,JarvanIV,黄金,164,66,活力焕发
德玛西亚皇子,JarvanIV,黄金,165,67,会心治疗
德玛西亚皇子,JarvanIV,白银,166,45,坚若磐石
德玛西亚皇子,JarvanIV,黄金,167,68,升级：雪球
德玛西亚皇子,JarvanIV,棱彩,168,55,小丑学院
德玛西亚皇子,JarvanIV,棱彩,169,56,蛋白粉奶昔
德玛西亚皇子,JarvanIV,黄金,170,69,雪球扭蛋机
德玛西亚皇子,JarvanIV,棱彩,171,57,量子计算
德玛西亚皇子,JarvanIV,白银,172,46,急救用具
德玛西亚皇子,JarvanIV,黄金,173,70,最终都市列车
德玛西亚皇子,JarvanIV,棱彩,174,58,风语者的祝福
德玛西亚皇子,JarvanIV,棱彩,175,59,超负荷
德玛西亚皇子,JarvanIV,棱彩,176,60,卡皮巴拉空投
德玛西亚皇子,JarvanIV,黄金,177,71,魄罗爆破手
德玛西亚皇子,JarvanIV,黄金,178,72,神射法师
德玛西亚皇子,JarvanIV,棱彩,179,61,？？？
德玛西亚皇子,JarvanIV,棱彩,180,62,死亡之环
德玛西亚皇子,JarvanIV,白银,181,47,叠角龙
德玛西亚皇子,JarvanIV,棱彩,182,63,激光治疗
德玛西亚皇子,JarvanIV,棱彩,183,64,王中王，靴中靴
德玛西亚皇子,JarvanIV,棱彩,184,65,魄罗之王的弹跳
德玛西亚皇子,JarvanIV,棱彩,185,66,你肩上的恶魔
德玛西亚皇子,JarvanIV,黄金,186,73,快步
武器大师,Jax,黄金,1,1,升级：耀光
武器大师,Jax,棱彩,2,1,秘术冲拳
武器大师,Jax,白银,3,1,渴血
武器大师,Jax,黄金,4,2,无尽大杀四方
武器大师,Jax,黄金,5,3,邦！
武器大师,Jax,白银,6,2,大力
武器大师,Jax,黄金,7,4,罪恶快感
武器大师,Jax,棱彩,8,2,最终形态
武器大师,Jax,黄金,9,5,狂徒豪气
武器大师,Jax,黄金,10,6,升级：焚天
武器大师,Jax,黄金,11,7,质变：棱彩阶
武器大师,Jax,棱彩,12,3,终极唤醒
武器大师,Jax,棱彩,13,4,飞升仪式
武器大师,Jax,棱彩,14,5,全凭身法
武器大师,Jax,棱彩,15,6,利刃华尔兹
武器大师,Jax,白银,16,3,终极不可阻挡
武器大师,Jax,棱彩,17,7,物法皆修
武器大师,Jax,黄金,18,8,小小的额外帮助
武器大师,Jax,白银,19,4,魔法转物理
武器大师,Jax,棱彩,20,8,双刀流
武器大师,Jax,黄金,21,9,循环往复
武器大师,Jax,白银,22,5,台风
武器大师,Jax,黄金,23,10,升级：贪欲九头蛇
武器大师,Jax,黄金,24,11,面包和奶酪
武器大师,Jax,黄金,25,12,快步
武器大师,Jax,白银,26,6,逃跑计划
武器大师,Jax,黄金,27,13,惊惧
武器大师,Jax,白银,28,7,灵巧
武器大师,Jax,黄金,29,14,虚幻武器
武器大师,Jax,白银,30,8,质变：黄金阶
武器大师,Jax,白银,31,9,狂热者
武器大师,Jax,棱彩,32,9,濒死悟道
武器大师,Jax,棱彩,33,10,飞身踢
武器大师,Jax,棱彩,34,11,吃过路兵
武器大师,Jax,黄金,35,15,更万用的瞄准镜
武器大师,Jax,白银,36,10,旋转至胜
武器大师,Jax,黄金,37,16,术士果汁盒
武器大师,Jax,棱彩,38,12,踢踏舞
武器大师,Jax,黄金,39,17,神射法师
武器大师,Jax,白银,40,11,暗影疾奔
武器大师,Jax,黄金,41,18,自然即是治愈
武器大师,Jax,黄金,42,19,心灵净化
武器大师,Jax,黄金,43,20,急速之追求
武器大师,Jax,白银,44,12,练腿日
武器大师,Jax,白银,45,13,升级：死亡之舞
武器大师,Jax,白银,46,14,重量级打击手
武器大师,Jax,黄金,47,21,面包和黄油
武器大师,Jax,黄金,48,22,面包和果酱
武器大师,Jax,白银,49,15,快中求稳
武器大师,Jax,黄金,50,23,坦克引擎
武器大师,Jax,棱彩,51,13,回归基本功
武器大师,Jax,黄金,52,24,钢化你心
武器大师,Jax,黄金,53,25,黎明使者的坚决
武器大师,Jax,黄金,54,26,闪现向前
武器大师,Jax,黄金,55,27,捐赠
武器大师,Jax,黄金,56,28,属性叠属性！
武器大师,Jax,白银,57,16,大师铸就
武器大师,Jax,黄金,58,29,吞噬灵魂
武器大师,Jax,白银,59,17,万用瞄准镜
武器大师,Jax,黄金,60,30,缩小引擎
武器大师,Jax,棱彩,61,14,歌利亚巨人
武器大师,Jax,棱彩,62,15,质变：混沌
武器大师,Jax,棱彩,63,16,战争交响乐
武器大师,Jax,棱彩,64,17,掷骰狂人
武器大师,Jax,棱彩,65,18,史上最大雪球
武器大师,Jax,黄金,66,31,火上浇油
武器大师,Jax,棱彩,67,19,终极九头蛇
武器大师,Jax,白银,68,18,俯冲轰炸
武器大师,Jax,黄金,69,32,星界躯体
武器大师,Jax,棱彩,70,20,和我一起困在这里
武器大师,Jax,黄金,71,33,生机迸发
武器大师,Jax,白银,72,19,升级：中娅
武器大师,Jax,棱彩,73,21,扳机炼狱
武器大师,Jax,黄金,74,34,牙仙子
武器大师,Jax,棱彩,75,22,海牛阿福的勇士
武器大师,Jax,棱彩,76,23,超负荷
武器大师,Jax,白银,77,20,前进时间到
武器大师,Jax,棱彩,78,24,你摸不到
武器大师,Jax,棱彩,79,25,珠光护手
武器大师,Jax,黄金,80,35,升级：无尽之刃
武器大师,Jax,白银,81,21,扇巴掌
武器大师,Jax,黄金,82,36,杀戮时间到了
武器大师,Jax,黄金,83,37,灵魂虹吸
武器大师,Jax,黄金,84,38,威能之追求
武器大师,Jax,黄金,85,39,尖端发明家
武器大师,Jax,黄金,86,40,穿针引线
武器大师,Jax,黄金,87,41,不动如山
武器大师,Jax,黄金,88,42,缩小射线
武器大师,Jax,白银,89,22,物理转魔法
武器大师,Jax,棱彩,90,26,巨像的勇气
武器大师,Jax,黄金,91,43,神圣干预
武器大师,Jax,棱彩,92,27,最万用的瞄准镜
武器大师,Jax,黄金,93,44,夜狩
武器大师,Jax,黄金,94,45,弹球
武器大师,Jax,棱彩,95,28,泰坦的坚决
武器大师,Jax,黄金,96,46,超凡邪恶
武器大师,Jax,棱彩,97,29,潘朵拉的盒子
武器大师,Jax,黄金,98,47,冰雪爆裂
武器大师,Jax,白银,99,23,海洋龙魂
武器大师,Jax,棱彩,100,30,无限循环往复
武器大师,Jax,棱彩,101,31,大法师
武器大师,Jax,白银,102,24,下雪天
武器大师,Jax,黄金,103,48,关键暴击
武器大师,Jax,棱彩,104,32,科学狂人
武器大师,Jax,白银,105,25,巫师式思考
武器大师,Jax,白银,106,26,炼狱龙魂
武器大师,Jax,白银,107,27,升级：收集者
武器大师,Jax,棱彩,108,33,残忍
武器大师,Jax,白银,109,28,杀意翻涌
武器大师,Jax,棱彩,110,34,连拨击锤
武器大师,Jax,白银,111,29,侵蚀
武器大师,Jax,黄金,112,49,高压锅
武器大师,Jax,棱彩,113,35,双发快射
武器大师,Jax,棱彩,114,36,巨人杀手
武器大师,Jax,黄金,115,50,易损
武器大师,Jax,棱彩,116,37,终极刷新
武器大师,Jax,棱彩,117,38,针插垫
武器大师,Jax,棱彩,118,39,神圣雪球
武器大师,Jax,白银,119,30,双生火焰
武器大师,Jax,黄金,120,51,豪猪
武器大师,Jax,黄金,121,52,暴击律动
武器大师,Jax,黄金,122,53,鲨鱼暴风
武器大师,Jax,棱彩,123,40,位面转移
武器大师,Jax,棱彩,124,41,精怪魔法
武器大师,Jax,棱彩,125,42,尤里卡
武器大师,Jax,白银,126,31,火狐
武器大师,Jax,黄金,127,54,急急小子
武器大师,Jax,黄金,128,55,有始有终
武器大师,Jax,白银,129,32,属性！
武器大师,Jax,黄金,130,56,鲨鱼诱饵
武器大师,Jax,棱彩,131,43,全能龙魂
武器大师,Jax,黄金,132,57,过量延伸者
武器大师,Jax,黄金,133,58,哎哟，我的硬币！
武器大师,Jax,棱彩,134,44,不祥契约
武器大师,Jax,白银,135,33,点亮他们！
武器大师,Jax,白银,136,34,会心防御
武器大师,Jax,棱彩,137,45,空投熊
武器大师,Jax,棱彩,138,46,属性叠属性叠属性！
武器大师,Jax,白银,139,35,海克斯科技龙魂
武器大师,Jax,白银,140,36,家园卫士
武器大师,Jax,棱彩,141,47,尊我为王
武器大师,Jax,白银,142,37,防护面纱
武器大师,Jax,棱彩,143,48,沃格勒特的巫师帽
武器大师,Jax,白银,144,38,纯粹主义者 - 术师
武器大师,Jax,白银,145,39,转得我眩晕了
武器大师,Jax,白银,146,40,注魔
武器大师,Jax,棱彩,147,49,舞会女王
武器大师,Jax,棱彩,148,50,大地苏醒
武器大师,Jax,白银,149,41,山脉龙魂
武器大师,Jax,黄金,150,59,炽烈黎明
武器大师,Jax,黄金,151,60,我们的治疗
武器大师,Jax,黄金,152,61,咏叹奏鸣
武器大师,Jax,棱彩,153,51,夺金
武器大师,Jax,黄金,154,62,超强大脑
武器大师,Jax,棱彩,155,52,软弹啪叽抓
武器大师,Jax,黄金,156,63,轻拍背部
武器大师,Jax,白银,157,42,由心及物
武器大师,Jax,黄金,158,64,藏身草丛
武器大师,Jax,黄金,159,65,回力OK镖
武器大师,Jax,棱彩,160,53,大招工具人
武器大师,Jax,白银,161,43,升级：献祭
武器大师,Jax,黄金,162,66,溢流
武器大师,Jax,白银,163,44,由暴生急
武器大师,Jax,黄金,164,67,魔法飞弹
武器大师,Jax,棱彩,165,54,电涌力场
武器大师,Jax,棱彩,166,55,艾卡西亚的陷落
武器大师,Jax,棱彩,167,56,男爵之手
武器大师,Jax,白银,168,45,唯快不破
武器大师,Jax,白银,169,46,吵闹鬼
武器大师,Jax,棱彩,170,57,魄罗蛮冲
武器大师,Jax,白银,171,47,冰寒
武器大师,Jax,棱彩,172,58,炼狱导管
武器大师,Jax,黄金,173,68,吸血习性
武器大师,Jax,白银,174,48,闪光弹
武器大师,Jax,棱彩,175,59,玻璃大炮
武器大师,Jax,黄金,176,69,活力焕发
武器大师,Jax,白银,177,49,闪闪现现
武器大师,Jax,棱彩,178,60,小丑学院
武器大师,Jax,黄金,179,70,升级：雪球
武器大师,Jax,黄金,180,71,会心治疗
武器大师,Jax,黄金,181,72,坚韧
武器大师,Jax,黄金,182,73,雪球扭蛋机
武器大师,Jax,白银,183,50,坚若磐石
武器大师,Jax,黄金,184,74,最终都市列车
武器大师,Jax,棱彩,185,61,量子计算
武器大师,Jax,黄金,186,75,虚空冲刺
武器大师,Jax,黄金,187,76,祖母的辣椒油
武器大师,Jax,黄金,188,77,魄罗爆破手
武器大师,Jax,白银,189,51,虹吸
武器大师,Jax,白银,190,52,可靠武器
武器大师,Jax,白银,191,53,急救用具
武器大师,Jax,白银,192,54,叠角龙
武器大师,Jax,棱彩,193,62,升级：花晓之剑
武器大师,Jax,棱彩,194,63,卡皮巴拉空投
武器大师,Jax,棱彩,195,64,？？？
武器大师,Jax,棱彩,196,65,魄罗之王的弹跳
武器大师,Jax,棱彩,197,66,回响施放
未来守护者,Jayce,黄金,1,1,老练狙神
未来守护者,Jayce,白银,2,1,大力
未来守护者,Jayce,棱彩,3,1,大法师
未来守护者,Jayce,黄金,4,2,魔法飞弹
未来守护者,Jayce,白银,5,2,纯粹主义者 - 术师
未来守护者,Jayce,棱彩,6,2,最终形态
未来守护者,Jayce,白银,7,3,升级：收集者
未来守护者,Jayce,棱彩,8,3,巨人杀手
未来守护者,Jayce,棱彩,9,4,无限循环往复
未来守护者,Jayce,黄金,10,3,暴击飞弹
未来守护者,Jayce,黄金,11,4,升级：无尽之刃
未来守护者,Jayce,棱彩,12,5,珠光护手
未来守护者,Jayce,黄金,13,5,狙神飞星
未来守护者,Jayce,黄金,14,6,有始有终
未来守护者,Jayce,黄金,15,7,虚幻武器
未来守护者,Jayce,白银,16,4,渴血
未来守护者,Jayce,白银,17,5,魔法转物理
未来守护者,Jayce,黄金,18,8,循环往复
未来守护者,Jayce,黄金,19,9,质变：棱彩阶
未来守护者,Jayce,黄金,20,10,急急小子
未来守护者,Jayce,黄金,21,11,关键暴击
未来守护者,Jayce,黄金,22,12,灵魂虹吸
未来守护者,Jayce,黄金,23,13,穿针引线
未来守护者,Jayce,黄金,24,14,缩小引擎
未来守护者,Jayce,黄金,25,15,面包和黄油
未来守护者,Jayce,黄金,26,16,牙仙子
未来守护者,Jayce,黄金,27,17,回力OK镖
未来守护者,Jayce,棱彩,28,6,掷骰狂人
未来守护者,Jayce,棱彩,29,7,科学狂人
未来守护者,Jayce,棱彩,30,8,秘术冲拳
未来守护者,Jayce,棱彩,31,9,玻璃大炮
未来守护者,Jayce,黄金,32,18,心灵净化
未来守护者,Jayce,黄金,33,19,急速之追求
未来守护者,Jayce,棱彩,34,10,飞升仪式
未来守护者,Jayce,黄金,35,20,夜狩
未来守护者,Jayce,黄金,36,21,罪恶快感
未来守护者,Jayce,棱彩,37,11,双发快射
未来守护者,Jayce,白银,38,6,质变：黄金阶
未来守护者,Jayce,棱彩,39,12,连拨击锤
未来守护者,Jayce,白银,40,7,注魔
未来守护者,Jayce,黄金,41,22,面包和奶酪
未来守护者,Jayce,白银,42,8,由暴生急
未来守护者,Jayce,棱彩,43,13,质变：混沌
未来守护者,Jayce,棱彩,44,14,吃过路兵
未来守护者,Jayce,棱彩,45,15,利刃华尔兹
未来守护者,Jayce,白银,46,9,海克斯科技龙魂
未来守护者,Jayce,黄金,47,23,连锁反应
未来守护者,Jayce,白银,48,10,会心防御
未来守护者,Jayce,黄金,49,24,捐赠
未来守护者,Jayce,黄金,50,25,无尽大杀四方
未来守护者,Jayce,白银,51,11,灵巧
未来守护者,Jayce,白银,52,12,炼狱龙魂
未来守护者,Jayce,白银,53,13,逃跑计划
未来守护者,Jayce,棱彩,54,16,你摸不到
未来守护者,Jayce,黄金,55,26,自然即是治愈
未来守护者,Jayce,黄金,56,27,属性叠属性！
未来守护者,Jayce,白银,57,14,家园卫士
未来守护者,Jayce,棱彩,58,17,史上最大雪球
未来守护者,Jayce,白银,59,15,双生火焰
未来守护者,Jayce,棱彩,60,18,潘朵拉的盒子
未来守护者,Jayce,黄金,61,28,升级：贪欲九头蛇
未来守护者,Jayce,棱彩,62,19,双刀流
未来守护者,Jayce,黄金,63,29,溢流
未来守护者,Jayce,棱彩,64,20,濒死悟道
未来守护者,Jayce,白银,65,16,大师铸就
未来守护者,Jayce,白银,66,17,练腿日
未来守护者,Jayce,棱彩,67,21,全能龙魂
未来守护者,Jayce,棱彩,68,22,海牛阿福的勇士
未来守护者,Jayce,棱彩,69,23,歌利亚巨人
未来守护者,Jayce,白银,70,18,海洋龙魂
未来守护者,Jayce,黄金,71,30,暴击律动
未来守护者,Jayce,黄金,72,31,威能之追求
未来守护者,Jayce,黄金,73,32,贪欲束缚
未来守护者,Jayce,棱彩,74,24,踢踏舞
未来守护者,Jayce,棱彩,75,25,飞身踢
未来守护者,Jayce,白银,76,19,台风
未来守护者,Jayce,黄金,77,33,易损
未来守护者,Jayce,棱彩,78,26,终极九头蛇
未来守护者,Jayce,棱彩,79,27,夺金
未来守护者,Jayce,白银,80,20,防护面纱
未来守护者,Jayce,黄金,81,34,闪现向前
未来守护者,Jayce,黄金,82,35,升级：焚天
未来守护者,Jayce,棱彩,83,28,属性叠属性叠属性！
未来守护者,Jayce,黄金,84,36,哎哟，我的硬币！
未来守护者,Jayce,白银,85,21,保持坚定
未来守护者,Jayce,棱彩,86,29,全凭身法
未来守护者,Jayce,黄金,87,37,弹球
未来守护者,Jayce,白银,88,22,点亮他们！
未来守护者,Jayce,棱彩,89,30,扳机炼狱
未来守护者,Jayce,黄金,90,38,面包和果酱
未来守护者,Jayce,白银,91,23,由心及物
未来守护者,Jayce,白银,92,24,升级：死亡之舞
未来守护者,Jayce,黄金,93,39,狂徒豪气
未来守护者,Jayce,棱彩,94,31,尊我为王
未来守护者,Jayce,棱彩,95,32,神圣雪球
未来守护者,Jayce,白银,96,25,属性！
未来守护者,Jayce,黄金,97,40,冰雪爆裂
未来守护者,Jayce,黄金,98,41,缩小射线
未来守护者,Jayce,黄金,99,42,藏身草丛
未来守护者,Jayce,黄金,100,43,鲨鱼暴风
未来守护者,Jayce,黄金,101,44,神圣干预
未来守护者,Jayce,棱彩,102,33,战争交响乐
未来守护者,Jayce,棱彩,103,34,位面转移
未来守护者,Jayce,白银,104,26,下雪天
未来守护者,Jayce,黄金,105,45,尖端发明家
未来守护者,Jayce,白银,106,27,杀意翻涌
未来守护者,Jayce,黄金,107,46,术士果汁盒
未来守护者,Jayce,白银,108,28,终极不可阻挡
未来守护者,Jayce,白银,109,29,俯冲轰炸
未来守护者,Jayce,棱彩,110,35,男爵之手
未来守护者,Jayce,黄金,111,47,生机迸发
未来守护者,Jayce,白银,112,30,侵蚀
未来守护者,Jayce,黄金,113,48,鲨鱼诱饵
未来守护者,Jayce,黄金,114,49,升级：耀光
未来守护者,Jayce,黄金,115,50,炽烈黎明
未来守护者,Jayce,白银,116,31,暗影疾奔
未来守护者,Jayce,黄金,117,51,坦克引擎
未来守护者,Jayce,白银,118,32,唯快不破
未来守护者,Jayce,白银,119,33,山脉龙魂
未来守护者,Jayce,棱彩,120,36,魄罗蛮冲
未来守护者,Jayce,黄金,121,52,黎明使者的坚决
未来守护者,Jayce,白银,122,34,快中求稳
未来守护者,Jayce,黄金,123,53,过量延伸者
未来守护者,Jayce,棱彩,124,37,炼狱导管
未来守护者,Jayce,黄金,125,54,轻拍背部
未来守护者,Jayce,黄金,126,55,火上浇油
未来守护者,Jayce,黄金,127,56,不动如山
未来守护者,Jayce,白银,128,35,转得我眩晕了
未来守护者,Jayce,黄金,129,57,咏叹奏鸣
未来守护者,Jayce,棱彩,130,38,空投熊
未来守护者,Jayce,白银,131,36,火狐
未来守护者,Jayce,棱彩,132,39,巨像的勇气
未来守护者,Jayce,白银,133,37,扇巴掌
未来守护者,Jayce,白银,134,38,重量级打击手
未来守护者,Jayce,白银,135,39,吵闹鬼
未来守护者,Jayce,棱彩,136,40,泰坦的坚决
未来守护者,Jayce,棱彩,137,41,和我一起困在这里
未来守护者,Jayce,黄金,138,58,钢化你心
未来守护者,Jayce,黄金,139,59,我们的治疗
未来守护者,Jayce,黄金,140,60,吞噬灵魂
未来守护者,Jayce,黄金,141,61,星界躯体
未来守护者,Jayce,棱彩,142,42,软弹啪叽抓
未来守护者,Jayce,黄金,143,62,豪猪
未来守护者,Jayce,棱彩,144,43,舞会女王
未来守护者,Jayce,黄金,145,63,更万用的瞄准镜
未来守护者,Jayce,棱彩,146,44,最万用的瞄准镜
未来守护者,Jayce,白银,147,40,冰寒
未来守护者,Jayce,棱彩,148,45,大地苏醒
未来守护者,Jayce,黄金,149,64,吸血习性
未来守护者,Jayce,黄金,150,65,高压锅
未来守护者,Jayce,白银,151,41,万用瞄准镜
未来守护者,Jayce,棱彩,152,46,大招工具人
未来守护者,Jayce,棱彩,153,47,艾卡西亚的陷落
未来守护者,Jayce,黄金,154,66,活力焕发
未来守护者,Jayce,白银,155,42,闪闪现现
未来守护者,Jayce,白银,156,43,闪光弹
未来守护者,Jayce,白银,157,44,升级：献祭
未来守护者,Jayce,黄金,158,67,魄罗爆破手
未来守护者,Jayce,棱彩,159,48,小丑学院
未来守护者,Jayce,黄金,160,68,升级：雪球
未来守护者,Jayce,黄金,161,69,雪球扭蛋机
未来守护者,Jayce,黄金,162,70,虚空冲刺
未来守护者,Jayce,棱彩,163,49,量子计算
未来守护者,Jayce,黄金,164,71,最终都市列车
未来守护者,Jayce,黄金,165,72,坚韧
未来守护者,Jayce,黄金,166,73,会心治疗
未来守护者,Jayce,棱彩,167,50,超负荷
未来守护者,Jayce,棱彩,168,51,你肩上的恶魔
未来守护者,Jayce,黄金,169,74,快步
未来守护者,Jayce,黄金,170,75,杀戮时间到了
未来守护者,Jayce,棱彩,171,52,蛋白粉奶昔
未来守护者,Jayce,棱彩,172,53,王中王，靴中靴
未来守护者,Jayce,棱彩,173,54,卡皮巴拉空投
未来守护者,Jayce,棱彩,174,55,回响施放
未来守护者,Jayce,棱彩,175,56,物法皆修
未来守护者,Jayce,白银,176,45,巫师式思考
未来守护者,Jayce,黄金,177,76,神射法师
未来守护者,Jayce,棱彩,178,57,沃格勒特的巫师帽
未来守护者,Jayce,白银,179,46,坚若磐石
未来守护者,Jayce,棱彩,180,58,终极唤醒
未来守护者,Jayce,棱彩,181,59,升级：花晓之剑
未来守护者,Jayce,棱彩,182,60,魄罗之王的弹跳
戏命师,Jhin,黄金,1,1,升级：无尽之刃
戏命师,Jhin,黄金,2,2,暴击飞弹
戏命师,Jhin,黄金,3,3,更万用的瞄准镜
戏命师,Jhin,棱彩,4,1,最万用的瞄准镜
戏命师,Jhin,棱彩,5,2,巨人杀手
戏命师,Jhin,黄金,6,4,灵魂虹吸
戏命师,Jhin,白银,7,1,升级：收集者
戏命师,Jhin,棱彩,8,3,双发快射
戏命师,Jhin,棱彩,9,4,连拨击锤
戏命师,Jhin,白银,10,2,大力
戏命师,Jhin,黄金,11,5,暴击律动
戏命师,Jhin,白银,12,3,万用瞄准镜
戏命师,Jhin,黄金,13,6,关键暴击
戏命师,Jhin,白银,14,4,灵巧
戏命师,Jhin,黄金,15,7,质变：棱彩阶
戏命师,Jhin,白银,16,5,狂热者
戏命师,Jhin,白银,17,6,会心防御
戏命师,Jhin,棱彩,18,5,亮出你的剑
戏命师,Jhin,黄金,19,8,缩小引擎
戏命师,Jhin,白银,20,7,由暴生急
戏命师,Jhin,棱彩,21,6,三重射击
戏命师,Jhin,黄金,22,9,穿针引线
戏命师,Jhin,棱彩,23,7,终极刷新
戏命师,Jhin,白银,24,8,魔法转物理
戏命师,Jhin,白银,25,9,家园卫士
戏命师,Jhin,棱彩,26,8,珠光护手
戏命师,Jhin,黄金,27,10,易损
戏命师,Jhin,棱彩,28,9,踢踏舞
戏命师,Jhin,黄金,29,11,罪恶快感
戏命师,Jhin,白银,30,10,点亮他们！
戏命师,Jhin,棱彩,31,10,回归基本功
戏命师,Jhin,白银,32,11,练腿日
戏命师,Jhin,棱彩,33,11,掷骰狂人
戏命师,Jhin,黄金,34,12,有始有终
戏命师,Jhin,黄金,35,13,捐赠
戏命师,Jhin,白银,36,12,唯快不破
戏命师,Jhin,棱彩,37,12,科学狂人
戏命师,Jhin,白银,38,13,逃跑计划
戏命师,Jhin,棱彩,39,13,海牛阿福的勇士
戏命师,Jhin,棱彩,40,14,全能龙魂
戏命师,Jhin,白银,41,14,台风
戏命师,Jhin,黄金,42,14,老练狙神
戏命师,Jhin,棱彩,43,15,质变：混沌
戏命师,Jhin,白银,44,15,质变：黄金阶
戏命师,Jhin,黄金,45,15,威能之追求
戏命师,Jhin,黄金,46,16,牙仙子
戏命师,Jhin,棱彩,47,16,终极唤醒
戏命师,Jhin,黄金,48,17,属性叠属性！
戏命师,Jhin,白银,49,16,双生火焰
戏命师,Jhin,黄金,50,18,杀戮时间到了
戏命师,Jhin,棱彩,51,17,潘朵拉的盒子
戏命师,Jhin,黄金,52,19,急速之追求
戏命师,Jhin,黄金,53,20,缩小射线
戏命师,Jhin,黄金,54,21,闪现向前
戏命师,Jhin,黄金,55,22,循环往复
戏命师,Jhin,黄金,56,23,面包和黄油
戏命师,Jhin,白银,57,17,海克斯科技龙魂
戏命师,Jhin,黄金,58,24,夜狩
戏命师,Jhin,棱彩,59,18,飞身踢
戏命师,Jhin,棱彩,60,19,战争交响乐
戏命师,Jhin,棱彩,61,20,玻璃大炮
戏命师,Jhin,黄金,62,25,面包和果酱
戏命师,Jhin,白银,63,18,大师铸就
戏命师,Jhin,黄金,64,26,魔法飞弹
戏命师,Jhin,白银,65,19,炼狱龙魂
戏命师,Jhin,棱彩,66,21,大招工具人
戏命师,Jhin,棱彩,67,22,物法皆修
戏命师,Jhin,白银,68,20,杀意翻涌
戏命师,Jhin,棱彩,69,23,属性叠属性叠属性！
戏命师,Jhin,棱彩,70,24,吃过路兵
戏命师,Jhin,棱彩,71,25,精怪魔法
戏命师,Jhin,棱彩,72,26,夺金
戏命师,Jhin,黄金,73,27,急急小子
戏命师,Jhin,黄金,74,28,心灵净化
戏命师,Jhin,棱彩,75,27,无限循环往复
戏命师,Jhin,棱彩,76,28,尊我为王
戏命师,Jhin,白银,77,21,吵闹鬼
戏命师,Jhin,白银,78,22,渴血
戏命师,Jhin,白银,79,23,防护面纱
戏命师,Jhin,棱彩,80,29,终极九头蛇
戏命师,Jhin,棱彩,81,30,史上最大雪球
戏命师,Jhin,黄金,82,29,哎哟，我的硬币！
戏命师,Jhin,棱彩,83,31,大法师
戏命师,Jhin,白银,84,24,注魔
戏命师,Jhin,黄金,85,30,狙神飞星
戏命师,Jhin,黄金,86,31,升级：耀光
戏命师,Jhin,黄金,87,32,回力OK镖
戏命师,Jhin,棱彩,88,32,你摸不到
戏命师,Jhin,白银,89,25,属性！
戏命师,Jhin,黄金,90,33,轻拍背部
戏命师,Jhin,棱彩,91,33,残忍
戏命师,Jhin,棱彩,92,34,男爵之手
戏命师,Jhin,黄金,93,34,火上浇油
戏命师,Jhin,白银,94,26,火狐
戏命师,Jhin,黄金,95,35,生机迸发
戏命师,Jhin,棱彩,96,35,秘术冲拳
戏命师,Jhin,白银,97,27,海洋龙魂
戏命师,Jhin,棱彩,98,36,歌利亚巨人
戏命师,Jhin,黄金,99,36,面包和奶酪
戏命师,Jhin,黄金,100,37,术士果汁盒
戏命师,Jhin,白银,101,28,扇巴掌
戏命师,Jhin,棱彩,102,37,扳机炼狱
戏命师,Jhin,棱彩,103,38,利刃华尔兹
戏命师,Jhin,黄金,104,38,虚幻武器
戏命师,Jhin,黄金,105,39,神圣干预
戏命师,Jhin,黄金,106,40,升级：贪欲九头蛇
戏命师,Jhin,黄金,107,41,坦克引擎
戏命师,Jhin,黄金,108,42,尖端发明家
戏命师,Jhin,白银,109,29,转得我眩晕了
戏命师,Jhin,白银,110,30,终极不可阻挡
戏命师,Jhin,白银,111,31,纯粹主义者 - 术师
戏命师,Jhin,棱彩,112,39,魄罗蛮冲
戏命师,Jhin,黄金,113,43,藏身草丛
戏命师,Jhin,棱彩,114,40,空投熊
戏命师,Jhin,棱彩,115,41,电涌力场
戏命师,Jhin,棱彩,116,42,巨像的勇气
戏命师,Jhin,黄金,117,44,咏叹奏鸣
戏命师,Jhin,黄金,118,45,黎明使者的坚决
戏命师,Jhin,白银,119,32,侵蚀
戏命师,Jhin,白银,120,33,山脉龙魂
戏命师,Jhin,棱彩,121,43,神圣雪球
戏命师,Jhin,黄金,122,46,炽烈黎明
戏命师,Jhin,棱彩,123,44,不祥契约
戏命师,Jhin,棱彩,124,45,炼狱导管
戏命师,Jhin,黄金,125,47,自然即是治愈
戏命师,Jhin,黄金,126,48,鲨鱼暴风
戏命师,Jhin,棱彩,127,46,飞升仪式
戏命师,Jhin,黄金,128,49,弹球
戏命师,Jhin,棱彩,129,47,濒死悟道
戏命师,Jhin,棱彩,130,48,泰坦的坚决
戏命师,Jhin,棱彩,131,49,最终形态
戏命师,Jhin,白银,132,34,重量级打击手
戏命师,Jhin,黄金,133,50,吞噬灵魂
戏命师,Jhin,黄金,134,51,鲨鱼诱饵
戏命师,Jhin,白银,135,35,别停止引导
戏命师,Jhin,黄金,136,52,不动如山
戏命师,Jhin,棱彩,137,50,位面转移
戏命师,Jhin,黄金,138,53,冰雪爆裂
戏命师,Jhin,黄金,139,54,我们的治疗
戏命师,Jhin,黄金,140,55,溢流
戏命师,Jhin,黄金,141,56,过量延伸者
戏命师,Jhin,黄金,142,57,星界躯体
戏命师,Jhin,黄金,143,58,神射法师
戏命师,Jhin,棱彩,144,51,软弹啪叽抓
戏命师,Jhin,白银,145,36,俯冲轰炸
戏命师,Jhin,白银,146,37,下雪天
戏命师,Jhin,黄金,147,59,豪猪
戏命师,Jhin,白银,148,38,冰寒
戏命师,Jhin,黄金,149,60,超凡邪恶
戏命师,Jhin,黄金,150,61,钢化你心
戏命师,Jhin,黄金,151,62,吸血习性
戏命师,Jhin,棱彩,152,52,尤里卡
戏命师,Jhin,白银,153,39,物理转魔法
戏命师,Jhin,白银,154,40,由心及物
戏命师,Jhin,白银,155,41,巫师式思考
戏命师,Jhin,棱彩,156,53,沃格勒特的巫师帽
戏命师,Jhin,黄金,157,63,高压锅
戏命师,Jhin,黄金,158,64,超强大脑
戏命师,Jhin,白银,159,42,升级：中娅
戏命师,Jhin,黄金,160,65,升级：焚天
戏命师,Jhin,黄金,161,66,魄罗爆破手
戏命师,Jhin,黄金,162,67,会心治疗
戏命师,Jhin,黄金,163,68,无尽大杀四方
戏命师,Jhin,棱彩,164,54,小丑学院
戏命师,Jhin,棱彩,165,55,量子计算
戏命师,Jhin,黄金,166,69,活力焕发
戏命师,Jhin,白银,167,43,闪闪现现
戏命师,Jhin,棱彩,168,56,超负荷
戏命师,Jhin,黄金,169,70,坚韧
戏命师,Jhin,棱彩,170,57,舞会女王
戏命师,Jhin,黄金,171,71,最终都市列车
戏命师,Jhin,黄金,172,72,贪欲束缚
戏命师,Jhin,黄金,173,73,雪球扭蛋机
戏命师,Jhin,棱彩,174,58,和我一起困在这里
戏命师,Jhin,黄金,175,74,升级：雪球
戏命师,Jhin,黄金,176,75,祖母的辣椒油
戏命师,Jhin,棱彩,177,59,魄罗之王的弹跳
戏命师,Jhin,白银,178,44,闪光弹
戏命师,Jhin,棱彩,179,60,升级：花晓之剑
戏命师,Jhin,棱彩,180,61,？？？
戏命师,Jhin,白银,181,45,虹吸
戏命师,Jhin,白银,182,46,可靠武器
戏命师,Jhin,白银,183,47,坚若磐石
戏命师,Jhin,棱彩,184,62,卡皮巴拉空投
戏命师,Jhin,白银,185,48,自适应防护
戏命师,Jhin,白银,186,49,升级：献祭
戏命师,Jhin,棱彩,187,63,至高天诺言
戏命师,Jhin,棱彩,188,64,艾卡西亚的陷落
戏命师,Jhin,棱彩,189,65,信念者的强化
暴走萝莉,Jinx,黄金,1,1,暴击飞弹
暴走萝莉,Jinx,黄金,2,2,更万用的瞄准镜
暴走萝莉,Jinx,黄金,3,3,升级：无尽之刃
暴走萝莉,Jinx,棱彩,4,1,双刀流
暴走萝莉,Jinx,黄金,5,4,暴击律动
暴走萝莉,Jinx,白银,6,1,灵巧
暴走萝莉,Jinx,棱彩,7,2,最万用的瞄准镜
暴走萝莉,Jinx,棱彩,8,3,踢踏舞
暴走萝莉,Jinx,黄金,9,5,灵魂虹吸
暴走萝莉,Jinx,棱彩,10,4,双发快射
暴走萝莉,Jinx,白银,11,2,台风
暴走萝莉,Jinx,白银,12,3,万用瞄准镜
暴走萝莉,Jinx,棱彩,13,5,连拨击锤
暴走萝莉,Jinx,棱彩,14,6,巨人杀手
暴走萝莉,Jinx,白银,15,4,点亮他们！
暴走萝莉,Jinx,白银,16,5,升级：收集者
暴走萝莉,Jinx,白银,17,6,大力
暴走萝莉,Jinx,黄金,18,6,质变：棱彩阶
暴走萝莉,Jinx,棱彩,19,7,掷骰狂人
暴走萝莉,Jinx,黄金,20,7,关键暴击
暴走萝莉,Jinx,黄金,21,8,罪恶快感
暴走萝莉,Jinx,白银,22,7,会心防御
暴走萝莉,Jinx,黄金,23,9,易损
暴走萝莉,Jinx,黄金,24,10,火上浇油
暴走萝莉,Jinx,黄金,25,11,缩小引擎
暴走萝莉,Jinx,棱彩,26,8,战争交响乐
暴走萝莉,Jinx,白银,27,8,质变：黄金阶
暴走萝莉,Jinx,白银,28,9,家园卫士
暴走萝莉,Jinx,黄金,29,12,缩小射线
暴走萝莉,Jinx,黄金,30,13,穿针引线
暴走萝莉,Jinx,白银,31,10,魔法转物理
暴走萝莉,Jinx,棱彩,32,9,质变：混沌
暴走萝莉,Jinx,黄金,33,14,捐赠
暴走萝莉,Jinx,白银,34,11,逃跑计划
暴走萝莉,Jinx,白银,35,12,狂热者
暴走萝莉,Jinx,棱彩,36,10,亮出你的剑
暴走萝莉,Jinx,黄金,37,15,属性叠属性！
暴走萝莉,Jinx,白银,38,13,由暴生急
暴走萝莉,Jinx,黄金,39,16,老练狙神
暴走萝莉,Jinx,黄金,40,17,夜狩
暴走萝莉,Jinx,棱彩,41,11,珠光护手
暴走萝莉,Jinx,黄金,42,18,闪现向前
暴走萝莉,Jinx,白银,43,14,渴血
暴走萝莉,Jinx,黄金,44,19,魔法飞弹
暴走萝莉,Jinx,棱彩,45,12,回归基本功
暴走萝莉,Jinx,白银,46,15,大师铸就
暴走萝莉,Jinx,棱彩,47,13,终极刷新
暴走萝莉,Jinx,白银,48,16,双生火焰
暴走萝莉,Jinx,白银,49,17,海克斯科技龙魂
暴走萝莉,Jinx,白银,50,18,侵蚀
暴走萝莉,Jinx,棱彩,51,14,海牛阿福的勇士
暴走萝莉,Jinx,白银,52,19,练腿日
暴走萝莉,Jinx,棱彩,53,15,潘朵拉的盒子
暴走萝莉,Jinx,棱彩,54,16,飞身踢
暴走萝莉,Jinx,黄金,55,20,心灵净化
暴走萝莉,Jinx,白银,56,20,炼狱龙魂
暴走萝莉,Jinx,黄金,57,21,牙仙子
暴走萝莉,Jinx,棱彩,58,17,科学狂人
暴走萝莉,Jinx,黄金,59,22,杀戮时间到了
暴走萝莉,Jinx,棱彩,60,18,终极唤醒
暴走萝莉,Jinx,白银,61,21,唯快不破
暴走萝莉,Jinx,棱彩,62,19,全能龙魂
暴走萝莉,Jinx,棱彩,63,20,秘术冲拳
暴走萝莉,Jinx,黄金,64,23,有始有终
暴走萝莉,Jinx,白银,65,22,注魔
暴走萝莉,Jinx,黄金,66,24,循环往复
暴走萝莉,Jinx,黄金,67,25,坦克引擎
暴走萝莉,Jinx,白银,68,23,防护面纱
暴走萝莉,Jinx,黄金,69,26,面包和果酱
暴走萝莉,Jinx,黄金,70,27,哎哟，我的硬币！
暴走萝莉,Jinx,棱彩,71,21,属性叠属性叠属性！
暴走萝莉,Jinx,棱彩,72,22,玻璃大炮
暴走萝莉,Jinx,白银,73,24,海洋龙魂
暴走萝莉,Jinx,黄金,74,28,术士果汁盒
暴走萝莉,Jinx,棱彩,75,23,夺金
暴走萝莉,Jinx,棱彩,76,24,终极九头蛇
暴走萝莉,Jinx,黄金,77,29,生机迸发
暴走萝莉,Jinx,棱彩,78,25,尊我为王
暴走萝莉,Jinx,黄金,79,30,回力OK镖
暴走萝莉,Jinx,黄金,80,31,急急小子
暴走萝莉,Jinx,黄金,81,32,狙神飞星
暴走萝莉,Jinx,白银,82,25,属性！
暴走萝莉,Jinx,黄金,83,33,面包和奶酪
暴走萝莉,Jinx,黄金,84,34,轻拍背部
暴走萝莉,Jinx,棱彩,85,26,你摸不到
暴走萝莉,Jinx,黄金,86,35,神圣干预
暴走萝莉,Jinx,黄金,87,36,虚幻武器
暴走萝莉,Jinx,棱彩,88,27,濒死悟道
暴走萝莉,Jinx,黄金,89,37,黎明使者的坚决
暴走萝莉,Jinx,白银,90,26,杀意翻涌
暴走萝莉,Jinx,白银,91,27,吵闹鬼
暴走萝莉,Jinx,棱彩,92,28,精怪魔法
暴走萝莉,Jinx,棱彩,93,29,大招工具人
暴走萝莉,Jinx,棱彩,94,30,无限循环往复
暴走萝莉,Jinx,棱彩,95,31,扳机炼狱
暴走萝莉,Jinx,棱彩,96,32,史上最大雪球
暴走萝莉,Jinx,黄金,97,38,升级：贪欲九头蛇
暴走萝莉,Jinx,棱彩,98,33,大法师
暴走萝莉,Jinx,棱彩,99,34,最终形态
暴走萝莉,Jinx,棱彩,100,35,吃过路兵
暴走萝莉,Jinx,黄金,101,39,咏叹奏鸣
暴走萝莉,Jinx,黄金,102,40,尖端发明家
暴走萝莉,Jinx,棱彩,103,36,男爵之手
暴走萝莉,Jinx,黄金,104,41,炽烈黎明
暴走萝莉,Jinx,黄金,105,42,藏身草丛
暴走萝莉,Jinx,白银,106,28,重量级打击手
暴走萝莉,Jinx,棱彩,107,37,歌利亚巨人
暴走萝莉,Jinx,黄金,108,43,自然即是治愈
暴走萝莉,Jinx,白银,109,29,山脉龙魂
暴走萝莉,Jinx,棱彩,110,38,利刃华尔兹
暴走萝莉,Jinx,白银,111,30,转得我眩晕了
暴走萝莉,Jinx,白银,112,31,终极不可阻挡
暴走萝莉,Jinx,棱彩,113,39,飞升仪式
暴走萝莉,Jinx,黄金,114,44,升级：耀光
暴走萝莉,Jinx,黄金,115,45,鲨鱼暴风
暴走萝莉,Jinx,棱彩,116,40,泰坦的坚决
暴走萝莉,Jinx,白银,117,32,纯粹主义者 - 术师
暴走萝莉,Jinx,白银,118,33,火狐
暴走萝莉,Jinx,黄金,119,46,星界躯体
暴走萝莉,Jinx,黄金,120,47,鲨鱼诱饵
暴走萝莉,Jinx,黄金,121,48,不动如山
暴走萝莉,Jinx,黄金,122,49,我们的治疗
暴走萝莉,Jinx,棱彩,123,41,电涌力场
暴走萝莉,Jinx,棱彩,124,42,魄罗蛮冲
暴走萝莉,Jinx,棱彩,125,43,炼狱导管
暴走萝莉,Jinx,黄金,126,50,过量延伸者
暴走萝莉,Jinx,白银,127,34,扇巴掌
暴走萝莉,Jinx,棱彩,128,44,神圣雪球
暴走萝莉,Jinx,棱彩,129,45,巨像的勇气
暴走萝莉,Jinx,黄金,130,51,冰雪爆裂
暴走萝莉,Jinx,黄金,131,52,弹球
暴走萝莉,Jinx,黄金,132,53,豪猪
暴走萝莉,Jinx,黄金,133,54,吸血习性
暴走萝莉,Jinx,黄金,134,55,吞噬灵魂
暴走萝莉,Jinx,黄金,135,56,溢流
暴走萝莉,Jinx,棱彩,136,46,位面转移
暴走萝莉,Jinx,棱彩,137,47,软弹啪叽抓
暴走萝莉,Jinx,白银,138,35,俯冲轰炸
暴走萝莉,Jinx,黄金,139,57,超凡邪恶
暴走萝莉,Jinx,白银,140,36,冰寒
暴走萝莉,Jinx,黄金,141,58,钢化你心
暴走萝莉,Jinx,白银,142,37,下雪天
暴走萝莉,Jinx,白银,143,38,由心及物
暴走萝莉,Jinx,黄金,144,59,高压锅
暴走萝莉,Jinx,黄金,145,60,会心治疗
暴走萝莉,Jinx,白银,146,39,闪闪现现
暴走萝莉,Jinx,黄金,147,61,急速之追求
暴走萝莉,Jinx,黄金,148,62,升级：焚天
暴走萝莉,Jinx,黄金,149,63,活力焕发
暴走萝莉,Jinx,黄金,150,64,威能之追求
暴走萝莉,Jinx,黄金,151,65,无尽大杀四方
暴走萝莉,Jinx,黄金,152,66,坚韧
暴走萝莉,Jinx,棱彩,153,48,和我一起困在这里
暴走萝莉,Jinx,棱彩,154,49,量子计算
暴走萝莉,Jinx,黄金,155,67,升级：雪球
暴走萝莉,Jinx,黄金,156,68,贪欲束缚
暴走萝莉,Jinx,棱彩,157,50,超负荷
暴走萝莉,Jinx,黄金,158,69,神射法师
暴走萝莉,Jinx,棱彩,159,51,升级：花晓之剑
暴走萝莉,Jinx,黄金,160,70,最终都市列车
暴走萝莉,Jinx,黄金,161,71,魄罗爆破手
暴走萝莉,Jinx,棱彩,162,52,你肩上的恶魔
暴走萝莉,Jinx,白银,163,40,虹吸
暴走萝莉,Jinx,白银,164,41,闪光弹
暴走萝莉,Jinx,棱彩,165,53,小丑学院
暴走萝莉,Jinx,棱彩,166,54,卡皮巴拉空投
暴走萝莉,Jinx,棱彩,167,55,舞会女王
暴走萝莉,Jinx,棱彩,168,56,魄罗之王的弹跳
暴走萝莉,Jinx,黄金,169,72,喂呜喂呜
暴走萝莉,Jinx,白银,170,42,强力护盾
暴走萝莉,Jinx,白银,171,43,升级：献祭
暴走萝莉,Jinx,棱彩,172,57,蛋白粉奶昔
暴走萝莉,Jinx,白银,173,44,坚若磐石
暴走萝莉,Jinx,黄金,174,73,雪球扭蛋机
暴走萝莉,Jinx,白银,175,45,可靠武器
虚空之女,Kaisa,棱彩,1,1,珠光护手
虚空之女,Kaisa,黄金,2,1,暴击飞弹
虚空之女,Kaisa,白银,3,1,狂热者
虚空之女,Kaisa,黄金,4,2,神射法师
虚空之女,Kaisa,黄金,5,3,虚幻武器
虚空之女,Kaisa,棱彩,6,2,双刀流
虚空之女,Kaisa,白银,7,2,双生火焰
虚空之女,Kaisa,黄金,8,4,老练狙神
虚空之女,Kaisa,棱彩,9,3,双发快射
虚空之女,Kaisa,黄金,10,5,更万用的瞄准镜
虚空之女,Kaisa,棱彩,11,4,巨人杀手
虚空之女,Kaisa,黄金,12,6,魔法飞弹
虚空之女,Kaisa,白银,13,3,灵巧
虚空之女,Kaisa,黄金,14,7,穿针引线
虚空之女,Kaisa,棱彩,15,5,尤里卡
虚空之女,Kaisa,黄金,16,8,暴击律动
虚空之女,Kaisa,棱彩,17,6,连拨击锤
虚空之女,Kaisa,白银,18,4,台风
虚空之女,Kaisa,棱彩,19,7,最万用的瞄准镜
虚空之女,Kaisa,黄金,20,9,超凡邪恶
虚空之女,Kaisa,白银,21,5,巫师式思考
虚空之女,Kaisa,黄金,22,10,关键暴击
虚空之女,Kaisa,黄金,23,11,升级：无尽之刃
虚空之女,Kaisa,棱彩,24,8,踢踏舞
虚空之女,Kaisa,白银,25,6,渴血
虚空之女,Kaisa,黄金,26,12,质变：棱彩阶
虚空之女,Kaisa,白银,27,7,点亮他们！
虚空之女,Kaisa,黄金,28,13,牙仙子
虚空之女,Kaisa,黄金,29,14,罪恶快感
虚空之女,Kaisa,黄金,30,15,急速之追求
虚空之女,Kaisa,棱彩,31,9,物法皆修
虚空之女,Kaisa,棱彩,32,10,无限循环往复
虚空之女,Kaisa,白银,33,8,纯粹主义者 - 术师
虚空之女,Kaisa,棱彩,34,11,沃格勒特的巫师帽
虚空之女,Kaisa,棱彩,35,12,回归基本功
虚空之女,Kaisa,黄金,36,16,升级：耀光
虚空之女,Kaisa,黄金,37,17,面包和果酱
虚空之女,Kaisa,黄金,38,18,术士果汁盒
虚空之女,Kaisa,棱彩,39,13,掷骰狂人
虚空之女,Kaisa,棱彩,40,14,大法师
虚空之女,Kaisa,黄金,41,19,狙神飞星
虚空之女,Kaisa,白银,42,9,万用瞄准镜
虚空之女,Kaisa,黄金,43,20,小小的额外帮助
虚空之女,Kaisa,黄金,44,21,威能之追求
虚空之女,Kaisa,棱彩,45,15,战争交响乐
虚空之女,Kaisa,黄金,46,22,循环往复
虚空之女,Kaisa,黄金,47,23,缩小引擎
虚空之女,Kaisa,黄金,48,24,易损
虚空之女,Kaisa,白银,49,10,质变：黄金阶
虚空之女,Kaisa,白银,50,11,大力
虚空之女,Kaisa,白银,51,12,升级：收集者
虚空之女,Kaisa,棱彩,52,16,玻璃大炮
虚空之女,Kaisa,黄金,53,25,急急小子
虚空之女,Kaisa,黄金,54,26,灵魂虹吸
虚空之女,Kaisa,黄金,55,27,夜狩
虚空之女,Kaisa,白银,56,13,注魔
虚空之女,Kaisa,白银,57,14,会心防御
虚空之女,Kaisa,白银,58,15,物理转魔法
虚空之女,Kaisa,棱彩,59,17,亮出你的剑
虚空之女,Kaisa,白银,60,16,海克斯科技龙魂
虚空之女,Kaisa,棱彩,61,18,质变：混沌
虚空之女,Kaisa,棱彩,62,19,秘术冲拳
虚空之女,Kaisa,白银,63,17,由暴生急
虚空之女,Kaisa,白银,64,18,逃跑计划
虚空之女,Kaisa,黄金,65,28,火上浇油
虚空之女,Kaisa,黄金,66,29,藏身草丛
虚空之女,Kaisa,白银,67,19,魔法转物理
虚空之女,Kaisa,白银,68,20,家园卫士
虚空之女,Kaisa,黄金,69,30,捐赠
虚空之女,Kaisa,黄金,70,31,有始有终
虚空之女,Kaisa,黄金,71,32,回力OK镖
虚空之女,Kaisa,棱彩,72,20,吃过路兵
虚空之女,Kaisa,白银,73,21,大师铸就
虚空之女,Kaisa,黄金,74,33,属性叠属性！
虚空之女,Kaisa,白银,75,22,炼狱龙魂
虚空之女,Kaisa,白银,76,23,练腿日
虚空之女,Kaisa,棱彩,77,21,超负荷
虚空之女,Kaisa,黄金,78,34,面包和黄油
虚空之女,Kaisa,黄金,79,35,缩小射线
虚空之女,Kaisa,棱彩,80,22,海牛阿福的勇士
虚空之女,Kaisa,棱彩,81,23,潘朵拉的盒子
虚空之女,Kaisa,黄金,82,36,闪现向前
虚空之女,Kaisa,棱彩,83,24,你摸不到
虚空之女,Kaisa,黄金,84,37,面包和奶酪
虚空之女,Kaisa,白银,85,24,侵蚀
虚空之女,Kaisa,白银,86,25,杀意翻涌
虚空之女,Kaisa,白银,87,26,防护面纱
虚空之女,Kaisa,黄金,88,38,超强大脑
虚空之女,Kaisa,棱彩,89,25,科学狂人
虚空之女,Kaisa,白银,90,27,升级：中娅
虚空之女,Kaisa,棱彩,91,26,利刃华尔兹
虚空之女,Kaisa,棱彩,92,27,史上最大雪球
虚空之女,Kaisa,棱彩,93,28,全能龙魂
虚空之女,Kaisa,黄金,94,39,心灵净化
虚空之女,Kaisa,棱彩,95,29,终极唤醒
虚空之女,Kaisa,白银,96,28,终极不可阻挡
虚空之女,Kaisa,白银,97,29,海洋龙魂
虚空之女,Kaisa,黄金,98,40,尖端发明家
虚空之女,Kaisa,黄金,99,41,轻拍背部
虚空之女,Kaisa,棱彩,100,30,属性叠属性叠属性！
虚空之女,Kaisa,黄金,101,42,哎哟，我的硬币！
虚空之女,Kaisa,棱彩,102,31,飞身踢
虚空之女,Kaisa,棱彩,103,32,不祥契约
虚空之女,Kaisa,白银,104,30,火狐
虚空之女,Kaisa,棱彩,105,33,终极刷新
虚空之女,Kaisa,棱彩,106,34,夺金
虚空之女,Kaisa,白银,107,31,属性！
虚空之女,Kaisa,白银,108,32,吵闹鬼
虚空之女,Kaisa,棱彩,109,35,尊我为王
虚空之女,Kaisa,棱彩,110,36,最终形态
虚空之女,Kaisa,黄金,111,43,杀戮时间到了
虚空之女,Kaisa,白银,112,33,唯快不破
虚空之女,Kaisa,黄金,113,44,坦克引擎
虚空之女,Kaisa,黄金,114,45,炽烈黎明
虚空之女,Kaisa,棱彩,115,37,扳机炼狱
虚空之女,Kaisa,棱彩,116,38,终极九头蛇
虚空之女,Kaisa,黄金,117,46,溢流
虚空之女,Kaisa,黄金,118,47,生机迸发
虚空之女,Kaisa,黄金,119,48,弹球
虚空之女,Kaisa,棱彩,120,39,炼狱导管
虚空之女,Kaisa,棱彩,121,40,位面转移
虚空之女,Kaisa,棱彩,122,41,男爵之手
虚空之女,Kaisa,黄金,123,49,冰雪爆裂
虚空之女,Kaisa,黄金,124,50,升级：贪欲九头蛇
虚空之女,Kaisa,白银,125,34,山脉龙魂
虚空之女,Kaisa,棱彩,126,42,神圣雪球
虚空之女,Kaisa,黄金,127,51,神圣干预
虚空之女,Kaisa,黄金,128,52,鲨鱼暴风
虚空之女,Kaisa,白银,129,35,下雪天
虚空之女,Kaisa,棱彩,130,43,濒死悟道
虚空之女,Kaisa,棱彩,131,44,飞升仪式
虚空之女,Kaisa,棱彩,132,45,歌利亚巨人
虚空之女,Kaisa,棱彩,133,46,魄罗蛮冲
虚空之女,Kaisa,白银,134,36,转得我眩晕了
虚空之女,Kaisa,黄金,135,53,咏叹奏鸣
虚空之女,Kaisa,黄金,136,54,黎明使者的坚决
虚空之女,Kaisa,棱彩,137,47,空投熊
虚空之女,Kaisa,黄金,138,55,自然即是治愈
虚空之女,Kaisa,棱彩,139,48,电涌力场
虚空之女,Kaisa,白银,140,37,冰寒
虚空之女,Kaisa,黄金,141,56,过量延伸者
虚空之女,Kaisa,黄金,142,57,无尽大杀四方
虚空之女,Kaisa,棱彩,143,49,大招工具人
虚空之女,Kaisa,白银,144,38,由心及物
虚空之女,Kaisa,黄金,145,58,鲨鱼诱饵
虚空之女,Kaisa,白银,146,39,俯冲轰炸
虚空之女,Kaisa,白银,147,40,重量级打击手
虚空之女,Kaisa,棱彩,148,50,泰坦的坚决
虚空之女,Kaisa,黄金,149,59,星界躯体
虚空之女,Kaisa,黄金,150,60,我们的治疗
虚空之女,Kaisa,黄金,151,61,豪猪
虚空之女,Kaisa,黄金,152,62,吸血习性
虚空之女,Kaisa,黄金,153,63,钢化你心
虚空之女,Kaisa,棱彩,154,51,软弹啪叽抓
虚空之女,Kaisa,白银,155,41,闪闪现现
虚空之女,Kaisa,黄金,156,64,高压锅
虚空之女,Kaisa,黄金,157,65,活力焕发
虚空之女,Kaisa,黄金,158,66,魄罗爆破手
虚空之女,Kaisa,白银,159,42,闪光弹
虚空之女,Kaisa,黄金,160,67,升级：雪球
虚空之女,Kaisa,黄金,161,68,会心治疗
虚空之女,Kaisa,棱彩,162,52,量子计算
虚空之女,Kaisa,棱彩,163,53,小丑学院
虚空之女,Kaisa,黄金,164,69,雪球扭蛋机
虚空之女,Kaisa,黄金,165,70,坚韧
虚空之女,Kaisa,白银,166,43,前进时间到
虚空之女,Kaisa,棱彩,167,54,针插垫
虚空之女,Kaisa,黄金,168,71,祖母的辣椒油
虚空之女,Kaisa,棱彩,169,55,王中王，靴中靴
虚空之女,Kaisa,棱彩,170,56,和我一起困在这里
虚空之女,Kaisa,黄金,171,72,升级：焚天
虚空之女,Kaisa,棱彩,172,57,升级：花晓之剑
虚空之女,Kaisa,黄金,173,73,最终都市列车
虚空之女,Kaisa,棱彩,174,58,卡皮巴拉空投
虚空之女,Kaisa,棱彩,175,59,魄罗之王的弹跳
虚空之女,Kaisa,白银,176,44,强力护盾
虚空之女,Kaisa,棱彩,177,60,蛋白粉奶昔
虚空之女,Kaisa,棱彩,178,61,？？？
复仇之矛,Kalista,黄金,1,1,更万用的瞄准镜
复仇之矛,Kalista,黄金,2,2,暴击律动
复仇之矛,Kalista,棱彩,3,1,双刀流
复仇之矛,Kalista,白银,4,1,灵巧
复仇之矛,Kalista,棱彩,5,2,踢踏舞
复仇之矛,Kalista,黄金,6,3,升级：无尽之刃
复仇之矛,Kalista,棱彩,7,3,最万用的瞄准镜
复仇之矛,Kalista,白银,8,2,台风
复仇之矛,Kalista,黄金,9,4,关键暴击
复仇之矛,Kalista,白银,10,3,万用瞄准镜
复仇之矛,Kalista,棱彩,11,4,巨人杀手
复仇之矛,Kalista,棱彩,12,5,连拨击锤
复仇之矛,Kalista,黄金,13,5,暴击飞弹
复仇之矛,Kalista,白银,14,4,点亮他们！
复仇之矛,Kalista,黄金,15,6,质变：棱彩阶
复仇之矛,Kalista,黄金,16,7,狂徒豪气
复仇之矛,Kalista,棱彩,17,6,掷骰狂人
复仇之矛,Kalista,棱彩,18,7,双发快射
复仇之矛,Kalista,黄金,19,8,灵魂虹吸
复仇之矛,Kalista,黄金,20,9,火上浇油
复仇之矛,Kalista,黄金,21,10,罪恶快感
复仇之矛,Kalista,白银,22,5,暗影疾奔
复仇之矛,Kalista,白银,23,6,大力
复仇之矛,Kalista,白银,24,7,会心防御
复仇之矛,Kalista,黄金,25,11,虚幻武器
复仇之矛,Kalista,黄金,26,12,缩小射线
复仇之矛,Kalista,黄金,27,13,缩小引擎
复仇之矛,Kalista,黄金,28,14,易损
复仇之矛,Kalista,棱彩,29,8,战争交响乐
复仇之矛,Kalista,白银,30,8,升级：收集者
复仇之矛,Kalista,白银,31,9,快中求稳
复仇之矛,Kalista,黄金,32,15,捐赠
复仇之矛,Kalista,白银,33,10,质变：黄金阶
复仇之矛,Kalista,白银,34,11,练腿日
复仇之矛,Kalista,黄金,35,16,回力OK镖
复仇之矛,Kalista,黄金,36,17,属性叠属性！
复仇之矛,Kalista,白银,37,12,渴血
复仇之矛,Kalista,黄金,38,18,闪现向前
复仇之矛,Kalista,白银,39,13,逃跑计划
复仇之矛,Kalista,黄金,40,19,术士果汁盒
复仇之矛,Kalista,白银,41,14,魔法转物理
复仇之矛,Kalista,白银,42,15,狂热者
复仇之矛,Kalista,黄金,43,20,威能之追求
复仇之矛,Kalista,棱彩,44,9,回归基本功
复仇之矛,Kalista,黄金,45,21,急速之追求
复仇之矛,Kalista,黄金,46,22,魔法飞弹
复仇之矛,Kalista,白银,47,16,虹吸
复仇之矛,Kalista,黄金,48,23,穿针引线
复仇之矛,Kalista,棱彩,49,10,亮出你的剑
复仇之矛,Kalista,黄金,50,24,急急小子
复仇之矛,Kalista,棱彩,51,11,质变：混沌
复仇之矛,Kalista,黄金,52,25,夜狩
复仇之矛,Kalista,黄金,53,26,面包和奶酪
复仇之矛,Kalista,棱彩,54,12,珠光护手
复仇之矛,Kalista,棱彩,55,13,大地苏醒
复仇之矛,Kalista,白银,56,17,家园卫士
复仇之矛,Kalista,黄金,57,27,老练狙神
复仇之矛,Kalista,棱彩,58,14,潘朵拉的盒子
复仇之矛,Kalista,黄金,59,28,生机迸发
复仇之矛,Kalista,黄金,60,29,牙仙子
复仇之矛,Kalista,棱彩,61,15,全凭身法
复仇之矛,Kalista,黄金,62,30,坦克引擎
复仇之矛,Kalista,白银,63,18,唯快不破
复仇之矛,Kalista,白银,64,19,侵蚀
复仇之矛,Kalista,棱彩,65,16,秘术冲拳
复仇之矛,Kalista,黄金,66,31,面包和黄油
复仇之矛,Kalista,黄金,67,32,心灵净化
复仇之矛,Kalista,黄金,68,33,哎哟，我的硬币！
复仇之矛,Kalista,白银,69,20,大师铸就
复仇之矛,Kalista,黄金,70,34,有始有终
复仇之矛,Kalista,黄金,71,35,循环往复
复仇之矛,Kalista,棱彩,72,17,海牛阿福的勇士
复仇之矛,Kalista,棱彩,73,18,吃过路兵
复仇之矛,Kalista,棱彩,74,19,飞身踢
复仇之矛,Kalista,白银,75,21,海克斯科技龙魂
复仇之矛,Kalista,棱彩,76,20,玻璃大炮
复仇之矛,Kalista,黄金,77,36,狙神飞星
复仇之矛,Kalista,黄金,78,37,神圣干预
复仇之矛,Kalista,黄金,79,38,轻拍背部
复仇之矛,Kalista,棱彩,80,21,无限循环往复
复仇之矛,Kalista,棱彩,81,22,科学狂人
复仇之矛,Kalista,棱彩,82,23,全能龙魂
复仇之矛,Kalista,黄金,83,39,黎明使者的坚决
复仇之矛,Kalista,白银,84,22,注魔
复仇之矛,Kalista,白银,85,23,防护面纱
复仇之矛,Kalista,白银,86,24,炼狱龙魂
复仇之矛,Kalista,白银,87,25,杀意翻涌
复仇之矛,Kalista,棱彩,88,24,属性叠属性叠属性！
复仇之矛,Kalista,白银,89,26,吵闹鬼
复仇之矛,Kalista,棱彩,90,25,利刃华尔兹
复仇之矛,Kalista,黄金,91,40,星界躯体
复仇之矛,Kalista,棱彩,92,26,超负荷
复仇之矛,Kalista,棱彩,93,27,终极九头蛇
复仇之矛,Kalista,黄金,94,41,尖端发明家
复仇之矛,Kalista,白银,95,27,双生火焰
复仇之矛,Kalista,棱彩,96,28,你摸不到
复仇之矛,Kalista,黄金,97,42,咏叹奏鸣
复仇之矛,Kalista,黄金,98,43,杀戮时间到了
复仇之矛,Kalista,白银,99,28,海洋龙魂
复仇之矛,Kalista,棱彩,100,29,尊我为王
复仇之矛,Kalista,棱彩,101,30,夺金
复仇之矛,Kalista,白银,102,29,属性！
复仇之矛,Kalista,棱彩,103,31,扳机炼狱
复仇之矛,Kalista,棱彩,104,32,终极刷新
复仇之矛,Kalista,黄金,105,44,自然即是治愈
复仇之矛,Kalista,白银,106,30,由暴生急
复仇之矛,Kalista,黄金,107,45,炽烈黎明
复仇之矛,Kalista,白银,108,31,转得我眩晕了
复仇之矛,Kalista,棱彩,109,33,物法皆修
复仇之矛,Kalista,棱彩,110,34,濒死悟道
复仇之矛,Kalista,黄金,111,46,升级：贪欲九头蛇
复仇之矛,Kalista,白银,112,32,纯粹主义者 - 术师
复仇之矛,Kalista,棱彩,113,35,史上最大雪球
复仇之矛,Kalista,黄金,114,47,鲨鱼暴风
复仇之矛,Kalista,黄金,115,48,钢化你心
复仇之矛,Kalista,黄金,116,49,神射法师
复仇之矛,Kalista,黄金,117,50,我们的治疗
复仇之矛,Kalista,白银,118,33,重量级打击手
复仇之矛,Kalista,棱彩,119,36,终极唤醒
复仇之矛,Kalista,黄金,120,51,藏身草丛
复仇之矛,Kalista,黄金,121,52,豪猪
复仇之矛,Kalista,棱彩,122,37,泰坦的坚决
复仇之矛,Kalista,黄金,123,53,鲨鱼诱饵
复仇之矛,Kalista,棱彩,124,38,歌利亚巨人
复仇之矛,Kalista,棱彩,125,39,最终形态
复仇之矛,Kalista,棱彩,126,40,神圣雪球
复仇之矛,Kalista,黄金,127,54,过量延伸者
复仇之矛,Kalista,白银,128,34,山脉龙魂
复仇之矛,Kalista,黄金,129,55,冰雪爆裂
复仇之矛,Kalista,黄金,130,56,弹球
复仇之矛,Kalista,黄金,131,57,升级：耀光
复仇之矛,Kalista,棱彩,132,41,男爵之手
复仇之矛,Kalista,白银,133,35,终极不可阻挡
复仇之矛,Kalista,棱彩,134,42,飞升仪式
复仇之矛,Kalista,黄金,135,58,无尽大杀四方
复仇之矛,Kalista,白银,136,36,火狐
复仇之矛,Kalista,黄金,137,59,溢流
复仇之矛,Kalista,棱彩,138,43,位面转移
复仇之矛,Kalista,棱彩,139,44,魄罗蛮冲
复仇之矛,Kalista,棱彩,140,45,炼狱导管
复仇之矛,Kalista,白银,141,37,俯冲轰炸
复仇之矛,Kalista,黄金,142,60,吸血习性
复仇之矛,Kalista,棱彩,143,46,电涌力场
复仇之矛,Kalista,棱彩,144,47,软弹啪叽抓
复仇之矛,Kalista,白银,145,38,冰寒
复仇之矛,Kalista,黄金,146,61,面包和果酱
复仇之矛,Kalista,黄金,147,62,高压锅
复仇之矛,Kalista,白银,148,39,下雪天
复仇之矛,Kalista,白银,149,40,由心及物
复仇之矛,Kalista,棱彩,150,48,大招工具人
复仇之矛,Kalista,白银,151,41,物理转魔法
复仇之矛,Kalista,白银,152,42,巫师式思考
复仇之矛,Kalista,棱彩,153,49,沃格勒特的巫师帽
复仇之矛,Kalista,白银,154,43,升级：中娅
复仇之矛,Kalista,棱彩,155,50,小丑学院
复仇之矛,Kalista,白银,156,44,闪闪现现
复仇之矛,Kalista,黄金,157,63,会心治疗
复仇之矛,Kalista,白银,158,45,闪光弹
复仇之矛,Kalista,黄金,159,64,升级：焚天
复仇之矛,Kalista,黄金,160,65,坚韧
复仇之矛,Kalista,棱彩,161,51,量子计算
复仇之矛,Kalista,黄金,162,66,升级：雪球
复仇之矛,Kalista,棱彩,163,52,王中王，靴中靴
复仇之矛,Kalista,黄金,164,67,活力焕发
复仇之矛,Kalista,棱彩,165,53,至高天诺言
复仇之矛,Kalista,棱彩,166,54,激光治疗
复仇之矛,Kalista,棱彩,167,55,和我一起困在这里
复仇之矛,Kalista,棱彩,168,56,蛋白粉奶昔
复仇之矛,Kalista,黄金,169,68,雪球扭蛋机
复仇之矛,Kalista,黄金,170,69,最终都市列车
复仇之矛,Kalista,黄金,171,70,魄罗爆破手
复仇之矛,Kalista,棱彩,172,57,卡皮巴拉空投
复仇之矛,Kalista,棱彩,173,58,魄罗之王的弹跳
复仇之矛,Kalista,白银,174,46,保持坚定
天启者,Karma,黄金,1,1,魔法飞弹
天启者,Karma,白银,2,1,急救用具
天启者,Karma,棱彩,3,1,尤里卡
天启者,Karma,黄金,4,2,咏叹奏鸣
天启者,Karma,黄金,5,3,全心为你
天启者,Karma,棱彩,6,2,大法师
天启者,Karma,白银,7,2,巫师式思考
天启者,Karma,黄金,8,4,超凡邪恶
天启者,Karma,黄金,9,5,喂呜喂呜
天启者,Karma,白银,10,3,天音爆
天启者,Karma,白银,11,4,纯粹主义者 - 术师
天启者,Karma,棱彩,12,3,灵魄炸弹
天启者,Karma,棱彩,13,4,无限循环往复
天启者,Karma,黄金,14,6,老练狙神
天启者,Karma,黄金,15,7,仁慈打击
天启者,Karma,棱彩,16,5,精怪魔法
天启者,Karma,黄金,17,8,术士果汁盒
天启者,Karma,棱彩,18,6,信念者的强化
天启者,Karma,黄金,19,9,杀戮时间到了
天启者,Karma,棱彩,20,7,终极唤醒
天启者,Karma,黄金,21,10,神圣干预
天启者,Karma,白银,22,5,强力护盾
天启者,Karma,黄金,23,11,循环往复
天启者,Karma,黄金,24,12,急急小子
天启者,Karma,黄金,25,13,狙神飞星
天启者,Karma,黄金,26,14,溢流
天启者,Karma,黄金,27,15,质变：棱彩阶
天启者,Karma,白银,28,6,加固护盾
天启者,Karma,黄金,29,16,威能之追求
天启者,Karma,黄金,30,17,缩小引擎
天启者,Karma,棱彩,31,8,沃格勒特的巫师帽
天启者,Karma,棱彩,32,9,风语者的祝福
天启者,Karma,黄金,33,18,超强大脑
天启者,Karma,棱彩,34,10,至高天诺言
天启者,Karma,白银,35,7,由心及物
天启者,Karma,棱彩,36,11,蛋白粉奶昔
天启者,Karma,白银,37,8,质变：黄金阶
天启者,Karma,白银,38,9,家园卫士
天启者,Karma,黄金,39,19,回力OK镖
天启者,Karma,黄金,40,20,面包和奶酪
天启者,Karma,棱彩,41,12,掷骰狂人
天启者,Karma,黄金,42,21,牙仙子
天启者,Karma,黄金,43,22,炽烈黎明
天启者,Karma,黄金,44,23,虚幻武器
天启者,Karma,黄金,45,24,急速之追求
天启者,Karma,白银,46,10,终极不可阻挡
天启者,Karma,白银,47,11,升级：中娅
天启者,Karma,黄金,48,25,面包和黄油
天启者,Karma,白银,49,12,双生火焰
天启者,Karma,棱彩,50,13,你摸不到
天启者,Karma,棱彩,51,14,超负荷
天启者,Karma,白银,52,13,海克斯科技龙魂
天启者,Karma,黄金,53,26,贪欲束缚
天启者,Karma,棱彩,54,15,珠光护手
天启者,Karma,白银,55,14,物理转魔法
天启者,Karma,棱彩,56,16,终极刷新
天启者,Karma,黄金,57,27,自然即是治愈
天启者,Karma,黄金,58,28,会心治疗
天启者,Karma,白银,59,15,炼狱龙魂
天启者,Karma,棱彩,60,17,质变：混沌
天启者,Karma,棱彩,61,18,死亡之环
天启者,Karma,白银,62,16,海洋龙魂
天启者,Karma,黄金,63,29,有始有终
天启者,Karma,棱彩,64,19,大招工具人
天启者,Karma,白银,65,17,大师铸就
天启者,Karma,黄金,66,30,捐赠
天启者,Karma,白银,67,18,火狐
天启者,Karma,黄金,68,31,属性叠属性！
天启者,Karma,白银,69,19,逃跑计划
天启者,Karma,白银,70,20,冰寒
天启者,Karma,棱彩,71,20,玻璃大炮
天启者,Karma,棱彩,72,21,潘朵拉的盒子
天启者,Karma,棱彩,73,22,巨人杀手
天启者,Karma,棱彩,74,23,飞身踢
天启者,Karma,棱彩,75,24,最终形态
天启者,Karma,棱彩,76,25,升级：花晓之剑
天启者,Karma,白银,77,21,练腿日
天启者,Karma,黄金,78,32,坦克引擎
天启者,Karma,棱彩,79,26,史上最大雪球
天启者,Karma,黄金,80,33,哎哟，我的硬币！
天启者,Karma,棱彩,81,27,科学狂人
天启者,Karma,黄金,82,34,穿针引线
天启者,Karma,白银,83,22,侵蚀
天启者,Karma,黄金,84,35,尖端发明家
天启者,Karma,黄金,85,36,面包和果酱
天启者,Karma,黄金,86,37,生机迸发
天启者,Karma,棱彩,87,28,炼狱导管
天启者,Karma,棱彩,88,29,电涌力场
天启者,Karma,棱彩,89,30,全能龙魂
天启者,Karma,黄金,90,38,神射法师
天启者,Karma,白银,91,23,属性！
天启者,Karma,黄金,92,39,轻拍背部
天启者,Karma,黄金,93,40,星界躯体
天启者,Karma,白银,94,24,扇巴掌
天启者,Karma,黄金,95,41,不动如山
天启者,Karma,白银,96,25,吵闹鬼
天启者,Karma,棱彩,97,31,歌利亚巨人
天启者,Karma,棱彩,98,32,海牛阿福的勇士
天启者,Karma,白银,99,26,防护面纱
天启者,Karma,黄金,100,42,黎明使者的坚决
天启者,Karma,棱彩,101,33,残忍
天启者,Karma,黄金,102,43,我们的治疗
天启者,Karma,棱彩,103,34,夺金
天启者,Karma,白银,104,27,注魔
天启者,Karma,白银,105,28,渴血
天启者,Karma,棱彩,106,35,属性叠属性叠属性！
天启者,Karma,棱彩,107,36,不祥契约
天启者,Karma,黄金,108,44,心灵净化
天启者,Karma,黄金,109,45,钢化你心
天启者,Karma,黄金,110,46,鲨鱼暴风
天启者,Karma,棱彩,111,37,尊我为王
天启者,Karma,棱彩,112,38,秘术冲拳
天启者,Karma,黄金,113,47,吞噬灵魂
天启者,Karma,棱彩,114,39,男爵之手
天启者,Karma,棱彩,115,40,巨像的勇气
天启者,Karma,黄金,116,48,弹球
天启者,Karma,白银,117,29,山脉龙魂
天启者,Karma,棱彩,118,41,空投熊
天启者,Karma,黄金,119,49,冰雪爆裂
天启者,Karma,白银,120,30,下雪天
天启者,Karma,白银,121,31,唯快不破
天启者,Karma,白银,122,32,俯冲轰炸
天启者,Karma,黄金,123,50,闪现向前
天启者,Karma,棱彩,124,42,和我一起困在这里
天启者,Karma,棱彩,125,43,魄罗蛮冲
天启者,Karma,棱彩,126,44,泰坦的坚决
天启者,Karma,黄金,127,51,火上浇油
天启者,Karma,黄金,128,52,高压锅
天启者,Karma,棱彩,129,45,扳机炼狱
天启者,Karma,黄金,130,53,鲨鱼诱饵
天启者,Karma,黄金,131,54,缩小射线
天启者,Karma,白银,132,33,杀意翻涌
天启者,Karma,黄金,133,55,藏身草丛
天启者,Karma,黄金,134,56,豪猪
天启者,Karma,白银,135,34,重量级打击手
天启者,Karma,棱彩,136,46,物法皆修
天启者,Karma,棱彩,137,47,吃过路兵
天启者,Karma,棱彩,138,48,位面转移
天启者,Karma,白银,139,35,转得我眩晕了
天启者,Karma,棱彩,140,49,神圣雪球
天启者,Karma,棱彩,141,50,软弹啪叽抓
天启者,Karma,棱彩,142,51,回归基本功
天启者,Karma,黄金,143,57,过量延伸者
天启者,Karma,白银,144,36,灵巧
天启者,Karma,黄金,145,58,升级：耀光
天启者,Karma,白银,146,37,点亮他们！
天启者,Karma,黄金,147,59,更万用的瞄准镜
天启者,Karma,黄金,148,60,夜狩
天启者,Karma,白银,149,38,万用瞄准镜
天启者,Karma,棱彩,150,52,最万用的瞄准镜
天启者,Karma,黄金,151,61,罪恶快感
天启者,Karma,棱彩,152,53,踢踏舞
天启者,Karma,棱彩,153,54,利刃华尔兹
天启者,Karma,黄金,154,62,无尽大杀四方
天启者,Karma,棱彩,155,55,舞会女王
天启者,Karma,白银,156,39,升级：献祭
天启者,Karma,棱彩,157,56,飞升仪式
天启者,Karma,棱彩,158,57,濒死悟道
天启者,Karma,棱彩,159,58,战争交响乐
天启者,Karma,黄金,160,63,活力焕发
天启者,Karma,黄金,161,64,祖母的辣椒油
天启者,Karma,棱彩,162,59,激光治疗
天启者,Karma,黄金,163,65,坚韧
天启者,Karma,黄金,164,66,魄罗爆破手
天启者,Karma,黄金,165,67,易损
天启者,Karma,黄金,166,68,吸血习性
天启者,Karma,棱彩,167,60,小猫咪找妈妈
天启者,Karma,白银,168,40,坚若磐石
天启者,Karma,黄金,169,69,关键暴击
天启者,Karma,黄金,170,70,暴击飞弹
天启者,Karma,黄金,171,71,升级：雪球
天启者,Karma,黄金,172,72,灵魂虹吸
天启者,Karma,白银,173,41,会心防御
天启者,Karma,白银,174,42,闪闪现现
天启者,Karma,白银,175,43,虹吸
天启者,Karma,黄金,176,73,雪球扭蛋机
天启者,Karma,白银,177,44,闪光弹
天启者,Karma,棱彩,178,61,量子计算
天启者,Karma,白银,179,45,狂热者
天启者,Karma,白银,180,46,由暴生急
天启者,Karma,白银,181,47,主玩辅助
天启者,Karma,白银,182,48,可靠武器
天启者,Karma,棱彩,183,62,双刀流
天启者,Karma,棱彩,184,63,小丑学院
天启者,Karma,棱彩,185,64,卡皮巴拉空投
天启者,Karma,白银,186,49,台风
天启者,Karma,棱彩,187,65,连拨击锤
天启者,Karma,黄金,188,74,暴击律动
天启者,Karma,黄金,189,75,最终都市列车
天启者,Karma,棱彩,190,66,？？？
天启者,Karma,棱彩,191,67,魄罗之王的弹跳
天启者,Karma,棱彩,192,68,你肩上的恶魔
死亡颂唱者,Karthus,棱彩,1,1,尤里卡
死亡颂唱者,Karthus,黄金,2,1,魔法飞弹
死亡颂唱者,Karthus,白银,3,1,纯粹主义者 - 术师
死亡颂唱者,Karthus,黄金,4,2,杀戮时间到了
死亡颂唱者,Karthus,黄金,5,3,超凡邪恶
死亡颂唱者,Karthus,白银,6,2,巫师式思考
死亡颂唱者,Karthus,棱彩,7,2,终极刷新
死亡颂唱者,Karthus,黄金,8,4,狙神飞星
死亡颂唱者,Karthus,棱彩,9,3,无限循环往复
死亡颂唱者,Karthus,黄金,10,5,牙仙子
死亡颂唱者,Karthus,黄金,11,6,溢流
死亡颂唱者,Karthus,棱彩,12,4,炼狱导管
死亡颂唱者,Karthus,黄金,13,7,循环往复
死亡颂唱者,Karthus,黄金,14,8,质变：棱彩阶
死亡颂唱者,Karthus,黄金,15,9,术士果汁盒
死亡颂唱者,Karthus,黄金,16,10,炽燃利息
死亡颂唱者,Karthus,棱彩,17,5,终极唤醒
死亡颂唱者,Karthus,黄金,18,11,虚幻武器
死亡颂唱者,Karthus,棱彩,19,6,大招工具人
死亡颂唱者,Karthus,白银,20,3,升级：中娅
死亡颂唱者,Karthus,白银,21,4,冰寒
死亡颂唱者,Karthus,黄金,22,12,穿针引线
死亡颂唱者,Karthus,棱彩,23,7,沃格勒特的巫师帽
死亡颂唱者,Karthus,白银,24,5,物理转魔法
死亡颂唱者,Karthus,棱彩,25,8,玻璃大炮
死亡颂唱者,Karthus,白银,26,6,质变：黄金阶
死亡颂唱者,Karthus,黄金,27,13,缩小引擎
死亡颂唱者,Karthus,白银,28,7,俯冲轰炸
死亡颂唱者,Karthus,黄金,29,14,超强大脑
死亡颂唱者,Karthus,白银,30,8,双生火焰
死亡颂唱者,Karthus,棱彩,31,9,精怪魔法
死亡颂唱者,Karthus,黄金,32,15,急急小子
死亡颂唱者,Karthus,白银,33,9,大师铸就
死亡颂唱者,Karthus,黄金,34,16,威能之追求
死亡颂唱者,Karthus,棱彩,35,10,掷骰狂人
死亡颂唱者,Karthus,黄金,36,17,有始有终
死亡颂唱者,Karthus,黄金,37,18,捐赠
死亡颂唱者,Karthus,黄金,38,19,属性叠属性！
死亡颂唱者,Karthus,棱彩,39,11,珠光护手
死亡颂唱者,Karthus,白银,40,10,海克斯科技龙魂
死亡颂唱者,Karthus,白银,41,11,炼狱龙魂
死亡颂唱者,Karthus,黄金,42,20,回力OK镖
死亡颂唱者,Karthus,白银,43,12,侵蚀
死亡颂唱者,Karthus,棱彩,44,12,空投熊
死亡颂唱者,Karthus,黄金,45,21,老练狙神
死亡颂唱者,Karthus,白银,46,13,注魔
死亡颂唱者,Karthus,棱彩,47,13,质变：混沌
死亡颂唱者,Karthus,白银,48,14,可靠武器
死亡颂唱者,Karthus,黄金,49,22,心灵净化
死亡颂唱者,Karthus,白银,50,15,虹吸
死亡颂唱者,Karthus,白银,51,16,由心及物
死亡颂唱者,Karthus,棱彩,52,14,不祥契约
死亡颂唱者,Karthus,白银,53,17,属性！
死亡颂唱者,Karthus,棱彩,54,15,潘朵拉的盒子
死亡颂唱者,Karthus,黄金,55,23,哎哟，我的硬币！
死亡颂唱者,Karthus,黄金,56,24,弹球
死亡颂唱者,Karthus,黄金,57,25,神射法师
死亡颂唱者,Karthus,黄金,58,26,藏身草丛
死亡颂唱者,Karthus,白银,59,18,下雪天
死亡颂唱者,Karthus,黄金,60,27,尖端发明家
死亡颂唱者,Karthus,棱彩,61,16,电涌力场
死亡颂唱者,Karthus,黄金,62,28,冰雪爆裂
死亡颂唱者,Karthus,黄金,63,29,鲨鱼暴风
死亡颂唱者,Karthus,白银,64,19,火狐
死亡颂唱者,Karthus,黄金,65,30,炽烈黎明
死亡颂唱者,Karthus,棱彩,66,17,史上最大雪球
死亡颂唱者,Karthus,棱彩,67,18,科学狂人
死亡颂唱者,Karthus,白银,68,20,家园卫士
死亡颂唱者,Karthus,棱彩,69,19,巨人杀手
死亡颂唱者,Karthus,白银,70,21,渴血
死亡颂唱者,Karthus,黄金,71,31,面包和果酱
死亡颂唱者,Karthus,黄金,72,32,闪现向前
死亡颂唱者,Karthus,白银,73,22,海洋龙魂
死亡颂唱者,Karthus,白银,74,23,练腿日
死亡颂唱者,Karthus,白银,75,24,终极不可阻挡
死亡颂唱者,Karthus,棱彩,76,20,飞身踢
死亡颂唱者,Karthus,黄金,77,33,轻拍背部
死亡颂唱者,Karthus,黄金,78,34,过量延伸者
死亡颂唱者,Karthus,棱彩,79,21,属性叠属性叠属性！
死亡颂唱者,Karthus,白银,80,25,自适应防护
死亡颂唱者,Karthus,黄金,81,35,神圣干预
死亡颂唱者,Karthus,白银,82,26,逃跑计划
死亡颂唱者,Karthus,棱彩,83,22,全能龙魂
死亡颂唱者,Karthus,棱彩,84,23,夺金
死亡颂唱者,Karthus,棱彩,85,24,海牛阿福的勇士
死亡颂唱者,Karthus,黄金,86,36,坦克引擎
死亡颂唱者,Karthus,白银,87,27,灵巧
死亡颂唱者,Karthus,棱彩,88,25,尊我为王
死亡颂唱者,Karthus,棱彩,89,26,回响施放
死亡颂唱者,Karthus,棱彩,90,27,神圣雪球
死亡颂唱者,Karthus,棱彩,91,28,秘术冲拳
死亡颂唱者,Karthus,白银,92,28,防护面纱
死亡颂唱者,Karthus,白银,93,29,别停止引导
死亡颂唱者,Karthus,白银,94,30,杀意翻涌
死亡颂唱者,Karthus,黄金,95,37,火上浇油
死亡颂唱者,Karthus,黄金,96,38,生机迸发
死亡颂唱者,Karthus,白银,97,31,转得我眩晕了
死亡颂唱者,Karthus,棱彩,98,29,男爵之手
死亡颂唱者,Karthus,棱彩,99,30,你摸不到
死亡颂唱者,Karthus,棱彩,100,31,吃过路兵
死亡颂唱者,Karthus,黄金,101,39,夜狩
死亡颂唱者,Karthus,棱彩,102,32,歌利亚巨人
死亡颂唱者,Karthus,黄金,103,40,咏叹奏鸣
死亡颂唱者,Karthus,棱彩,104,33,扳机炼狱
死亡颂唱者,Karthus,白银,105,32,山脉龙魂
死亡颂唱者,Karthus,黄金,106,41,豪猪
死亡颂唱者,Karthus,棱彩,107,34,回归基本功
死亡颂唱者,Karthus,黄金,108,42,罪恶快感
死亡颂唱者,Karthus,黄金,109,43,黎明使者的坚决
死亡颂唱者,Karthus,白银,110,33,唯快不破
死亡颂唱者,Karthus,棱彩,111,35,利刃华尔兹
死亡颂唱者,Karthus,黄金,112,44,自然即是治愈
死亡颂唱者,Karthus,黄金,113,45,高压锅
死亡颂唱者,Karthus,黄金,114,46,无尽大杀四方
死亡颂唱者,Karthus,白银,115,34,吵闹鬼
死亡颂唱者,Karthus,黄金,116,47,缩小射线
死亡颂唱者,Karthus,棱彩,117,36,魄罗蛮冲
死亡颂唱者,Karthus,黄金,118,48,我们的治疗
死亡颂唱者,Karthus,棱彩,119,37,濒死悟道
死亡颂唱者,Karthus,棱彩,120,38,物法皆修
死亡颂唱者,Karthus,棱彩,121,39,最终形态
死亡颂唱者,Karthus,黄金,122,49,更万用的瞄准镜
死亡颂唱者,Karthus,白银,123,35,点亮他们！
死亡颂唱者,Karthus,棱彩,124,40,位面转移
死亡颂唱者,Karthus,黄金,125,50,星界躯体
死亡颂唱者,Karthus,棱彩,126,41,泰坦的坚决
死亡颂唱者,Karthus,白银,127,36,万用瞄准镜
死亡颂唱者,Karthus,棱彩,128,42,软弹啪叽抓
死亡颂唱者,Karthus,黄金,129,51,升级：耀光
死亡颂唱者,Karthus,棱彩,130,43,飞升仪式
死亡颂唱者,Karthus,棱彩,131,44,最万用的瞄准镜
死亡颂唱者,Karthus,黄金,132,52,钢化你心
死亡颂唱者,Karthus,棱彩,133,45,踢踏舞
死亡颂唱者,Karthus,棱彩,134,46,战争交响乐
死亡颂唱者,Karthus,白银,135,37,重量级打击手
死亡颂唱者,Karthus,黄金,136,53,祖母的辣椒油
死亡颂唱者,Karthus,黄金,137,54,活力焕发
死亡颂唱者,Karthus,黄金,138,55,易损
死亡颂唱者,Karthus,白银,139,38,闪光弹
死亡颂唱者,Karthus,黄金,140,56,升级：雪球
死亡颂唱者,Karthus,白银,141,39,闪闪现现
死亡颂唱者,Karthus,黄金,142,57,急速之追求
死亡颂唱者,Karthus,黄金,143,58,魄罗爆破手
死亡颂唱者,Karthus,黄金,144,59,吸血习性
死亡颂唱者,Karthus,黄金,145,60,最终都市列车
死亡颂唱者,Karthus,黄金,146,61,雪球扭蛋机
死亡颂唱者,Karthus,黄金,147,62,关键暴击
死亡颂唱者,Karthus,棱彩,148,47,小丑学院
死亡颂唱者,Karthus,黄金,149,63,暴击飞弹
死亡颂唱者,Karthus,白银,150,40,会心防御
死亡颂唱者,Karthus,棱彩,151,48,量子计算
死亡颂唱者,Karthus,黄金,152,64,灵魂虹吸
死亡颂唱者,Karthus,黄金,153,65,坚韧
死亡颂唱者,Karthus,黄金,154,66,会心治疗
死亡颂唱者,Karthus,白银,155,41,台风
死亡颂唱者,Karthus,黄金,156,67,暴击律动
死亡颂唱者,Karthus,棱彩,157,49,你肩上的恶魔
死亡颂唱者,Karthus,白银,158,42,由暴生急
死亡颂唱者,Karthus,棱彩,159,50,连拨击锤
死亡颂唱者,Karthus,白银,160,43,叠角龙
死亡颂唱者,Karthus,棱彩,161,51,双刀流
死亡颂唱者,Karthus,棱彩,162,52,超负荷
死亡颂唱者,Karthus,黄金,163,68,全心为你
死亡颂唱者,Karthus,白银,164,44,魔法转物理
死亡颂唱者,Karthus,白银,165,45,强力护盾
死亡颂唱者,Karthus,白银,166,46,升级：收集者
死亡颂唱者,Karthus,棱彩,167,53,至高天诺言
死亡颂唱者,Karthus,棱彩,168,54,王中王，靴中靴
死亡颂唱者,Karthus,棱彩,169,55,？？？
死亡颂唱者,Karthus,白银,170,47,狂热者
虚空行者,Kassadin,白银,1,1,术士果汁盒
虚空行者,Kassadin,白银,2,2,由心及物
虚空行者,Kassadin,白银,3,3,杀戮时间到了
虚空行者,Kassadin,白银,4,4,神射法师
虚空行者,Kassadin,白银,5,5,最终形态
虚空行者,Kassadin,白银,6,6,暗影疾奔
虚空行者,Kassadin,白银,7,7,狂徒豪气
虚空行者,Kassadin,白银,8,8,超凡邪恶
虚空行者,Kassadin,白银,9,9,尤里卡
虚空行者,Kassadin,白银,10,10,全凭身法
虚空行者,Kassadin,白银,11,11,渴血
虚空行者,Kassadin,白银,12,12,溢流
虚空行者,Kassadin,白银,13,13,穿针引线
虚空行者,Kassadin,白银,14,14,牙仙子
虚空行者,Kassadin,白银,15,15,终极不可阻挡
虚空行者,Kassadin,白银,16,16,你摸不到
虚空行者,Kassadin,白银,17,17,虚幻武器
虚空行者,Kassadin,白银,18,18,巫师式思考
虚空行者,Kassadin,白银,19,19,精怪魔法
虚空行者,Kassadin,白银,20,20,超强大脑
虚空行者,Kassadin,白银,21,21,质变：棱彩阶
虚空行者,Kassadin,白银,22,22,沃格勒特的巫师帽
虚空行者,Kassadin,白银,23,23,掷骰狂人
虚空行者,Kassadin,白银,24,24,夜狩
虚空行者,Kassadin,白银,25,25,大法师
虚空行者,Kassadin,白银,26,26,无限循环往复
虚空行者,Kassadin,白银,27,27,注魔
虚空行者,Kassadin,白银,28,28,大地苏醒
虚空行者,Kassadin,白银,29,29,终极唤醒
虚空行者,Kassadin,白银,30,30,升级：中娅
虚空行者,Kassadin,白银,31,31,循环往复
虚空行者,Kassadin,白银,32,32,纯粹主义者 - 术师
虚空行者,Kassadin,白银,33,33,快中求稳
虚空行者,Kassadin,白银,34,34,物理转魔法
虚空行者,Kassadin,白银,35,35,威能之追求
虚空行者,Kassadin,白银,36,36,飞升仪式
虚空行者,Kassadin,白银,37,37,魔法飞弹
虚空行者,Kassadin,白银,38,38,不祥契约
虚空行者,Kassadin,白银,39,39,急急小子
虚空行者,Kassadin,白银,40,40,和我一起困在这里
虚空行者,Kassadin,白银,41,41,缩小引擎
虚空行者,Kassadin,白银,42,42,无尽大杀四方
虚空行者,Kassadin,白银,43,43,质变：黄金阶
虚空行者,Kassadin,白银,44,44,珠光护手
虚空行者,Kassadin,白银,45,45,逃跑计划
虚空行者,Kassadin,白银,46,46,飞身踢
虚空行者,Kassadin,白银,47,47,吃过路兵
虚空行者,Kassadin,白银,48,48,有始有终
虚空行者,Kassadin,白银,49,49,利刃华尔兹
虚空行者,Kassadin,白银,50,50,捐赠
虚空行者,Kassadin,白银,51,51,属性叠属性！
虚空行者,Kassadin,白银,52,52,濒死悟道
虚空行者,Kassadin,白银,53,53,质变：混沌
虚空行者,Kassadin,白银,54,54,杀意翻涌
虚空行者,Kassadin,白银,55,55,海洋龙魂
虚空行者,Kassadin,白银,56,56,快步
虚空行者,Kassadin,白银,57,57,急速之追求
虚空行者,Kassadin,白银,58,58,电涌力场
虚空行者,Kassadin,白银,59,59,面包和奶酪
虚空行者,Kassadin,白银,60,60,罪恶快感
虚空行者,Kassadin,白银,61,61,坦克引擎
虚空行者,Kassadin,白银,62,62,炼狱导管
虚空行者,Kassadin,白银,63,63,大招工具人
虚空行者,Kassadin,白银,64,64,闪现向前
虚空行者,Kassadin,白银,65,65,升级：耀光
虚空行者,Kassadin,白银,66,66,练腿日
虚空行者,Kassadin,白银,67,67,歌利亚巨人
虚空行者,Kassadin,白银,68,68,超负荷
虚空行者,Kassadin,白银,69,69,藏身草丛
虚空行者,Kassadin,白银,70,70,潘朵拉的盒子
虚空行者,Kassadin,白银,71,71,双生火焰
虚空行者,Kassadin,白银,72,72,史上最大雪球
虚空行者,Kassadin,白银,73,73,巨人杀手
虚空行者,Kassadin,白银,74,74,钢化你心
虚空行者,Kassadin,白银,75,75,面包和黄油
虚空行者,Kassadin,白银,76,76,面包和果酱
虚空行者,Kassadin,白银,77,77,大师铸就
虚空行者,Kassadin,白银,78,78,冰寒
虚空行者,Kassadin,白银,79,79,黎明使者的坚决
虚空行者,Kassadin,白银,80,80,神圣干预
虚空行者,Kassadin,白银,81,81,心灵净化
虚空行者,Kassadin,白银,82,82,海牛阿福的勇士
虚空行者,Kassadin,白银,83,83,科学狂人
虚空行者,Kassadin,白银,84,84,扳机炼狱
虚空行者,Kassadin,白银,85,85,尊我为王
虚空行者,Kassadin,白银,86,86,弹球
虚空行者,Kassadin,白银,87,87,火狐
虚空行者,Kassadin,白银,88,88,尖端发明家
虚空行者,Kassadin,白银,89,89,炼狱龙魂
虚空行者,Kassadin,白银,90,90,星界躯体
虚空行者,Kassadin,白银,91,91,冰雪爆裂
虚空行者,Kassadin,白银,92,92,生机迸发
虚空行者,Kassadin,白银,93,93,侵蚀
虚空行者,Kassadin,白银,94,94,自然即是治愈
虚空行者,Kassadin,白银,95,95,俯冲轰炸
虚空行者,Kassadin,白银,96,96,秘术冲拳
虚空行者,Kassadin,白银,97,97,哎哟，我的硬币！
虚空行者,Kassadin,白银,98,98,防护面纱
虚空行者,Kassadin,白银,99,99,下雪天
虚空行者,Kassadin,白银,100,100,战争交响乐
虚空行者,Kassadin,白银,101,101,泰坦的坚决
虚空行者,Kassadin,白银,102,102,轻拍背部
虚空行者,Kassadin,白银,103,103,狂热者
虚空行者,Kassadin,白银,104,104,全能龙魂
虚空行者,Kassadin,白银,105,105,属性叠属性叠属性！
虚空行者,Kassadin,白银,106,106,玻璃大炮
虚空行者,Kassadin,白银,107,107,神圣雪球
虚空行者,Kassadin,白银,108,108,位面转移
虚空行者,Kassadin,白银,109,109,鲨鱼暴风
虚空行者,Kassadin,白银,110,110,高压锅
虚空行者,Kassadin,白银,111,111,海克斯科技龙魂
虚空行者,Kassadin,白银,112,112,重量级打击手
虚空行者,Kassadin,白银,113,113,属性！
虚空行者,Kassadin,白银,114,114,空投熊
虚空行者,Kassadin,白银,115,115,夺金
虚空行者,Kassadin,白银,116,116,鲨鱼诱饵
虚空行者,Kassadin,白银,117,117,家园卫士
虚空行者,Kassadin,白银,118,118,过量延伸者
虚空行者,Kassadin,白银,119,119,炽烈黎明
虚空行者,Kassadin,白银,120,120,舞会女王
虚空行者,Kassadin,白银,121,121,物法皆修
虚空行者,Kassadin,白银,122,122,缩小射线
虚空行者,Kassadin,白银,123,123,升级：贪欲九头蛇
虚空行者,Kassadin,白银,124,124,山脉龙魂
虚空行者,Kassadin,白银,125,125,咏叹奏鸣
虚空行者,Kassadin,白银,126,126,更万用的瞄准镜
虚空行者,Kassadin,白银,127,127,男爵之手
虚空行者,Kassadin,白银,128,128,升级：焚天
虚空行者,Kassadin,白银,129,129,回力OK镖
虚空行者,Kassadin,白银,130,130,我们的治疗
虚空行者,Kassadin,白银,131,131,火上浇油
虚空行者,Kassadin,白银,132,132,唯快不破
虚空行者,Kassadin,白银,133,133,转得我眩晕了
虚空行者,Kassadin,白银,134,134,吵闹鬼
虚空行者,Kassadin,白银,135,135,豪猪
虚空行者,Kassadin,白银,136,136,吸血习性
虚空行者,Kassadin,白银,137,137,万用瞄准镜
虚空行者,Kassadin,白银,138,138,软弹啪叽抓
虚空行者,Kassadin,白银,139,139,魄罗蛮冲
虚空行者,Kassadin,白银,140,140,灵巧
虚空行者,Kassadin,白银,141,141,艾卡西亚的陷落
虚空行者,Kassadin,白银,142,142,最万用的瞄准镜
虚空行者,Kassadin,白银,143,143,点亮他们！
虚空行者,Kassadin,白银,144,144,闪光弹
虚空行者,Kassadin,白银,145,145,踢踏舞
虚空行者,Kassadin,白银,146,146,升级：献祭
虚空行者,Kassadin,白银,147,147,回归基本功
虚空行者,Kassadin,白银,148,148,活力焕发
虚空行者,Kassadin,白银,149,149,闪闪现现
虚空行者,Kassadin,白银,150,150,小丑学院
虚空行者,Kassadin,白银,151,151,邦！
虚空行者,Kassadin,白银,152,152,关键暴击
虚空行者,Kassadin,白银,153,153,灵魂虹吸
虚空行者,Kassadin,白银,154,154,祖母的辣椒油
虚空行者,Kassadin,白银,155,155,升级：雪球
虚空行者,Kassadin,白银,156,156,雪球扭蛋机
虚空行者,Kassadin,白银,157,157,量子计算
虚空行者,Kassadin,白银,158,158,易损
虚空行者,Kassadin,白银,159,159,双刀流
虚空行者,Kassadin,白银,160,160,最终都市列车
虚空行者,Kassadin,白银,161,161,虹吸
虚空行者,Kassadin,白银,162,162,自适应防护
虚空行者,Kassadin,白银,163,163,会心防御
虚空行者,Kassadin,白银,164,164,会心治疗
虚空行者,Kassadin,白银,165,165,魄罗爆破手
虚空行者,Kassadin,白银,166,166,坚韧
虚空行者,Kassadin,白银,167,167,天音爆
虚空行者,Kassadin,白银,168,168,连拨击锤
虚空行者,Kassadin,白银,169,169,魄罗之王的弹跳
虚空行者,Kassadin,白银,170,170,你肩上的恶魔
虚空行者,Kassadin,白银,171,171,双发快射
虚空行者,Kassadin,白银,172,172,三重射击
虚空行者,Kassadin,白银,173,173,可靠武器
不祥之刃,Katarina,黄金,1,1,虚幻武器
不祥之刃,Katarina,黄金,2,2,术士果汁盒
不祥之刃,Katarina,黄金,3,3,杀戮时间到了
不祥之刃,Katarina,白银,4,1,渴血
不祥之刃,Katarina,黄金,5,4,穿针引线
不祥之刃,Katarina,棱彩,6,1,最终形态
不祥之刃,Katarina,白银,7,2,终极不可阻挡
不祥之刃,Katarina,黄金,8,5,牙仙子
不祥之刃,Katarina,棱彩,9,2,精怪魔法
不祥之刃,Katarina,黄金,10,6,超凡邪恶
不祥之刃,Katarina,棱彩,11,3,你摸不到
不祥之刃,Katarina,黄金,12,7,夜狩
不祥之刃,Katarina,白银,13,3,暗影疾奔
不祥之刃,Katarina,棱彩,14,4,物法皆修
不祥之刃,Katarina,黄金,15,8,质变：棱彩阶
不祥之刃,Katarina,白银,16,4,旋转至胜
不祥之刃,Katarina,黄金,17,9,狂徒豪气
不祥之刃,Katarina,棱彩,18,5,战争交响乐
不祥之刃,Katarina,黄金,19,10,升级：贪欲九头蛇
不祥之刃,Katarina,黄金,20,11,无尽大杀四方
不祥之刃,Katarina,黄金,21,12,升级：耀光
不祥之刃,Katarina,黄金,22,13,罪恶快感
不祥之刃,Katarina,棱彩,23,6,吃过路兵
不祥之刃,Katarina,棱彩,24,7,三重射击
不祥之刃,Katarina,白银,25,5,大力
不祥之刃,Katarina,白银,26,6,台风
不祥之刃,Katarina,棱彩,27,8,沃格勒特的巫师帽
不祥之刃,Katarina,棱彩,28,9,和我一起困在这里
不祥之刃,Katarina,黄金,29,14,火上浇油
不祥之刃,Katarina,白银,30,7,大师铸就
不祥之刃,Katarina,白银,31,8,逃跑计划
不祥之刃,Katarina,黄金,32,15,有始有终
不祥之刃,Katarina,棱彩,33,10,掷骰狂人
不祥之刃,Katarina,棱彩,34,11,终极九头蛇
不祥之刃,Katarina,白银,35,9,巫师式思考
不祥之刃,Katarina,黄金,36,16,魔法飞弹
不祥之刃,Katarina,黄金,37,17,神射法师
不祥之刃,Katarina,白银,38,10,魔法转物理
不祥之刃,Katarina,棱彩,39,12,飞升仪式
不祥之刃,Katarina,白银,40,11,质变：黄金阶
不祥之刃,Katarina,棱彩,41,13,利刃华尔兹
不祥之刃,Katarina,棱彩,42,14,大地苏醒
不祥之刃,Katarina,棱彩,43,15,濒死悟道
不祥之刃,Katarina,棱彩,44,16,双刀流
不祥之刃,Katarina,黄金,45,18,急速之追求
不祥之刃,Katarina,白银,46,12,升级：中娅
不祥之刃,Katarina,白银,47,13,物理转魔法
不祥之刃,Katarina,黄金,48,19,捐赠
不祥之刃,Katarina,棱彩,49,17,扳机炼狱
不祥之刃,Katarina,棱彩,50,18,珠光护手
不祥之刃,Katarina,白银,51,14,双生火焰
不祥之刃,Katarina,黄金,52,20,缩小射线
不祥之刃,Katarina,黄金,53,21,超强大脑
不祥之刃,Katarina,白银,54,15,快中求稳
不祥之刃,Katarina,黄金,55,22,属性叠属性！
不祥之刃,Katarina,棱彩,56,19,质变：混沌
不祥之刃,Katarina,黄金,57,23,心灵净化
不祥之刃,Katarina,白银,58,16,杀意翻涌
不祥之刃,Katarina,黄金,59,24,缩小引擎
不祥之刃,Katarina,棱彩,60,20,连拨击锤
不祥之刃,Katarina,白银,61,17,侵蚀
不祥之刃,Katarina,黄金,62,25,循环往复
不祥之刃,Katarina,白银,63,18,别停止引导
不祥之刃,Katarina,白银,64,19,俯冲轰炸
不祥之刃,Katarina,棱彩,65,21,飞身踢
不祥之刃,Katarina,棱彩,66,22,歌利亚巨人
不祥之刃,Katarina,黄金,67,26,闪现向前
不祥之刃,Katarina,黄金,68,27,钢化你心
不祥之刃,Katarina,白银,69,20,点亮他们！
不祥之刃,Katarina,棱彩,70,23,大法师
不祥之刃,Katarina,棱彩,71,24,超负荷
不祥之刃,Katarina,棱彩,72,25,全凭身法
不祥之刃,Katarina,棱彩,73,26,尤里卡
不祥之刃,Katarina,白银,74,21,升级：收集者
不祥之刃,Katarina,棱彩,75,27,无限循环往复
不祥之刃,Katarina,白银,76,22,纯粹主义者 - 术师
不祥之刃,Katarina,棱彩,77,28,终极唤醒
不祥之刃,Katarina,黄金,78,28,面包和奶酪
不祥之刃,Katarina,棱彩,79,29,终极刷新
不祥之刃,Katarina,黄金,80,29,藏身草丛
不祥之刃,Katarina,黄金,81,30,神圣干预
不祥之刃,Katarina,黄金,82,31,尖端发明家
不祥之刃,Katarina,棱彩,83,30,潘朵拉的盒子
不祥之刃,Katarina,棱彩,84,31,史上最大雪球
不祥之刃,Katarina,黄金,85,32,面包和黄油
不祥之刃,Katarina,棱彩,86,32,秘术冲拳
不祥之刃,Katarina,棱彩,87,33,不祥契约
不祥之刃,Katarina,棱彩,88,34,巨人杀手
不祥之刃,Katarina,白银,89,23,炼狱龙魂
不祥之刃,Katarina,棱彩,90,35,海牛阿福的勇士
不祥之刃,Katarina,白银,91,24,狂热者
不祥之刃,Katarina,黄金,92,33,坦克引擎
不祥之刃,Katarina,白银,93,25,防护面纱
不祥之刃,Katarina,棱彩,94,36,空投熊
不祥之刃,Katarina,棱彩,95,37,玻璃大炮
不祥之刃,Katarina,黄金,96,34,弹球
不祥之刃,Katarina,黄金,97,35,冰雪爆裂
不祥之刃,Katarina,黄金,98,36,升级：无尽之刃
不祥之刃,Katarina,白银,99,26,练腿日
不祥之刃,Katarina,黄金,100,37,生机迸发
不祥之刃,Katarina,黄金,101,38,哎哟，我的硬币！
不祥之刃,Katarina,白银,102,27,重量级打击手
不祥之刃,Katarina,黄金,103,39,升级：焚天
不祥之刃,Katarina,黄金,104,40,鲨鱼诱饵
不祥之刃,Katarina,棱彩,105,38,神圣雪球
不祥之刃,Katarina,白银,106,28,灵巧
不祥之刃,Katarina,棱彩,107,39,泰坦的坚决
不祥之刃,Katarina,黄金,108,41,灵魂虹吸
不祥之刃,Katarina,黄金,109,42,面包和果酱
不祥之刃,Katarina,棱彩,110,40,科学狂人
不祥之刃,Katarina,黄金,111,43,鲨鱼暴风
不祥之刃,Katarina,棱彩,112,41,电涌力场
不祥之刃,Katarina,黄金,113,44,轻拍背部
不祥之刃,Katarina,白银,114,29,海克斯科技龙魂
不祥之刃,Katarina,白银,115,30,下雪天
不祥之刃,Katarina,白银,116,31,火狐
不祥之刃,Katarina,白银,117,32,属性！
不祥之刃,Katarina,棱彩,118,42,尊我为王
不祥之刃,Katarina,棱彩,119,43,夺金
不祥之刃,Katarina,黄金,120,45,黎明使者的坚决
不祥之刃,Katarina,棱彩,121,44,属性叠属性叠属性！
不祥之刃,Katarina,黄金,122,46,星界躯体
不祥之刃,Katarina,棱彩,123,45,全能龙魂
不祥之刃,Katarina,棱彩,124,46,位面转移
不祥之刃,Katarina,黄金,125,47,过量延伸者
不祥之刃,Katarina,棱彩,126,47,大招工具人
不祥之刃,Katarina,黄金,127,48,炽烈黎明
不祥之刃,Katarina,棱彩,128,48,舞会女王
不祥之刃,Katarina,白银,129,33,家园卫士
不祥之刃,Katarina,黄金,130,49,更万用的瞄准镜
不祥之刃,Katarina,黄金,131,50,豪猪
不祥之刃,Katarina,黄金,132,51,自然即是治愈
不祥之刃,Katarina,棱彩,133,49,炼狱导管
不祥之刃,Katarina,棱彩,134,50,软弹啪叽抓
不祥之刃,Katarina,白银,135,34,山脉龙魂
不祥之刃,Katarina,棱彩,136,51,回归基本功
不祥之刃,Katarina,黄金,137,52,高压锅
不祥之刃,Katarina,黄金,138,53,我们的治疗
不祥之刃,Katarina,白银,139,35,唯快不破
不祥之刃,Katarina,棱彩,140,52,男爵之手
不祥之刃,Katarina,棱彩,141,53,踢踏舞
不祥之刃,Katarina,白银,142,36,转得我眩晕了
不祥之刃,Katarina,黄金,143,54,回力OK镖
不祥之刃,Katarina,黄金,144,55,咏叹奏鸣
不祥之刃,Katarina,白银,145,37,海洋龙魂
不祥之刃,Katarina,黄金,146,56,急急小子
不祥之刃,Katarina,棱彩,147,54,最万用的瞄准镜
不祥之刃,Katarina,白银,148,38,万用瞄准镜
不祥之刃,Katarina,白银,149,39,冰寒
不祥之刃,Katarina,棱彩,150,55,魄罗蛮冲
不祥之刃,Katarina,棱彩,151,56,艾卡西亚的陷落
不祥之刃,Katarina,白银,152,40,升级：献祭
不祥之刃,Katarina,黄金,153,57,吸血习性
不祥之刃,Katarina,白银,154,41,吵闹鬼
不祥之刃,Katarina,黄金,155,58,活力焕发
不祥之刃,Katarina,棱彩,156,57,小丑学院
不祥之刃,Katarina,白银,157,42,闪光弹
不祥之刃,Katarina,白银,158,43,闪闪现现
不祥之刃,Katarina,黄金,159,59,易损
不祥之刃,Katarina,黄金,160,60,升级：雪球
不祥之刃,Katarina,棱彩,161,58,量子计算
不祥之刃,Katarina,黄金,162,61,祖母的辣椒油
不祥之刃,Katarina,黄金,163,62,雪球扭蛋机
不祥之刃,Katarina,黄金,164,63,最终都市列车
不祥之刃,Katarina,黄金,165,64,关键暴击
不祥之刃,Katarina,黄金,166,65,坚韧
不祥之刃,Katarina,黄金,167,66,会心治疗
不祥之刃,Katarina,黄金,168,67,魄罗爆破手
不祥之刃,Katarina,白银,169,44,会心防御
不祥之刃,Katarina,黄金,170,68,威能之追求
不祥之刃,Katarina,棱彩,171,59,双发快射
不祥之刃,Katarina,黄金,172,69,暴击律动
不祥之刃,Katarina,棱彩,173,60,你肩上的恶魔
不祥之刃,Katarina,白银,174,45,叠角龙
不祥之刃,Katarina,白银,175,46,强力护盾
不祥之刃,Katarina,棱彩,176,61,蛋白粉奶昔
不祥之刃,Katarina,棱彩,177,62,王中王，靴中靴
不祥之刃,Katarina,棱彩,178,63,升级：花晓之剑
不祥之刃,Katarina,棱彩,179,64,卡皮巴拉空投
不祥之刃,Katarina,棱彩,180,65,？？？
正义天使,Kayle,黄金,1,1,更万用的瞄准镜
正义天使,Kayle,黄金,2,2,神射法师
正义天使,Kayle,黄金,3,3,术士果汁盒
正义天使,Kayle,白银,4,1,灵巧
正义天使,Kayle,棱彩,5,1,最万用的瞄准镜
正义天使,Kayle,棱彩,6,2,双刀流
正义天使,Kayle,白银,7,2,万用瞄准镜
正义天使,Kayle,棱彩,8,3,物法皆修
正义天使,Kayle,白银,9,3,台风
正义天使,Kayle,棱彩,10,4,踢踏舞
正义天使,Kayle,黄金,11,4,虚幻武器
正义天使,Kayle,白银,12,4,点亮他们！
正义天使,Kayle,黄金,13,5,超凡邪恶
正义天使,Kayle,棱彩,14,5,巨人杀手
正义天使,Kayle,黄金,15,6,魔法飞弹
正义天使,Kayle,棱彩,16,6,连拨击锤
正义天使,Kayle,黄金,17,7,质变：棱彩阶
正义天使,Kayle,白银,18,5,双生火焰
正义天使,Kayle,黄金,19,8,升级：耀光
正义天使,Kayle,白银,20,6,狂热者
正义天使,Kayle,棱彩,21,7,掷骰狂人
正义天使,Kayle,黄金,22,9,升级：无尽之刃
正义天使,Kayle,黄金,23,10,火上浇油
正义天使,Kayle,黄金,24,11,罪恶快感
正义天使,Kayle,白银,25,7,巫师式思考
正义天使,Kayle,黄金,26,12,威能之追求
正义天使,Kayle,黄金,27,13,缩小射线
正义天使,Kayle,黄金,28,14,缩小引擎
正义天使,Kayle,黄金,29,15,急速之追求
正义天使,Kayle,棱彩,30,8,终极刷新
正义天使,Kayle,黄金,31,16,暴击律动
正义天使,Kayle,白银,32,8,渴血
正义天使,Kayle,棱彩,33,9,升级：花晓之剑
正义天使,Kayle,棱彩,34,10,沃格勒特的巫师帽
正义天使,Kayle,黄金,35,17,急急小子
正义天使,Kayle,黄金,36,18,面包和奶酪
正义天使,Kayle,棱彩,37,11,不祥契约
正义天使,Kayle,白银,38,9,物理转魔法
正义天使,Kayle,白银,39,10,质变：黄金阶
正义天使,Kayle,棱彩,40,12,战争交响乐
正义天使,Kayle,黄金,41,19,超强大脑
正义天使,Kayle,黄金,42,20,捐赠
正义天使,Kayle,棱彩,43,13,秘术冲拳
正义天使,Kayle,棱彩,44,14,无限循环往复
正义天使,Kayle,黄金,45,21,属性叠属性！
正义天使,Kayle,黄金,46,22,灵魂虹吸
正义天使,Kayle,棱彩,47,15,最终形态
正义天使,Kayle,黄金,48,23,穿针引线
正义天使,Kayle,白银,49,11,注魔
正义天使,Kayle,黄金,50,24,循环往复
正义天使,Kayle,白银,51,12,练腿日
正义天使,Kayle,白银,52,13,大力
正义天使,Kayle,黄金,53,25,轻拍背部
正义天使,Kayle,棱彩,54,16,质变：混沌
正义天使,Kayle,白银,55,14,侵蚀
正义天使,Kayle,棱彩,56,17,双发快射
正义天使,Kayle,白银,57,15,大师铸就
正义天使,Kayle,棱彩,58,18,大法师
正义天使,Kayle,黄金,59,26,升级：贪欲九头蛇
正义天使,Kayle,白银,60,16,魔法转物理
正义天使,Kayle,棱彩,61,19,终极唤醒
正义天使,Kayle,黄金,62,27,杀戮时间到了
正义天使,Kayle,黄金,63,28,喂呜喂呜
正义天使,Kayle,白银,64,17,家园卫士
正义天使,Kayle,白银,65,18,升级：中娅
正义天使,Kayle,棱彩,66,20,海牛阿福的勇士
正义天使,Kayle,棱彩,67,21,亮出你的剑
正义天使,Kayle,棱彩,68,22,超负荷
正义天使,Kayle,棱彩,69,23,炼狱导管
正义天使,Kayle,黄金,70,29,牙仙子
正义天使,Kayle,棱彩,71,24,珠光护手
正义天使,Kayle,黄金,72,30,坦克引擎
正义天使,Kayle,黄金,73,31,有始有终
正义天使,Kayle,黄金,74,32,夜狩
正义天使,Kayle,黄金,75,33,全心为你
正义天使,Kayle,黄金,76,34,心灵净化
正义天使,Kayle,白银,77,19,冰寒
正义天使,Kayle,黄金,78,35,溢流
正义天使,Kayle,棱彩,79,25,潘朵拉的盒子
正义天使,Kayle,黄金,80,36,面包和果酱
正义天使,Kayle,黄金,81,37,哎哟，我的硬币！
正义天使,Kayle,白银,82,20,急救用具
正义天使,Kayle,白银,83,21,炼狱龙魂
正义天使,Kayle,黄金,84,38,神圣干预
正义天使,Kayle,棱彩,85,26,尤里卡
正义天使,Kayle,白银,86,22,升级：收集者
正义天使,Kayle,白银,87,23,终极不可阻挡
正义天使,Kayle,白银,88,24,纯粹主义者 - 术师
正义天使,Kayle,白银,89,25,逃跑计划
正义天使,Kayle,黄金,90,39,面包和黄油
正义天使,Kayle,黄金,91,40,生机迸发
正义天使,Kayle,黄金,92,41,闪现向前
正义天使,Kayle,白银,93,26,唯快不破
正义天使,Kayle,棱彩,94,27,大招工具人
正义天使,Kayle,棱彩,95,28,科学狂人
正义天使,Kayle,棱彩,96,29,电涌力场
正义天使,Kayle,棱彩,97,30,飞身踢
正义天使,Kayle,棱彩,98,31,终极九头蛇
正义天使,Kayle,黄金,99,42,炽烈黎明
正义天使,Kayle,白银,100,27,吵闹鬼
正义天使,Kayle,黄金,101,43,咏叹奏鸣
正义天使,Kayle,白银,102,28,海洋龙魂
正义天使,Kayle,黄金,103,44,回力OK镖
正义天使,Kayle,棱彩,104,32,全能龙魂
正义天使,Kayle,棱彩,105,33,和我一起困在这里
正义天使,Kayle,棱彩,106,34,属性叠属性叠属性！
正义天使,Kayle,白银,107,29,天音爆
正义天使,Kayle,白银,108,30,海克斯科技龙魂
正义天使,Kayle,黄金,109,45,黎明使者的坚决
正义天使,Kayle,黄金,110,46,尖端发明家
正义天使,Kayle,白银,111,31,杀意翻涌
正义天使,Kayle,棱彩,112,35,吃过路兵
正义天使,Kayle,白银,113,32,属性！
正义天使,Kayle,棱彩,114,36,濒死悟道
正义天使,Kayle,棱彩,115,37,夺金
正义天使,Kayle,白银,116,33,火狐
正义天使,Kayle,棱彩,117,38,信念者的强化
正义天使,Kayle,棱彩,118,39,回归基本功
正义天使,Kayle,棱彩,119,40,你摸不到
正义天使,Kayle,黄金,120,47,升级：焚天
正义天使,Kayle,棱彩,121,41,尊我为王
正义天使,Kayle,棱彩,122,42,蛋白粉奶昔
正义天使,Kayle,棱彩,123,43,精怪魔法
正义天使,Kayle,棱彩,124,44,死亡之环
正义天使,Kayle,白银,125,34,由心及物
正义天使,Kayle,黄金,126,48,无尽大杀四方
正义天使,Kayle,黄金,127,49,我们的治疗
正义天使,Kayle,白银,128,35,防护面纱
正义天使,Kayle,黄金,129,50,自然即是治愈
正义天使,Kayle,棱彩,130,45,风语者的祝福
正义天使,Kayle,黄金,131,51,老练狙神
正义天使,Kayle,黄金,132,52,星界躯体
正义天使,Kayle,棱彩,133,46,史上最大雪球
正义天使,Kayle,棱彩,134,47,玻璃大炮
正义天使,Kayle,黄金,135,53,鲨鱼暴风
正义天使,Kayle,棱彩,136,48,飞升仪式
正义天使,Kayle,棱彩,137,49,歌利亚巨人
正义天使,Kayle,白银,138,36,重量级打击手
正义天使,Kayle,棱彩,139,50,扳机炼狱
正义天使,Kayle,黄金,140,54,鲨鱼诱饵
正义天使,Kayle,黄金,141,55,弹球
正义天使,Kayle,黄金,142,56,钢化你心
正义天使,Kayle,黄金,143,57,冰雪爆裂
正义天使,Kayle,棱彩,144,51,男爵之手
正义天使,Kayle,黄金,145,58,藏身草丛
正义天使,Kayle,白银,146,37,山脉龙魂
正义天使,Kayle,棱彩,147,52,泰坦的坚决
正义天使,Kayle,黄金,148,59,过量延伸者
正义天使,Kayle,白银,149,38,转得我眩晕了
正义天使,Kayle,黄金,150,60,豪猪
正义天使,Kayle,棱彩,151,53,空投熊
正义天使,Kayle,黄金,152,61,狙神飞星
正义天使,Kayle,棱彩,153,54,神圣雪球
正义天使,Kayle,棱彩,154,55,利刃华尔兹
正义天使,Kayle,棱彩,155,56,魄罗蛮冲
正义天使,Kayle,棱彩,156,57,灵魄炸弹
正义天使,Kayle,白银,157,39,俯冲轰炸
正义天使,Kayle,白银,158,40,下雪天
正义天使,Kayle,棱彩,159,58,至高天诺言
正义天使,Kayle,黄金,160,62,吸血习性
正义天使,Kayle,黄金,161,63,高压锅
正义天使,Kayle,棱彩,162,59,位面转移
正义天使,Kayle,棱彩,163,60,软弹啪叽抓
正义天使,Kayle,棱彩,164,61,舞会女王
正义天使,Kayle,黄金,165,64,关键暴击
正义天使,Kayle,黄金,166,65,暴击飞弹
正义天使,Kayle,棱彩,167,62,艾卡西亚的陷落
正义天使,Kayle,黄金,168,66,会心治疗
正义天使,Kayle,白银,169,41,升级：献祭
正义天使,Kayle,黄金,170,67,活力焕发
正义天使,Kayle,黄金,171,68,易损
正义天使,Kayle,黄金,172,69,祖母的辣椒油
正义天使,Kayle,白银,173,42,会心防御
正义天使,Kayle,黄金,174,70,魄罗爆破手
正义天使,Kayle,白银,175,43,闪闪现现
正义天使,Kayle,白银,176,44,强力护盾
正义天使,Kayle,白银,177,45,闪光弹
正义天使,Kayle,黄金,178,71,坚韧
正义天使,Kayle,棱彩,179,63,量子计算
正义天使,Kayle,棱彩,180,64,小丑学院
正义天使,Kayle,黄金,181,72,升级：雪球
正义天使,Kayle,棱彩,182,65,小猫咪找妈妈
正义天使,Kayle,黄金,183,73,雪球扭蛋机
正义天使,Kayle,黄金,184,74,最终都市列车
正义天使,Kayle,白银,185,46,虹吸
正义天使,Kayle,黄金,186,75,仁慈打击
正义天使,Kayle,白银,187,47,叠角龙
正义天使,Kayle,棱彩,188,66,卡皮巴拉空投
正义天使,Kayle,棱彩,189,67,？？？
正义天使,Kayle,棱彩,190,68,魄罗之王的弹跳
正义天使,Kayle,白银,191,48,可靠武器
正义天使,Kayle,白银,192,49,自适应防护
影流之镰,Kayn,白银,1,1,旋转至胜
影流之镰,Kayn,棱彩,2,1,全凭身法
影流之镰,Kayn,黄金,3,1,夜狩
影流之镰,Kayn,黄金,4,2,狂徒豪气
影流之镰,Kayn,黄金,5,3,无尽大杀四方
影流之镰,Kayn,黄金,6,4,牙仙子
影流之镰,Kayn,白银,7,2,渴血
影流之镰,Kayn,白银,8,3,暗影疾奔
影流之镰,Kayn,棱彩,9,2,最终形态
影流之镰,Kayn,黄金,10,5,质变：棱彩阶
影流之镰,Kayn,白银,11,4,大力
影流之镰,Kayn,棱彩,12,3,扳机炼狱
影流之镰,Kayn,黄金,13,6,循环往复
影流之镰,Kayn,棱彩,14,4,飞升仪式
影流之镰,Kayn,黄金,15,7,升级：贪欲九头蛇
影流之镰,Kayn,黄金,16,8,黎明使者的坚决
影流之镰,Kayn,棱彩,17,5,利刃华尔兹
影流之镰,Kayn,黄金,18,9,面包和黄油
影流之镰,Kayn,白银,19,5,升级：收集者
影流之镰,Kayn,黄金,20,10,罪恶快感
影流之镰,Kayn,黄金,21,11,穿针引线
影流之镰,Kayn,黄金,22,12,升级：焚天
影流之镰,Kayn,黄金,23,13,杀戮时间到了
影流之镰,Kayn,棱彩,24,6,终极唤醒
影流之镰,Kayn,黄金,25,14,威能之追求
影流之镰,Kayn,棱彩,26,7,秘术冲拳
影流之镰,Kayn,黄金,27,15,心灵净化
影流之镰,Kayn,黄金,28,16,缩小引擎
影流之镰,Kayn,棱彩,29,8,吃过路兵
影流之镰,Kayn,棱彩,30,9,终极刷新
影流之镰,Kayn,黄金,31,17,面包和果酱
影流之镰,Kayn,棱彩,32,10,珠光护手
影流之镰,Kayn,棱彩,33,11,濒死悟道
影流之镰,Kayn,白银,34,6,魔法转物理
影流之镰,Kayn,黄金,35,18,我们的治疗
影流之镰,Kayn,黄金,36,19,有始有终
影流之镰,Kayn,白银,37,7,升级：死亡之舞
影流之镰,Kayn,白银,38,8,质变：黄金阶
影流之镰,Kayn,黄金,39,20,捐赠
影流之镰,Kayn,棱彩,40,12,飞身踢
影流之镰,Kayn,黄金,41,21,属性叠属性！
影流之镰,Kayn,白银,42,9,快中求稳
影流之镰,Kayn,白银,43,10,逃跑计划
影流之镰,Kayn,棱彩,44,13,回归基本功
影流之镰,Kayn,棱彩,45,14,掷骰狂人
影流之镰,Kayn,黄金,46,22,闪现向前
影流之镰,Kayn,棱彩,47,15,质变：混沌
影流之镰,Kayn,棱彩,48,16,无限循环往复
影流之镰,Kayn,棱彩,49,17,史上最大雪球
影流之镰,Kayn,棱彩,50,18,歌利亚巨人
影流之镰,Kayn,黄金,51,23,吞噬灵魂
影流之镰,Kayn,棱彩,52,19,终极九头蛇
影流之镰,Kayn,棱彩,53,20,巨人杀手
影流之镰,Kayn,黄金,54,24,急急小子
影流之镰,Kayn,棱彩,55,21,大地苏醒
影流之镰,Kayn,棱彩,56,22,科学狂人
影流之镰,Kayn,棱彩,57,23,超负荷
影流之镰,Kayn,黄金,58,25,自然即是治愈
影流之镰,Kayn,黄金,59,26,虚幻武器
影流之镰,Kayn,黄金,60,27,藏身草丛
影流之镰,Kayn,白银,61,11,杀意翻涌
影流之镰,Kayn,黄金,62,28,生机迸发
影流之镰,Kayn,黄金,63,29,升级：无尽之刃
影流之镰,Kayn,白银,64,12,练腿日
影流之镰,Kayn,黄金,65,30,弹球
影流之镰,Kayn,黄金,66,31,冰雪爆裂
影流之镰,Kayn,棱彩,67,24,潘朵拉的盒子
影流之镰,Kayn,棱彩,68,25,大法师
影流之镰,Kayn,黄金,69,32,术士果汁盒
影流之镰,Kayn,黄金,70,33,钢化你心
影流之镰,Kayn,黄金,71,34,溢流
影流之镰,Kayn,黄金,72,35,坦克引擎
影流之镰,Kayn,黄金,73,36,尖端发明家
影流之镰,Kayn,白银,74,13,扇巴掌
影流之镰,Kayn,白银,75,14,大师铸就
影流之镰,Kayn,黄金,76,37,神圣干预
影流之镰,Kayn,棱彩,77,26,巨像的勇气
影流之镰,Kayn,白银,78,15,俯冲轰炸
影流之镰,Kayn,黄金,79,38,鲨鱼暴风
影流之镰,Kayn,棱彩,80,27,尊我为王
影流之镰,Kayn,棱彩,81,28,和我一起困在这里
影流之镰,Kayn,黄金,82,39,哎哟，我的硬币！
影流之镰,Kayn,棱彩,83,29,神圣雪球
影流之镰,Kayn,棱彩,84,30,海牛阿福的勇士
影流之镰,Kayn,黄金,85,40,灵魂虹吸
影流之镰,Kayn,黄金,86,41,不动如山
影流之镰,Kayn,棱彩,87,31,泰坦的坚决
影流之镰,Kayn,白银,88,16,炼狱龙魂
影流之镰,Kayn,黄金,89,42,易损
影流之镰,Kayn,黄金,90,43,鲨鱼诱饵
影流之镰,Kayn,白银,91,17,纯粹主义者 - 术师
影流之镰,Kayn,白银,92,18,下雪天
影流之镰,Kayn,黄金,93,44,面包和奶酪
影流之镰,Kayn,白银,94,19,海洋龙魂
影流之镰,Kayn,棱彩,95,32,软弹啪叽抓
影流之镰,Kayn,棱彩,96,33,全能龙魂
影流之镰,Kayn,棱彩,97,34,位面转移
影流之镰,Kayn,黄金,98,45,关键暴击
影流之镰,Kayn,黄金,99,46,星界躯体
影流之镰,Kayn,棱彩,100,35,属性叠属性叠属性！
影流之镰,Kayn,黄金,101,47,过量延伸者
影流之镰,Kayn,白银,102,20,防护面纱
影流之镰,Kayn,黄金,103,48,豪猪
影流之镰,Kayn,白银,104,21,终极不可阻挡
影流之镰,Kayn,白银,105,22,侵蚀
影流之镰,Kayn,棱彩,106,36,你摸不到
影流之镰,Kayn,棱彩,107,37,死亡之环
影流之镰,Kayn,棱彩,108,38,夺金
影流之镰,Kayn,白银,109,23,家园卫士
影流之镰,Kayn,棱彩,110,39,连拨击锤
影流之镰,Kayn,白银,111,24,属性！
影流之镰,Kayn,黄金,112,49,缩小射线
影流之镰,Kayn,棱彩,113,40,舞会女王
影流之镰,Kayn,黄金,114,50,升级：耀光
影流之镰,Kayn,黄金,115,51,轻拍背部
影流之镰,Kayn,棱彩,116,41,战争交响乐
影流之镰,Kayn,白银,117,25,重量级打击手
影流之镰,Kayn,棱彩,118,42,精怪魔法
影流之镰,Kayn,黄金,119,52,回力OK镖
影流之镰,Kayn,黄金,120,53,高压锅
影流之镰,Kayn,白银,121,26,双生火焰
影流之镰,Kayn,黄金,122,54,魔法飞弹
影流之镰,Kayn,白银,123,27,唯快不破
影流之镰,Kayn,白银,124,28,海克斯科技龙魂
影流之镰,Kayn,黄金,125,55,咏叹奏鸣
影流之镰,Kayn,棱彩,126,43,空投熊
影流之镰,Kayn,棱彩,127,44,双刀流
影流之镰,Kayn,黄金,128,56,火上浇油
影流之镰,Kayn,黄金,129,57,炽烈黎明
影流之镰,Kayn,白银,130,29,台风
影流之镰,Kayn,黄金,131,58,更万用的瞄准镜
影流之镰,Kayn,棱彩,132,45,双发快射
影流之镰,Kayn,棱彩,133,46,男爵之手
影流之镰,Kayn,白银,134,30,会心防御
影流之镰,Kayn,白银,135,31,转得我眩晕了
影流之镰,Kayn,白银,136,32,由心及物
影流之镰,Kayn,棱彩,137,47,玻璃大炮
影流之镰,Kayn,棱彩,138,48,炼狱导管
影流之镰,Kayn,白银,139,33,山脉龙魂
影流之镰,Kayn,白银,140,34,火狐
影流之镰,Kayn,棱彩,141,49,电涌力场
影流之镰,Kayn,棱彩,142,50,魄罗蛮冲
影流之镰,Kayn,白银,143,35,注魔
影流之镰,Kayn,棱彩,144,51,至高天诺言
影流之镰,Kayn,白银,145,36,由暴生急
影流之镰,Kayn,棱彩,146,52,风语者的祝福
影流之镰,Kayn,棱彩,147,53,艾卡西亚的陷落
影流之镰,Kayn,黄金,148,59,吸血习性
影流之镰,Kayn,白银,149,37,灵巧
影流之镰,Kayn,棱彩,150,54,最万用的瞄准镜
影流之镰,Kayn,白银,151,38,冰寒
影流之镰,Kayn,白银,152,39,吵闹鬼
影流之镰,Kayn,白银,153,40,万用瞄准镜
影流之镰,Kayn,白银,154,41,升级：献祭
影流之镰,Kayn,棱彩,155,55,踢踏舞
影流之镰,Kayn,黄金,156,60,活力焕发
影流之镰,Kayn,白银,157,42,闪闪现现
影流之镰,Kayn,白银,158,43,闪光弹
影流之镰,Kayn,黄金,159,61,狙神飞星
影流之镰,Kayn,白银,160,44,点亮他们！
影流之镰,Kayn,棱彩,161,56,小丑学院
影流之镰,Kayn,黄金,162,62,会心治疗
影流之镰,Kayn,棱彩,163,57,灵魄炸弹
影流之镰,Kayn,白银,164,45,急救用具
影流之镰,Kayn,黄金,165,63,急速之追求
影流之镰,Kayn,棱彩,166,58,量子计算
影流之镰,Kayn,黄金,167,64,雪球扭蛋机
影流之镰,Kayn,黄金,168,65,坚韧
影流之镰,Kayn,白银,169,46,强力护盾
影流之镰,Kayn,黄金,170,66,升级：雪球
影流之镰,Kayn,棱彩,171,59,蛋白粉奶昔
影流之镰,Kayn,黄金,172,67,虚空冲刺
影流之镰,Kayn,黄金,173,68,最终都市列车
影流之镰,Kayn,白银,174,47,坚若磐石
影流之镰,Kayn,白银,175,48,叠角龙
影流之镰,Kayn,黄金,176,69,暴击律动
影流之镰,Kayn,白银,177,49,可靠武器
影流之镰,Kayn,黄金,178,70,神射法师
影流之镰,Kayn,黄金,179,71,魄罗爆破手
影流之镰,Kayn,棱彩,180,60,你肩上的恶魔
影流之镰,Kayn,棱彩,181,61,回响施放
影流之镰,Kayn,黄金,182,72,仁慈打击
影流之镰,Kayn,白银,183,50,自适应防护
狂暴之心,Kennen,黄金,1,1,术士果汁盒
狂暴之心,Kennen,黄金,2,2,杀戮时间到了
狂暴之心,Kennen,白银,3,1,升级：中娅
狂暴之心,Kennen,黄金,4,3,魔法飞弹
狂暴之心,Kennen,黄金,5,4,超凡邪恶
狂暴之心,Kennen,棱彩,6,1,尤里卡
狂暴之心,Kennen,白银,7,2,巫师式思考
狂暴之心,Kennen,白银,8,3,双生火焰
狂暴之心,Kennen,黄金,9,5,超强大脑
狂暴之心,Kennen,黄金,10,6,神射法师
狂暴之心,Kennen,黄金,11,7,牙仙子
狂暴之心,Kennen,白银,12,4,终极不可阻挡
狂暴之心,Kennen,棱彩,13,2,精怪魔法
狂暴之心,Kennen,棱彩,14,3,巨人杀手
狂暴之心,Kennen,棱彩,15,4,终极刷新
狂暴之心,Kennen,黄金,16,8,质变：棱彩阶
狂暴之心,Kennen,黄金,17,9,快步
狂暴之心,Kennen,棱彩,18,5,沃格勒特的巫师帽
狂暴之心,Kennen,黄金,19,10,虚幻武器
狂暴之心,Kennen,棱彩,20,6,你摸不到
狂暴之心,Kennen,黄金,21,11,急急小子
狂暴之心,Kennen,黄金,22,12,循环往复
狂暴之心,Kennen,白银,23,5,纯粹主义者 - 术师
狂暴之心,Kennen,黄金,24,13,闪现向前
狂暴之心,Kennen,棱彩,25,7,残忍
狂暴之心,Kennen,棱彩,26,8,终极唤醒
狂暴之心,Kennen,棱彩,27,9,无限循环往复
狂暴之心,Kennen,黄金,28,14,缩小引擎
狂暴之心,Kennen,白银,29,6,练腿日
狂暴之心,Kennen,棱彩,30,10,珠光护手
狂暴之心,Kennen,白银,31,7,逃跑计划
狂暴之心,Kennen,棱彩,32,11,掷骰狂人
狂暴之心,Kennen,黄金,33,15,穿针引线
狂暴之心,Kennen,棱彩,34,12,大法师
狂暴之心,Kennen,棱彩,35,13,回响施放
狂暴之心,Kennen,黄金,36,16,急速之追求
狂暴之心,Kennen,白银,37,8,质变：黄金阶
狂暴之心,Kennen,黄金,38,17,威能之追求
狂暴之心,Kennen,黄金,39,18,老练狙神
狂暴之心,Kennen,黄金,40,19,更万用的瞄准镜
狂暴之心,Kennen,黄金,41,20,弹球
狂暴之心,Kennen,棱彩,42,14,炼狱导管
狂暴之心,Kennen,白银,43,9,物理转魔法
狂暴之心,Kennen,棱彩,44,15,咒语裂变
狂暴之心,Kennen,白银,45,10,海克斯科技龙魂
狂暴之心,Kennen,棱彩,46,16,电涌力场
狂暴之心,Kennen,白银,47,11,家园卫士
狂暴之心,Kennen,棱彩,48,17,史上最大雪球
狂暴之心,Kennen,黄金,49,21,捐赠
狂暴之心,Kennen,白银,50,12,下雪天
狂暴之心,Kennen,黄金,51,22,有始有终
狂暴之心,Kennen,棱彩,52,18,大招工具人
狂暴之心,Kennen,黄金,53,23,尖端发明家
狂暴之心,Kennen,黄金,54,24,属性叠属性！
狂暴之心,Kennen,棱彩,55,19,多重射击
狂暴之心,Kennen,黄金,56,25,面包和果酱
狂暴之心,Kennen,黄金,57,26,心灵净化
狂暴之心,Kennen,白银,58,13,扇巴掌
狂暴之心,Kennen,棱彩,59,20,不祥契约
狂暴之心,Kennen,白银,60,14,火狐
狂暴之心,Kennen,黄金,61,27,轻拍背部
狂暴之心,Kennen,白银,62,15,俯冲轰炸
狂暴之心,Kennen,棱彩,63,21,质变：混沌
狂暴之心,Kennen,黄金,64,28,鲨鱼暴风
狂暴之心,Kennen,白银,65,16,炼狱龙魂
狂暴之心,Kennen,棱彩,66,22,神圣雪球
狂暴之心,Kennen,棱彩,67,23,最终形态
狂暴之心,Kennen,白银,68,17,渴血
狂暴之心,Kennen,白银,69,18,大师铸就
狂暴之心,Kennen,白银,70,19,侵蚀
狂暴之心,Kennen,黄金,71,29,夜狩
狂暴之心,Kennen,白银,72,20,唯快不破
狂暴之心,Kennen,黄金,73,30,鲨鱼诱饵
狂暴之心,Kennen,白银,74,21,杀意翻涌
狂暴之心,Kennen,白银,75,22,灵巧
狂暴之心,Kennen,黄金,76,31,面包和黄油
狂暴之心,Kennen,黄金,77,32,狙神飞星
狂暴之心,Kennen,棱彩,78,24,物法皆修
狂暴之心,Kennen,黄金,79,33,冰雪爆裂
狂暴之心,Kennen,黄金,80,34,面包和奶酪
狂暴之心,Kennen,白银,81,23,万用瞄准镜
狂暴之心,Kennen,棱彩,82,25,最万用的瞄准镜
狂暴之心,Kennen,白银,83,24,冰寒
狂暴之心,Kennen,棱彩,84,26,潘朵拉的盒子
狂暴之心,Kennen,白银,85,25,台风
狂暴之心,Kennen,棱彩,86,27,玻璃大炮
狂暴之心,Kennen,白银,87,26,防护面纱
狂暴之心,Kennen,白银,88,27,狂热者
狂暴之心,Kennen,棱彩,89,28,亮出你的剑
狂暴之心,Kennen,黄金,90,35,神圣干预
狂暴之心,Kennen,棱彩,91,29,超负荷
狂暴之心,Kennen,黄金,92,36,罪恶快感
狂暴之心,Kennen,黄金,93,37,不动如山
狂暴之心,Kennen,棱彩,94,30,利刃华尔兹
狂暴之心,Kennen,棱彩,95,31,空投熊
狂暴之心,Kennen,棱彩,96,32,双刀流
狂暴之心,Kennen,黄金,97,38,哎哟，我的硬币！
狂暴之心,Kennen,棱彩,98,33,扳机炼狱
狂暴之心,Kennen,黄金,99,39,火上浇油
狂暴之心,Kennen,黄金,100,40,暴击飞弹
狂暴之心,Kennen,棱彩,101,34,科学狂人
狂暴之心,Kennen,黄金,102,41,炽烈黎明
狂暴之心,Kennen,黄金,103,42,过量延伸者
狂暴之心,Kennen,黄金,104,43,吞噬灵魂
狂暴之心,Kennen,棱彩,105,35,连拨击锤
狂暴之心,Kennen,黄金,106,44,生机迸发
狂暴之心,Kennen,白银,107,28,属性！
狂暴之心,Kennen,黄金,108,45,升级：无尽之刃
狂暴之心,Kennen,棱彩,109,36,巨像的勇气
狂暴之心,Kennen,黄金,110,46,藏身草丛
狂暴之心,Kennen,棱彩,111,37,飞身踢
狂暴之心,Kennen,黄金,112,47,升级：耀光
狂暴之心,Kennen,黄金,113,48,缩小射线
狂暴之心,Kennen,棱彩,114,38,海牛阿福的勇士
狂暴之心,Kennen,黄金,115,49,回力OK镖
狂暴之心,Kennen,棱彩,116,39,全能龙魂
狂暴之心,Kennen,白银,117,29,点亮他们！
狂暴之心,Kennen,棱彩,118,40,尊我为王
狂暴之心,Kennen,棱彩,119,41,属性叠属性叠属性！
狂暴之心,Kennen,白银,120,30,升级：收集者
狂暴之心,Kennen,棱彩,121,42,秘术冲拳
狂暴之心,Kennen,白银,122,31,转得我眩晕了
狂暴之心,Kennen,白银,123,32,吵闹鬼
狂暴之心,Kennen,棱彩,124,43,夺金
狂暴之心,Kennen,黄金,125,50,黎明使者的坚决
狂暴之心,Kennen,黄金,126,51,暴击律动
狂暴之心,Kennen,白银,127,33,山脉龙魂
狂暴之心,Kennen,棱彩,128,44,吃过路兵
狂暴之心,Kennen,黄金,129,52,咏叹奏鸣
狂暴之心,Kennen,棱彩,130,45,踢踏舞
狂暴之心,Kennen,黄金,131,53,自然即是治愈
狂暴之心,Kennen,黄金,132,54,坦克引擎
狂暴之心,Kennen,白银,133,34,魔法转物理
狂暴之心,Kennen,白银,134,35,大力
狂暴之心,Kennen,棱彩,135,46,战争交响乐
狂暴之心,Kennen,棱彩,136,47,男爵之手
狂暴之心,Kennen,棱彩,137,48,歌利亚巨人
狂暴之心,Kennen,白银,138,36,海洋龙魂
狂暴之心,Kennen,黄金,139,55,豪猪
狂暴之心,Kennen,黄金,140,56,星界躯体
狂暴之心,Kennen,白银,141,37,闪光弹
狂暴之心,Kennen,棱彩,142,49,魄罗蛮冲
狂暴之心,Kennen,棱彩,143,50,双发快射
狂暴之心,Kennen,棱彩,144,51,飞升仪式
狂暴之心,Kennen,黄金,145,57,我们的治疗
狂暴之心,Kennen,白银,146,38,闪闪现现
狂暴之心,Kennen,黄金,147,58,无尽大杀四方
狂暴之心,Kennen,黄金,148,59,钢化你心
狂暴之心,Kennen,棱彩,149,52,濒死悟道
狂暴之心,Kennen,棱彩,150,53,回归基本功
狂暴之心,Kennen,棱彩,151,54,位面转移
狂暴之心,Kennen,黄金,152,60,高压锅
狂暴之心,Kennen,棱彩,153,55,泰坦的坚决
狂暴之心,Kennen,棱彩,154,56,软弹啪叽抓
狂暴之心,Kennen,白银,155,39,重量级打击手
狂暴之心,Kennen,白银,156,40,坚若磐石
狂暴之心,Kennen,黄金,157,61,升级：雪球
狂暴之心,Kennen,黄金,158,62,吸血习性
狂暴之心,Kennen,棱彩,159,57,小丑学院
狂暴之心,Kennen,黄金,160,63,祖母的辣椒油
狂暴之心,Kennen,黄金,161,64,关键暴击
狂暴之心,Kennen,黄金,162,65,雪球扭蛋机
狂暴之心,Kennen,棱彩,163,58,量子计算
狂暴之心,Kennen,黄金,164,66,活力焕发
狂暴之心,Kennen,黄金,165,67,灵魂虹吸
狂暴之心,Kennen,黄金,166,68,易损
狂暴之心,Kennen,黄金,167,69,魄罗爆破手
狂暴之心,Kennen,棱彩,168,59,和我一起困在这里
狂暴之心,Kennen,白银,169,41,会心防御
狂暴之心,Kennen,黄金,170,70,坚韧
狂暴之心,Kennen,黄金,171,71,会心治疗
狂暴之心,Kennen,棱彩,172,60,魄罗之王的弹跳
狂暴之心,Kennen,黄金,173,72,最终都市列车
狂暴之心,Kennen,白银,174,42,虹吸
狂暴之心,Kennen,棱彩,175,61,全凭身法
狂暴之心,Kennen,棱彩,176,62,蛋白粉奶昔
狂暴之心,Kennen,棱彩,177,63,艾卡西亚的陷落
狂暴之心,Kennen,棱彩,178,64,升级：花晓之剑
狂暴之心,Kennen,棱彩,179,65,舞会女王
狂暴之心,Kennen,棱彩,180,66,？？？
狂暴之心,Kennen,白银,181,43,由暴生急
虚空掠夺者,Khazix,黄金,1,1,夜狩
虚空掠夺者,Khazix,黄金,2,2,穿针引线
虚空掠夺者,Khazix,黄金,3,3,牙仙子
虚空掠夺者,Khazix,白银,4,1,升级：收集者
虚空掠夺者,Khazix,白银,5,2,暗影疾奔
虚空掠夺者,Khazix,白银,6,3,大力
虚空掠夺者,Khazix,棱彩,7,1,飞升仪式
虚空掠夺者,Khazix,棱彩,8,2,最终形态
虚空掠夺者,Khazix,棱彩,9,3,利刃华尔兹
虚空掠夺者,Khazix,黄金,10,4,藏身草丛
虚空掠夺者,Khazix,黄金,11,5,质变：棱彩阶
虚空掠夺者,Khazix,黄金,12,6,罪恶快感
虚空掠夺者,Khazix,黄金,13,7,威能之追求
虚空掠夺者,Khazix,棱彩,14,4,吃过路兵
虚空掠夺者,Khazix,白银,15,4,渴血
虚空掠夺者,Khazix,棱彩,16,5,珠光护手
虚空掠夺者,Khazix,棱彩,17,6,回归基本功
虚空掠夺者,Khazix,黄金,18,8,缩小引擎
虚空掠夺者,Khazix,黄金,19,9,循环往复
虚空掠夺者,Khazix,白银,20,5,魔法转物理
虚空掠夺者,Khazix,黄金,21,10,面包和果酱
虚空掠夺者,Khazix,棱彩,22,7,超负荷
虚空掠夺者,Khazix,黄金,23,11,升级：贪欲九头蛇
虚空掠夺者,Khazix,黄金,24,12,急速之追求
虚空掠夺者,Khazix,黄金,25,13,有始有终
虚空掠夺者,Khazix,棱彩,26,8,巨人杀手
虚空掠夺者,Khazix,棱彩,27,9,掷骰狂人
虚空掠夺者,Khazix,白银,28,6,逃跑计划
虚空掠夺者,Khazix,黄金,29,14,属性叠属性！
虚空掠夺者,Khazix,棱彩,30,10,科学狂人
虚空掠夺者,Khazix,棱彩,31,11,全凭身法
虚空掠夺者,Khazix,黄金,32,15,无尽大杀四方
虚空掠夺者,Khazix,棱彩,33,12,终极唤醒
虚空掠夺者,Khazix,白银,34,7,虹吸
虚空掠夺者,Khazix,黄金,35,16,升级：无尽之刃
虚空掠夺者,Khazix,白银,36,8,杀意翻涌
虚空掠夺者,Khazix,黄金,37,17,面包和黄油
虚空掠夺者,Khazix,白银,38,9,质变：黄金阶
虚空掠夺者,Khazix,黄金,39,18,杀戮时间到了
虚空掠夺者,Khazix,棱彩,40,13,你摸不到
虚空掠夺者,Khazix,黄金,41,19,捐赠
虚空掠夺者,Khazix,棱彩,42,14,质变：混沌
虚空掠夺者,Khazix,黄金,43,20,虚幻武器
虚空掠夺者,Khazix,棱彩,44,15,史上最大雪球
虚空掠夺者,Khazix,黄金,45,21,小小的额外帮助
虚空掠夺者,Khazix,白银,46,10,终极不可阻挡
虚空掠夺者,Khazix,黄金,47,22,闪现向前
虚空掠夺者,Khazix,棱彩,48,16,大地苏醒
虚空掠夺者,Khazix,黄金,49,23,面包和奶酪
虚空掠夺者,Khazix,棱彩,50,17,无限循环往复
虚空掠夺者,Khazix,白银,51,11,练腿日
虚空掠夺者,Khazix,黄金,52,24,溢流
虚空掠夺者,Khazix,白银,53,12,炼狱龙魂
虚空掠夺者,Khazix,棱彩,54,18,潘朵拉的盒子
虚空掠夺者,Khazix,棱彩,55,19,终极九头蛇
虚空掠夺者,Khazix,黄金,56,25,急急小子
虚空掠夺者,Khazix,白银,57,13,前进时间到
虚空掠夺者,Khazix,白银,58,14,家园卫士
虚空掠夺者,Khazix,黄金,59,26,心灵净化
虚空掠夺者,Khazix,白银,60,15,大师铸就
虚空掠夺者,Khazix,黄金,61,27,弹球
虚空掠夺者,Khazix,棱彩,62,20,海牛阿福的勇士
虚空掠夺者,Khazix,棱彩,63,21,神圣雪球
虚空掠夺者,Khazix,白银,64,16,升级：死亡之舞
虚空掠夺者,Khazix,白银,65,17,快中求稳
虚空掠夺者,Khazix,棱彩,66,22,全能龙魂
虚空掠夺者,Khazix,棱彩,67,23,濒死悟道
虚空掠夺者,Khazix,黄金,68,28,狂徒豪气
虚空掠夺者,Khazix,黄金,69,29,冰雪爆裂
虚空掠夺者,Khazix,棱彩,70,24,终极刷新
虚空掠夺者,Khazix,黄金,71,30,易损
虚空掠夺者,Khazix,棱彩,72,25,飞身踢
虚空掠夺者,Khazix,棱彩,73,26,大法师
虚空掠夺者,Khazix,黄金,74,31,升级：焚天
虚空掠夺者,Khazix,黄金,75,32,关键暴击
虚空掠夺者,Khazix,棱彩,76,27,扳机炼狱
虚空掠夺者,Khazix,棱彩,77,28,尊我为王
虚空掠夺者,Khazix,黄金,78,33,哎哟，我的硬币！
虚空掠夺者,Khazix,棱彩,79,29,战争交响乐
虚空掠夺者,Khazix,白银,80,18,防护面纱
虚空掠夺者,Khazix,白银,81,19,俯冲轰炸
虚空掠夺者,Khazix,棱彩,82,30,位面转移
虚空掠夺者,Khazix,棱彩,83,31,连拨击锤
虚空掠夺者,Khazix,黄金,84,34,灵魂虹吸
虚空掠夺者,Khazix,棱彩,85,32,歌利亚巨人
虚空掠夺者,Khazix,黄金,86,35,鲨鱼暴风
虚空掠夺者,Khazix,棱彩,87,33,属性叠属性叠属性！
虚空掠夺者,Khazix,黄金,88,36,神圣干预
虚空掠夺者,Khazix,棱彩,89,34,夺金
虚空掠夺者,Khazix,棱彩,90,35,秘术冲拳
虚空掠夺者,Khazix,棱彩,91,36,和我一起困在这里
虚空掠夺者,Khazix,黄金,92,37,轻拍背部
虚空掠夺者,Khazix,黄金,93,38,鲨鱼诱饵
虚空掠夺者,Khazix,黄金,94,39,魔法飞弹
虚空掠夺者,Khazix,棱彩,95,37,针插垫
虚空掠夺者,Khazix,黄金,96,40,自然即是治愈
虚空掠夺者,Khazix,白银,97,20,唯快不破
虚空掠夺者,Khazix,黄金,98,41,术士果汁盒
虚空掠夺者,Khazix,白银,99,21,下雪天
虚空掠夺者,Khazix,白银,100,22,海克斯科技龙魂
虚空掠夺者,Khazix,白银,101,23,纯粹主义者 - 术师
虚空掠夺者,Khazix,黄金,102,42,生机迸发
虚空掠夺者,Khazix,黄金,103,43,尖端发明家
虚空掠夺者,Khazix,白银,104,24,海洋龙魂
虚空掠夺者,Khazix,白银,105,25,双生火焰
虚空掠夺者,Khazix,黄金,106,44,更万用的瞄准镜
虚空掠夺者,Khazix,棱彩,107,38,双发快射
虚空掠夺者,Khazix,白银,108,26,属性！
虚空掠夺者,Khazix,棱彩,109,39,双刀流
虚空掠夺者,Khazix,黄金,110,45,过量延伸者
虚空掠夺者,Khazix,黄金,111,46,黎明使者的坚决
虚空掠夺者,Khazix,棱彩,112,40,玻璃大炮
虚空掠夺者,Khazix,白银,113,27,侵蚀
虚空掠夺者,Khazix,白银,114,28,冰寒
虚空掠夺者,Khazix,白银,115,29,会心防御
虚空掠夺者,Khazix,黄金,116,47,炽烈黎明
虚空掠夺者,Khazix,黄金,117,48,回力OK镖
虚空掠夺者,Khazix,白银,118,30,台风
虚空掠夺者,Khazix,白银,119,31,注魔
虚空掠夺者,Khazix,黄金,120,49,缩小射线
虚空掠夺者,Khazix,棱彩,121,41,男爵之手
虚空掠夺者,Khazix,黄金,122,50,升级：耀光
虚空掠夺者,Khazix,棱彩,123,42,舞会女王
虚空掠夺者,Khazix,黄金,124,51,坦克引擎
虚空掠夺者,Khazix,棱彩,125,43,最万用的瞄准镜
虚空掠夺者,Khazix,黄金,126,52,狙神飞星
虚空掠夺者,Khazix,白银,127,32,由心及物
虚空掠夺者,Khazix,黄金,128,53,我们的治疗
虚空掠夺者,Khazix,棱彩,129,44,空投熊
虚空掠夺者,Khazix,棱彩,130,45,大招工具人
虚空掠夺者,Khazix,棱彩,131,46,魄罗蛮冲
虚空掠夺者,Khazix,白银,132,33,由暴生急
虚空掠夺者,Khazix,棱彩,133,47,泰坦的坚决
虚空掠夺者,Khazix,棱彩,134,48,电涌力场
虚空掠夺者,Khazix,黄金,135,54,火上浇油
虚空掠夺者,Khazix,白银,136,34,山脉龙魂
虚空掠夺者,Khazix,白银,137,35,万用瞄准镜
虚空掠夺者,Khazix,黄金,138,55,星界躯体
虚空掠夺者,Khazix,棱彩,139,49,炼狱导管
虚空掠夺者,Khazix,黄金,140,56,咏叹奏鸣
虚空掠夺者,Khazix,白银,141,36,重量级打击手
虚空掠夺者,Khazix,白银,142,37,转得我眩晕了
虚空掠夺者,Khazix,白银,143,38,吵闹鬼
虚空掠夺者,Khazix,黄金,144,57,钢化你心
虚空掠夺者,Khazix,黄金,145,58,豪猪
虚空掠夺者,Khazix,白银,146,39,火狐
虚空掠夺者,Khazix,白银,147,40,灵巧
虚空掠夺者,Khazix,棱彩,148,50,软弹啪叽抓
虚空掠夺者,Khazix,棱彩,149,51,小丑学院
虚空掠夺者,Khazix,棱彩,150,52,踢踏舞
虚空掠夺者,Khazix,黄金,151,59,高压锅
虚空掠夺者,Khazix,黄金,152,60,吸血习性
虚空掠夺者,Khazix,棱彩,153,53,艾卡西亚的陷落
虚空掠夺者,Khazix,白银,154,41,闪光弹
虚空掠夺者,Khazix,白银,155,42,闪闪现现
虚空掠夺者,Khazix,白银,156,43,点亮他们！
虚空掠夺者,Khazix,白银,157,44,升级：献祭
虚空掠夺者,Khazix,黄金,158,61,活力焕发
虚空掠夺者,Khazix,黄金,159,62,升级：雪球
虚空掠夺者,Khazix,棱彩,160,54,量子计算
虚空掠夺者,Khazix,黄金,161,63,会心治疗
虚空掠夺者,Khazix,黄金,162,64,魄罗爆破手
虚空掠夺者,Khazix,黄金,163,65,坚韧
虚空掠夺者,Khazix,黄金,164,66,雪球扭蛋机
虚空掠夺者,Khazix,黄金,165,67,最终都市列车
虚空掠夺者,Khazix,棱彩,166,55,至高天诺言
虚空掠夺者,Khazix,黄金,167,68,暴击律动
虚空掠夺者,Khazix,黄金,168,69,神射法师
虚空掠夺者,Khazix,白银,169,45,叠角龙
虚空掠夺者,Khazix,白银,170,46,强力护盾
虚空掠夺者,Khazix,棱彩,171,56,魄罗之王的弹跳
虚空掠夺者,Khazix,棱彩,172,57,你肩上的恶魔
虚空掠夺者,Khazix,黄金,173,70,虚空冲刺
虚空掠夺者,Khazix,白银,174,47,可靠武器
永猎双子,Kindred,黄金,1,1,更万用的瞄准镜
永猎双子,Kindred,黄金,2,2,升级：无尽之刃
永猎双子,Kindred,黄金,3,3,暴击律动
永猎双子,Kindred,棱彩,4,1,双刀流
永猎双子,Kindred,白银,5,1,灵巧
永猎双子,Kindred,棱彩,6,2,最万用的瞄准镜
永猎双子,Kindred,棱彩,7,3,连拨击锤
永猎双子,Kindred,白银,8,2,台风
永猎双子,Kindred,黄金,9,4,罪恶快感
永猎双子,Kindred,白银,10,3,万用瞄准镜
永猎双子,Kindred,棱彩,11,4,巨人杀手
永猎双子,Kindred,棱彩,12,5,踢踏舞
永猎双子,Kindred,黄金,13,5,暴击飞弹
永猎双子,Kindred,白银,14,4,大力
永猎双子,Kindred,黄金,15,6,灵魂虹吸
永猎双子,Kindred,黄金,16,7,关键暴击
永猎双子,Kindred,白银,17,5,升级：收集者
永猎双子,Kindred,白银,18,6,渴血
永猎双子,Kindred,黄金,19,8,质变：棱彩阶
永猎双子,Kindred,棱彩,20,6,秘术冲拳
永猎双子,Kindred,棱彩,21,7,双发快射
永猎双子,Kindred,白银,22,7,点亮他们！
永猎双子,Kindred,黄金,23,9,狂徒豪气
永猎双子,Kindred,白银,24,8,会心防御
永猎双子,Kindred,黄金,25,10,易损
永猎双子,Kindred,黄金,26,11,火上浇油
永猎双子,Kindred,白银,27,9,暗影疾奔
永猎双子,Kindred,棱彩,28,8,掷骰狂人
永猎双子,Kindred,白银,29,10,魔法转物理
永猎双子,Kindred,黄金,30,12,捐赠
永猎双子,Kindred,白银,31,11,叠角龙
永猎双子,Kindred,白银,32,12,逃跑计划
永猎双子,Kindred,黄金,33,13,急速之追求
永猎双子,Kindred,棱彩,34,9,全凭身法
永猎双子,Kindred,黄金,35,14,威能之追求
永猎双子,Kindred,黄金,36,15,面包和黄油
永猎双子,Kindred,黄金,37,16,缩小引擎
永猎双子,Kindred,黄金,38,17,穿针引线
永猎双子,Kindred,黄金,39,18,缩小射线
永猎双子,Kindred,白银,40,13,质变：黄金阶
永猎双子,Kindred,棱彩,41,10,战争交响乐
永猎双子,Kindred,棱彩,42,11,亮出你的剑
永猎双子,Kindred,黄金,43,19,杀戮时间到了
永猎双子,Kindred,棱彩,44,12,吃过路兵
永猎双子,Kindred,黄金,45,20,虚幻武器
永猎双子,Kindred,黄金,46,21,心灵净化
永猎双子,Kindred,棱彩,47,13,质变：混沌
永猎双子,Kindred,黄金,48,22,属性叠属性！
永猎双子,Kindred,棱彩,49,14,回归基本功
永猎双子,Kindred,黄金,50,23,夜狩
永猎双子,Kindred,白银,51,14,练腿日
永猎双子,Kindred,白银,52,15,快中求稳
永猎双子,Kindred,黄金,53,24,循环往复
永猎双子,Kindred,黄金,54,25,牙仙子
永猎双子,Kindred,棱彩,55,15,珠光护手
永猎双子,Kindred,白银,56,16,狂热者
永猎双子,Kindred,棱彩,57,16,超负荷
永猎双子,Kindred,黄金,58,26,闪现向前
永猎双子,Kindred,白银,59,17,双生火焰
永猎双子,Kindred,白银,60,18,由暴生急
永猎双子,Kindred,白银,61,19,家园卫士
永猎双子,Kindred,白银,62,20,大师铸就
永猎双子,Kindred,黄金,63,27,有始有终
永猎双子,Kindred,棱彩,64,17,终极刷新
永猎双子,Kindred,黄金,65,28,魔法飞弹
永猎双子,Kindred,棱彩,66,18,潘朵拉的盒子
永猎双子,Kindred,黄金,67,29,自然即是治愈
永猎双子,Kindred,棱彩,68,19,利刃华尔兹
永猎双子,Kindred,棱彩,69,20,海牛阿福的勇士
永猎双子,Kindred,黄金,70,30,面包和果酱
永猎双子,Kindred,棱彩,71,21,飞身踢
永猎双子,Kindred,白银,72,21,侵蚀
永猎双子,Kindred,棱彩,73,22,终极唤醒
永猎双子,Kindred,黄金,74,31,术士果汁盒
永猎双子,Kindred,白银,75,22,海克斯科技龙魂
永猎双子,Kindred,棱彩,76,23,终极九头蛇
永猎双子,Kindred,白银,77,23,炼狱龙魂
永猎双子,Kindred,黄金,78,32,哎哟，我的硬币！
永猎双子,Kindred,黄金,79,33,面包和奶酪
永猎双子,Kindred,黄金,80,34,生机迸发
永猎双子,Kindred,棱彩,81,24,全能龙魂
永猎双子,Kindred,黄金,82,35,神圣干预
永猎双子,Kindred,棱彩,83,25,科学狂人
永猎双子,Kindred,黄金,84,36,坦克引擎
永猎双子,Kindred,白银,85,24,唯快不破
永猎双子,Kindred,白银,86,25,杀意翻涌
永猎双子,Kindred,白银,87,26,注魔
永猎双子,Kindred,棱彩,88,26,扳机炼狱
永猎双子,Kindred,黄金,89,37,回力OK镖
永猎双子,Kindred,棱彩,90,27,属性叠属性叠属性！
永猎双子,Kindred,白银,91,27,防护面纱
永猎双子,Kindred,棱彩,92,28,无限循环往复
永猎双子,Kindred,白银,93,28,吵闹鬼
永猎双子,Kindred,棱彩,94,29,夺金
永猎双子,Kindred,白银,95,29,海洋龙魂
永猎双子,Kindred,棱彩,96,30,尊我为王
永猎双子,Kindred,黄金,97,38,升级：贪欲九头蛇
永猎双子,Kindred,黄金,98,39,急急小子
永猎双子,Kindred,棱彩,99,31,史上最大雪球
永猎双子,Kindred,黄金,100,40,炽烈黎明
永猎双子,Kindred,白银,101,30,属性！
永猎双子,Kindred,黄金,102,41,黎明使者的坚决
永猎双子,Kindred,黄金,103,42,轻拍背部
永猎双子,Kindred,棱彩,104,32,濒死悟道
永猎双子,Kindred,棱彩,105,33,位面转移
永猎双子,Kindred,黄金,106,43,老练狙神
永猎双子,Kindred,棱彩,107,34,最终形态
永猎双子,Kindred,棱彩,108,35,大法师
永猎双子,Kindred,棱彩,109,36,玻璃大炮
永猎双子,Kindred,棱彩,110,37,大地苏醒
永猎双子,Kindred,黄金,111,44,咏叹奏鸣
永猎双子,Kindred,黄金,112,45,尖端发明家
永猎双子,Kindred,黄金,113,46,我们的治疗
永猎双子,Kindred,黄金,114,47,狙神飞星
永猎双子,Kindred,棱彩,115,38,电涌力场
永猎双子,Kindred,棱彩,116,39,飞升仪式
永猎双子,Kindred,黄金,117,48,鲨鱼暴风
永猎双子,Kindred,黄金,118,49,钢化你心
永猎双子,Kindred,黄金,119,50,藏身草丛
永猎双子,Kindred,黄金,120,51,星界躯体
永猎双子,Kindred,棱彩,121,40,男爵之手
永猎双子,Kindred,黄金,122,52,鲨鱼诱饵
永猎双子,Kindred,白银,123,31,转得我眩晕了
永猎双子,Kindred,棱彩,124,41,大招工具人
永猎双子,Kindred,白银,125,32,重量级打击手
永猎双子,Kindred,棱彩,126,42,神圣雪球
永猎双子,Kindred,黄金,127,53,弹球
永猎双子,Kindred,黄金,128,54,冰雪爆裂
永猎双子,Kindred,棱彩,129,43,歌利亚巨人
永猎双子,Kindred,白银,130,33,火狐
永猎双子,Kindred,棱彩,131,44,魄罗蛮冲
永猎双子,Kindred,棱彩,132,45,你摸不到
永猎双子,Kindred,黄金,133,55,豪猪
永猎双子,Kindred,黄金,134,56,超凡邪恶
永猎双子,Kindred,棱彩,135,46,炼狱导管
永猎双子,Kindred,棱彩,136,47,泰坦的坚决
永猎双子,Kindred,黄金,137,57,过量延伸者
永猎双子,Kindred,白银,138,34,山脉龙魂
永猎双子,Kindred,白银,139,35,俯冲轰炸
永猎双子,Kindred,黄金,140,58,溢流
永猎双子,Kindred,黄金,141,59,吸血习性
永猎双子,Kindred,白银,142,36,下雪天
永猎双子,Kindred,黄金,143,60,高压锅
永猎双子,Kindred,白银,144,37,纯粹主义者 - 术师
永猎双子,Kindred,棱彩,145,48,软弹啪叽抓
永猎双子,Kindred,白银,146,38,冰寒
永猎双子,Kindred,白银,147,39,由心及物
永猎双子,Kindred,黄金,148,61,无尽大杀四方
永猎双子,Kindred,黄金,149,62,会心治疗
永猎双子,Kindred,棱彩,150,49,小丑学院
永猎双子,Kindred,黄金,151,63,虚空冲刺
永猎双子,Kindred,黄金,152,64,坚韧
永猎双子,Kindred,白银,153,40,闪光弹
永猎双子,Kindred,黄金,154,65,升级：焚天
永猎双子,Kindred,白银,155,41,虹吸
永猎双子,Kindred,白银,156,42,可靠武器
永猎双子,Kindred,黄金,157,66,活力焕发
永猎双子,Kindred,白银,158,43,终极不可阻挡
永猎双子,Kindred,棱彩,159,50,量子计算
永猎双子,Kindred,棱彩,160,51,升级：花晓之剑
永猎双子,Kindred,黄金,161,67,最终都市列车
永猎双子,Kindred,黄金,162,68,喂呜喂呜
永猎双子,Kindred,白银,163,44,天音爆
永猎双子,Kindred,棱彩,164,52,风语者的祝福
永猎双子,Kindred,黄金,165,69,神射法师
永猎双子,Kindred,黄金,166,70,全心为你
永猎双子,Kindred,黄金,167,71,雪球扭蛋机
永猎双子,Kindred,棱彩,168,53,王中王，靴中靴
永猎双子,Kindred,黄金,169,72,魄罗爆破手
永猎双子,Kindred,棱彩,170,54,和我一起困在这里
永猎双子,Kindred,棱彩,171,55,卡皮巴拉空投
永猎双子,Kindred,黄金,172,73,快步
永猎双子,Kindred,白银,173,45,自适应防护
暴怒骑士,Kled,白银,1,1,重量级打击手
暴怒骑士,Kled,黄金,2,1,无尽大杀四方
暴怒骑士,Kled,黄金,3,2,黎明使者的坚决
暴怒骑士,Kled,白银,4,2,大力
暴怒骑士,Kled,黄金,5,3,罪恶快感
暴怒骑士,Kled,棱彩,6,1,秘术冲拳
暴怒骑士,Kled,棱彩,7,2,战争交响乐
暴怒骑士,Kled,白银,8,3,渴血
暴怒骑士,Kled,黄金,9,4,狂徒豪气
暴怒骑士,Kled,黄金,10,5,高压锅
暴怒骑士,Kled,棱彩,11,3,泰坦的坚决
暴怒骑士,Kled,黄金,12,6,坦克引擎
暴怒骑士,Kled,黄金,13,7,钢化你心
暴怒骑士,Kled,黄金,14,8,升级：焚天
暴怒骑士,Kled,黄金,15,9,质变：棱彩阶
暴怒骑士,Kled,黄金,16,10,升级：贪欲九头蛇
暴怒骑士,Kled,棱彩,17,4,利刃华尔兹
暴怒骑士,Kled,黄金,18,11,穿针引线
暴怒骑士,Kled,棱彩,19,5,濒死悟道
暴怒骑士,Kled,棱彩,20,6,艾卡西亚的陷落
暴怒骑士,Kled,棱彩,21,7,飞身踢
暴怒骑士,Kled,棱彩,22,8,吃过路兵
暴怒骑士,Kled,棱彩,23,9,最终形态
暴怒骑士,Kled,棱彩,24,10,全凭身法
暴怒骑士,Kled,黄金,25,12,更万用的瞄准镜
暴怒骑士,Kled,黄金,26,13,星界躯体
暴怒骑士,Kled,白银,27,4,质变：黄金阶
暴怒骑士,Kled,棱彩,28,11,歌利亚巨人
暴怒骑士,Kled,黄金,29,14,生机迸发
暴怒骑士,Kled,白银,30,5,逃跑计划
暴怒骑士,Kled,棱彩,31,12,双刀流
暴怒骑士,Kled,黄金,32,15,尖端发明家
暴怒骑士,Kled,白银,33,6,练腿日
暴怒骑士,Kled,白银,34,7,大师铸就
暴怒骑士,Kled,白银,35,8,台风
暴怒骑士,Kled,黄金,36,16,循环往复
暴怒骑士,Kled,棱彩,37,13,质变：混沌
暴怒骑士,Kled,黄金,38,17,捐赠
暴怒骑士,Kled,棱彩,39,14,终极九头蛇
暴怒骑士,Kled,白银,40,9,灵巧
暴怒骑士,Kled,棱彩,41,15,掷骰狂人
暴怒骑士,Kled,棱彩,42,16,扳机炼狱
暴怒骑士,Kled,棱彩,43,17,最万用的瞄准镜
暴怒骑士,Kled,黄金,44,18,闪现向前
暴怒骑士,Kled,黄金,45,19,夜狩
暴怒骑士,Kled,棱彩,46,18,回归基本功
暴怒骑士,Kled,黄金,47,20,升级：无尽之刃
暴怒骑士,Kled,黄金,48,21,豪猪
暴怒骑士,Kled,白银,49,10,升级：死亡之舞
暴怒骑士,Kled,黄金,50,22,属性叠属性！
暴怒骑士,Kled,棱彩,51,19,大地苏醒
暴怒骑士,Kled,白银,52,11,魔法转物理
暴怒骑士,Kled,白银,53,12,暗影疾奔
暴怒骑士,Kled,黄金,54,23,火上浇油
暴怒骑士,Kled,棱彩,55,20,史上最大雪球
暴怒骑士,Kled,黄金,56,24,威能之追求
暴怒骑士,Kled,黄金,57,25,轻拍背部
暴怒骑士,Kled,黄金,58,26,虚幻武器
暴怒骑士,Kled,白银,59,13,万用瞄准镜
暴怒骑士,Kled,黄金,60,27,神圣干预
暴怒骑士,Kled,黄金,61,28,缩小射线
暴怒骑士,Kled,棱彩,62,21,和我一起困在这里
暴怒骑士,Kled,黄金,63,29,缩小引擎
暴怒骑士,Kled,黄金,64,30,不动如山
暴怒骑士,Kled,白银,65,14,快中求稳
暴怒骑士,Kled,黄金,66,31,灵魂虹吸
暴怒骑士,Kled,白银,67,15,俯冲轰炸
暴怒骑士,Kled,黄金,68,32,冰雪爆裂
暴怒骑士,Kled,黄金,69,33,吞噬灵魂
暴怒骑士,Kled,黄金,70,34,弹球
暴怒骑士,Kled,棱彩,71,22,潘朵拉的盒子
暴怒骑士,Kled,黄金,72,35,自然即是治愈
暴怒骑士,Kled,棱彩,73,23,科学狂人
暴怒骑士,Kled,棱彩,74,24,连拨击锤
暴怒骑士,Kled,黄金,75,36,关键暴击
暴怒骑士,Kled,黄金,76,37,面包和黄油
暴怒骑士,Kled,黄金,77,38,面包和奶酪
暴怒骑士,Kled,棱彩,78,25,终极唤醒
暴怒骑士,Kled,黄金,79,39,易损
暴怒骑士,Kled,黄金,80,40,鲨鱼诱饵
暴怒骑士,Kled,白银,81,16,杀意翻涌
暴怒骑士,Kled,白银,82,17,升级：献祭
暴怒骑士,Kled,黄金,83,41,哎哟，我的硬币！
暴怒骑士,Kled,黄金,84,42,鲨鱼暴风
暴怒骑士,Kled,黄金,85,43,杀戮时间到了
暴怒骑士,Kled,白银,86,18,升级：收集者
暴怒骑士,Kled,棱彩,87,26,位面转移
暴怒骑士,Kled,黄金,88,44,心灵净化
暴怒骑士,Kled,白银,89,19,下雪天
暴怒骑士,Kled,黄金,90,45,我们的治疗
暴怒骑士,Kled,白银,91,20,侵蚀
暴怒骑士,Kled,黄金,92,46,过量延伸者
暴怒骑士,Kled,黄金,93,47,牙仙子
暴怒骑士,Kled,棱彩,94,27,神圣雪球
暴怒骑士,Kled,棱彩,95,28,全能龙魂
暴怒骑士,Kled,棱彩,96,29,终极刷新
暴怒骑士,Kled,棱彩,97,30,尊我为王
暴怒骑士,Kled,棱彩,98,31,双发快射
暴怒骑士,Kled,棱彩,99,32,舞会女王
暴怒骑士,Kled,棱彩,100,33,你摸不到
暴怒骑士,Kled,白银,101,21,转得我眩晕了
暴怒骑士,Kled,棱彩,102,34,巨像的勇气
暴怒骑士,Kled,棱彩,103,35,踢踏舞
暴怒骑士,Kled,棱彩,104,36,巨人杀手
暴怒骑士,Kled,棱彩,105,37,软弹啪叽抓
暴怒骑士,Kled,黄金,106,48,术士果汁盒
暴怒骑士,Kled,棱彩,107,38,属性叠属性叠属性！
暴怒骑士,Kled,白银,108,22,炼狱龙魂
暴怒骑士,Kled,白银,109,23,属性！
暴怒骑士,Kled,白银,110,24,会心防御
暴怒骑士,Kled,白银,111,25,扇巴掌
暴怒骑士,Kled,棱彩,112,39,无限循环往复
暴怒骑士,Kled,黄金,113,49,咏叹奏鸣
暴怒骑士,Kled,黄金,114,50,回力OK镖
暴怒骑士,Kled,黄金,115,51,急急小子
暴怒骑士,Kled,棱彩,116,40,珠光护手
暴怒骑士,Kled,黄金,117,52,升级：耀光
暴怒骑士,Kled,白银,118,26,山脉龙魂
暴怒骑士,Kled,白银,119,27,防护面纱
暴怒骑士,Kled,黄金,120,53,暴击律动
暴怒骑士,Kled,黄金,121,54,有始有终
暴怒骑士,Kled,白银,122,28,家园卫士
暴怒骑士,Kled,白银,123,29,海克斯科技龙魂
暴怒骑士,Kled,白银,124,30,唯快不破
暴怒骑士,Kled,棱彩,125,41,大法师
暴怒骑士,Kled,棱彩,126,42,空投熊
暴怒骑士,Kled,白银,127,31,点亮他们！
暴怒骑士,Kled,棱彩,128,43,精怪魔法
暴怒骑士,Kled,白银,129,32,海洋龙魂
暴怒骑士,Kled,棱彩,130,44,夺金
暴怒骑士,Kled,棱彩,131,45,男爵之手
暴怒骑士,Kled,白银,132,33,吵闹鬼
暴怒骑士,Kled,白银,133,34,火狐
暴怒骑士,Kled,棱彩,134,46,魄罗蛮冲
暴怒骑士,Kled,黄金,135,55,炽烈黎明
暴怒骑士,Kled,白银,136,35,由暴生急
暴怒骑士,Kled,棱彩,137,47,炼狱导管
暴怒骑士,Kled,黄金,138,56,藏身草丛
暴怒骑士,Kled,白银,139,36,双生火焰
暴怒骑士,Kled,棱彩,140,48,大招工具人
暴怒骑士,Kled,白银,141,37,纯粹主义者 - 术师
暴怒骑士,Kled,黄金,142,57,魔法飞弹
暴怒骑士,Kled,棱彩,143,49,电涌力场
暴怒骑士,Kled,白银,144,38,冰寒
暴怒骑士,Kled,白银,145,39,闪光弹
暴怒骑士,Kled,黄金,146,58,吸血习性
暴怒骑士,Kled,黄金,147,59,坚韧
暴怒骑士,Kled,黄金,148,60,活力焕发
暴怒骑士,Kled,黄金,149,61,面包和果酱
暴怒骑士,Kled,黄金,150,62,升级：雪球
暴怒骑士,Kled,棱彩,151,50,飞升仪式
暴怒骑士,Kled,白银,152,40,闪闪现现
暴怒骑士,Kled,黄金,153,63,会心治疗
暴怒骑士,Kled,棱彩,154,51,海牛阿福的勇士
暴怒骑士,Kled,黄金,155,64,虚空冲刺
暴怒骑士,Kled,棱彩,156,52,量子计算
暴怒骑士,Kled,黄金,157,65,雪球扭蛋机
暴怒骑士,Kled,棱彩,158,53,卡皮巴拉空投
暴怒骑士,Kled,白银,159,41,虹吸
暴怒骑士,Kled,黄金,160,66,急速之追求
暴怒骑士,Kled,黄金,161,67,喂呜喂呜
暴怒骑士,Kled,白银,162,42,急救用具
暴怒骑士,Kled,白银,163,43,天音爆
暴怒骑士,Kled,棱彩,164,54,小丑学院
暴怒骑士,Kled,棱彩,165,55,蛋白粉奶昔
暴怒骑士,Kled,白银,166,44,坚若磐石
暴怒骑士,Kled,黄金,167,68,最终都市列车
暴怒骑士,Kled,黄金,168,69,魄罗爆破手
暴怒骑士,Kled,棱彩,169,56,你肩上的恶魔
暴怒骑士,Kled,棱彩,170,57,回响施放
暴怒骑士,Kled,黄金,171,70,贪欲束缚
暴怒骑士,Kled,白银,172,45,自适应防护
深渊巨口,KogMaw,黄金,1,1,更万用的瞄准镜
深渊巨口,KogMaw,黄金,2,2,暴击律动
深渊巨口,KogMaw,棱彩,3,1,双刀流
深渊巨口,KogMaw,棱彩,4,2,最万用的瞄准镜
深渊巨口,KogMaw,白银,5,1,灵巧
深渊巨口,KogMaw,黄金,6,3,小小的额外帮助
深渊巨口,KogMaw,白银,7,2,狂热者
深渊巨口,KogMaw,黄金,8,4,魔法飞弹
深渊巨口,KogMaw,棱彩,9,3,踢踏舞
深渊巨口,KogMaw,白银,10,3,双生火焰
深渊巨口,KogMaw,棱彩,11,4,巨人杀手
深渊巨口,KogMaw,白银,12,4,台风
深渊巨口,KogMaw,黄金,13,5,关键暴击
深渊巨口,KogMaw,白银,14,5,万用瞄准镜
深渊巨口,KogMaw,黄金,15,6,升级：无尽之刃
深渊巨口,KogMaw,黄金,16,7,超凡邪恶
深渊巨口,KogMaw,黄金,17,8,暴击飞弹
深渊巨口,KogMaw,棱彩,18,5,连拨击锤
深渊巨口,KogMaw,黄金,19,9,虚幻武器
深渊巨口,KogMaw,黄金,20,10,老练狙神
深渊巨口,KogMaw,白银,21,6,点亮他们！
深渊巨口,KogMaw,黄金,22,11,质变：棱彩阶
深渊巨口,KogMaw,黄金,23,12,狙神飞星
深渊巨口,KogMaw,棱彩,24,6,物法皆修
深渊巨口,KogMaw,棱彩,25,7,尤里卡
深渊巨口,KogMaw,棱彩,26,8,双发快射
深渊巨口,KogMaw,黄金,27,13,火上浇油
深渊巨口,KogMaw,白银,28,7,巫师式思考
深渊巨口,KogMaw,棱彩,29,9,精怪魔法
深渊巨口,KogMaw,黄金,30,14,杀戮时间到了
深渊巨口,KogMaw,黄金,31,15,神射法师
深渊巨口,KogMaw,黄金,32,16,灵魂虹吸
深渊巨口,KogMaw,黄金,33,17,缩小引擎
深渊巨口,KogMaw,黄金,34,18,罪恶快感
深渊巨口,KogMaw,黄金,35,19,术士果汁盒
深渊巨口,KogMaw,黄金,36,20,面包和果酱
深渊巨口,KogMaw,黄金,37,21,急速之追求
深渊巨口,KogMaw,白银,38,8,前进时间到
深渊巨口,KogMaw,黄金,39,22,有始有终
深渊巨口,KogMaw,棱彩,40,10,无限循环往复
深渊巨口,KogMaw,棱彩,41,11,珠光护手
深渊巨口,KogMaw,棱彩,42,12,掷骰狂人
深渊巨口,KogMaw,棱彩,43,13,回归基本功
深渊巨口,KogMaw,棱彩,44,14,沃格勒特的巫师帽
深渊巨口,KogMaw,黄金,45,23,回力OK镖
深渊巨口,KogMaw,白银,46,9,家园卫士
深渊巨口,KogMaw,黄金,47,24,捐赠
深渊巨口,KogMaw,白银,48,10,渴血
深渊巨口,KogMaw,黄金,49,25,属性叠属性！
深渊巨口,KogMaw,白银,50,11,练腿日
深渊巨口,KogMaw,白银,51,12,侵蚀
深渊巨口,KogMaw,白银,52,13,大师铸就
深渊巨口,KogMaw,棱彩,53,15,针插垫
深渊巨口,KogMaw,棱彩,54,16,大法师
深渊巨口,KogMaw,黄金,55,26,急急小子
深渊巨口,KogMaw,黄金,56,27,缩小射线
深渊巨口,KogMaw,白银,57,14,纯粹主义者 - 术师
深渊巨口,KogMaw,白银,58,15,大力
深渊巨口,KogMaw,白银,59,16,质变：黄金阶
深渊巨口,KogMaw,黄金,60,28,循环往复
深渊巨口,KogMaw,黄金,61,29,心灵净化
深渊巨口,KogMaw,棱彩,62,17,你摸不到
深渊巨口,KogMaw,棱彩,63,18,玻璃大炮
深渊巨口,KogMaw,黄金,64,30,易损
深渊巨口,KogMaw,黄金,65,31,威能之追求
深渊巨口,KogMaw,白银,66,17,会心防御
深渊巨口,KogMaw,棱彩,67,19,战争交响乐
深渊巨口,KogMaw,棱彩,68,20,质变：混沌
深渊巨口,KogMaw,白银,69,18,注魔
深渊巨口,KogMaw,黄金,70,32,夜狩
深渊巨口,KogMaw,黄金,71,33,面包和奶酪
深渊巨口,KogMaw,白银,72,19,物理转魔法
深渊巨口,KogMaw,黄金,73,34,穿针引线
深渊巨口,KogMaw,白银,74,20,魔法转物理
深渊巨口,KogMaw,棱彩,75,21,秘术冲拳
深渊巨口,KogMaw,棱彩,76,22,终极唤醒
深渊巨口,KogMaw,黄金,77,35,升级：耀光
深渊巨口,KogMaw,白银,78,21,俯冲轰炸
深渊巨口,KogMaw,白银,79,22,炼狱龙魂
深渊巨口,KogMaw,棱彩,80,23,咒语裂变
深渊巨口,KogMaw,白银,81,23,终极不可阻挡
深渊巨口,KogMaw,棱彩,82,24,超负荷
深渊巨口,KogMaw,棱彩,83,25,潘朵拉的盒子
深渊巨口,KogMaw,白银,84,24,冰寒
深渊巨口,KogMaw,黄金,85,36,牙仙子
深渊巨口,KogMaw,白银,86,25,海洋龙魂
深渊巨口,KogMaw,白银,87,26,升级：收集者
深渊巨口,KogMaw,棱彩,88,26,亮出你的剑
深渊巨口,KogMaw,棱彩,89,27,海牛阿福的勇士
深渊巨口,KogMaw,黄金,90,37,哎哟，我的硬币！
深渊巨口,KogMaw,棱彩,91,28,空投熊
深渊巨口,KogMaw,棱彩,92,29,最终形态
深渊巨口,KogMaw,黄金,93,38,面包和黄油
深渊巨口,KogMaw,棱彩,94,30,飞身踢
深渊巨口,KogMaw,棱彩,95,31,科学狂人
深渊巨口,KogMaw,黄金,96,39,坦克引擎
深渊巨口,KogMaw,黄金,97,40,超强大脑
深渊巨口,KogMaw,棱彩,98,32,全能龙魂
深渊巨口,KogMaw,黄金,99,41,闪现向前
深渊巨口,KogMaw,黄金,100,42,生机迸发
深渊巨口,KogMaw,白银,101,27,由心及物
深渊巨口,KogMaw,白银,102,28,吵闹鬼
深渊巨口,KogMaw,白银,103,29,逃跑计划
深渊巨口,KogMaw,棱彩,104,33,炼狱导管
深渊巨口,KogMaw,棱彩,105,34,夺金
深渊巨口,KogMaw,白银,106,30,海克斯科技龙魂
深渊巨口,KogMaw,白银,107,31,唯快不破
深渊巨口,KogMaw,黄金,108,43,炽烈黎明
深渊巨口,KogMaw,棱彩,109,35,吃过路兵
深渊巨口,KogMaw,棱彩,110,36,属性叠属性叠属性！
深渊巨口,KogMaw,黄金,111,44,尖端发明家
深渊巨口,KogMaw,棱彩,112,37,终极九头蛇
深渊巨口,KogMaw,白银,113,32,火狐
深渊巨口,KogMaw,黄金,114,45,神圣干预
深渊巨口,KogMaw,棱彩,115,38,不祥契约
深渊巨口,KogMaw,白银,116,33,属性！
深渊巨口,KogMaw,黄金,117,46,溢流
深渊巨口,KogMaw,黄金,118,47,轻拍背部
深渊巨口,KogMaw,棱彩,119,39,电涌力场
深渊巨口,KogMaw,棱彩,120,40,史上最大雪球
深渊巨口,KogMaw,白银,121,34,杀意翻涌
深渊巨口,KogMaw,白银,122,35,升级：中娅
深渊巨口,KogMaw,棱彩,123,41,尊我为王
深渊巨口,KogMaw,黄金,124,48,升级：贪欲九头蛇
深渊巨口,KogMaw,黄金,125,49,咏叹奏鸣
深渊巨口,KogMaw,黄金,126,50,黎明使者的坚决
深渊巨口,KogMaw,白银,127,36,防护面纱
深渊巨口,KogMaw,黄金,128,51,藏身草丛
深渊巨口,KogMaw,黄金,129,52,鲨鱼暴风
深渊巨口,KogMaw,棱彩,130,42,男爵之手
深渊巨口,KogMaw,棱彩,131,43,大招工具人
深渊巨口,KogMaw,黄金,132,53,星界躯体
深渊巨口,KogMaw,黄金,133,54,自然即是治愈
深渊巨口,KogMaw,棱彩,134,44,扳机炼狱
深渊巨口,KogMaw,白银,135,37,山脉龙魂
深渊巨口,KogMaw,黄金,136,55,我们的治疗
深渊巨口,KogMaw,黄金,137,56,弹球
深渊巨口,KogMaw,棱彩,138,45,濒死悟道
深渊巨口,KogMaw,棱彩,139,46,歌利亚巨人
深渊巨口,KogMaw,白银,140,38,重量级打击手
深渊巨口,KogMaw,白银,141,39,由暴生急
深渊巨口,KogMaw,黄金,142,57,冰雪爆裂
深渊巨口,KogMaw,棱彩,143,47,魄罗蛮冲
深渊巨口,KogMaw,黄金,144,58,过量延伸者
深渊巨口,KogMaw,棱彩,145,48,泰坦的坚决
深渊巨口,KogMaw,黄金,146,59,钢化你心
深渊巨口,KogMaw,黄金,147,60,豪猪
深渊巨口,KogMaw,棱彩,148,49,神圣雪球
深渊巨口,KogMaw,白银,149,40,下雪天
深渊巨口,KogMaw,黄金,150,61,无尽大杀四方
深渊巨口,KogMaw,棱彩,151,50,飞升仪式
深渊巨口,KogMaw,棱彩,152,51,利刃华尔兹
深渊巨口,KogMaw,黄金,153,62,吸血习性
深渊巨口,KogMaw,棱彩,154,52,位面转移
深渊巨口,KogMaw,棱彩,155,53,软弹啪叽抓
深渊巨口,KogMaw,黄金,156,63,高压锅
深渊巨口,KogMaw,黄金,157,64,活力焕发
深渊巨口,KogMaw,黄金,158,65,会心治疗
深渊巨口,KogMaw,黄金,159,66,祖母的辣椒油
深渊巨口,KogMaw,黄金,160,67,魄罗爆破手
深渊巨口,KogMaw,棱彩,161,54,小丑学院
深渊巨口,KogMaw,黄金,162,68,坚韧
深渊巨口,KogMaw,白银,163,41,闪闪现现
深渊巨口,KogMaw,黄金,164,69,最终都市列车
深渊巨口,KogMaw,棱彩,165,55,量子计算
深渊巨口,KogMaw,黄金,166,70,升级：焚天
深渊巨口,KogMaw,棱彩,167,56,多重射击
深渊巨口,KogMaw,黄金,168,71,升级：雪球
深渊巨口,KogMaw,棱彩,169,57,你肩上的恶魔
深渊巨口,KogMaw,白银,170,42,闪光弹
深渊巨口,KogMaw,白银,171,43,叠角龙
深渊巨口,KogMaw,黄金,172,72,雪球扭蛋机
深渊巨口,KogMaw,棱彩,173,58,升级：花晓之剑
深渊巨口,KogMaw,白银,174,44,转得我眩晕了
深渊巨口,KogMaw,棱彩,175,59,魄罗之王的弹跳
深渊巨口,KogMaw,棱彩,176,60,激光治疗
深渊巨口,KogMaw,棱彩,177,61,和我一起困在这里
深渊巨口,KogMaw,棱彩,178,62,卡皮巴拉空投
深渊巨口,KogMaw,白银,179,45,虹吸
深渊巨口,KogMaw,棱彩,180,63,灵魄炸弹
深渊巨口,KogMaw,白银,181,46,可靠武器
深渊巨口,KogMaw,白银,182,47,自适应防护
纳祖芒荣耀,KSante,黄金,1,1,坦克引擎
纳祖芒荣耀,KSante,白银,2,1,重量级打击手
纳祖芒荣耀,KSante,黄金,3,2,星界躯体
纳祖芒荣耀,KSante,黄金,4,3,钢化你心
纳祖芒荣耀,KSante,黄金,5,4,狂徒豪气
纳祖芒荣耀,KSante,棱彩,6,1,歌利亚巨人
纳祖芒荣耀,KSante,黄金,7,5,黎明使者的坚决
纳祖芒荣耀,KSante,棱彩,8,2,蛋白粉奶昔
纳祖芒荣耀,KSante,棱彩,9,3,全凭身法
纳祖芒荣耀,KSante,棱彩,10,4,泰坦的坚决
纳祖芒荣耀,KSante,黄金,11,6,无尽大杀四方
纳祖芒荣耀,KSante,黄金,12,7,不动如山
纳祖芒荣耀,KSante,黄金,13,8,高压锅
纳祖芒荣耀,KSante,白银,14,2,强力护盾
纳祖芒荣耀,KSante,棱彩,15,5,最终形态
纳祖芒荣耀,KSante,棱彩,16,6,巨像的勇气
纳祖芒荣耀,KSante,黄金,17,9,吞噬灵魂
纳祖芒荣耀,KSante,棱彩,18,7,艾卡西亚的陷落
纳祖芒荣耀,KSante,白银,19,3,渴血
纳祖芒荣耀,KSante,白银,20,4,急救用具
纳祖芒荣耀,KSante,棱彩,21,8,飞身踢
纳祖芒荣耀,KSante,黄金,22,10,质变：棱彩阶
纳祖芒荣耀,KSante,黄金,23,11,连锁反应
纳祖芒荣耀,KSante,白银,24,5,自适应防护
纳祖芒荣耀,KSante,白银,25,6,扇巴掌
纳祖芒荣耀,KSante,黄金,26,12,神圣干预
纳祖芒荣耀,KSante,白银,27,7,虹吸
纳祖芒荣耀,KSante,黄金,28,13,自然即是治愈
纳祖芒荣耀,KSante,白银,29,8,快中求稳
纳祖芒荣耀,KSante,白银,30,9,质变：黄金阶
纳祖芒荣耀,KSante,黄金,31,14,豪猪
纳祖芒荣耀,KSante,棱彩,32,9,秘术冲拳
纳祖芒荣耀,KSante,白银,33,10,逃跑计划
纳祖芒荣耀,KSante,黄金,34,15,我们的治疗
纳祖芒荣耀,KSante,黄金,35,16,生机迸发
纳祖芒荣耀,KSante,白银,36,11,暗影疾奔
纳祖芒荣耀,KSante,棱彩,37,10,和我一起困在这里
纳祖芒荣耀,KSante,白银,38,12,练腿日
纳祖芒荣耀,KSante,黄金,39,17,循环往复
纳祖芒荣耀,KSante,棱彩,40,11,超负荷
纳祖芒荣耀,KSante,棱彩,41,12,吃过路兵
纳祖芒荣耀,KSante,棱彩,42,13,濒死悟道
纳祖芒荣耀,KSante,白银,43,13,终极不可阻挡
纳祖芒荣耀,KSante,黄金,44,18,急速之追求
纳祖芒荣耀,KSante,白银,45,14,升级：献祭
纳祖芒荣耀,KSante,黄金,46,19,面包和奶酪
纳祖芒荣耀,KSante,黄金,47,20,尖端发明家
纳祖芒荣耀,KSante,白银,48,15,海洋龙魂
纳祖芒荣耀,KSante,白银,49,16,大师铸就
纳祖芒荣耀,KSante,白银,50,17,别停止引导
纳祖芒荣耀,KSante,棱彩,51,14,掷骰狂人
纳祖芒荣耀,KSante,白银,52,18,俯冲轰炸
纳祖芒荣耀,KSante,黄金,53,21,升级：耀光
纳祖芒荣耀,KSante,黄金,54,22,捐赠
纳祖芒荣耀,KSante,黄金,55,23,属性叠属性！
纳祖芒荣耀,KSante,黄金,56,24,喂呜喂呜
纳祖芒荣耀,KSante,黄金,57,25,闪现向前
纳祖芒荣耀,KSante,白银,58,19,大力
纳祖芒荣耀,KSante,黄金,59,26,心灵净化
纳祖芒荣耀,KSante,棱彩,60,15,飞升仪式
纳祖芒荣耀,KSante,棱彩,61,16,你摸不到
纳祖芒荣耀,KSante,黄金,62,27,威能之追求
纳祖芒荣耀,KSante,黄金,63,28,面包和果酱
纳祖芒荣耀,KSante,白银,64,20,防护面纱
纳祖芒荣耀,KSante,棱彩,65,17,终极唤醒
纳祖芒荣耀,KSante,黄金,66,29,虚幻武器
纳祖芒荣耀,KSante,棱彩,67,18,质变：混沌
纳祖芒荣耀,KSante,棱彩,68,19,风语者的祝福
纳祖芒荣耀,KSante,棱彩,69,20,史上最大雪球
纳祖芒荣耀,KSante,棱彩,70,21,利刃华尔兹
纳祖芒荣耀,KSante,白银,71,21,天音爆
纳祖芒荣耀,KSante,黄金,72,30,轻拍背部
纳祖芒荣耀,KSante,棱彩,73,22,科学狂人
纳祖芒荣耀,KSante,棱彩,74,23,回归基本功
纳祖芒荣耀,KSante,黄金,75,31,罪恶快感
纳祖芒荣耀,KSante,黄金,76,32,弹球
纳祖芒荣耀,KSante,白银,77,22,下雪天
纳祖芒荣耀,KSante,黄金,78,33,全心为你
纳祖芒荣耀,KSante,棱彩,79,24,潘朵拉的盒子
纳祖芒荣耀,KSante,黄金,80,34,冰雪爆裂
纳祖芒荣耀,KSante,黄金,81,35,升级：焚天
纳祖芒荣耀,KSante,黄金,82,36,杀戮时间到了
纳祖芒荣耀,KSante,棱彩,83,25,扳机炼狱
纳祖芒荣耀,KSante,棱彩,84,26,软弹啪叽抓
纳祖芒荣耀,KSante,棱彩,85,27,神圣雪球
纳祖芒荣耀,KSante,白银,86,23,山脉龙魂
纳祖芒荣耀,KSante,白银,87,24,侵蚀
纳祖芒荣耀,KSante,黄金,88,37,缩小射线
纳祖芒荣耀,KSante,棱彩,89,28,无限循环往复
纳祖芒荣耀,KSante,白银,90,25,属性！
纳祖芒荣耀,KSante,白银,91,26,由心及物
纳祖芒荣耀,KSante,黄金,92,38,缩小引擎
纳祖芒荣耀,KSante,棱彩,93,29,位面转移
纳祖芒荣耀,KSante,棱彩,94,30,大地苏醒
纳祖芒荣耀,KSante,棱彩,95,31,舞会女王
纳祖芒荣耀,KSante,白银,96,27,转得我眩晕了
纳祖芒荣耀,KSante,棱彩,97,32,全能龙魂
纳祖芒荣耀,KSante,棱彩,98,33,终极刷新
纳祖芒荣耀,KSante,棱彩,99,34,大法师
纳祖芒荣耀,KSante,黄金,100,39,鲨鱼暴风
纳祖芒荣耀,KSante,黄金,101,40,升级：贪欲九头蛇
纳祖芒荣耀,KSante,白银,102,28,杀意翻涌
纳祖芒荣耀,KSante,黄金,103,41,火上浇油
纳祖芒荣耀,KSante,棱彩,104,35,海牛阿福的勇士
纳祖芒荣耀,KSante,棱彩,105,36,终极九头蛇
纳祖芒荣耀,KSante,黄金,106,42,更万用的瞄准镜
纳祖芒荣耀,KSante,黄金,107,43,过量延伸者
纳祖芒荣耀,KSante,黄金,108,44,鲨鱼诱饵
纳祖芒荣耀,KSante,棱彩,109,37,尊我为王
纳祖芒荣耀,KSante,白银,110,29,升级：死亡之舞
纳祖芒荣耀,KSante,棱彩,111,38,属性叠属性叠属性！
纳祖芒荣耀,KSante,黄金,112,45,哎哟，我的硬币！
纳祖芒荣耀,KSante,白银,113,30,冰寒
纳祖芒荣耀,KSante,棱彩,114,39,踢踏舞
纳祖芒荣耀,KSante,白银,115,31,魔法转物理
纳祖芒荣耀,KSante,棱彩,116,40,战争交响乐
纳祖芒荣耀,KSante,白银,117,32,万用瞄准镜
纳祖芒荣耀,KSante,棱彩,118,41,残忍
纳祖芒荣耀,KSante,黄金,119,46,咏叹奏鸣
纳祖芒荣耀,KSante,棱彩,120,42,信念者的强化
纳祖芒荣耀,KSante,白银,121,33,炼狱龙魂
纳祖芒荣耀,KSante,黄金,122,47,急急小子
纳祖芒荣耀,KSante,白银,123,34,海克斯科技龙魂
纳祖芒荣耀,KSante,白银,124,35,台风
纳祖芒荣耀,KSante,黄金,125,48,炽烈黎明
纳祖芒荣耀,KSante,棱彩,126,43,空投熊
纳祖芒荣耀,KSante,棱彩,127,44,精怪魔法
纳祖芒荣耀,KSante,棱彩,128,45,巨人杀手
纳祖芒荣耀,KSante,棱彩,129,46,双刀流
纳祖芒荣耀,KSante,棱彩,130,47,最万用的瞄准镜
纳祖芒荣耀,KSante,棱彩,131,48,升级：花晓之剑
纳祖芒荣耀,KSante,黄金,132,49,术士果汁盒
纳祖芒荣耀,KSante,白银,133,36,家园卫士
纳祖芒荣耀,KSante,棱彩,134,49,至高天诺言
纳祖芒荣耀,KSante,黄金,135,50,夜狩
纳祖芒荣耀,KSante,黄金,136,51,溢流
纳祖芒荣耀,KSante,棱彩,137,50,珠光护手
纳祖芒荣耀,KSante,白银,138,37,吵闹鬼
纳祖芒荣耀,KSante,棱彩,139,51,连拨击锤
纳祖芒荣耀,KSante,白银,140,38,纯粹主义者 - 术师
纳祖芒荣耀,KSante,白银,141,39,灵巧
纳祖芒荣耀,KSante,棱彩,142,52,大招工具人
纳祖芒荣耀,KSante,黄金,143,52,升级：无尽之刃
纳祖芒荣耀,KSante,棱彩,144,53,电涌力场
纳祖芒荣耀,KSante,棱彩,145,54,魄罗蛮冲
纳祖芒荣耀,KSante,黄金,146,53,穿针引线
纳祖芒荣耀,KSante,黄金,147,54,回力OK镖
纳祖芒荣耀,KSante,棱彩,148,55,夺金
纳祖芒荣耀,KSante,白银,149,40,火狐
纳祖芒荣耀,KSante,棱彩,150,56,炼狱导管
纳祖芒荣耀,KSante,棱彩,151,57,男爵之手
纳祖芒荣耀,KSante,白银,152,41,升级：收集者
纳祖芒荣耀,KSante,白银,153,42,双生火焰
纳祖芒荣耀,KSante,黄金,154,55,坚韧
纳祖芒荣耀,KSante,黄金,155,56,牙仙子
纳祖芒荣耀,KSante,黄金,156,57,活力焕发
纳祖芒荣耀,KSante,棱彩,157,58,灵魄炸弹
纳祖芒荣耀,KSante,黄金,158,58,有始有终
纳祖芒荣耀,KSante,黄金,159,59,魔法飞弹
纳祖芒荣耀,KSante,白银,160,43,唯快不破
纳祖芒荣耀,KSante,黄金,161,60,藏身草丛
纳祖芒荣耀,KSante,白银,162,44,注魔
纳祖芒荣耀,KSante,白银,163,45,闪光弹
纳祖芒荣耀,KSante,黄金,164,61,会心治疗
纳祖芒荣耀,KSante,白银,165,46,坚若磐石
纳祖芒荣耀,KSante,白银,166,47,闪闪现现
纳祖芒荣耀,KSante,白银,167,48,点亮他们！
纳祖芒荣耀,KSante,黄金,168,62,吸血习性
纳祖芒荣耀,KSante,棱彩,169,59,玻璃大炮
纳祖芒荣耀,KSante,白银,170,49,会心防御
纳祖芒荣耀,KSante,黄金,171,63,升级：雪球
纳祖芒荣耀,KSante,棱彩,172,60,激光治疗
纳祖芒荣耀,KSante,黄金,173,64,雪球扭蛋机
纳祖芒荣耀,KSante,棱彩,174,61,小丑学院
纳祖芒荣耀,KSante,黄金,175,65,灵魂虹吸
纳祖芒荣耀,KSante,黄金,176,66,仁慈打击
纳祖芒荣耀,KSante,棱彩,177,62,量子计算
纳祖芒荣耀,KSante,黄金,178,67,最终都市列车
纳祖芒荣耀,KSante,黄金,179,68,关键暴击
纳祖芒荣耀,KSante,黄金,180,69,易损
纳祖芒荣耀,KSante,棱彩,181,63,小猫咪找妈妈
纳祖芒荣耀,KSante,黄金,182,70,贪欲束缚
纳祖芒荣耀,KSante,白银,183,50,叠角龙
纳祖芒荣耀,KSante,白银,184,51,加固护盾
纳祖芒荣耀,KSante,黄金,185,71,暴击律动
纳祖芒荣耀,KSante,棱彩,186,64,？？？
纳祖芒荣耀,KSante,棱彩,187,65,魄罗之王的弹跳
诡术妖姬,Leblanc,黄金,1,1,术士果汁盒
诡术妖姬,Leblanc,棱彩,2,1,尤里卡
诡术妖姬,Leblanc,黄金,3,2,魔法飞弹
诡术妖姬,Leblanc,白银,4,1,暗影疾奔
诡术妖姬,Leblanc,白银,5,2,巫师式思考
诡术妖姬,Leblanc,黄金,6,3,超凡邪恶
诡术妖姬,Leblanc,黄金,7,4,牙仙子
诡术妖姬,Leblanc,黄金,8,5,杀戮时间到了
诡术妖姬,Leblanc,棱彩,9,2,全凭身法
诡术妖姬,Leblanc,黄金,10,6,超强大脑
诡术妖姬,Leblanc,棱彩,11,3,大法师
诡术妖姬,Leblanc,棱彩,12,4,沃格勒特的巫师帽
诡术妖姬,Leblanc,黄金,13,7,质变：棱彩阶
诡术妖姬,Leblanc,白银,14,3,升级：中娅
诡术妖姬,Leblanc,黄金,15,8,夜狩
诡术妖姬,Leblanc,棱彩,16,5,无限循环往复
诡术妖姬,Leblanc,白银,17,4,纯粹主义者 - 术师
诡术妖姬,Leblanc,黄金,18,9,循环往复
诡术妖姬,Leblanc,棱彩,19,6,你摸不到
诡术妖姬,Leblanc,白银,20,5,快中求稳
诡术妖姬,Leblanc,黄金,21,10,有始有终
诡术妖姬,Leblanc,棱彩,22,7,掷骰狂人
诡术妖姬,Leblanc,黄金,23,11,急速之追求
诡术妖姬,Leblanc,黄金,24,12,威能之追求
诡术妖姬,Leblanc,黄金,25,13,穿针引线
诡术妖姬,Leblanc,棱彩,26,8,终极唤醒
诡术妖姬,Leblanc,黄金,27,14,面包和果酱
诡术妖姬,Leblanc,棱彩,28,9,三重射击
诡术妖姬,Leblanc,黄金,29,15,藏身草丛
诡术妖姬,Leblanc,黄金,30,16,缩小引擎
诡术妖姬,Leblanc,黄金,31,17,虚幻武器
诡术妖姬,Leblanc,白银,32,6,质变：黄金阶
诡术妖姬,Leblanc,白银,33,7,终极不可阻挡
诡术妖姬,Leblanc,棱彩,34,10,珠光护手
诡术妖姬,Leblanc,白银,35,8,物理转魔法
诡术妖姬,Leblanc,棱彩,36,11,超负荷
诡术妖姬,Leblanc,黄金,37,18,溢流
诡术妖姬,Leblanc,白银,38,9,双生火焰
诡术妖姬,Leblanc,白银,39,10,海克斯科技龙魂
诡术妖姬,Leblanc,黄金,40,19,面包和黄油
诡术妖姬,Leblanc,黄金,41,20,捐赠
诡术妖姬,Leblanc,白银,42,11,炼狱龙魂
诡术妖姬,Leblanc,棱彩,43,12,质变：混沌
诡术妖姬,Leblanc,棱彩,44,13,吃过路兵
诡术妖姬,Leblanc,黄金,45,21,属性叠属性！
诡术妖姬,Leblanc,白银,46,12,家园卫士
诡术妖姬,Leblanc,黄金,47,22,神射法师
诡术妖姬,Leblanc,棱彩,48,14,史上最大雪球
诡术妖姬,Leblanc,白银,49,13,渴血
诡术妖姬,Leblanc,白银,50,14,由心及物
诡术妖姬,Leblanc,棱彩,51,15,巨人杀手
诡术妖姬,Leblanc,白银,52,15,大师铸就
诡术妖姬,Leblanc,白银,53,16,火狐
诡术妖姬,Leblanc,黄金,54,23,急急小子
诡术妖姬,Leblanc,白银,55,17,海洋龙魂
诡术妖姬,Leblanc,黄金,56,24,狂徒豪气
诡术妖姬,Leblanc,白银,57,18,逃跑计划
诡术妖姬,Leblanc,白银,58,19,可靠武器
诡术妖姬,Leblanc,棱彩,59,16,咒语裂变
诡术妖姬,Leblanc,棱彩,60,17,终极刷新
诡术妖姬,Leblanc,棱彩,61,18,玻璃大炮
诡术妖姬,Leblanc,黄金,62,25,狙神飞星
诡术妖姬,Leblanc,白银,63,20,杀意翻涌
诡术妖姬,Leblanc,棱彩,64,19,潘朵拉的盒子
诡术妖姬,Leblanc,黄金,65,26,面包和奶酪
诡术妖姬,Leblanc,黄金,66,27,心灵净化
诡术妖姬,Leblanc,黄金,67,28,罪恶快感
诡术妖姬,Leblanc,棱彩,68,20,大地苏醒
诡术妖姬,Leblanc,棱彩,69,21,利刃华尔兹
诡术妖姬,Leblanc,棱彩,70,22,多重射击
诡术妖姬,Leblanc,黄金,71,29,弹球
诡术妖姬,Leblanc,棱彩,72,23,尊我为王
诡术妖姬,Leblanc,黄金,73,30,尖端发明家
诡术妖姬,Leblanc,黄金,74,31,老练狙神
诡术妖姬,Leblanc,白银,75,21,防护面纱
诡术妖姬,Leblanc,棱彩,76,24,全能龙魂
诡术妖姬,Leblanc,棱彩,77,25,最终形态
诡术妖姬,Leblanc,棱彩,78,26,科学狂人
诡术妖姬,Leblanc,黄金,79,32,哎哟，我的硬币！
诡术妖姬,Leblanc,黄金,80,33,冰雪爆裂
诡术妖姬,Leblanc,棱彩,81,27,飞身踢
诡术妖姬,Leblanc,黄金,82,34,鲨鱼暴风
诡术妖姬,Leblanc,白银,83,22,属性！
诡术妖姬,Leblanc,黄金,84,35,炽烈黎明
诡术妖姬,Leblanc,白银,85,23,下雪天
诡术妖姬,Leblanc,黄金,86,36,闪现向前
诡术妖姬,Leblanc,白银,87,24,俯冲轰炸
诡术妖姬,Leblanc,棱彩,88,28,海牛阿福的勇士
诡术妖姬,Leblanc,白银,89,25,练腿日
诡术妖姬,Leblanc,黄金,90,37,神圣干预
诡术妖姬,Leblanc,棱彩,91,29,属性叠属性叠属性！
诡术妖姬,Leblanc,棱彩,92,30,神圣雪球
诡术妖姬,Leblanc,棱彩,93,31,不祥契约
诡术妖姬,Leblanc,棱彩,94,32,夺金
诡术妖姬,Leblanc,黄金,95,38,生机迸发
诡术妖姬,Leblanc,棱彩,96,33,大招工具人
诡术妖姬,Leblanc,黄金,97,39,回力OK镖
诡术妖姬,Leblanc,棱彩,98,34,空投熊
诡术妖姬,Leblanc,棱彩,99,35,回归基本功
诡术妖姬,Leblanc,白银,100,26,注魔
诡术妖姬,Leblanc,黄金,101,40,自然即是治愈
诡术妖姬,Leblanc,棱彩,102,36,位面转移
诡术妖姬,Leblanc,白银,103,27,侵蚀
诡术妖姬,Leblanc,棱彩,104,37,残忍
诡术妖姬,Leblanc,棱彩,105,38,炼狱导管
诡术妖姬,Leblanc,黄金,106,41,鲨鱼诱饵
诡术妖姬,Leblanc,白银,107,28,扇巴掌
诡术妖姬,Leblanc,白银,108,29,山脉龙魂
诡术妖姬,Leblanc,棱彩,109,39,男爵之手
诡术妖姬,Leblanc,棱彩,110,40,扳机炼狱
诡术妖姬,Leblanc,黄金,111,42,咏叹奏鸣
诡术妖姬,Leblanc,棱彩,112,41,歌利亚巨人
诡术妖姬,Leblanc,黄金,113,43,黎明使者的坚决
诡术妖姬,Leblanc,黄金,114,44,不动如山
诡术妖姬,Leblanc,棱彩,115,42,飞升仪式
诡术妖姬,Leblanc,黄金,116,45,坦克引擎
诡术妖姬,Leblanc,棱彩,117,43,电涌力场
诡术妖姬,Leblanc,白银,118,30,唯快不破
诡术妖姬,Leblanc,黄金,119,46,过量延伸者
诡术妖姬,Leblanc,黄金,120,47,升级：耀光
诡术妖姬,Leblanc,黄金,121,48,火上浇油
诡术妖姬,Leblanc,棱彩,122,44,巨像的勇气
诡术妖姬,Leblanc,黄金,123,49,缩小射线
诡术妖姬,Leblanc,黄金,124,50,吞噬灵魂
诡术妖姬,Leblanc,棱彩,125,45,秘术冲拳
诡术妖姬,Leblanc,棱彩,126,46,物法皆修
诡术妖姬,Leblanc,棱彩,127,47,魄罗蛮冲
诡术妖姬,Leblanc,黄金,128,51,更万用的瞄准镜
诡术妖姬,Leblanc,黄金,129,52,我们的治疗
诡术妖姬,Leblanc,白银,130,31,转得我眩晕了
诡术妖姬,Leblanc,黄金,131,53,轻拍背部
诡术妖姬,Leblanc,白银,132,32,点亮他们！
诡术妖姬,Leblanc,白银,133,33,吵闹鬼
诡术妖姬,Leblanc,黄金,134,54,星界躯体
诡术妖姬,Leblanc,黄金,135,55,豪猪
诡术妖姬,Leblanc,黄金,136,56,钢化你心
诡术妖姬,Leblanc,白银,137,34,灵巧
诡术妖姬,Leblanc,棱彩,138,48,泰坦的坚决
诡术妖姬,Leblanc,白银,139,35,万用瞄准镜
诡术妖姬,Leblanc,棱彩,140,49,踢踏舞
诡术妖姬,Leblanc,棱彩,141,50,濒死悟道
诡术妖姬,Leblanc,白银,142,36,冰寒
诡术妖姬,Leblanc,棱彩,143,51,最万用的瞄准镜
诡术妖姬,Leblanc,黄金,144,57,无尽大杀四方
诡术妖姬,Leblanc,棱彩,145,52,战争交响乐
诡术妖姬,Leblanc,白银,146,37,重量级打击手
诡术妖姬,Leblanc,棱彩,147,53,软弹啪叽抓
诡术妖姬,Leblanc,黄金,148,58,高压锅
诡术妖姬,Leblanc,棱彩,149,54,小丑学院
诡术妖姬,Leblanc,黄金,150,59,吸血习性
诡术妖姬,Leblanc,黄金,151,60,活力焕发
诡术妖姬,Leblanc,黄金,152,61,关键暴击
诡术妖姬,Leblanc,白银,153,38,闪光弹
诡术妖姬,Leblanc,白银,154,39,闪闪现现
诡术妖姬,Leblanc,黄金,155,62,升级：雪球
诡术妖姬,Leblanc,黄金,156,63,魄罗爆破手
诡术妖姬,Leblanc,黄金,157,64,易损
诡术妖姬,Leblanc,黄金,158,65,祖母的辣椒油
诡术妖姬,Leblanc,黄金,159,66,灵魂虹吸
诡术妖姬,Leblanc,棱彩,160,55,量子计算
诡术妖姬,Leblanc,黄金,161,67,暴击飞弹
诡术妖姬,Leblanc,白银,162,40,会心防御
诡术妖姬,Leblanc,黄金,163,68,坚韧
诡术妖姬,Leblanc,黄金,164,69,雪球扭蛋机
诡术妖姬,Leblanc,白银,165,41,坚若磐石
诡术妖姬,Leblanc,黄金,166,70,虚空冲刺
诡术妖姬,Leblanc,黄金,167,71,会心治疗
诡术妖姬,Leblanc,白银,168,42,台风
诡术妖姬,Leblanc,棱彩,169,56,连拨击锤
诡术妖姬,Leblanc,黄金,170,72,最终都市列车
诡术妖姬,Leblanc,棱彩,171,57,卡皮巴拉空投
诡术妖姬,Leblanc,棱彩,172,58,魄罗之王的弹跳
诡术妖姬,Leblanc,棱彩,173,59,死亡之环
诡术妖姬,Leblanc,白银,174,43,强力护盾
诡术妖姬,Leblanc,黄金,175,73,暴击律动
诡术妖姬,Leblanc,棱彩,176,60,升级：花晓之剑
诡术妖姬,Leblanc,白银,177,44,天音爆
诡术妖姬,Leblanc,棱彩,178,61,双刀流
诡术妖姬,Leblanc,棱彩,179,62,你肩上的恶魔
诡术妖姬,Leblanc,白银,180,45,狂热者
诡术妖姬,Leblanc,白银,181,46,虹吸
盲僧,LeeSin,黄金,1,1,穿针引线
盲僧,LeeSin,白银,2,1,大力
盲僧,LeeSin,黄金,3,2,无尽大杀四方
盲僧,LeeSin,白银,4,2,渴血
盲僧,LeeSin,黄金,5,3,狂徒豪气
盲僧,LeeSin,白银,6,3,暗影疾奔
盲僧,LeeSin,黄金,7,4,夜狩
盲僧,LeeSin,棱彩,8,1,扳机炼狱
盲僧,LeeSin,黄金,9,5,牙仙子
盲僧,LeeSin,棱彩,10,2,飞升仪式
盲僧,LeeSin,棱彩,11,3,利刃华尔兹
盲僧,LeeSin,黄金,12,6,升级：焚天
盲僧,LeeSin,棱彩,13,4,最终形态
盲僧,LeeSin,白银,14,4,升级：收集者
盲僧,LeeSin,黄金,15,7,活力焕发
盲僧,LeeSin,棱彩,16,5,大地苏醒
盲僧,LeeSin,黄金,17,8,质变：棱彩阶
盲僧,LeeSin,黄金,18,9,升级：贪欲九头蛇
盲僧,LeeSin,黄金,19,10,黎明使者的坚决
盲僧,LeeSin,棱彩,20,6,掷骰狂人
盲僧,LeeSin,黄金,21,11,连锁反应
盲僧,LeeSin,棱彩,22,7,吃过路兵
盲僧,LeeSin,黄金,23,12,威能之追求
盲僧,LeeSin,黄金,24,13,心灵净化
盲僧,LeeSin,棱彩,25,8,秘术冲拳
盲僧,LeeSin,棱彩,26,9,飞身踢
盲僧,LeeSin,白银,27,5,魔法转物理
盲僧,LeeSin,白银,28,6,虹吸
盲僧,LeeSin,棱彩,29,10,终极刷新
盲僧,LeeSin,棱彩,30,11,濒死悟道
盲僧,LeeSin,黄金,31,14,罪恶快感
盲僧,LeeSin,黄金,32,15,自然即是治愈
盲僧,LeeSin,黄金,33,16,会心治疗
盲僧,LeeSin,黄金,34,17,急速之追求
盲僧,LeeSin,黄金,35,18,循环往复
盲僧,LeeSin,黄金,36,19,闪现向前
盲僧,LeeSin,白银,37,7,快中求稳
盲僧,LeeSin,白银,38,8,质变：黄金阶
盲僧,LeeSin,棱彩,39,12,珠光护手
盲僧,LeeSin,棱彩,40,13,战争交响乐
盲僧,LeeSin,白银,41,9,强力护盾
盲僧,LeeSin,白银,42,10,升级：死亡之舞
盲僧,LeeSin,棱彩,43,14,史上最大雪球
盲僧,LeeSin,白银,44,11,急救用具
盲僧,LeeSin,白银,45,12,逃跑计划
盲僧,LeeSin,棱彩,46,15,质变：混沌
盲僧,LeeSin,黄金,47,20,缩小引擎
盲僧,LeeSin,棱彩,48,16,回归基本功
盲僧,LeeSin,黄金,49,21,捐赠
盲僧,LeeSin,黄金,50,22,我们的治疗
盲僧,LeeSin,棱彩,51,17,终极九头蛇
盲僧,LeeSin,黄金,52,23,坦克引擎
盲僧,LeeSin,棱彩,53,18,蛋白粉奶昔
盲僧,LeeSin,黄金,54,24,属性叠属性！
盲僧,LeeSin,棱彩,55,19,歌利亚巨人
盲僧,LeeSin,黄金,56,25,弹球
盲僧,LeeSin,黄金,57,26,喂呜喂呜
盲僧,LeeSin,黄金,58,27,有始有终
盲僧,LeeSin,白银,59,13,杀意翻涌
盲僧,LeeSin,黄金,60,28,轻拍背部
盲僧,LeeSin,棱彩,61,20,巨人杀手
盲僧,LeeSin,白银,62,14,天音爆
盲僧,LeeSin,棱彩,63,21,科学狂人
盲僧,LeeSin,棱彩,64,22,海牛阿福的勇士
盲僧,LeeSin,棱彩,65,23,终极唤醒
盲僧,LeeSin,黄金,66,29,面包和黄油
盲僧,LeeSin,黄金,67,30,杀戮时间到了
盲僧,LeeSin,黄金,68,31,升级：无尽之刃
盲僧,LeeSin,白银,69,15,加固护盾
盲僧,LeeSin,黄金,70,32,藏身草丛
盲僧,LeeSin,黄金,71,33,面包和果酱
盲僧,LeeSin,黄金,72,34,冰雪爆裂
盲僧,LeeSin,黄金,73,35,生机迸发
盲僧,LeeSin,棱彩,74,24,潘朵拉的盒子
盲僧,LeeSin,黄金,75,36,全心为你
盲僧,LeeSin,黄金,76,37,虚幻武器
盲僧,LeeSin,棱彩,77,25,全凭身法
盲僧,LeeSin,白银,78,16,练腿日
盲僧,LeeSin,棱彩,79,26,神圣雪球
盲僧,LeeSin,黄金,80,38,钢化你心
盲僧,LeeSin,黄金,81,39,灵魂虹吸
盲僧,LeeSin,棱彩,82,27,软弹啪叽抓
盲僧,LeeSin,棱彩,83,28,你摸不到
盲僧,LeeSin,白银,84,17,俯冲轰炸
盲僧,LeeSin,黄金,85,40,神圣干预
盲僧,LeeSin,白银,86,18,大师铸就
盲僧,LeeSin,黄金,87,41,尖端发明家
盲僧,LeeSin,黄金,88,42,星界躯体
盲僧,LeeSin,白银,89,19,下雪天
盲僧,LeeSin,白银,90,20,重量级打击手
盲僧,LeeSin,棱彩,91,29,位面转移
盲僧,LeeSin,白银,92,21,终极不可阻挡
盲僧,LeeSin,棱彩,93,30,无限循环往复
盲僧,LeeSin,黄金,94,43,鲨鱼暴风
盲僧,LeeSin,黄金,95,44,面包和奶酪
盲僧,LeeSin,棱彩,96,31,泰坦的坚决
盲僧,LeeSin,棱彩,97,32,信念者的强化
盲僧,LeeSin,棱彩,98,33,和我一起困在这里
盲僧,LeeSin,白银,99,22,炼狱龙魂
盲僧,LeeSin,棱彩,100,34,风语者的祝福
盲僧,LeeSin,棱彩,101,35,全能龙魂
盲僧,LeeSin,棱彩,102,36,精怪魔法
盲僧,LeeSin,棱彩,103,37,大法师
盲僧,LeeSin,黄金,104,45,术士果汁盒
盲僧,LeeSin,黄金,105,46,哎哟，我的硬币！
盲僧,LeeSin,白银,106,23,防护面纱
盲僧,LeeSin,黄金,107,47,鲨鱼诱饵
盲僧,LeeSin,棱彩,108,38,属性叠属性叠属性！
盲僧,LeeSin,黄金,109,48,关键暴击
盲僧,LeeSin,棱彩,110,39,尊我为王
盲僧,LeeSin,黄金,111,49,急急小子
盲僧,LeeSin,棱彩,112,40,大招工具人
盲僧,LeeSin,黄金,113,50,易损
盲僧,LeeSin,黄金,114,51,过量延伸者
盲僧,LeeSin,棱彩,115,41,连拨击锤
盲僧,LeeSin,棱彩,116,42,升级：花晓之剑
盲僧,LeeSin,棱彩,117,43,踢踏舞
盲僧,LeeSin,黄金,118,52,高压锅
盲僧,LeeSin,白银,119,24,侵蚀
盲僧,LeeSin,白银,120,25,属性！
盲僧,LeeSin,棱彩,121,44,舞会女王
盲僧,LeeSin,黄金,122,53,豪猪
盲僧,LeeSin,棱彩,123,45,双刀流
盲僧,LeeSin,棱彩,124,46,夺金
盲僧,LeeSin,黄金,125,54,升级：耀光
盲僧,LeeSin,黄金,126,55,缩小射线
盲僧,LeeSin,白银,127,26,台风
盲僧,LeeSin,白银,128,27,家园卫士
盲僧,LeeSin,黄金,129,56,咏叹奏鸣
盲僧,LeeSin,白银,130,28,转得我眩晕了
盲僧,LeeSin,白银,131,29,海克斯科技龙魂
盲僧,LeeSin,白银,132,30,会心防御
盲僧,LeeSin,棱彩,133,47,空投熊
盲僧,LeeSin,棱彩,134,48,男爵之手
盲僧,LeeSin,黄金,135,57,回力OK镖
盲僧,LeeSin,白银,136,31,山脉龙魂
盲僧,LeeSin,白银,137,32,双生火焰
盲僧,LeeSin,黄金,138,58,更万用的瞄准镜
盲僧,LeeSin,白银,139,33,纯粹主义者 - 术师
盲僧,LeeSin,棱彩,140,49,双发快射
盲僧,LeeSin,棱彩,141,50,至高天诺言
盲僧,LeeSin,黄金,142,59,炽烈黎明
盲僧,LeeSin,黄金,143,60,火上浇油
盲僧,LeeSin,棱彩,144,51,魄罗蛮冲
盲僧,LeeSin,白银,145,34,海洋龙魂
盲僧,LeeSin,棱彩,146,52,灵魄炸弹
盲僧,LeeSin,黄金,147,61,魔法飞弹
盲僧,LeeSin,白银,148,35,由暴生急
盲僧,LeeSin,白银,149,36,灵巧
盲僧,LeeSin,棱彩,150,53,艾卡西亚的陷落
盲僧,LeeSin,白银,151,37,唯快不破
盲僧,LeeSin,棱彩,152,54,电涌力场
盲僧,LeeSin,白银,153,38,火狐
盲僧,LeeSin,棱彩,154,55,最万用的瞄准镜
盲僧,LeeSin,棱彩,155,56,玻璃大炮
盲僧,LeeSin,白银,156,39,闪光弹
盲僧,LeeSin,白银,157,40,冰寒
盲僧,LeeSin,棱彩,158,57,炼狱导管
盲僧,LeeSin,白银,159,41,万用瞄准镜
盲僧,LeeSin,白银,160,42,升级：献祭
盲僧,LeeSin,白银,161,43,闪闪现现
盲僧,LeeSin,黄金,162,62,吸血习性
盲僧,LeeSin,白银,163,44,吵闹鬼
盲僧,LeeSin,棱彩,164,58,小丑学院
盲僧,LeeSin,白银,165,45,点亮他们！
盲僧,LeeSin,黄金,166,63,升级：雪球
盲僧,LeeSin,棱彩,167,59,量子计算
盲僧,LeeSin,黄金,168,64,雪球扭蛋机
盲僧,LeeSin,黄金,169,65,坚韧
盲僧,LeeSin,黄金,170,66,最终都市列车
盲僧,LeeSin,黄金,171,67,魄罗爆破手
盲僧,LeeSin,黄金,172,68,虚空冲刺
盲僧,LeeSin,棱彩,173,60,激光治疗
盲僧,LeeSin,棱彩,174,61,魄罗之王的弹跳
盲僧,LeeSin,棱彩,175,62,小猫咪找妈妈
盲僧,LeeSin,黄金,176,69,暴击律动
盲僧,LeeSin,黄金,177,70,仁慈打击
盲僧,LeeSin,棱彩,178,63,王中王，靴中靴
盲僧,LeeSin,棱彩,179,64,？？？
盲僧,LeeSin,白银,180,46,可靠武器
盲僧,LeeSin,棱彩,181,65,死亡之环
盲僧,LeeSin,白银,182,47,巫师式思考
盲僧,LeeSin,黄金,183,71,神射法师
盲僧,LeeSin,白银,184,48,叠角龙
盲僧,LeeSin,棱彩,185,66,卡皮巴拉空投
盲僧,LeeSin,棱彩,186,67,你肩上的恶魔
曙光女神,Leona,黄金,1,1,坦克引擎
曙光女神,Leona,白银,2,1,重量级打击手
曙光女神,Leona,棱彩,3,1,飞身踢
曙光女神,Leona,黄金,4,2,钢化你心
曙光女神,Leona,黄金,5,3,星界躯体
曙光女神,Leona,棱彩,6,2,歌利亚巨人
曙光女神,Leona,棱彩,7,3,巨像的勇气
曙光女神,Leona,白银,8,2,升级：献祭
曙光女神,Leona,黄金,9,4,吞噬灵魂
曙光女神,Leona,白银,10,3,扇巴掌
曙光女神,Leona,黄金,11,5,高压锅
曙光女神,Leona,黄金,12,6,不动如山
曙光女神,Leona,棱彩,13,4,艾卡西亚的陷落
曙光女神,Leona,黄金,14,7,质变：棱彩阶
曙光女神,Leona,黄金,15,8,贪欲束缚
曙光女神,Leona,棱彩,16,5,残忍
曙光女神,Leona,白银,17,4,保持坚定
曙光女神,Leona,白银,18,5,质变：黄金阶
曙光女神,Leona,黄金,19,9,黎明使者的坚决
曙光女神,Leona,黄金,20,10,豪猪
曙光女神,Leona,黄金,21,11,生机迸发
曙光女神,Leona,白银,22,6,逃跑计划
曙光女神,Leona,黄金,23,12,循环往复
曙光女神,Leona,白银,24,7,大师铸就
曙光女神,Leona,黄金,25,13,面包和黄油
曙光女神,Leona,棱彩,26,6,和我一起困在这里
曙光女神,Leona,白银,27,8,练腿日
曙光女神,Leona,黄金,28,14,无尽大杀四方
曙光女神,Leona,黄金,29,15,尖端发明家
曙光女神,Leona,棱彩,30,7,泰坦的坚决
曙光女神,Leona,白银,31,9,海洋龙魂
曙光女神,Leona,棱彩,32,8,质变：混沌
曙光女神,Leona,棱彩,33,9,终极唤醒
曙光女神,Leona,棱彩,34,10,掷骰狂人
曙光女神,Leona,黄金,35,16,快步
曙光女神,Leona,白银,36,10,俯冲轰炸
曙光女神,Leona,黄金,37,17,神圣干预
曙光女神,Leona,黄金,38,18,面包和果酱
曙光女神,Leona,白银,39,11,快中求稳
曙光女神,Leona,黄金,40,19,面包和奶酪
曙光女神,Leona,棱彩,41,11,史上最大雪球
曙光女神,Leona,棱彩,42,12,终极刷新
曙光女神,Leona,黄金,43,20,急速之追求
曙光女神,Leona,白银,44,12,下雪天
曙光女神,Leona,黄金,45,21,属性叠属性！
曙光女神,Leona,黄金,46,22,捐赠
曙光女神,Leona,黄金,47,23,小小的额外帮助
曙光女神,Leona,黄金,48,24,自然即是治愈
曙光女神,Leona,黄金,49,25,虚幻武器
曙光女神,Leona,黄金,50,26,冰雪爆裂
曙光女神,Leona,白银,51,13,由心及物
曙光女神,Leona,黄金,52,27,弹球
曙光女神,Leona,白银,53,14,终极不可阻挡
曙光女神,Leona,白银,54,15,侵蚀
曙光女神,Leona,棱彩,55,13,最终形态
曙光女神,Leona,棱彩,56,14,科学狂人
曙光女神,Leona,棱彩,57,15,秘术冲拳
曙光女神,Leona,黄金,58,28,我们的治疗
曙光女神,Leona,棱彩,59,16,无限循环往复
曙光女神,Leona,棱彩,60,17,空投熊
曙光女神,Leona,白银,61,16,山脉龙魂
曙光女神,Leona,棱彩,62,18,潘朵拉的盒子
曙光女神,Leona,棱彩,63,19,大法师
曙光女神,Leona,黄金,64,29,闪现向前
曙光女神,Leona,白银,65,17,属性！
曙光女神,Leona,棱彩,66,20,针插垫
曙光女神,Leona,棱彩,67,21,大地苏醒
曙光女神,Leona,棱彩,68,22,精怪魔法
曙光女神,Leona,棱彩,69,23,软弹啪叽抓
曙光女神,Leona,棱彩,70,24,舞会女王
曙光女神,Leona,黄金,71,30,缩小引擎
曙光女神,Leona,黄金,72,31,鲨鱼诱饵
曙光女神,Leona,棱彩,73,25,神圣雪球
曙光女神,Leona,白银,74,18,暗影疾奔
曙光女神,Leona,棱彩,75,26,你摸不到
曙光女神,Leona,白银,76,19,杀意翻涌
曙光女神,Leona,黄金,77,32,鲨鱼暴风
曙光女神,Leona,黄金,78,33,狂徒豪气
曙光女神,Leona,黄金,79,34,咏叹奏鸣
曙光女神,Leona,棱彩,80,27,回归基本功
曙光女神,Leona,黄金,81,35,缩小射线
曙光女神,Leona,黄金,82,36,心灵净化
曙光女神,Leona,白银,83,20,防护面纱
曙光女神,Leona,白银,84,21,火狐
曙光女神,Leona,黄金,85,37,哎哟，我的硬币！
曙光女神,Leona,黄金,86,38,炽烈黎明
曙光女神,Leona,棱彩,87,28,全能龙魂
曙光女神,Leona,棱彩,88,29,尊我为王
曙光女神,Leona,白银,89,22,转得我眩晕了
曙光女神,Leona,白银,90,23,炼狱龙魂
曙光女神,Leona,黄金,91,39,火上浇油
曙光女神,Leona,黄金,92,40,升级：焚天
曙光女神,Leona,白银,93,24,纯粹主义者 - 术师
曙光女神,Leona,棱彩,94,30,属性叠属性叠属性！
曙光女神,Leona,黄金,95,41,过量延伸者
曙光女神,Leona,白银,96,25,家园卫士
曙光女神,Leona,白银,97,26,海克斯科技龙魂
曙光女神,Leona,棱彩,98,31,全凭身法
曙光女神,Leona,棱彩,99,32,濒死悟道
曙光女神,Leona,黄金,100,42,轻拍背部
曙光女神,Leona,棱彩,101,33,吃过路兵
曙光女神,Leona,棱彩,102,34,海牛阿福的勇士
曙光女神,Leona,黄金,103,43,杀戮时间到了
曙光女神,Leona,白银,104,27,渴血
曙光女神,Leona,黄金,105,44,更万用的瞄准镜
曙光女神,Leona,白银,106,28,万用瞄准镜
曙光女神,Leona,黄金,107,45,升级：贪欲九头蛇
曙光女神,Leona,棱彩,108,35,飞升仪式
曙光女神,Leona,棱彩,109,36,大招工具人
曙光女神,Leona,白银,110,29,冰寒
曙光女神,Leona,黄金,111,46,急急小子
曙光女神,Leona,黄金,112,47,回力OK镖
曙光女神,Leona,白银,113,30,双生火焰
曙光女神,Leona,白银,114,31,升级：死亡之舞
曙光女神,Leona,黄金,115,48,术士果汁盒
曙光女神,Leona,棱彩,116,37,炼狱导管
曙光女神,Leona,棱彩,117,38,终极九头蛇
曙光女神,Leona,棱彩,118,39,扳机炼狱
曙光女神,Leona,白银,119,32,灵巧
曙光女神,Leona,棱彩,120,40,夺金
曙光女神,Leona,棱彩,121,41,魄罗蛮冲
曙光女神,Leona,黄金,122,49,夜狩
曙光女神,Leona,白银,123,33,吵闹鬼
曙光女神,Leona,黄金,124,50,罪恶快感
曙光女神,Leona,棱彩,125,42,位面转移
曙光女神,Leona,棱彩,126,43,利刃华尔兹
曙光女神,Leona,棱彩,127,44,最万用的瞄准镜
曙光女神,Leona,白银,128,34,物理转魔法
曙光女神,Leona,黄金,129,51,穿针引线
曙光女神,Leona,棱彩,130,45,男爵之手
曙光女神,Leona,黄金,131,52,超凡邪恶
曙光女神,Leona,黄金,132,53,魔法飞弹
曙光女神,Leona,棱彩,133,46,电涌力场
曙光女神,Leona,白银,134,35,注魔
曙光女神,Leona,白银,135,36,点亮他们！
曙光女神,Leona,黄金,136,54,坚韧
曙光女神,Leona,棱彩,137,47,巨人杀手
曙光女神,Leona,白银,138,37,巫师式思考
曙光女神,Leona,棱彩,139,48,踢踏舞
曙光女神,Leona,棱彩,140,49,珠光护手
曙光女神,Leona,黄金,141,55,神射法师
曙光女神,Leona,黄金,142,56,溢流
曙光女神,Leona,棱彩,143,50,战争交响乐
曙光女神,Leona,白银,144,38,坚若磐石
曙光女神,Leona,棱彩,145,51,不祥契约
曙光女神,Leona,黄金,146,57,超强大脑
曙光女神,Leona,黄金,147,58,有始有终
曙光女神,Leona,黄金,148,59,藏身草丛
曙光女神,Leona,棱彩,149,52,尤里卡
曙光女神,Leona,白银,150,39,唯快不破
曙光女神,Leona,黄金,151,60,活力焕发
曙光女神,Leona,白银,152,40,升级：中娅
曙光女神,Leona,白银,153,41,闪光弹
曙光女神,Leona,黄金,154,61,牙仙子
曙光女神,Leona,白银,155,42,闪闪现现
曙光女神,Leona,黄金,156,62,会心治疗
曙光女神,Leona,黄金,157,63,祖母的辣椒油
曙光女神,Leona,黄金,158,64,升级：雪球
曙光女神,Leona,棱彩,159,53,沃格勒特的巫师帽
曙光女神,Leona,棱彩,160,54,玻璃大炮
曙光女神,Leona,黄金,161,65,雪球扭蛋机
曙光女神,Leona,白银,162,43,虹吸
曙光女神,Leona,棱彩,163,55,量子计算
曙光女神,Leona,棱彩,164,56,蛋白粉奶昔
曙光女神,Leona,白银,165,44,会心防御
曙光女神,Leona,白银,166,45,叠角龙
曙光女神,Leona,黄金,167,66,最终都市列车
曙光女神,Leona,黄金,168,67,虚空冲刺
曙光女神,Leona,黄金,169,68,关键暴击
曙光女神,Leona,黄金,170,69,易损
曙光女神,Leona,棱彩,171,57,魄罗之王的弹跳
曙光女神,Leona,黄金,172,70,灵魂虹吸
曙光女神,Leona,棱彩,173,58,小丑学院
曙光女神,Leona,棱彩,174,59,激光治疗
曙光女神,Leona,棱彩,175,60,信念者的强化
曙光女神,Leona,棱彩,176,61,多重射击
曙光女神,Leona,黄金,177,71,邦！
曙光女神,Leona,黄金,178,72,喂呜喂呜
曙光女神,Leona,白银,179,46,急救用具
曙光女神,Leona,棱彩,180,62,卡皮巴拉空投
曙光女神,Leona,棱彩,181,63,灵魄炸弹
曙光女神,Leona,黄金,182,73,威能之追求
曙光女神,Leona,白银,183,47,天音爆
曙光女神,Leona,棱彩,184,64,双刀流
曙光女神,Leona,棱彩,185,65,至高天诺言
曙光女神,Leona,黄金,186,74,魄罗爆破手
曙光女神,Leona,棱彩,187,66,？？？
曙光女神,Leona,白银,188,48,狂热者
曙光女神,Leona,棱彩,189,67,双发快射
曙光女神,Leona,棱彩,190,68,回响施放
曙光女神,Leona,棱彩,191,69,超负荷
曙光女神,Leona,白银,192,49,自适应防护
含羞蓓蕾,Lillia,黄金,1,1,术士果汁盒
含羞蓓蕾,Lillia,棱彩,2,1,炼狱导管
含羞蓓蕾,Lillia,黄金,3,2,超凡邪恶
含羞蓓蕾,Lillia,白银,4,1,渴血
含羞蓓蕾,Lillia,黄金,5,3,魔法飞弹
含羞蓓蕾,Lillia,黄金,6,4,急急小子
含羞蓓蕾,Lillia,黄金,7,5,虚幻武器
含羞蓓蕾,Lillia,白银,8,2,冰寒
含羞蓓蕾,Lillia,棱彩,9,2,大法师
含羞蓓蕾,Lillia,黄金,10,6,炽燃利息
含羞蓓蕾,Lillia,白银,11,3,纯粹主义者 - 术师
含羞蓓蕾,Lillia,棱彩,12,3,无限循环往复
含羞蓓蕾,Lillia,白银,13,4,巫师式思考
含羞蓓蕾,Lillia,棱彩,14,4,不祥契约
含羞蓓蕾,Lillia,黄金,15,7,质变：棱彩阶
含羞蓓蕾,Lillia,黄金,16,8,缩小引擎
含羞蓓蕾,Lillia,白银,17,5,升级：中娅
含羞蓓蕾,Lillia,黄金,18,9,超强大脑
含羞蓓蕾,Lillia,黄金,19,10,循环往复
含羞蓓蕾,Lillia,白银,20,6,旋转至胜
含羞蓓蕾,Lillia,棱彩,21,5,沃格勒特的巫师帽
含羞蓓蕾,Lillia,棱彩,22,6,回归基本功
含羞蓓蕾,Lillia,棱彩,23,7,掷骰狂人
含羞蓓蕾,Lillia,黄金,24,11,快步
含羞蓓蕾,Lillia,棱彩,25,8,吃过路兵
含羞蓓蕾,Lillia,黄金,26,12,罪恶快感
含羞蓓蕾,Lillia,棱彩,27,9,尤里卡
含羞蓓蕾,Lillia,黄金,28,13,无尽大杀四方
含羞蓓蕾,Lillia,棱彩,29,10,秘术冲拳
含羞蓓蕾,Lillia,黄金,30,14,面包和黄油
含羞蓓蕾,Lillia,白银,31,7,练腿日
含羞蓓蕾,Lillia,黄金,32,15,面包和奶酪
含羞蓓蕾,Lillia,白银,33,8,大师铸就
含羞蓓蕾,Lillia,棱彩,34,11,巨人杀手
含羞蓓蕾,Lillia,白银,35,9,质变：黄金阶
含羞蓓蕾,Lillia,白银,36,10,唯快不破
含羞蓓蕾,Lillia,黄金,37,16,杀戮时间到了
含羞蓓蕾,Lillia,黄金,38,17,轻拍背部
含羞蓓蕾,Lillia,棱彩,39,12,最终形态
含羞蓓蕾,Lillia,黄金,40,18,心灵净化
含羞蓓蕾,Lillia,棱彩,41,13,终极唤醒
含羞蓓蕾,Lillia,棱彩,42,14,飞升仪式
含羞蓓蕾,Lillia,黄金,43,19,自然即是治愈
含羞蓓蕾,Lillia,黄金,44,20,溢流
含羞蓓蕾,Lillia,白银,45,11,双生火焰
含羞蓓蕾,Lillia,白银,46,12,逃跑计划
含羞蓓蕾,Lillia,白银,47,13,可靠武器
含羞蓓蕾,Lillia,黄金,48,21,穿针引线
含羞蓓蕾,Lillia,白银,49,14,家园卫士
含羞蓓蕾,Lillia,棱彩,50,15,珠光护手
含羞蓓蕾,Lillia,白银,51,15,自适应防护
含羞蓓蕾,Lillia,白银,52,16,侵蚀
含羞蓓蕾,Lillia,棱彩,53,16,质变：混沌
含羞蓓蕾,Lillia,白银,54,17,由心及物
含羞蓓蕾,Lillia,棱彩,55,17,飞身踢
含羞蓓蕾,Lillia,白银,56,18,物理转魔法
含羞蓓蕾,Lillia,黄金,57,22,捐赠
含羞蓓蕾,Lillia,黄金,58,23,属性叠属性！
含羞蓓蕾,Lillia,棱彩,59,18,濒死悟道
含羞蓓蕾,Lillia,黄金,60,24,闪现向前
含羞蓓蕾,Lillia,白银,61,19,海洋龙魂
含羞蓓蕾,Lillia,白银,62,20,火狐
含羞蓓蕾,Lillia,黄金,63,25,有始有终
含羞蓓蕾,Lillia,棱彩,64,19,科学狂人
含羞蓓蕾,Lillia,棱彩,65,20,史上最大雪球
含羞蓓蕾,Lillia,黄金,66,26,坦克引擎
含羞蓓蕾,Lillia,黄金,67,27,神射法师
含羞蓓蕾,Lillia,棱彩,68,21,超负荷
含羞蓓蕾,Lillia,棱彩,69,22,终极刷新
含羞蓓蕾,Lillia,棱彩,70,23,潘朵拉的盒子
含羞蓓蕾,Lillia,棱彩,71,24,踢踏舞
含羞蓓蕾,Lillia,棱彩,72,25,利刃华尔兹
含羞蓓蕾,Lillia,黄金,73,28,牙仙子
含羞蓓蕾,Lillia,白银,74,21,杀意翻涌
含羞蓓蕾,Lillia,白银,75,22,炼狱龙魂
含羞蓓蕾,Lillia,黄金,76,29,炽烈黎明
含羞蓓蕾,Lillia,黄金,77,30,夜狩
含羞蓓蕾,Lillia,黄金,78,31,神圣干预
含羞蓓蕾,Lillia,白银,79,23,注魔
含羞蓓蕾,Lillia,棱彩,80,26,歌利亚巨人
含羞蓓蕾,Lillia,黄金,81,32,弹球
含羞蓓蕾,Lillia,白银,82,24,海克斯科技龙魂
含羞蓓蕾,Lillia,棱彩,83,27,回响施放
含羞蓓蕾,Lillia,棱彩,84,28,你摸不到
含羞蓓蕾,Lillia,黄金,85,33,哎哟，我的硬币！
含羞蓓蕾,Lillia,棱彩,86,29,神圣雪球
含羞蓓蕾,Lillia,黄金,87,34,面包和果酱
含羞蓓蕾,Lillia,棱彩,88,30,全能龙魂
含羞蓓蕾,Lillia,棱彩,89,31,夺金
含羞蓓蕾,Lillia,黄金,90,35,黎明使者的坚决
含羞蓓蕾,Lillia,黄金,91,36,冰雪爆裂
含羞蓓蕾,Lillia,棱彩,92,32,泰坦的坚决
含羞蓓蕾,Lillia,棱彩,93,33,海牛阿福的勇士
含羞蓓蕾,Lillia,黄金,94,37,尖端发明家
含羞蓓蕾,Lillia,棱彩,95,34,电涌力场
含羞蓓蕾,Lillia,棱彩,96,35,空投熊
含羞蓓蕾,Lillia,白银,97,25,终极不可阻挡
含羞蓓蕾,Lillia,黄金,98,38,回力OK镖
含羞蓓蕾,Lillia,棱彩,99,36,尊我为王
含羞蓓蕾,Lillia,黄金,100,39,鲨鱼暴风
含羞蓓蕾,Lillia,黄金,101,40,咏叹奏鸣
含羞蓓蕾,Lillia,白银,102,26,下雪天
含羞蓓蕾,Lillia,棱彩,103,37,扳机炼狱
含羞蓓蕾,Lillia,黄金,104,41,星界躯体
含羞蓓蕾,Lillia,棱彩,105,38,属性叠属性叠属性！
含羞蓓蕾,Lillia,棱彩,106,39,和我一起困在这里
含羞蓓蕾,Lillia,黄金,107,42,火上浇油
含羞蓓蕾,Lillia,白银,108,27,防护面纱
含羞蓓蕾,Lillia,黄金,109,43,狙神飞星
含羞蓓蕾,Lillia,黄金,110,44,生机迸发
含羞蓓蕾,Lillia,棱彩,111,40,位面转移
含羞蓓蕾,Lillia,黄金,112,45,高压锅
含羞蓓蕾,Lillia,黄金,113,46,钢化你心
含羞蓓蕾,Lillia,白银,114,28,俯冲轰炸
含羞蓓蕾,Lillia,黄金,115,47,鲨鱼诱饵
含羞蓓蕾,Lillia,白银,116,29,属性！
含羞蓓蕾,Lillia,棱彩,117,41,大招工具人
含羞蓓蕾,Lillia,白银,118,30,吵闹鬼
含羞蓓蕾,Lillia,黄金,119,48,升级：贪欲九头蛇
含羞蓓蕾,Lillia,黄金,120,49,我们的治疗
含羞蓓蕾,Lillia,棱彩,121,42,男爵之手
含羞蓓蕾,Lillia,黄金,122,50,藏身草丛
含羞蓓蕾,Lillia,棱彩,123,43,舞会女王
含羞蓓蕾,Lillia,黄金,124,51,过量延伸者
含羞蓓蕾,Lillia,棱彩,125,44,魄罗蛮冲
含羞蓓蕾,Lillia,黄金,126,52,缩小射线
含羞蓓蕾,Lillia,白银,127,31,山脉龙魂
含羞蓓蕾,Lillia,棱彩,128,45,玻璃大炮
含羞蓓蕾,Lillia,黄金,129,53,豪猪
含羞蓓蕾,Lillia,棱彩,130,46,物法皆修
含羞蓓蕾,Lillia,棱彩,131,47,战争交响乐
含羞蓓蕾,Lillia,黄金,132,54,升级：耀光
含羞蓓蕾,Lillia,白银,133,32,转得我眩晕了
含羞蓓蕾,Lillia,白银,134,33,灵巧
含羞蓓蕾,Lillia,棱彩,135,48,软弹啪叽抓
含羞蓓蕾,Lillia,黄金,136,55,升级：焚天
含羞蓓蕾,Lillia,棱彩,137,49,至高天诺言
含羞蓓蕾,Lillia,黄金,138,56,更万用的瞄准镜
含羞蓓蕾,Lillia,白银,139,34,重量级打击手
含羞蓓蕾,Lillia,白银,140,35,点亮他们！
含羞蓓蕾,Lillia,棱彩,141,50,最万用的瞄准镜
含羞蓓蕾,Lillia,黄金,142,57,吸血习性
含羞蓓蕾,Lillia,白银,143,36,万用瞄准镜
含羞蓓蕾,Lillia,棱彩,144,51,艾卡西亚的陷落
含羞蓓蕾,Lillia,白银,145,37,升级：献祭
含羞蓓蕾,Lillia,黄金,146,58,活力焕发
含羞蓓蕾,Lillia,黄金,147,59,祖母的辣椒油
含羞蓓蕾,Lillia,棱彩,148,52,灵魄炸弹
含羞蓓蕾,Lillia,黄金,149,60,易损
含羞蓓蕾,Lillia,黄金,150,61,升级：雪球
含羞蓓蕾,Lillia,黄金,151,62,魄罗爆破手
含羞蓓蕾,Lillia,黄金,152,63,雪球扭蛋机
含羞蓓蕾,Lillia,棱彩,153,53,死亡之环
含羞蓓蕾,Lillia,黄金,154,64,急速之追求
含羞蓓蕾,Lillia,棱彩,155,54,小丑学院
含羞蓓蕾,Lillia,白银,156,38,闪闪现现
含羞蓓蕾,Lillia,黄金,157,65,灵魂虹吸
含羞蓓蕾,Lillia,黄金,158,66,会心治疗
含羞蓓蕾,Lillia,黄金,159,67,关键暴击
含羞蓓蕾,Lillia,白银,160,39,闪光弹
含羞蓓蕾,Lillia,黄金,161,68,最终都市列车
含羞蓓蕾,Lillia,黄金,162,69,坚韧
含羞蓓蕾,Lillia,白银,163,40,急救用具
含羞蓓蕾,Lillia,棱彩,164,55,量子计算
含羞蓓蕾,Lillia,棱彩,165,56,蛋白粉奶昔
含羞蓓蕾,Lillia,白银,166,41,会心防御
含羞蓓蕾,Lillia,棱彩,167,57,风语者的祝福
含羞蓓蕾,Lillia,棱彩,168,58,连拨击锤
含羞蓓蕾,Lillia,白银,169,42,强力护盾
含羞蓓蕾,Lillia,棱彩,170,59,？？？
含羞蓓蕾,Lillia,棱彩,171,60,你肩上的恶魔
含羞蓓蕾,Lillia,黄金,172,70,威能之追求
含羞蓓蕾,Lillia,白银,173,43,台风
含羞蓓蕾,Lillia,棱彩,174,61,升级：花晓之剑
含羞蓓蕾,Lillia,白银,175,44,狂热者
含羞蓓蕾,Lillia,黄金,176,71,虚空冲刺
含羞蓓蕾,Lillia,黄金,177,72,喂呜喂呜
含羞蓓蕾,Lillia,白银,178,45,叠角龙
含羞蓓蕾,Lillia,白银,179,46,魔法转物理
含羞蓓蕾,Lillia,棱彩,180,62,魄罗之王的弹跳
冰霜女巫,Lissandra,黄金,1,1,术士果汁盒
冰霜女巫,Lissandra,白银,2,1,升级：中娅
冰霜女巫,Lissandra,黄金,3,2,魔法飞弹
冰霜女巫,Lissandra,黄金,4,3,超凡邪恶
冰霜女巫,Lissandra,棱彩,5,1,尤里卡
冰霜女巫,Lissandra,黄金,6,4,杀戮时间到了
冰霜女巫,Lissandra,白银,7,2,巫师式思考
冰霜女巫,Lissandra,黄金,8,5,穿针引线
冰霜女巫,Lissandra,棱彩,9,2,残忍
冰霜女巫,Lissandra,白银,10,3,冰寒
冰霜女巫,Lissandra,黄金,11,6,超强大脑
冰霜女巫,Lissandra,棱彩,12,3,终极刷新
冰霜女巫,Lissandra,黄金,13,7,贪欲束缚
冰霜女巫,Lissandra,棱彩,14,4,大法师
冰霜女巫,Lissandra,黄金,15,8,牙仙子
冰霜女巫,Lissandra,棱彩,16,5,沃格勒特的巫师帽
冰霜女巫,Lissandra,白银,17,4,纯粹主义者 - 术师
冰霜女巫,Lissandra,棱彩,18,6,无限循环往复
冰霜女巫,Lissandra,黄金,19,9,质变：棱彩阶
冰霜女巫,Lissandra,黄金,20,10,循环往复
冰霜女巫,Lissandra,棱彩,21,7,炼狱导管
冰霜女巫,Lissandra,棱彩,22,8,终极唤醒
冰霜女巫,Lissandra,白银,23,5,扇巴掌
冰霜女巫,Lissandra,白银,24,6,渴血
冰霜女巫,Lissandra,黄金,25,11,不动如山
冰霜女巫,Lissandra,黄金,26,12,急急小子
冰霜女巫,Lissandra,白银,27,7,由心及物
冰霜女巫,Lissandra,黄金,28,13,吞噬灵魂
冰霜女巫,Lissandra,白银,29,8,保持坚定
冰霜女巫,Lissandra,棱彩,30,9,掷骰狂人
冰霜女巫,Lissandra,棱彩,31,10,空投熊
冰霜女巫,Lissandra,棱彩,32,11,精怪魔法
冰霜女巫,Lissandra,黄金,33,14,溢流
冰霜女巫,Lissandra,黄金,34,15,急速之追求
冰霜女巫,Lissandra,黄金,35,16,虚幻武器
冰霜女巫,Lissandra,棱彩,36,12,咒语裂变
冰霜女巫,Lissandra,白银,37,9,质变：黄金阶
冰霜女巫,Lissandra,黄金,38,17,心灵净化
冰霜女巫,Lissandra,黄金,39,18,缩小引擎
冰霜女巫,Lissandra,黄金,40,19,面包和果酱
冰霜女巫,Lissandra,棱彩,41,13,回响施放
冰霜女巫,Lissandra,黄金,42,20,威能之追求
冰霜女巫,Lissandra,黄金,43,21,夜狩
冰霜女巫,Lissandra,棱彩,44,14,巨像的勇气
冰霜女巫,Lissandra,黄金,45,22,闪现向前
冰霜女巫,Lissandra,棱彩,46,15,史上最大雪球
冰霜女巫,Lissandra,黄金,47,23,神射法师
冰霜女巫,Lissandra,黄金,48,24,弹球
冰霜女巫,Lissandra,白银,49,10,俯冲轰炸
冰霜女巫,Lissandra,黄金,50,25,面包和黄油
冰霜女巫,Lissandra,白银,51,11,物理转魔法
冰霜女巫,Lissandra,黄金,52,26,狙神飞星
冰霜女巫,Lissandra,白银,53,12,下雪天
冰霜女巫,Lissandra,白银,54,13,双生火焰
冰霜女巫,Lissandra,白银,55,14,逃跑计划
冰霜女巫,Lissandra,白银,56,15,海克斯科技龙魂
冰霜女巫,Lissandra,棱彩,57,16,珠光护手
冰霜女巫,Lissandra,黄金,58,27,捐赠
冰霜女巫,Lissandra,黄金,59,28,冰雪爆裂
冰霜女巫,Lissandra,棱彩,60,17,电涌力场
冰霜女巫,Lissandra,黄金,61,29,生机迸发
冰霜女巫,Lissandra,黄金,62,30,有始有终
冰霜女巫,Lissandra,黄金,63,31,神圣干预
冰霜女巫,Lissandra,黄金,64,32,尖端发明家
冰霜女巫,Lissandra,白银,65,16,大师铸就
冰霜女巫,Lissandra,黄金,66,33,属性叠属性！
冰霜女巫,Lissandra,棱彩,67,18,质变：混沌
冰霜女巫,Lissandra,黄金,68,34,鲨鱼暴风
冰霜女巫,Lissandra,黄金,69,35,鲨鱼诱饵
冰霜女巫,Lissandra,黄金,70,36,面包和奶酪
冰霜女巫,Lissandra,棱彩,71,19,不祥契约
冰霜女巫,Lissandra,白银,72,17,炼狱龙魂
冰霜女巫,Lissandra,棱彩,73,20,利刃华尔兹
冰霜女巫,Lissandra,黄金,74,37,炽烈黎明
冰霜女巫,Lissandra,白银,75,18,注魔
冰霜女巫,Lissandra,棱彩,76,21,全凭身法
冰霜女巫,Lissandra,白银,77,19,侵蚀
冰霜女巫,Lissandra,白银,78,20,防护面纱
冰霜女巫,Lissandra,棱彩,79,22,潘朵拉的盒子
冰霜女巫,Lissandra,棱彩,80,23,神圣雪球
冰霜女巫,Lissandra,白银,81,21,家园卫士
冰霜女巫,Lissandra,白银,82,22,练腿日
冰霜女巫,Lissandra,白银,83,23,火狐
冰霜女巫,Lissandra,棱彩,84,24,多重射击
冰霜女巫,Lissandra,棱彩,85,25,飞身踢
冰霜女巫,Lissandra,棱彩,86,26,大招工具人
冰霜女巫,Lissandra,棱彩,87,27,超负荷
冰霜女巫,Lissandra,白银,88,24,海洋龙魂
冰霜女巫,Lissandra,棱彩,89,28,你摸不到
冰霜女巫,Lissandra,黄金,90,38,哎哟，我的硬币！
冰霜女巫,Lissandra,黄金,91,39,狂徒豪气
冰霜女巫,Lissandra,棱彩,92,29,吃过路兵
冰霜女巫,Lissandra,白银,93,25,终极不可阻挡
冰霜女巫,Lissandra,黄金,94,40,轻拍背部
冰霜女巫,Lissandra,黄金,95,41,坦克引擎
冰霜女巫,Lissandra,棱彩,96,30,和我一起困在这里
冰霜女巫,Lissandra,黄金,97,42,老练狙神
冰霜女巫,Lissandra,白银,98,26,快中求稳
冰霜女巫,Lissandra,黄金,99,43,黎明使者的坚决
冰霜女巫,Lissandra,棱彩,100,31,大地苏醒
冰霜女巫,Lissandra,棱彩,101,32,巨人杀手
冰霜女巫,Lissandra,棱彩,102,33,玻璃大炮
冰霜女巫,Lissandra,黄金,103,44,回力OK镖
冰霜女巫,Lissandra,棱彩,104,34,科学狂人
冰霜女巫,Lissandra,黄金,105,45,罪恶快感
冰霜女巫,Lissandra,白银,106,27,属性！
冰霜女巫,Lissandra,白银,107,28,暗影疾奔
冰霜女巫,Lissandra,棱彩,108,35,歌利亚巨人
冰霜女巫,Lissandra,黄金,109,46,自然即是治愈
冰霜女巫,Lissandra,黄金,110,47,星界躯体
冰霜女巫,Lissandra,黄金,111,48,过量延伸者
冰霜女巫,Lissandra,棱彩,112,36,全能龙魂
冰霜女巫,Lissandra,棱彩,113,37,海牛阿福的勇士
冰霜女巫,Lissandra,棱彩,114,38,位面转移
冰霜女巫,Lissandra,棱彩,115,39,属性叠属性叠属性！
冰霜女巫,Lissandra,黄金,116,49,咏叹奏鸣
冰霜女巫,Lissandra,黄金,117,50,我们的治疗
冰霜女巫,Lissandra,棱彩,118,40,尊我为王
冰霜女巫,Lissandra,棱彩,119,41,夺金
冰霜女巫,Lissandra,黄金,120,51,高压锅
冰霜女巫,Lissandra,棱彩,121,42,扳机炼狱
冰霜女巫,Lissandra,白银,122,29,杀意翻涌
冰霜女巫,Lissandra,棱彩,123,43,最终形态
冰霜女巫,Lissandra,黄金,124,52,钢化你心
冰霜女巫,Lissandra,棱彩,125,44,男爵之手
冰霜女巫,Lissandra,白银,126,30,山脉龙魂
冰霜女巫,Lissandra,黄金,127,53,无尽大杀四方
冰霜女巫,Lissandra,黄金,128,54,藏身草丛
冰霜女巫,Lissandra,白银,129,31,转得我眩晕了
冰霜女巫,Lissandra,黄金,130,55,火上浇油
冰霜女巫,Lissandra,棱彩,131,45,飞升仪式
冰霜女巫,Lissandra,棱彩,132,46,泰坦的坚决
冰霜女巫,Lissandra,棱彩,133,47,秘术冲拳
冰霜女巫,Lissandra,棱彩,134,48,魄罗蛮冲
冰霜女巫,Lissandra,黄金,135,56,豪猪
冰霜女巫,Lissandra,棱彩,136,49,软弹啪叽抓
冰霜女巫,Lissandra,棱彩,137,50,战争交响乐
冰霜女巫,Lissandra,黄金,138,57,缩小射线
冰霜女巫,Lissandra,棱彩,139,51,舞会女王
冰霜女巫,Lissandra,棱彩,140,52,回归基本功
冰霜女巫,Lissandra,白银,141,32,吵闹鬼
冰霜女巫,Lissandra,棱彩,142,53,物法皆修
冰霜女巫,Lissandra,白银,143,33,重量级打击手
冰霜女巫,Lissandra,白银,144,34,唯快不破
冰霜女巫,Lissandra,白银,145,35,灵巧
冰霜女巫,Lissandra,白银,146,36,闪光弹
冰霜女巫,Lissandra,白银,147,37,点亮他们！
冰霜女巫,Lissandra,棱彩,148,54,濒死悟道
冰霜女巫,Lissandra,黄金,149,58,更万用的瞄准镜
冰霜女巫,Lissandra,黄金,150,59,升级：耀光
冰霜女巫,Lissandra,白银,151,38,万用瞄准镜
冰霜女巫,Lissandra,白银,152,39,闪闪现现
冰霜女巫,Lissandra,白银,153,40,升级：献祭
冰霜女巫,Lissandra,棱彩,154,55,最万用的瞄准镜
冰霜女巫,Lissandra,棱彩,155,56,踢踏舞
冰霜女巫,Lissandra,黄金,156,60,祖母的辣椒油
冰霜女巫,Lissandra,黄金,157,61,升级：雪球
冰霜女巫,Lissandra,白银,158,41,坚若磐石
冰霜女巫,Lissandra,黄金,159,62,活力焕发
冰霜女巫,Lissandra,黄金,160,63,吸血习性
冰霜女巫,Lissandra,棱彩,161,57,小丑学院
冰霜女巫,Lissandra,黄金,162,64,雪球扭蛋机
冰霜女巫,Lissandra,黄金,163,65,最终都市列车
冰霜女巫,Lissandra,黄金,164,66,魄罗爆破手
冰霜女巫,Lissandra,黄金,165,67,易损
冰霜女巫,Lissandra,黄金,166,68,暴击飞弹
冰霜女巫,Lissandra,黄金,167,69,坚韧
冰霜女巫,Lissandra,黄金,168,70,灵魂虹吸
冰霜女巫,Lissandra,白银,169,42,会心防御
冰霜女巫,Lissandra,黄金,170,71,会心治疗
冰霜女巫,Lissandra,黄金,171,72,快步
冰霜女巫,Lissandra,黄金,172,73,虚空冲刺
冰霜女巫,Lissandra,黄金,173,74,关键暴击
冰霜女巫,Lissandra,棱彩,174,58,量子计算
冰霜女巫,Lissandra,白银,175,43,叠角龙
冰霜女巫,Lissandra,棱彩,176,59,魄罗之王的弹跳
冰霜女巫,Lissandra,白银,177,44,虹吸
冰霜女巫,Lissandra,白银,178,45,台风
冰霜女巫,Lissandra,棱彩,179,60,风语者的祝福
冰霜女巫,Lissandra,棱彩,180,61,连拨击锤
冰霜女巫,Lissandra,黄金,181,75,暴击律动
冰霜女巫,Lissandra,白银,182,46,可靠武器
冰霜女巫,Lissandra,白银,183,47,天音爆
冰霜女巫,Lissandra,棱彩,184,62,艾卡西亚的陷落
冰霜女巫,Lissandra,棱彩,185,63,升级：花晓之剑
冰霜女巫,Lissandra,棱彩,186,64,卡皮巴拉空投
冰霜女巫,Lissandra,棱彩,187,65,你肩上的恶魔
冰霜女巫,Lissandra,白银,188,48,狂热者
灰烬驱魔人,Locke,黄金,1,1,夜狩
灰烬驱魔人,Locke,白银,2,1,暗影疾奔
灰烬驱魔人,Locke,黄金,3,2,杀戮时间到了
灰烬驱魔人,Locke,黄金,4,3,牙仙子
灰烬驱魔人,Locke,棱彩,5,1,最终形态
灰烬驱魔人,Locke,白银,6,2,渴血
灰烬驱魔人,Locke,棱彩,7,2,飞升仪式
灰烬驱魔人,Locke,棱彩,8,3,利刃华尔兹
灰烬驱魔人,Locke,黄金,9,4,罪恶快感
灰烬驱魔人,Locke,黄金,10,5,质变：棱彩阶
灰烬驱魔人,Locke,黄金,11,6,狂徒豪气
灰烬驱魔人,Locke,黄金,12,7,术士果汁盒
灰烬驱魔人,Locke,黄金,13,8,神射法师
灰烬驱魔人,Locke,黄金,14,9,超凡邪恶
灰烬驱魔人,Locke,黄金,15,10,虚幻武器
灰烬驱魔人,Locke,棱彩,16,4,掷骰狂人
灰烬驱魔人,Locke,棱彩,17,5,全凭身法
灰烬驱魔人,Locke,黄金,18,11,心灵净化
灰烬驱魔人,Locke,棱彩,19,6,珠光护手
灰烬驱魔人,Locke,白银,20,3,杀意翻涌
灰烬驱魔人,Locke,黄金,21,12,威能之追求
灰烬驱魔人,Locke,棱彩,22,7,终极刷新
灰烬驱魔人,Locke,棱彩,23,8,终极唤醒
灰烬驱魔人,Locke,棱彩,24,9,吃过路兵
灰烬驱魔人,Locke,黄金,25,13,穿针引线
灰烬驱魔人,Locke,白银,26,4,虹吸
灰烬驱魔人,Locke,白银,27,5,逃跑计划
灰烬驱魔人,Locke,黄金,28,14,快步
灰烬驱魔人,Locke,白银,29,6,质变：黄金阶
灰烬驱魔人,Locke,黄金,30,15,循环往复
灰烬驱魔人,Locke,白银,31,7,快中求稳
灰烬驱魔人,Locke,黄金,32,16,缩小引擎
灰烬驱魔人,Locke,白银,33,8,巫师式思考
灰烬驱魔人,Locke,白银,34,9,物理转魔法
灰烬驱魔人,Locke,白银,35,10,狂热者
灰烬驱魔人,Locke,棱彩,36,10,尤里卡
灰烬驱魔人,Locke,黄金,37,17,藏身草丛
灰烬驱魔人,Locke,黄金,38,18,有始有终
灰烬驱魔人,Locke,棱彩,39,11,濒死悟道
灰烬驱魔人,Locke,棱彩,40,12,巨人杀手
灰烬驱魔人,Locke,棱彩,41,13,质变：混沌
灰烬驱魔人,Locke,黄金,42,19,升级：耀光
灰烬驱魔人,Locke,棱彩,43,14,沃格勒特的巫师帽
灰烬驱魔人,Locke,黄金,44,20,超强大脑
灰烬驱魔人,Locke,黄金,45,21,属性叠属性！
灰烬驱魔人,Locke,白银,46,11,双生火焰
灰烬驱魔人,Locke,棱彩,47,15,史上最大雪球
灰烬驱魔人,Locke,棱彩,48,16,回归基本功
灰烬驱魔人,Locke,白银,49,12,唯快不破
灰烬驱魔人,Locke,白银,50,13,火狐
灰烬驱魔人,Locke,棱彩,51,17,科学狂人
灰烬驱魔人,Locke,棱彩,52,18,空投熊
灰烬驱魔人,Locke,黄金,53,22,无尽大杀四方
灰烬驱魔人,Locke,黄金,54,23,急速之追求
灰烬驱魔人,Locke,棱彩,55,19,精怪魔法
灰烬驱魔人,Locke,棱彩,56,20,秘术冲拳
灰烬驱魔人,Locke,黄金,57,24,自然即是治愈
灰烬驱魔人,Locke,白银,58,14,终极不可阻挡
灰烬驱魔人,Locke,黄金,59,25,面包和黄油
灰烬驱魔人,Locke,棱彩,60,21,你摸不到
灰烬驱魔人,Locke,黄金,61,26,捐赠
灰烬驱魔人,Locke,黄金,62,27,面包和奶酪
灰烬驱魔人,Locke,白银,63,15,大师铸就
灰烬驱魔人,Locke,白银,64,16,升级：中娅
灰烬驱魔人,Locke,白银,65,17,练腿日
灰烬驱魔人,Locke,黄金,66,28,炽燃利息
灰烬驱魔人,Locke,棱彩,67,22,无限循环往复
灰烬驱魔人,Locke,黄金,68,29,闪现向前
灰烬驱魔人,Locke,棱彩,69,23,潘朵拉的盒子
灰烬驱魔人,Locke,白银,70,18,炼狱龙魂
灰烬驱魔人,Locke,棱彩,71,24,不祥契约
灰烬驱魔人,Locke,白银,72,19,俯冲轰炸
灰烬驱魔人,Locke,棱彩,73,25,扳机炼狱
灰烬驱魔人,Locke,棱彩,74,26,和我一起困在这里
灰烬驱魔人,Locke,白银,75,20,家园卫士
灰烬驱魔人,Locke,黄金,76,30,面包和果酱
灰烬驱魔人,Locke,棱彩,77,27,飞身踢
灰烬驱魔人,Locke,黄金,78,31,魔法飞弹
灰烬驱魔人,Locke,棱彩,79,28,海牛阿福的勇士
灰烬驱魔人,Locke,棱彩,80,29,大地苏醒
灰烬驱魔人,Locke,白银,81,21,防护面纱
灰烬驱魔人,Locke,黄金,82,32,弹球
灰烬驱魔人,Locke,黄金,83,33,易损
灰烬驱魔人,Locke,黄金,84,34,神圣干预
灰烬驱魔人,Locke,棱彩,85,30,大招工具人
灰烬驱魔人,Locke,黄金,86,35,冰雪爆裂
灰烬驱魔人,Locke,黄金,87,36,急急小子
灰烬驱魔人,Locke,棱彩,88,31,神圣雪球
灰烬驱魔人,Locke,黄金,89,37,生机迸发
灰烬驱魔人,Locke,白银,90,22,海克斯科技龙魂
灰烬驱魔人,Locke,黄金,91,38,鲨鱼暴风
灰烬驱魔人,Locke,棱彩,92,32,位面转移
灰烬驱魔人,Locke,白银,93,23,纯粹主义者 - 术师
灰烬驱魔人,Locke,黄金,94,39,鲨鱼诱饵
灰烬驱魔人,Locke,棱彩,95,33,歌利亚巨人
灰烬驱魔人,Locke,黄金,96,40,尖端发明家
灰烬驱魔人,Locke,黄金,97,41,哎哟，我的硬币！
灰烬驱魔人,Locke,黄金,98,42,炽烈黎明
灰烬驱魔人,Locke,棱彩,99,34,夺金
灰烬驱魔人,Locke,棱彩,100,35,全能龙魂
灰烬驱魔人,Locke,棱彩,101,36,尊我为王
灰烬驱魔人,Locke,白银,102,24,海洋龙魂
灰烬驱魔人,Locke,白银,103,25,侵蚀
灰烬驱魔人,Locke,棱彩,104,37,踢踏舞
灰烬驱魔人,Locke,白银,105,26,下雪天
灰烬驱魔人,Locke,黄金,106,43,更万用的瞄准镜
灰烬驱魔人,Locke,棱彩,107,38,属性叠属性叠属性！
灰烬驱魔人,Locke,黄金,108,44,溢流
灰烬驱魔人,Locke,白银,109,27,属性！
灰烬驱魔人,Locke,黄金,110,45,黎明使者的坚决
灰烬驱魔人,Locke,白银,111,28,冰寒
灰烬驱魔人,Locke,黄金,112,46,灵魂虹吸
灰烬驱魔人,Locke,白银,113,29,注魔
灰烬驱魔人,Locke,黄金,114,47,关键暴击
灰烬驱魔人,Locke,黄金,115,48,升级：贪欲九头蛇
灰烬驱魔人,Locke,棱彩,116,39,电涌力场
灰烬驱魔人,Locke,黄金,117,49,坦克引擎
灰烬驱魔人,Locke,黄金,118,50,火上浇油
灰烬驱魔人,Locke,黄金,119,51,回力OK镖
灰烬驱魔人,Locke,棱彩,120,40,舞会女王
灰烬驱魔人,Locke,黄金,121,52,咏叹奏鸣
灰烬驱魔人,Locke,黄金,122,53,过量延伸者
灰烬驱魔人,Locke,黄金,123,54,缩小射线
灰烬驱魔人,Locke,棱彩,124,41,炼狱导管
灰烬驱魔人,Locke,白银,125,30,万用瞄准镜
灰烬驱魔人,Locke,白银,126,31,灵巧
灰烬驱魔人,Locke,黄金,127,55,轻拍背部
灰烬驱魔人,Locke,白银,128,32,吵闹鬼
灰烬驱魔人,Locke,棱彩,129,42,男爵之手
灰烬驱魔人,Locke,棱彩,130,43,泰坦的坚决
灰烬驱魔人,Locke,白银,131,33,由心及物
灰烬驱魔人,Locke,棱彩,132,44,物法皆修
灰烬驱魔人,Locke,白银,133,34,转得我眩晕了
灰烬驱魔人,Locke,棱彩,134,45,双发快射
灰烬驱魔人,Locke,棱彩,135,46,最万用的瞄准镜
灰烬驱魔人,Locke,黄金,136,56,我们的治疗
灰烬驱魔人,Locke,棱彩,137,47,玻璃大炮
灰烬驱魔人,Locke,黄金,138,57,升级：焚天
灰烬驱魔人,Locke,白银,139,35,山脉龙魂
灰烬驱魔人,Locke,黄金,140,58,星界躯体
灰烬驱魔人,Locke,白银,141,36,会心防御
灰烬驱魔人,Locke,黄金,142,59,钢化你心
灰烬驱魔人,Locke,棱彩,143,48,魄罗蛮冲
灰烬驱魔人,Locke,黄金,144,60,豪猪
灰烬驱魔人,Locke,棱彩,145,49,战争交响乐
灰烬驱魔人,Locke,白银,146,37,重量级打击手
灰烬驱魔人,Locke,白银,147,38,点亮他们！
灰烬驱魔人,Locke,白银,148,39,由暴生急
灰烬驱魔人,Locke,棱彩,149,50,软弹啪叽抓
灰烬驱魔人,Locke,黄金,150,61,高压锅
灰烬驱魔人,Locke,棱彩,151,51,艾卡西亚的陷落
灰烬驱魔人,Locke,白银,152,40,升级：献祭
灰烬驱魔人,Locke,白银,153,41,闪光弹
灰烬驱魔人,Locke,白银,154,42,闪闪现现
灰烬驱魔人,Locke,棱彩,155,52,大法师
灰烬驱魔人,Locke,白银,156,43,急救用具
灰烬驱魔人,Locke,黄金,157,62,会心治疗
灰烬驱魔人,Locke,棱彩,158,53,至高天诺言
圣枪游侠,Lucian,黄金,1,1,暴击飞弹
圣枪游侠,Lucian,黄金,2,2,升级：无尽之刃
圣枪游侠,Lucian,棱彩,3,1,珠光护手
圣枪游侠,Lucian,棱彩,4,2,双发快射
圣枪游侠,Lucian,黄金,5,3,更万用的瞄准镜
圣枪游侠,Lucian,白银,6,1,双生火焰
圣枪游侠,Lucian,棱彩,7,3,双刀流
圣枪游侠,Lucian,黄金,8,4,暴击律动
圣枪游侠,Lucian,棱彩,9,4,巨人杀手
圣枪游侠,Lucian,棱彩,10,5,连拨击锤
圣枪游侠,Lucian,白银,11,2,升级：收集者
圣枪游侠,Lucian,黄金,12,5,易损
圣枪游侠,Lucian,棱彩,13,6,最万用的瞄准镜
圣枪游侠,Lucian,白银,14,3,台风
圣枪游侠,Lucian,黄金,15,6,升级：耀光
圣枪游侠,Lucian,黄金,16,7,灵魂虹吸
圣枪游侠,Lucian,白银,17,4,万用瞄准镜
圣枪游侠,Lucian,白银,18,5,灵巧
圣枪游侠,Lucian,白银,19,6,大力
圣枪游侠,Lucian,白银,20,7,由暴生急
圣枪游侠,Lucian,黄金,21,8,质变：棱彩阶
圣枪游侠,Lucian,黄金,22,9,关键暴击
圣枪游侠,Lucian,棱彩,23,7,踢踏舞
圣枪游侠,Lucian,白银,24,8,狂热者
圣枪游侠,Lucian,白银,25,9,点亮他们！
圣枪游侠,Lucian,棱彩,26,8,亮出你的剑
圣枪游侠,Lucian,白银,27,10,会心防御
圣枪游侠,Lucian,黄金,28,10,缩小引擎
圣枪游侠,Lucian,白银,29,11,魔法转物理
圣枪游侠,Lucian,白银,30,12,渴血
圣枪游侠,Lucian,白银,31,13,暗影疾奔
圣枪游侠,Lucian,黄金,32,11,牙仙子
圣枪游侠,Lucian,棱彩,33,9,掷骰狂人
圣枪游侠,Lucian,白银,34,14,逃跑计划
圣枪游侠,Lucian,黄金,35,12,老练狙神
圣枪游侠,Lucian,棱彩,36,10,秘术冲拳
圣枪游侠,Lucian,黄金,37,13,穿针引线
圣枪游侠,Lucian,黄金,38,14,循环往复
圣枪游侠,Lucian,棱彩,39,11,终极刷新
圣枪游侠,Lucian,黄金,40,15,杀戮时间到了
圣枪游侠,Lucian,黄金,41,16,面包和奶酪
圣枪游侠,Lucian,黄金,42,17,虚幻武器
圣枪游侠,Lucian,黄金,43,18,威能之追求
圣枪游侠,Lucian,白银,44,15,质变：黄金阶
圣枪游侠,Lucian,黄金,45,19,罪恶快感
圣枪游侠,Lucian,白银,46,16,注魔
圣枪游侠,Lucian,棱彩,47,12,终极唤醒
圣枪游侠,Lucian,黄金,48,20,火上浇油
圣枪游侠,Lucian,黄金,49,21,魔法飞弹
圣枪游侠,Lucian,棱彩,50,13,质变：混沌
圣枪游侠,Lucian,黄金,51,22,捐赠
圣枪游侠,Lucian,黄金,52,23,缩小射线
圣枪游侠,Lucian,棱彩,53,14,多重射击
圣枪游侠,Lucian,黄金,54,24,急速之追求
圣枪游侠,Lucian,黄金,55,25,属性叠属性！
圣枪游侠,Lucian,棱彩,56,15,回归基本功
圣枪游侠,Lucian,棱彩,57,16,全凭身法
圣枪游侠,Lucian,黄金,58,26,有始有终
圣枪游侠,Lucian,黄金,59,27,闪现向前
圣枪游侠,Lucian,白银,60,17,快中求稳
圣枪游侠,Lucian,白银,61,18,大师铸就
圣枪游侠,Lucian,棱彩,62,17,精怪魔法
圣枪游侠,Lucian,黄金,63,28,狂徒豪气
圣枪游侠,Lucian,白银,64,19,终极不可阻挡
圣枪游侠,Lucian,棱彩,65,18,咒语裂变
圣枪游侠,Lucian,黄金,66,29,神射法师
圣枪游侠,Lucian,白银,67,20,纯粹主义者 - 术师
圣枪游侠,Lucian,黄金,68,30,狙神飞星
圣枪游侠,Lucian,棱彩,69,19,超负荷
圣枪游侠,Lucian,棱彩,70,20,战争交响乐
圣枪游侠,Lucian,黄金,71,31,夜狩
圣枪游侠,Lucian,白银,72,21,练腿日
圣枪游侠,Lucian,棱彩,73,21,大法师
圣枪游侠,Lucian,棱彩,74,22,物法皆修
圣枪游侠,Lucian,棱彩,75,23,潘朵拉的盒子
圣枪游侠,Lucian,白银,76,22,家园卫士
圣枪游侠,Lucian,白银,77,23,海克斯科技龙魂
圣枪游侠,Lucian,棱彩,78,24,你摸不到
圣枪游侠,Lucian,黄金,79,32,面包和黄油
圣枪游侠,Lucian,棱彩,80,25,无限循环往复
圣枪游侠,Lucian,白银,81,24,侵蚀
圣枪游侠,Lucian,棱彩,82,26,大招工具人
圣枪游侠,Lucian,黄金,83,33,面包和果酱
圣枪游侠,Lucian,棱彩,84,27,海牛阿福的勇士
圣枪游侠,Lucian,棱彩,85,28,玻璃大炮
圣枪游侠,Lucian,黄金,86,34,急急小子
圣枪游侠,Lucian,白银,87,25,炼狱龙魂
圣枪游侠,Lucian,黄金,88,35,术士果汁盒
圣枪游侠,Lucian,棱彩,89,29,科学狂人
圣枪游侠,Lucian,白银,90,26,防护面纱
圣枪游侠,Lucian,棱彩,91,30,飞身踢
圣枪游侠,Lucian,棱彩,92,31,扳机炼狱
圣枪游侠,Lucian,黄金,93,36,心灵净化
圣枪游侠,Lucian,棱彩,94,32,吃过路兵
圣枪游侠,Lucian,黄金,95,37,哎哟，我的硬币！
圣枪游侠,Lucian,棱彩,96,33,全能龙魂
圣枪游侠,Lucian,黄金,97,38,溢流
圣枪游侠,Lucian,黄金,98,39,生机迸发
圣枪游侠,Lucian,棱彩,99,34,终极九头蛇
圣枪游侠,Lucian,棱彩,100,35,属性叠属性叠属性！
圣枪游侠,Lucian,棱彩,101,36,夺金
圣枪游侠,Lucian,白银,102,27,海洋龙魂
圣枪游侠,Lucian,白银,103,28,吵闹鬼
圣枪游侠,Lucian,棱彩,104,37,尊我为王
圣枪游侠,Lucian,棱彩,105,38,最终形态
圣枪游侠,Lucian,黄金,106,40,回力OK镖
圣枪游侠,Lucian,棱彩,107,39,史上最大雪球
圣枪游侠,Lucian,黄金,108,41,炽烈黎明
圣枪游侠,Lucian,黄金,109,42,尖端发明家
圣枪游侠,Lucian,黄金,110,43,升级：贪欲九头蛇
圣枪游侠,Lucian,白银,111,29,属性！
圣枪游侠,Lucian,白银,112,30,唯快不破
圣枪游侠,Lucian,黄金,113,44,神圣干预
圣枪游侠,Lucian,白银,114,31,杀意翻涌
圣枪游侠,Lucian,黄金,115,45,黎明使者的坚决
圣枪游侠,Lucian,白银,116,32,火狐
圣枪游侠,Lucian,棱彩,117,40,利刃华尔兹
圣枪游侠,Lucian,黄金,118,46,轻拍背部
圣枪游侠,Lucian,黄金,119,47,超凡邪恶
圣枪游侠,Lucian,黄金,120,48,藏身草丛
圣枪游侠,Lucian,黄金,121,49,坦克引擎
圣枪游侠,Lucian,棱彩,122,41,大地苏醒
圣枪游侠,Lucian,棱彩,123,42,电涌力场
圣枪游侠,Lucian,棱彩,124,43,濒死悟道
圣枪游侠,Lucian,黄金,125,50,自然即是治愈
圣枪游侠,Lucian,黄金,126,51,咏叹奏鸣
圣枪游侠,Lucian,棱彩,127,44,男爵之手
圣枪游侠,Lucian,棱彩,128,45,神圣雪球
圣枪游侠,Lucian,棱彩,129,46,炼狱导管
圣枪游侠,Lucian,黄金,130,52,鲨鱼暴风
圣枪游侠,Lucian,棱彩,131,47,尤里卡
圣枪游侠,Lucian,棱彩,132,48,飞升仪式
圣枪游侠,Lucian,黄金,133,53,星界躯体
圣枪游侠,Lucian,白银,134,33,转得我眩晕了
圣枪游侠,Lucian,黄金,135,54,弹球
圣枪游侠,Lucian,棱彩,136,49,歌利亚巨人
圣枪游侠,Lucian,黄金,137,55,我们的治疗
圣枪游侠,Lucian,白银,138,34,物理转魔法
圣枪游侠,Lucian,白银,139,35,别停止引导
圣枪游侠,Lucian,黄金,140,56,冰雪爆裂
圣枪游侠,Lucian,黄金,141,57,鲨鱼诱饵
圣枪游侠,Lucian,白银,142,36,山脉龙魂
圣枪游侠,Lucian,棱彩,143,50,魄罗蛮冲
圣枪游侠,Lucian,黄金,144,58,过量延伸者
圣枪游侠,Lucian,白银,145,37,重量级打击手
圣枪游侠,Lucian,白银,146,38,巫师式思考
圣枪游侠,Lucian,黄金,147,59,无尽大杀四方
圣枪游侠,Lucian,棱彩,148,51,空投熊
圣枪游侠,Lucian,棱彩,149,52,泰坦的坚决
圣枪游侠,Lucian,棱彩,150,53,不祥契约
圣枪游侠,Lucian,棱彩,151,54,位面转移
圣枪游侠,Lucian,黄金,152,60,豪猪
圣枪游侠,Lucian,白银,153,39,由心及物
圣枪游侠,Lucian,黄金,154,61,超强大脑
圣枪游侠,Lucian,黄金,155,62,钢化你心
圣枪游侠,Lucian,黄金,156,63,吸血习性
圣枪游侠,Lucian,棱彩,157,55,沃格勒特的巫师帽
圣枪游侠,Lucian,白银,158,40,下雪天
圣枪游侠,Lucian,白银,159,41,俯冲轰炸
圣枪游侠,Lucian,白银,160,42,升级：中娅
圣枪游侠,Lucian,棱彩,161,56,软弹啪叽抓
圣枪游侠,Lucian,白银,162,43,冰寒
圣枪游侠,Lucian,黄金,163,64,高压锅
圣枪游侠,Lucian,黄金,164,65,活力焕发
圣枪游侠,Lucian,黄金,165,66,会心治疗
圣枪游侠,Lucian,黄金,166,67,升级：焚天
圣枪游侠,Lucian,棱彩,167,57,小丑学院
圣枪游侠,Lucian,白银,168,44,闪闪现现
圣枪游侠,Lucian,黄金,169,68,魄罗爆破手
圣枪游侠,Lucian,白银,170,45,闪光弹
圣枪游侠,Lucian,黄金,171,69,雪球扭蛋机
圣枪游侠,Lucian,黄金,172,70,升级：雪球
圣枪游侠,Lucian,黄金,173,71,坚韧
圣枪游侠,Lucian,棱彩,174,58,量子计算
圣枪游侠,Lucian,棱彩,175,59,和我一起困在这里
圣枪游侠,Lucian,黄金,176,72,虚空冲刺
圣枪游侠,Lucian,白银,177,46,虹吸
圣枪游侠,Lucian,白银,178,47,可靠武器
圣枪游侠,Lucian,黄金,179,73,最终都市列车
圣枪游侠,Lucian,棱彩,180,60,？？？
圣枪游侠,Lucian,棱彩,181,61,王中王，靴中靴
圣枪游侠,Lucian,棱彩,182,62,艾卡西亚的陷落
圣枪游侠,Lucian,棱彩,183,63,魄罗之王的弹跳
圣枪游侠,Lucian,棱彩,184,64,你肩上的恶魔
圣枪游侠,Lucian,白银,185,48,自适应防护
仙灵女巫,Lulu,白银,1,1,急救用具
仙灵女巫,Lulu,黄金,2,1,全心为你
仙灵女巫,Lulu,黄金,3,2,咏叹奏鸣
仙灵女巫,Lulu,黄金,4,3,喂呜喂呜
仙灵女巫,Lulu,白银,5,2,天音爆
仙灵女巫,Lulu,棱彩,6,1,灵魄炸弹
仙灵女巫,Lulu,黄金,7,4,仁慈打击
仙灵女巫,Lulu,棱彩,8,2,信念者的强化
仙灵女巫,Lulu,黄金,9,5,神圣干预
仙灵女巫,Lulu,棱彩,10,3,风语者的祝福
仙灵女巫,Lulu,棱彩,11,4,至高天诺言
仙灵女巫,Lulu,棱彩,12,5,无限循环往复
仙灵女巫,Lulu,棱彩,13,6,大法师
仙灵女巫,Lulu,白银,14,3,加固护盾
仙灵女巫,Lulu,白银,15,4,纯粹主义者 - 术师
仙灵女巫,Lulu,黄金,16,6,急急小子
仙灵女巫,Lulu,黄金,17,7,质变：棱彩阶
仙灵女巫,Lulu,黄金,18,8,循环往复
仙灵女巫,Lulu,棱彩,19,7,终极刷新
仙灵女巫,Lulu,黄金,20,9,缩小引擎
仙灵女巫,Lulu,黄金,21,10,超凡邪恶
仙灵女巫,Lulu,棱彩,22,8,蛋白粉奶昔
仙灵女巫,Lulu,白银,23,5,巫师式思考
仙灵女巫,Lulu,黄金,24,11,急速之追求
仙灵女巫,Lulu,棱彩,25,9,尤里卡
仙灵女巫,Lulu,棱彩,26,10,升级：花晓之剑
仙灵女巫,Lulu,棱彩,27,11,终极唤醒
仙灵女巫,Lulu,白银,28,6,质变：黄金阶
仙灵女巫,Lulu,白银,29,7,家园卫士
仙灵女巫,Lulu,黄金,30,12,面包和奶酪
仙灵女巫,Lulu,黄金,31,13,面包和果酱
仙灵女巫,Lulu,黄金,32,14,会心治疗
仙灵女巫,Lulu,黄金,33,15,回力OK镖
仙灵女巫,Lulu,黄金,34,16,自然即是治愈
仙灵女巫,Lulu,黄金,35,17,尖端发明家
仙灵女巫,Lulu,棱彩,36,12,掷骰狂人
仙灵女巫,Lulu,黄金,37,18,魔法飞弹
仙灵女巫,Lulu,黄金,38,19,炽烈黎明
仙灵女巫,Lulu,黄金,39,20,虚幻武器
仙灵女巫,Lulu,棱彩,40,13,死亡之环
仙灵女巫,Lulu,黄金,41,21,老练狙神
仙灵女巫,Lulu,棱彩,42,14,咒语裂变
仙灵女巫,Lulu,白银,43,8,练腿日
仙灵女巫,Lulu,棱彩,44,15,超负荷
仙灵女巫,Lulu,棱彩,45,16,质变：混沌
仙灵女巫,Lulu,黄金,46,22,超强大脑
仙灵女巫,Lulu,黄金,47,23,威能之追求
仙灵女巫,Lulu,黄金,48,24,生机迸发
仙灵女巫,Lulu,白银,49,9,海洋龙魂
仙灵女巫,Lulu,黄金,50,25,缩小射线
仙灵女巫,Lulu,白银,51,10,冰寒
仙灵女巫,Lulu,黄金,52,26,捐赠
仙灵女巫,Lulu,白银,53,11,由心及物
仙灵女巫,Lulu,黄金,54,27,哎哟，我的硬币！
仙灵女巫,Lulu,黄金,55,28,溢流
仙灵女巫,Lulu,黄金,56,29,属性叠属性！
仙灵女巫,Lulu,白银,57,12,逃跑计划
仙灵女巫,Lulu,白银,58,13,强力护盾
仙灵女巫,Lulu,棱彩,59,17,多重射击
仙灵女巫,Lulu,白银,60,14,灵巧
仙灵女巫,Lulu,黄金,61,30,狙神飞星
仙灵女巫,Lulu,白银,62,15,双生火焰
仙灵女巫,Lulu,黄金,63,31,神射法师
仙灵女巫,Lulu,白银,64,16,侵蚀
仙灵女巫,Lulu,棱彩,65,18,潘朵拉的盒子
仙灵女巫,Lulu,棱彩,66,19,沃格勒特的巫师帽
仙灵女巫,Lulu,白银,67,17,终极不可阻挡
仙灵女巫,Lulu,黄金,68,32,轻拍背部
仙灵女巫,Lulu,棱彩,69,20,史上最大雪球
仙灵女巫,Lulu,黄金,70,33,面包和黄油
仙灵女巫,Lulu,黄金,71,34,火上浇油
仙灵女巫,Lulu,白银,72,18,物理转魔法
仙灵女巫,Lulu,白银,73,19,属性！
仙灵女巫,Lulu,棱彩,74,21,巨人杀手
仙灵女巫,Lulu,白银,75,20,火狐
仙灵女巫,Lulu,白银,76,21,点亮他们！
仙灵女巫,Lulu,白银,77,22,狂热者
仙灵女巫,Lulu,棱彩,78,22,你摸不到
仙灵女巫,Lulu,棱彩,79,23,大招工具人
仙灵女巫,Lulu,白银,80,23,大师铸就
仙灵女巫,Lulu,棱彩,81,24,秘术冲拳
仙灵女巫,Lulu,白银,82,24,海克斯科技龙魂
仙灵女巫,Lulu,黄金,83,35,术士果汁盒
仙灵女巫,Lulu,白银,84,25,防护面纱
仙灵女巫,Lulu,黄金,85,36,星界躯体
仙灵女巫,Lulu,白银,86,26,炼狱龙魂
仙灵女巫,Lulu,棱彩,87,25,科学狂人
仙灵女巫,Lulu,棱彩,88,26,踢踏舞
仙灵女巫,Lulu,黄金,89,37,罪恶快感
仙灵女巫,Lulu,黄金,90,38,闪现向前
仙灵女巫,Lulu,黄金,91,39,坦克引擎
仙灵女巫,Lulu,黄金,92,40,更万用的瞄准镜
仙灵女巫,Lulu,黄金,93,41,我们的治疗
仙灵女巫,Lulu,白银,94,27,山脉龙魂
仙灵女巫,Lulu,白银,95,28,台风
仙灵女巫,Lulu,白银,96,29,万用瞄准镜
仙灵女巫,Lulu,棱彩,97,27,全能龙魂
仙灵女巫,Lulu,棱彩,98,28,海牛阿福的勇士
仙灵女巫,Lulu,棱彩,99,29,回归基本功
仙灵女巫,Lulu,棱彩,100,30,双刀流
仙灵女巫,Lulu,白银,101,30,升级：中娅
仙灵女巫,Lulu,黄金,102,42,心灵净化
仙灵女巫,Lulu,棱彩,103,31,珠光护手
仙灵女巫,Lulu,棱彩,104,32,战争交响乐
仙灵女巫,Lulu,黄金,105,43,杀戮时间到了
仙灵女巫,Lulu,棱彩,106,33,属性叠属性叠属性！
仙灵女巫,Lulu,棱彩,107,34,玻璃大炮
仙灵女巫,Lulu,黄金,108,44,鲨鱼暴风
仙灵女巫,Lulu,棱彩,109,35,飞身踢
仙灵女巫,Lulu,白银,110,31,注魔
仙灵女巫,Lulu,黄金,111,45,冰雪爆裂
仙灵女巫,Lulu,白银,112,32,转得我眩晕了
仙灵女巫,Lulu,白银,113,33,俯冲轰炸
仙灵女巫,Lulu,黄金,114,46,暴击律动
仙灵女巫,Lulu,白银,115,34,杀意翻涌
仙灵女巫,Lulu,黄金,116,47,黎明使者的坚决
仙灵女巫,Lulu,棱彩,117,36,物法皆修
仙灵女巫,Lulu,黄金,118,48,弹球
仙灵女巫,Lulu,棱彩,119,37,最万用的瞄准镜
仙灵女巫,Lulu,白银,120,35,吵闹鬼
仙灵女巫,Lulu,白银,121,36,下雪天
仙灵女巫,Lulu,棱彩,122,38,魄罗蛮冲
仙灵女巫,Lulu,棱彩,123,39,男爵之手
仙灵女巫,Lulu,棱彩,124,40,尊我为王
仙灵女巫,Lulu,黄金,125,49,鲨鱼诱饵
仙灵女巫,Lulu,棱彩,126,41,夺金
仙灵女巫,Lulu,棱彩,127,42,空投熊
仙灵女巫,Lulu,黄金,128,50,穿针引线
仙灵女巫,Lulu,棱彩,129,43,位面转移
仙灵女巫,Lulu,白银,130,37,扇巴掌
仙灵女巫,Lulu,黄金,131,51,升级：耀光
仙灵女巫,Lulu,白银,132,38,渴血
仙灵女巫,Lulu,棱彩,133,44,歌利亚巨人
仙灵女巫,Lulu,棱彩,134,45,软弹啪叽抓
仙灵女巫,Lulu,黄金,135,52,有始有终
仙灵女巫,Lulu,棱彩,136,46,电涌力场
仙灵女巫,Lulu,棱彩,137,47,最终形态
仙灵女巫,Lulu,棱彩,138,48,炼狱导管
仙灵女巫,Lulu,棱彩,139,49,扳机炼狱
仙灵女巫,Lulu,棱彩,140,50,残忍
仙灵女巫,Lulu,棱彩,141,51,不祥契约
仙灵女巫,Lulu,棱彩,142,52,巨像的勇气
仙灵女巫,Lulu,黄金,143,53,不动如山
仙灵女巫,Lulu,黄金,144,54,过量延伸者
仙灵女巫,Lulu,棱彩,145,53,神圣雪球
仙灵女巫,Lulu,白银,146,39,重量级打击手
仙灵女巫,Lulu,黄金,147,55,钢化你心
仙灵女巫,Lulu,黄金,148,56,吞噬灵魂
仙灵女巫,Lulu,白银,149,40,唯快不破
仙灵女巫,Lulu,棱彩,150,54,亮出你的剑
仙灵女巫,Lulu,黄金,151,57,夜狩
仙灵女巫,Lulu,黄金,152,58,豪猪
仙灵女巫,Lulu,棱彩,153,55,吃过路兵
仙灵女巫,Lulu,棱彩,154,56,泰坦的坚决
仙灵女巫,Lulu,棱彩,155,57,利刃华尔兹
仙灵女巫,Lulu,黄金,156,59,藏身草丛
仙灵女巫,Lulu,黄金,157,60,牙仙子
仙灵女巫,Lulu,黄金,158,61,高压锅
仙灵女巫,Lulu,棱彩,159,58,小猫咪找妈妈
仙灵女巫,Lulu,棱彩,160,59,激光治疗
仙灵女巫,Lulu,黄金,161,62,活力焕发
仙灵女巫,Lulu,黄金,162,63,坚韧
仙灵女巫,Lulu,黄金,163,64,祖母的辣椒油
仙灵女巫,Lulu,黄金,164,65,关键暴击
仙灵女巫,Lulu,黄金,165,66,灵魂虹吸
仙灵女巫,Lulu,白银,166,41,闪闪现现
仙灵女巫,Lulu,黄金,167,67,魄罗爆破手
仙灵女巫,Lulu,黄金,168,68,升级：雪球
仙灵女巫,Lulu,黄金,169,69,吸血习性
仙灵女巫,Lulu,白银,170,42,闪光弹
仙灵女巫,Lulu,白银,171,43,会心防御
仙灵女巫,Lulu,黄金,172,70,易损
仙灵女巫,Lulu,黄金,173,71,雪球扭蛋机
仙灵女巫,Lulu,棱彩,174,60,量子计算
仙灵女巫,Lulu,黄金,175,72,暴击飞弹
仙灵女巫,Lulu,棱彩,176,61,？？？
仙灵女巫,Lulu,白银,177,44,主玩辅助
仙灵女巫,Lulu,棱彩,178,62,小丑学院
仙灵女巫,Lulu,白银,179,45,虹吸
仙灵女巫,Lulu,黄金,180,73,最终都市列车
仙灵女巫,Lulu,棱彩,181,63,卡皮巴拉空投
仙灵女巫,Lulu,棱彩,182,64,魄罗之王的弹跳
仙灵女巫,Lulu,白银,183,46,叠角龙
仙灵女巫,Lulu,白银,184,47,魔法转物理
仙灵女巫,Lulu,棱彩,185,65,连拨击锤
仙灵女巫,Lulu,棱彩,186,66,王中王，靴中靴
光辉女郎,Lux,黄金,1,1,老练狙神
光辉女郎,Lux,黄金,2,2,魔法飞弹
光辉女郎,Lux,棱彩,3,1,尤里卡
光辉女郎,Lux,白银,4,1,巫师式思考
光辉女郎,Lux,黄金,5,3,超凡邪恶
光辉女郎,Lux,棱彩,6,2,大法师
光辉女郎,Lux,白银,7,2,纯粹主义者 - 术师
光辉女郎,Lux,黄金,8,4,狙神飞星
光辉女郎,Lux,黄金,9,5,虚幻武器
光辉女郎,Lux,黄金,10,6,术士果汁盒
光辉女郎,Lux,棱彩,11,3,无限循环往复
光辉女郎,Lux,白银,12,3,扇巴掌
光辉女郎,Lux,白银,13,4,升级：中娅
光辉女郎,Lux,黄金,14,7,急速之追求
光辉女郎,Lux,黄金,15,8,循环往复
光辉女郎,Lux,棱彩,16,4,沃格勒特的巫师帽
光辉女郎,Lux,黄金,17,9,质变：棱彩阶
光辉女郎,Lux,黄金,18,10,超强大脑
光辉女郎,Lux,棱彩,19,5,终极唤醒
光辉女郎,Lux,棱彩,20,6,炼狱导管
光辉女郎,Lux,黄金,21,11,急急小子
光辉女郎,Lux,棱彩,22,7,终极刷新
光辉女郎,Lux,黄金,23,12,贪欲束缚
光辉女郎,Lux,黄金,24,13,牙仙子
光辉女郎,Lux,黄金,25,14,缩小引擎
光辉女郎,Lux,棱彩,26,8,巨人杀手
光辉女郎,Lux,黄金,27,15,杀戮时间到了
光辉女郎,Lux,白银,28,5,双生火焰
光辉女郎,Lux,棱彩,29,9,残忍
光辉女郎,Lux,白银,30,6,质变：黄金阶
光辉女郎,Lux,棱彩,31,10,多重射击
光辉女郎,Lux,白银,32,7,家园卫士
光辉女郎,Lux,黄金,33,16,有始有终
光辉女郎,Lux,黄金,34,17,面包和黄油
光辉女郎,Lux,白银,35,8,海克斯科技龙魂
光辉女郎,Lux,白银,36,9,物理转魔法
光辉女郎,Lux,棱彩,37,11,珠光护手
光辉女郎,Lux,黄金,38,18,回力OK镖
光辉女郎,Lux,白银,39,10,炼狱龙魂
光辉女郎,Lux,白银,40,11,大师铸就
光辉女郎,Lux,棱彩,41,12,掷骰狂人
光辉女郎,Lux,白银,42,12,冰寒
光辉女郎,Lux,黄金,43,19,穿针引线
光辉女郎,Lux,黄金,44,20,面包和奶酪
光辉女郎,Lux,白银,45,13,由心及物
光辉女郎,Lux,黄金,46,21,溢流
光辉女郎,Lux,棱彩,47,13,玻璃大炮
光辉女郎,Lux,棱彩,48,14,精怪魔法
光辉女郎,Lux,棱彩,49,15,质变：混沌
光辉女郎,Lux,黄金,50,22,心灵净化
光辉女郎,Lux,棱彩,51,16,大招工具人
光辉女郎,Lux,白银,52,14,海洋龙魂
光辉女郎,Lux,黄金,53,23,捐赠
光辉女郎,Lux,白银,54,15,火狐
光辉女郎,Lux,白银,55,16,练腿日
光辉女郎,Lux,黄金,56,24,神射法师
光辉女郎,Lux,黄金,57,25,属性叠属性！
光辉女郎,Lux,棱彩,58,17,不祥契约
光辉女郎,Lux,黄金,59,26,炽烈黎明
光辉女郎,Lux,白银,60,17,加固护盾
光辉女郎,Lux,棱彩,61,18,潘朵拉的盒子
光辉女郎,Lux,棱彩,62,19,电涌力场
光辉女郎,Lux,棱彩,63,20,信念者的强化
光辉女郎,Lux,白银,64,18,属性！
光辉女郎,Lux,白银,65,19,防护面纱
光辉女郎,Lux,白银,66,20,逃跑计划
光辉女郎,Lux,棱彩,67,21,科学狂人
光辉女郎,Lux,黄金,68,27,神圣干预
光辉女郎,Lux,黄金,69,28,咏叹奏鸣
光辉女郎,Lux,白银,70,21,终极不可阻挡
光辉女郎,Lux,黄金,71,29,全心为你
光辉女郎,Lux,白银,72,22,注魔
光辉女郎,Lux,棱彩,73,22,巨像的勇气
光辉女郎,Lux,黄金,74,30,不动如山
光辉女郎,Lux,白银,75,23,侵蚀
光辉女郎,Lux,黄金,76,31,尖端发明家
光辉女郎,Lux,黄金,77,32,吞噬灵魂
光辉女郎,Lux,棱彩,78,23,史上最大雪球
光辉女郎,Lux,棱彩,79,24,全能龙魂
光辉女郎,Lux,黄金,80,33,哎哟，我的硬币！
光辉女郎,Lux,黄金,81,34,面包和果酱
光辉女郎,Lux,棱彩,82,25,你摸不到
光辉女郎,Lux,棱彩,83,26,海牛阿福的勇士
光辉女郎,Lux,棱彩,84,27,超负荷
光辉女郎,Lux,黄金,85,35,夜狩
光辉女郎,Lux,白银,86,24,渴血
光辉女郎,Lux,白银,87,25,强力护盾
光辉女郎,Lux,棱彩,88,28,属性叠属性叠属性！
光辉女郎,Lux,棱彩,89,29,飞身踢
光辉女郎,Lux,棱彩,90,30,夺金
光辉女郎,Lux,白银,91,26,吵闹鬼
光辉女郎,Lux,棱彩,92,31,男爵之手
光辉女郎,Lux,棱彩,93,32,尊我为王
光辉女郎,Lux,黄金,94,36,闪现向前
光辉女郎,Lux,白银,95,27,山脉龙魂
光辉女郎,Lux,棱彩,96,33,回归基本功
光辉女郎,Lux,白银,97,28,唯快不破
光辉女郎,Lux,黄金,98,37,鲨鱼暴风
光辉女郎,Lux,白银,99,29,天音爆
光辉女郎,Lux,黄金,100,38,生机迸发
光辉女郎,Lux,棱彩,101,34,蛋白粉奶昔
光辉女郎,Lux,白银,102,30,俯冲轰炸
光辉女郎,Lux,黄金,103,39,火上浇油
光辉女郎,Lux,棱彩,104,35,空投熊
光辉女郎,Lux,黄金,105,40,弹球
光辉女郎,Lux,白银,106,31,下雪天
光辉女郎,Lux,白银,107,32,杀意翻涌
光辉女郎,Lux,黄金,108,41,坦克引擎
光辉女郎,Lux,黄金,109,42,轻拍背部
光辉女郎,Lux,棱彩,110,36,吃过路兵
光辉女郎,Lux,棱彩,111,37,最终形态
光辉女郎,Lux,黄金,112,43,藏身草丛
光辉女郎,Lux,黄金,113,44,鲨鱼诱饵
光辉女郎,Lux,白银,114,33,点亮他们！
光辉女郎,Lux,棱彩,115,38,扳机炼狱
光辉女郎,Lux,棱彩,116,39,物法皆修
光辉女郎,Lux,黄金,117,45,缩小射线
光辉女郎,Lux,黄金,118,46,自然即是治愈
光辉女郎,Lux,棱彩,119,40,秘术冲拳
光辉女郎,Lux,棱彩,120,41,升级：花晓之剑
光辉女郎,Lux,棱彩,121,42,歌利亚巨人
光辉女郎,Lux,白银,122,34,万用瞄准镜
光辉女郎,Lux,棱彩,123,43,魄罗蛮冲
光辉女郎,Lux,棱彩,124,44,灵魄炸弹
光辉女郎,Lux,黄金,125,47,冰雪爆裂
光辉女郎,Lux,白银,126,35,灵巧
光辉女郎,Lux,白银,127,36,转得我眩晕了
光辉女郎,Lux,黄金,128,48,更万用的瞄准镜
光辉女郎,Lux,黄金,129,49,会心治疗
光辉女郎,Lux,黄金,130,50,黎明使者的坚决
光辉女郎,Lux,黄金,131,51,喂呜喂呜
光辉女郎,Lux,黄金,132,52,罪恶快感
光辉女郎,Lux,棱彩,133,45,神圣雪球
光辉女郎,Lux,棱彩,134,46,风语者的祝福
光辉女郎,Lux,棱彩,135,47,至高天诺言
光辉女郎,Lux,黄金,136,53,升级：耀光
光辉女郎,Lux,棱彩,137,48,位面转移
光辉女郎,Lux,黄金,138,54,我们的治疗
光辉女郎,Lux,黄金,139,55,过量延伸者
光辉女郎,Lux,黄金,140,56,豪猪
光辉女郎,Lux,棱彩,141,49,软弹啪叽抓
光辉女郎,Lux,棱彩,142,50,最万用的瞄准镜
光辉女郎,Lux,黄金,143,57,星界躯体
光辉女郎,Lux,棱彩,144,51,泰坦的坚决
光辉女郎,Lux,白银,145,37,重量级打击手
光辉女郎,Lux,棱彩,146,52,踢踏舞
光辉女郎,Lux,棱彩,147,53,利刃华尔兹
光辉女郎,Lux,黄金,148,58,高压锅
光辉女郎,Lux,棱彩,149,54,战争交响乐
光辉女郎,Lux,黄金,150,59,钢化你心
光辉女郎,Lux,白银,151,38,急救用具
光辉女郎,Lux,黄金,152,60,活力焕发
光辉女郎,Lux,黄金,153,61,祖母的辣椒油
光辉女郎,Lux,白银,154,39,坚若磐石
光辉女郎,Lux,黄金,155,62,魄罗爆破手
光辉女郎,Lux,黄金,156,63,易损
光辉女郎,Lux,黄金,157,64,关键暴击
光辉女郎,Lux,棱彩,158,55,激光治疗
光辉女郎,Lux,白银,159,40,闪闪现现
光辉女郎,Lux,黄金,160,65,坚韧
光辉女郎,Lux,白银,161,41,会心防御
光辉女郎,Lux,黄金,162,66,升级：雪球
光辉女郎,Lux,黄金,163,67,吸血习性
光辉女郎,Lux,黄金,164,68,暴击飞弹
光辉女郎,Lux,黄金,165,69,灵魂虹吸
光辉女郎,Lux,棱彩,166,56,小猫咪找妈妈
光辉女郎,Lux,白银,167,42,闪光弹
光辉女郎,Lux,棱彩,168,57,死亡之环
光辉女郎,Lux,棱彩,169,58,量子计算
光辉女郎,Lux,黄金,170,70,雪球扭蛋机
光辉女郎,Lux,白银,171,43,魔法转物理
光辉女郎,Lux,棱彩,172,59,小丑学院
光辉女郎,Lux,黄金,173,71,最终都市列车
光辉女郎,Lux,棱彩,174,60,连拨击锤
光辉女郎,Lux,棱彩,175,61,卡皮巴拉空投
光辉女郎,Lux,白银,176,44,狂热者
光辉女郎,Lux,棱彩,177,62,？？？
光辉女郎,Lux,黄金,178,72,威能之追求
光辉女郎,Lux,黄金,179,73,暴击律动
光辉女郎,Lux,棱彩,180,63,双刀流
光辉女郎,Lux,棱彩,181,64,双发快射
光辉女郎,Lux,白银,182,45,台风
光辉女郎,Lux,白银,183,46,叠角龙
光辉女郎,Lux,棱彩,184,65,王中王，靴中靴
光辉女郎,Lux,棱彩,185,66,魄罗之王的弹跳
光辉女郎,Lux,白银,186,47,由暴生急
光辉女郎,Lux,黄金,187,74,仁慈打击
光辉女郎,Lux,白银,188,48,可靠武器
光辉女郎,Lux,白银,189,49,自适应防护
熔岩巨兽,Malphite,黄金,1,1,坦克引擎
熔岩巨兽,Malphite,棱彩,2,1,飞身踢
熔岩巨兽,Malphite,白银,3,1,巫师式思考
熔岩巨兽,Malphite,黄金,4,2,杀戮时间到了
熔岩巨兽,Malphite,白银,5,2,重量级打击手
熔岩巨兽,Malphite,黄金,6,3,星界躯体
熔岩巨兽,Malphite,棱彩,7,2,终极刷新
熔岩巨兽,Malphite,黄金,8,4,钢化你心
熔岩巨兽,Malphite,棱彩,9,3,尤里卡
熔岩巨兽,Malphite,黄金,10,5,超凡邪恶
熔岩巨兽,Malphite,棱彩,11,4,歌利亚巨人
熔岩巨兽,Malphite,白银,12,3,纯粹主义者 - 术师
熔岩巨兽,Malphite,黄金,13,6,牙仙子
熔岩巨兽,Malphite,黄金,14,7,术士果汁盒
熔岩巨兽,Malphite,黄金,15,8,质变：棱彩阶
熔岩巨兽,Malphite,黄金,16,9,循环往复
熔岩巨兽,Malphite,棱彩,17,5,和我一起困在这里
熔岩巨兽,Malphite,黄金,18,10,虚幻武器
熔岩巨兽,Malphite,黄金,19,11,魔法飞弹
熔岩巨兽,Malphite,黄金,20,12,超强大脑
熔岩巨兽,Malphite,棱彩,21,6,无限循环往复
熔岩巨兽,Malphite,白银,22,4,升级：中娅
熔岩巨兽,Malphite,棱彩,23,7,终极唤醒
熔岩巨兽,Malphite,白银,24,5,升级：献祭
熔岩巨兽,Malphite,黄金,25,13,溢流
熔岩巨兽,Malphite,黄金,26,14,高压锅
熔岩巨兽,Malphite,棱彩,27,8,大法师
熔岩巨兽,Malphite,白银,28,6,俯冲轰炸
熔岩巨兽,Malphite,黄金,29,15,不动如山
熔岩巨兽,Malphite,白银,30,7,质变：黄金阶
熔岩巨兽,Malphite,黄金,31,16,生机迸发
熔岩巨兽,Malphite,棱彩,32,9,沃格勒特的巫师帽
熔岩巨兽,Malphite,白银,33,8,由心及物
熔岩巨兽,Malphite,白银,34,9,逃跑计划
熔岩巨兽,Malphite,白银,35,10,保持坚定
熔岩巨兽,Malphite,棱彩,36,10,艾卡西亚的陷落
熔岩巨兽,Malphite,白银,37,11,大师铸就
熔岩巨兽,Malphite,黄金,38,17,黎明使者的坚决
熔岩巨兽,Malphite,黄金,39,18,豪猪
熔岩巨兽,Malphite,棱彩,40,11,掷骰狂人
熔岩巨兽,Malphite,棱彩,41,12,空投熊
熔岩巨兽,Malphite,黄金,42,19,穿针引线
熔岩巨兽,Malphite,白银,43,12,终极不可阻挡
熔岩巨兽,Malphite,黄金,44,20,快步
熔岩巨兽,Malphite,白银,45,13,物理转魔法
熔岩巨兽,Malphite,棱彩,46,13,大招工具人
熔岩巨兽,Malphite,黄金,47,21,闪现向前
熔岩巨兽,Malphite,黄金,48,22,捐赠
熔岩巨兽,Malphite,棱彩,49,14,你摸不到
熔岩巨兽,Malphite,白银,50,14,扇巴掌
熔岩巨兽,Malphite,黄金,51,23,缩小引擎
熔岩巨兽,Malphite,棱彩,52,15,精怪魔法
熔岩巨兽,Malphite,黄金,53,24,神射法师
熔岩巨兽,Malphite,黄金,54,25,威能之追求
熔岩巨兽,Malphite,黄金,55,26,属性叠属性！
熔岩巨兽,Malphite,棱彩,56,16,残忍
熔岩巨兽,Malphite,棱彩,57,17,三重射击
熔岩巨兽,Malphite,白银,58,15,练腿日
熔岩巨兽,Malphite,黄金,59,27,小小的额外帮助
熔岩巨兽,Malphite,棱彩,60,18,最终形态
熔岩巨兽,Malphite,黄金,61,28,弹球
熔岩巨兽,Malphite,黄金,62,29,心灵净化
熔岩巨兽,Malphite,黄金,63,30,鲨鱼诱饵
熔岩巨兽,Malphite,黄金,64,31,冰雪爆裂
熔岩巨兽,Malphite,白银,65,16,下雪天
熔岩巨兽,Malphite,黄金,66,32,有始有终
熔岩巨兽,Malphite,黄金,67,33,急速之追求
熔岩巨兽,Malphite,棱彩,68,19,史上最大雪球
熔岩巨兽,Malphite,黄金,69,34,面包和黄油
熔岩巨兽,Malphite,黄金,70,35,吞噬灵魂
熔岩巨兽,Malphite,白银,71,17,炼狱龙魂
熔岩巨兽,Malphite,棱彩,72,20,珠光护手
熔岩巨兽,Malphite,棱彩,73,21,全凭身法
熔岩巨兽,Malphite,黄金,74,36,尖端发明家
熔岩巨兽,Malphite,棱彩,75,22,质变：混沌
熔岩巨兽,Malphite,黄金,76,37,无尽大杀四方
熔岩巨兽,Malphite,黄金,77,38,神圣干预
熔岩巨兽,Malphite,白银,78,18,双生火焰
熔岩巨兽,Malphite,黄金,79,39,鲨鱼暴风
熔岩巨兽,Malphite,白银,80,19,火狐
熔岩巨兽,Malphite,白银,81,20,海洋龙魂
熔岩巨兽,Malphite,白银,82,21,前进时间到
熔岩巨兽,Malphite,黄金,83,40,急急小子
熔岩巨兽,Malphite,棱彩,84,23,巨像的勇气
熔岩巨兽,Malphite,白银,85,22,属性！
熔岩巨兽,Malphite,黄金,86,41,面包和奶酪
熔岩巨兽,Malphite,黄金,87,42,自然即是治愈
熔岩巨兽,Malphite,白银,88,23,侵蚀
熔岩巨兽,Malphite,棱彩,89,24,玻璃大炮
熔岩巨兽,Malphite,棱彩,90,25,潘朵拉的盒子
熔岩巨兽,Malphite,黄金,91,43,哎哟，我的硬币！
熔岩巨兽,Malphite,黄金,92,44,夜狩
熔岩巨兽,Malphite,白银,93,24,家园卫士
熔岩巨兽,Malphite,棱彩,94,26,科学狂人
熔岩巨兽,Malphite,棱彩,95,27,泰坦的坚决
熔岩巨兽,Malphite,白银,96,25,冰寒
熔岩巨兽,Malphite,白银,97,26,海克斯科技龙魂
熔岩巨兽,Malphite,白银,98,27,快中求稳
熔岩巨兽,Malphite,白银,99,28,杀意翻涌
熔岩巨兽,Malphite,白银,100,29,山脉龙魂
熔岩巨兽,Malphite,黄金,101,45,狙神飞星
熔岩巨兽,Malphite,黄金,102,46,藏身草丛
熔岩巨兽,Malphite,白银,103,30,渴血
熔岩巨兽,Malphite,黄金,104,47,面包和果酱
熔岩巨兽,Malphite,黄金,105,48,过量延伸者
熔岩巨兽,Malphite,棱彩,106,28,超负荷
熔岩巨兽,Malphite,白银,107,31,狂热者
熔岩巨兽,Malphite,白银,108,32,防护面纱
熔岩巨兽,Malphite,棱彩,109,29,大地苏醒
熔岩巨兽,Malphite,黄金,110,49,我们的治疗
熔岩巨兽,Malphite,白银,111,33,转得我眩晕了
熔岩巨兽,Malphite,白银,112,34,暗影疾奔
熔岩巨兽,Malphite,棱彩,113,30,神圣雪球
熔岩巨兽,Malphite,棱彩,114,31,回响施放
熔岩巨兽,Malphite,黄金,115,50,罪恶快感
熔岩巨兽,Malphite,黄金,116,51,炽烈黎明
熔岩巨兽,Malphite,棱彩,117,32,尊我为王
熔岩巨兽,Malphite,白银,118,35,注魔
熔岩巨兽,Malphite,棱彩,119,33,海牛阿福的勇士
熔岩巨兽,Malphite,黄金,120,52,轻拍背部
熔岩巨兽,Malphite,棱彩,121,34,全能龙魂
熔岩巨兽,Malphite,黄金,122,53,咏叹奏鸣
熔岩巨兽,Malphite,棱彩,123,35,属性叠属性叠属性！
熔岩巨兽,Malphite,棱彩,124,36,舞会女王
熔岩巨兽,Malphite,棱彩,125,37,巨人杀手
熔岩巨兽,Malphite,黄金,126,54,缩小射线
熔岩巨兽,Malphite,棱彩,127,38,秘术冲拳
熔岩巨兽,Malphite,黄金,128,55,回力OK镖
熔岩巨兽,Malphite,棱彩,129,39,扳机炼狱
熔岩巨兽,Malphite,黄金,130,56,火上浇油
熔岩巨兽,Malphite,黄金,131,57,狂徒豪气
熔岩巨兽,Malphite,棱彩,132,40,软弹啪叽抓
熔岩巨兽,Malphite,棱彩,133,41,针插垫
熔岩巨兽,Malphite,棱彩,134,42,利刃华尔兹
熔岩巨兽,Malphite,棱彩,135,43,电涌力场
熔岩巨兽,Malphite,棱彩,136,44,吃过路兵
熔岩巨兽,Malphite,黄金,137,58,升级：焚天
熔岩巨兽,Malphite,白银,138,36,灵巧
熔岩巨兽,Malphite,棱彩,139,45,飞升仪式
熔岩巨兽,Malphite,黄金,140,59,升级：贪欲九头蛇
熔岩巨兽,Malphite,黄金,141,60,升级：耀光
熔岩巨兽,Malphite,黄金,142,61,更万用的瞄准镜
熔岩巨兽,Malphite,棱彩,143,46,濒死悟道
熔岩巨兽,Malphite,棱彩,144,47,不祥契约
熔岩巨兽,Malphite,棱彩,145,48,夺金
熔岩巨兽,Malphite,白银,146,37,唯快不破
熔岩巨兽,Malphite,白银,147,38,万用瞄准镜
熔岩巨兽,Malphite,棱彩,148,49,男爵之手
熔岩巨兽,Malphite,棱彩,149,50,炼狱导管
熔岩巨兽,Malphite,白银,150,39,吵闹鬼
熔岩巨兽,Malphite,棱彩,151,51,魄罗蛮冲
熔岩巨兽,Malphite,棱彩,152,52,物法皆修
熔岩巨兽,Malphite,棱彩,153,53,位面转移
熔岩巨兽,Malphite,白银,154,40,点亮他们！
熔岩巨兽,Malphite,棱彩,155,54,回归基本功
熔岩巨兽,Malphite,棱彩,156,55,最万用的瞄准镜
熔岩巨兽,Malphite,白银,157,41,闪光弹
熔岩巨兽,Malphite,白银,158,42,闪闪现现
熔岩巨兽,Malphite,棱彩,159,56,踢踏舞
熔岩巨兽,Malphite,棱彩,160,57,战争交响乐
熔岩巨兽,Malphite,黄金,161,62,坚韧
熔岩巨兽,Malphite,黄金,162,63,活力焕发
熔岩巨兽,Malphite,黄金,163,64,升级：雪球
熔岩巨兽,Malphite,白银,164,43,坚若磐石
熔岩巨兽,Malphite,黄金,165,65,会心治疗
熔岩巨兽,Malphite,黄金,166,66,祖母的辣椒油
熔岩巨兽,Malphite,黄金,167,67,雪球扭蛋机
熔岩巨兽,Malphite,黄金,168,68,最终都市列车
熔岩巨兽,Malphite,棱彩,169,58,小丑学院
熔岩巨兽,Malphite,黄金,170,69,吸血习性
熔岩巨兽,Malphite,棱彩,171,59,量子计算
熔岩巨兽,Malphite,黄金,172,70,魄罗爆破手
熔岩巨兽,Malphite,黄金,173,71,关键暴击
熔岩巨兽,Malphite,黄金,174,72,易损
熔岩巨兽,Malphite,白银,175,44,会心防御
熔岩巨兽,Malphite,黄金,176,73,灵魂虹吸
熔岩巨兽,Malphite,棱彩,177,60,蛋白粉奶昔
熔岩巨兽,Malphite,棱彩,178,61,魄罗之王的弹跳
熔岩巨兽,Malphite,白银,179,45,叠角龙
熔岩巨兽,Malphite,棱彩,180,62,连拨击锤
熔岩巨兽,Malphite,棱彩,181,63,双刀流
熔岩巨兽,Malphite,黄金,182,74,暴击律动
熔岩巨兽,Malphite,棱彩,183,64,激光治疗
熔岩巨兽,Malphite,棱彩,184,65,卡皮巴拉空投
熔岩巨兽,Malphite,白银,185,46,虹吸
熔岩巨兽,Malphite,黄金,186,75,喂呜喂呜
熔岩巨兽,Malphite,白银,187,47,急救用具
熔岩巨兽,Malphite,黄金,188,76,全心为你
熔岩巨兽,Malphite,白银,189,48,魔法转物理
熔岩巨兽,Malphite,棱彩,190,66,双发快射
熔岩巨兽,Malphite,棱彩,191,67,至高天诺言
熔岩巨兽,Malphite,棱彩,192,68,王中王，靴中靴
熔岩巨兽,Malphite,棱彩,193,69,升级：花晓之剑
熔岩巨兽,Malphite,白银,194,49,由暴生急
虚空先知,Malzahar,棱彩,1,1,炼狱导管
虚空先知,Malzahar,黄金,2,1,魔法飞弹
虚空先知,Malzahar,黄金,3,2,术士果汁盒
虚空先知,Malzahar,黄金,4,3,超凡邪恶
虚空先知,Malzahar,白银,5,1,冰寒
虚空先知,Malzahar,棱彩,6,2,尤里卡
虚空先知,Malzahar,白银,7,2,巫师式思考
虚空先知,Malzahar,黄金,8,4,炽燃利息
虚空先知,Malzahar,黄金,9,5,虚幻武器
虚空先知,Malzahar,棱彩,10,3,大法师
虚空先知,Malzahar,白银,11,3,纯粹主义者 - 术师
虚空先知,Malzahar,棱彩,12,4,无限循环往复
虚空先知,Malzahar,黄金,13,6,超强大脑
虚空先知,Malzahar,黄金,14,7,质变：棱彩阶
虚空先知,Malzahar,黄金,15,8,威能之追求
虚空先知,Malzahar,黄金,16,9,急急小子
虚空先知,Malzahar,黄金,17,10,仆从大师
虚空先知,Malzahar,黄金,18,11,老练狙神
虚空先知,Malzahar,白银,19,4,升级：中娅
虚空先知,Malzahar,黄金,20,12,循环往复
虚空先知,Malzahar,棱彩,21,5,沃格勒特的巫师帽
虚空先知,Malzahar,黄金,22,13,急速之追求
虚空先知,Malzahar,白银,23,5,侵蚀
虚空先知,Malzahar,白银,24,6,大师铸就
虚空先知,Malzahar,黄金,25,14,缩小引擎
虚空先知,Malzahar,棱彩,26,6,终极刷新
虚空先知,Malzahar,黄金,27,15,狙神飞星
虚空先知,Malzahar,白银,28,7,双生火焰
虚空先知,Malzahar,白银,29,8,质变：黄金阶
虚空先知,Malzahar,白银,30,9,终极不可阻挡
虚空先知,Malzahar,黄金,31,16,面包和奶酪
虚空先知,Malzahar,黄金,32,17,回力OK镖
虚空先知,Malzahar,白银,33,10,家园卫士
虚空先知,Malzahar,棱彩,34,7,珠光护手
虚空先知,Malzahar,黄金,35,18,穿针引线
虚空先知,Malzahar,棱彩,36,8,掷骰狂人
虚空先知,Malzahar,白银,37,11,物理转魔法
虚空先知,Malzahar,白银,38,12,由心及物
虚空先知,Malzahar,白银,39,13,海克斯科技龙魂
虚空先知,Malzahar,白银,40,14,炼狱龙魂
虚空先知,Malzahar,棱彩,41,9,不祥契约
虚空先知,Malzahar,棱彩,42,10,质变：混沌
虚空先知,Malzahar,白银,43,15,渴血
虚空先知,Malzahar,白银,44,16,海洋龙魂
虚空先知,Malzahar,黄金,45,19,捐赠
虚空先知,Malzahar,棱彩,46,11,巨人杀手
虚空先知,Malzahar,黄金,47,20,属性叠属性！
虚空先知,Malzahar,黄金,48,21,有始有终
虚空先知,Malzahar,黄金,49,22,溢流
虚空先知,Malzahar,棱彩,50,12,你摸不到
虚空先知,Malzahar,棱彩,51,13,终极唤醒
虚空先知,Malzahar,黄金,52,23,杀戮时间到了
虚空先知,Malzahar,棱彩,53,14,超负荷
虚空先知,Malzahar,黄金,54,24,面包和黄油
虚空先知,Malzahar,白银,55,17,注魔
虚空先知,Malzahar,黄金,56,25,神射法师
虚空先知,Malzahar,棱彩,57,15,玻璃大炮
虚空先知,Malzahar,黄金,58,26,面包和果酱
虚空先知,Malzahar,棱彩,59,16,潘朵拉的盒子
虚空先知,Malzahar,黄金,60,27,心灵净化
虚空先知,Malzahar,棱彩,61,17,飞身踢
虚空先知,Malzahar,黄金,62,28,哎哟，我的硬币！
虚空先知,Malzahar,黄金,63,29,炽烈黎明
虚空先知,Malzahar,白银,64,18,练腿日
虚空先知,Malzahar,白银,65,19,逃跑计划
虚空先知,Malzahar,白银,66,20,火狐
虚空先知,Malzahar,棱彩,67,18,科学狂人
虚空先知,Malzahar,棱彩,68,19,全能龙魂
虚空先知,Malzahar,棱彩,69,20,电涌力场
虚空先知,Malzahar,棱彩,70,21,大招工具人
虚空先知,Malzahar,棱彩,71,22,史上最大雪球
虚空先知,Malzahar,棱彩,72,23,夺金
虚空先知,Malzahar,棱彩,73,24,回归基本功
虚空先知,Malzahar,白银,74,21,别停止引导
虚空先知,Malzahar,黄金,75,30,牙仙子
虚空先知,Malzahar,黄金,76,31,轻拍背部
虚空先知,Malzahar,黄金,77,32,坦克引擎
虚空先知,Malzahar,白银,78,22,属性！
虚空先知,Malzahar,黄金,79,33,神圣干预
虚空先知,Malzahar,棱彩,80,25,海牛阿福的勇士
虚空先知,Malzahar,棱彩,81,26,属性叠属性叠属性！
虚空先知,Malzahar,黄金,82,34,尖端发明家
虚空先知,Malzahar,黄金,83,35,火上浇油
虚空先知,Malzahar,棱彩,84,27,男爵之手
虚空先知,Malzahar,白银,85,23,防护面纱
虚空先知,Malzahar,黄金,86,36,咏叹奏鸣
虚空先知,Malzahar,黄金,87,37,闪现向前
虚空先知,Malzahar,黄金,88,38,生机迸发
虚空先知,Malzahar,棱彩,89,28,秘术冲拳
虚空先知,Malzahar,棱彩,90,29,吃过路兵
虚空先知,Malzahar,棱彩,91,30,尊我为王
虚空先知,Malzahar,棱彩,92,31,空投熊
虚空先知,Malzahar,棱彩,93,32,精怪魔法
虚空先知,Malzahar,黄金,94,39,鲨鱼暴风
虚空先知,Malzahar,棱彩,95,33,最终形态
虚空先知,Malzahar,黄金,96,40,弹球
虚空先知,Malzahar,白银,97,24,山脉龙魂
虚空先知,Malzahar,白银,98,25,吵闹鬼
虚空先知,Malzahar,黄金,99,41,自然即是治愈
虚空先知,Malzahar,黄金,100,42,鲨鱼诱饵
虚空先知,Malzahar,棱彩,101,34,魄罗蛮冲
虚空先知,Malzahar,白银,102,26,俯冲轰炸
虚空先知,Malzahar,白银,103,27,下雪天
虚空先知,Malzahar,棱彩,104,35,歌利亚巨人
虚空先知,Malzahar,黄金,105,43,黎明使者的坚决
虚空先知,Malzahar,白银,106,28,唯快不破
虚空先知,Malzahar,黄金,107,44,藏身草丛
虚空先知,Malzahar,黄金,108,45,冰雪爆裂
虚空先知,Malzahar,黄金,109,46,缩小射线
虚空先知,Malzahar,白银,110,29,杀意翻涌
虚空先知,Malzahar,黄金,111,47,夜狩
虚空先知,Malzahar,黄金,112,48,我们的治疗
虚空先知,Malzahar,棱彩,113,36,物法皆修
虚空先知,Malzahar,棱彩,114,37,神圣雪球
虚空先知,Malzahar,棱彩,115,38,泰坦的坚决
虚空先知,Malzahar,黄金,116,49,过量延伸者
虚空先知,Malzahar,白银,117,30,点亮他们！
虚空先知,Malzahar,黄金,118,50,星界躯体
虚空先知,Malzahar,黄金,119,51,罪恶快感
虚空先知,Malzahar,白银,120,31,转得我眩晕了
虚空先知,Malzahar,棱彩,121,39,位面转移
虚空先知,Malzahar,棱彩,122,40,濒死悟道
虚空先知,Malzahar,棱彩,123,41,扳机炼狱
虚空先知,Malzahar,白银,124,32,灵巧
虚空先知,Malzahar,黄金,125,52,更万用的瞄准镜
虚空先知,Malzahar,黄金,126,53,豪猪
虚空先知,Malzahar,白银,127,33,万用瞄准镜
虚空先知,Malzahar,棱彩,128,42,飞升仪式
虚空先知,Malzahar,黄金,129,54,高压锅
虚空先知,Malzahar,棱彩,130,43,利刃华尔兹
虚空先知,Malzahar,棱彩,131,44,战争交响乐
虚空先知,Malzahar,棱彩,132,45,软弹啪叽抓
虚空先知,Malzahar,棱彩,133,46,最万用的瞄准镜
虚空先知,Malzahar,黄金,134,55,升级：耀光
虚空先知,Malzahar,棱彩,135,47,踢踏舞
虚空先知,Malzahar,黄金,136,56,钢化你心
虚空先知,Malzahar,黄金,137,57,祖母的辣椒油
虚空先知,Malzahar,黄金,138,58,易损
虚空先知,Malzahar,白银,139,34,重量级打击手
虚空先知,Malzahar,黄金,140,59,无尽大杀四方
虚空先知,Malzahar,黄金,141,60,吸血习性
虚空先知,Malzahar,黄金,142,61,活力焕发
虚空先知,Malzahar,黄金,143,62,魄罗爆破手
虚空先知,Malzahar,白银,144,35,闪闪现现
虚空先知,Malzahar,黄金,145,63,升级：雪球
虚空先知,Malzahar,黄金,146,64,暴击飞弹
虚空先知,Malzahar,黄金,147,65,关键暴击
虚空先知,Malzahar,白银,148,36,会心防御
虚空先知,Malzahar,黄金,149,66,灵魂虹吸
虚空先知,Malzahar,棱彩,150,48,连拨击锤
虚空先知,Malzahar,黄金,151,67,雪球扭蛋机
虚空先知,Malzahar,白银,152,37,升级：收集者
虚空先知,Malzahar,白银,153,38,魔法转物理
虚空先知,Malzahar,白银,154,39,台风
虚空先知,Malzahar,黄金,155,68,会心治疗
虚空先知,Malzahar,棱彩,156,49,小丑学院
虚空先知,Malzahar,白银,157,40,虹吸
虚空先知,Malzahar,白银,158,41,可靠武器
虚空先知,Malzahar,棱彩,159,50,？？？
虚空先知,Malzahar,白银,160,42,大力
虚空先知,Malzahar,白银,161,43,急救用具
虚空先知,Malzahar,棱彩,162,51,量子计算
虚空先知,Malzahar,白银,163,44,天音爆
虚空先知,Malzahar,棱彩,164,52,亮出你的剑
虚空先知,Malzahar,白银,165,45,闪光弹
虚空先知,Malzahar,棱彩,166,53,双刀流
虚空先知,Malzahar,白银,167,46,强力护盾
虚空先知,Malzahar,黄金,168,69,暴击律动
虚空先知,Malzahar,黄金,169,70,坚韧
虚空先知,Malzahar,黄金,170,71,升级：无尽之刃
虚空先知,Malzahar,棱彩,171,54,激光治疗
虚空先知,Malzahar,黄金,172,72,最终都市列车
虚空先知,Malzahar,棱彩,173,55,卡皮巴拉空投
虚空先知,Malzahar,棱彩,174,56,魄罗之王的弹跳
虚空先知,Malzahar,棱彩,175,57,信念者的强化
虚空先知,Malzahar,白银,176,47,狂热者
虚空先知,Malzahar,白银,177,48,由暴生急
虚空先知,Malzahar,白银,178,49,自适应防护
扭曲树精,Maokai,黄金,1,1,坦克引擎
扭曲树精,Maokai,棱彩,2,1,飞身踢
扭曲树精,Maokai,白银,3,1,重量级打击手
扭曲树精,Maokai,黄金,4,2,星界躯体
扭曲树精,Maokai,黄金,5,3,钢化你心
扭曲树精,Maokai,棱彩,6,2,歌利亚巨人
扭曲树精,Maokai,白银,7,2,扇巴掌
扭曲树精,Maokai,棱彩,8,3,巨像的勇气
扭曲树精,Maokai,白银,9,3,升级：献祭
扭曲树精,Maokai,黄金,10,4,吞噬灵魂
扭曲树精,Maokai,黄金,11,5,不动如山
扭曲树精,Maokai,黄金,12,6,高压锅
扭曲树精,Maokai,棱彩,13,4,无限循环往复
扭曲树精,Maokai,黄金,14,7,虚幻武器
扭曲树精,Maokai,白银,15,4,纯粹主义者 - 术师
扭曲树精,Maokai,棱彩,16,5,大法师
扭曲树精,Maokai,黄金,17,8,质变：棱彩阶
扭曲树精,Maokai,黄金,18,9,超凡邪恶
扭曲树精,Maokai,黄金,19,10,魔法飞弹
扭曲树精,Maokai,黄金,20,11,贪欲束缚
扭曲树精,Maokai,黄金,21,12,神圣干预
扭曲树精,Maokai,棱彩,22,6,尤里卡
扭曲树精,Maokai,黄金,23,13,急速之追求
扭曲树精,Maokai,棱彩,24,7,残忍
扭曲树精,Maokai,白银,25,5,巫师式思考
扭曲树精,Maokai,黄金,26,14,循环往复
扭曲树精,Maokai,棱彩,27,8,艾卡西亚的陷落
扭曲树精,Maokai,白银,28,6,质变：黄金阶
扭曲树精,Maokai,黄金,29,15,连锁反应
扭曲树精,Maokai,黄金,30,16,我们的治疗
扭曲树精,Maokai,棱彩,31,9,咒语裂变
扭曲树精,Maokai,黄金,32,17,狙神飞星
扭曲树精,Maokai,棱彩,33,10,终极刷新
扭曲树精,Maokai,白银,34,7,大师铸就
扭曲树精,Maokai,白银,35,8,逃跑计划
扭曲树精,Maokai,黄金,36,18,黎明使者的坚决
扭曲树精,Maokai,棱彩,37,11,终极唤醒
扭曲树精,Maokai,黄金,38,19,生机迸发
扭曲树精,Maokai,黄金,39,20,面包和奶酪
扭曲树精,Maokai,白银,40,9,海洋龙魂
扭曲树精,Maokai,白银,41,10,练腿日
扭曲树精,Maokai,白银,42,11,俯冲轰炸
扭曲树精,Maokai,黄金,43,21,缩小引擎
扭曲树精,Maokai,黄金,44,22,急急小子
扭曲树精,Maokai,黄金,45,23,面包和果酱
扭曲树精,Maokai,白银,46,12,由心及物
扭曲树精,Maokai,黄金,47,24,豪猪
扭曲树精,Maokai,黄金,48,25,回力OK镖
扭曲树精,Maokai,白银,49,13,侵蚀
扭曲树精,Maokai,黄金,50,26,尖端发明家
扭曲树精,Maokai,白银,51,14,快中求稳
扭曲树精,Maokai,棱彩,52,12,掷骰狂人
扭曲树精,Maokai,黄金,53,27,属性叠属性！
扭曲树精,Maokai,棱彩,54,13,回归基本功
扭曲树精,Maokai,棱彩,55,14,科学狂人
扭曲树精,Maokai,白银,56,15,防护面纱
扭曲树精,Maokai,棱彩,57,15,精怪魔法
扭曲树精,Maokai,棱彩,58,16,和我一起困在这里
扭曲树精,Maokai,黄金,59,28,心灵净化
扭曲树精,Maokai,白银,60,16,冰寒
扭曲树精,Maokai,黄金,61,29,仆从大师
扭曲树精,Maokai,黄金,62,30,杀戮时间到了
扭曲树精,Maokai,棱彩,63,17,质变：混沌
扭曲树精,Maokai,棱彩,64,18,炼狱导管
扭曲树精,Maokai,黄金,65,31,无尽大杀四方
扭曲树精,Maokai,棱彩,66,19,史上最大雪球
扭曲树精,Maokai,棱彩,67,20,泰坦的坚决
扭曲树精,Maokai,黄金,68,32,面包和黄油
扭曲树精,Maokai,黄金,69,33,炽燃利息
扭曲树精,Maokai,白银,70,17,双生火焰
扭曲树精,Maokai,白银,71,18,下雪天
扭曲树精,Maokai,黄金,72,34,捐赠
扭曲树精,Maokai,黄金,73,35,自然即是治愈
扭曲树精,Maokai,白银,74,19,物理转魔法
扭曲树精,Maokai,黄金,75,36,威能之追求
扭曲树精,Maokai,黄金,76,37,弹球
扭曲树精,Maokai,黄金,77,38,有始有终
扭曲树精,Maokai,白银,78,20,炼狱龙魂
扭曲树精,Maokai,黄金,79,39,术士果汁盒
扭曲树精,Maokai,黄金,80,40,冰雪爆裂
扭曲树精,Maokai,棱彩,81,21,沃格勒特的巫师帽
扭曲树精,Maokai,棱彩,82,22,潘朵拉的盒子
扭曲树精,Maokai,白银,83,21,终极不可阻挡
扭曲树精,Maokai,白银,84,22,属性！
扭曲树精,Maokai,白银,85,23,海克斯科技龙魂
扭曲树精,Maokai,白银,86,24,暗影疾奔
扭曲树精,Maokai,棱彩,87,23,最终形态
扭曲树精,Maokai,棱彩,88,24,空投熊
扭曲树精,Maokai,白银,89,25,山脉龙魂
扭曲树精,Maokai,黄金,90,41,狂徒豪气
扭曲树精,Maokai,棱彩,91,25,大招工具人
扭曲树精,Maokai,黄金,92,42,炽烈黎明
扭曲树精,Maokai,黄金,93,43,鲨鱼诱饵
扭曲树精,Maokai,黄金,94,44,溢流
扭曲树精,Maokai,黄金,95,45,哎哟，我的硬币！
扭曲树精,Maokai,黄金,96,46,闪现向前
扭曲树精,Maokai,棱彩,97,26,软弹啪叽抓
扭曲树精,Maokai,棱彩,98,27,珠光护手
扭曲树精,Maokai,棱彩,99,28,巨人杀手
扭曲树精,Maokai,白银,100,26,火狐
扭曲树精,Maokai,棱彩,101,29,神圣雪球
扭曲树精,Maokai,黄金,102,47,鲨鱼暴风
扭曲树精,Maokai,棱彩,103,30,全凭身法
扭曲树精,Maokai,棱彩,104,31,秘术冲拳
扭曲树精,Maokai,棱彩,105,32,玻璃大炮
扭曲树精,Maokai,白银,106,27,家园卫士
扭曲树精,Maokai,棱彩,107,33,你摸不到
扭曲树精,Maokai,棱彩,108,34,舞会女王
扭曲树精,Maokai,棱彩,109,35,全能龙魂
扭曲树精,Maokai,白银,110,28,杀意翻涌
扭曲树精,Maokai,白银,111,29,渴血
扭曲树精,Maokai,黄金,112,48,咏叹奏鸣
扭曲树精,Maokai,白银,113,30,转得我眩晕了
扭曲树精,Maokai,棱彩,114,36,属性叠属性叠属性！
扭曲树精,Maokai,黄金,115,49,超强大脑
扭曲树精,Maokai,棱彩,116,37,吃过路兵
扭曲树精,Maokai,黄金,117,50,过量延伸者
扭曲树精,Maokai,棱彩,118,38,尊我为王
扭曲树精,Maokai,黄金,119,51,穿针引线
扭曲树精,Maokai,黄金,120,52,夜狩
扭曲树精,Maokai,黄金,121,53,轻拍背部
扭曲树精,Maokai,棱彩,122,39,海牛阿福的勇士
扭曲树精,Maokai,棱彩,123,40,扳机炼狱
扭曲树精,Maokai,白银,124,31,注魔
扭曲树精,Maokai,黄金,125,54,神射法师
扭曲树精,Maokai,棱彩,126,41,夺金
扭曲树精,Maokai,棱彩,127,42,濒死悟道
扭曲树精,Maokai,黄金,128,55,缩小射线
扭曲树精,Maokai,白银,129,32,升级：中娅
扭曲树精,Maokai,黄金,130,56,藏身草丛
扭曲树精,Maokai,棱彩,131,43,不祥契约
扭曲树精,Maokai,黄金,132,57,火上浇油
扭曲树精,Maokai,棱彩,133,44,飞升仪式
扭曲树精,Maokai,棱彩,134,45,利刃华尔兹
扭曲树精,Maokai,棱彩,135,46,魄罗蛮冲
扭曲树精,Maokai,黄金,136,58,升级：焚天
扭曲树精,Maokai,棱彩,137,47,至高天诺言
扭曲树精,Maokai,棱彩,138,48,男爵之手
扭曲树精,Maokai,白银,139,33,灵巧
扭曲树精,Maokai,白银,140,34,吵闹鬼
扭曲树精,Maokai,黄金,141,59,升级：贪欲九头蛇
扭曲树精,Maokai,棱彩,142,49,位面转移
扭曲树精,Maokai,棱彩,143,50,电涌力场
扭曲树精,Maokai,白银,144,35,万用瞄准镜
扭曲树精,Maokai,黄金,145,60,更万用的瞄准镜
扭曲树精,Maokai,棱彩,146,51,物法皆修
扭曲树精,Maokai,黄金,147,61,升级：耀光
扭曲树精,Maokai,白银,148,36,唯快不破
扭曲树精,Maokai,黄金,149,62,牙仙子
扭曲树精,Maokai,黄金,150,63,罪恶快感
扭曲树精,Maokai,棱彩,151,52,最万用的瞄准镜
扭曲树精,Maokai,白银,152,37,点亮他们！
扭曲树精,Maokai,黄金,153,64,坚韧
扭曲树精,Maokai,棱彩,154,53,战争交响乐
扭曲树精,Maokai,棱彩,155,54,踢踏舞
扭曲树精,Maokai,黄金,156,65,活力焕发
扭曲树精,Maokai,棱彩,157,55,蛋白粉奶昔
扭曲树精,Maokai,棱彩,158,56,灵魄炸弹
扭曲树精,Maokai,白银,159,38,坚若磐石
扭曲树精,Maokai,黄金,160,66,会心治疗
扭曲树精,Maokai,棱彩,161,57,死亡之环
扭曲树精,Maokai,白银,162,39,急救用具
扭曲树精,Maokai,白银,163,40,闪闪现现
扭曲树精,Maokai,白银,164,41,闪光弹
扭曲树精,Maokai,黄金,165,67,升级：雪球
扭曲树精,Maokai,黄金,166,68,祖母的辣椒油
扭曲树精,Maokai,棱彩,167,58,大地苏醒
扭曲树精,Maokai,黄金,168,69,雪球扭蛋机
扭曲树精,Maokai,棱彩,169,59,量子计算
扭曲树精,Maokai,棱彩,170,60,风语者的祝福
扭曲树精,Maokai,白银,171,42,强力护盾
扭曲树精,Maokai,白银,172,43,虹吸
扭曲树精,Maokai,黄金,173,70,魄罗爆破手
扭曲树精,Maokai,黄金,174,71,吸血习性
扭曲树精,Maokai,棱彩,175,61,小丑学院
扭曲树精,Maokai,白银,176,44,会心防御
扭曲树精,Maokai,黄金,177,72,易损
扭曲树精,Maokai,黄金,178,73,最终都市列车
扭曲树精,Maokai,黄金,179,74,关键暴击
扭曲树精,Maokai,棱彩,180,62,激光治疗
扭曲树精,Maokai,黄金,181,75,灵魂虹吸
扭曲树精,Maokai,白银,182,45,叠角龙
扭曲树精,Maokai,棱彩,183,63,连拨击锤
扭曲树精,Maokai,黄金,184,76,全心为你
扭曲树精,Maokai,棱彩,185,64,双刀流
扭曲树精,Maokai,棱彩,186,65,王中王，靴中靴
扭曲树精,Maokai,棱彩,187,66,魄罗之王的弹跳
扭曲树精,Maokai,棱彩,188,67,信念者的强化
扭曲树精,Maokai,棱彩,189,68,你肩上的恶魔
扭曲树精,Maokai,黄金,190,77,虚空冲刺
扭曲树精,Maokai,白银,191,46,自适应防护
扭曲树精,Maokai,白银,192,47,天音爆
扭曲树精,Maokai,棱彩,193,69,卡皮巴拉空投
扭曲树精,Maokai,白银,194,48,狂热者
扭曲树精,Maokai,棱彩,195,70,多重射击
无极剑圣,MasterYi,黄金,1,1,罪恶快感
无极剑圣,MasterYi,棱彩,2,1,秘术冲拳
无极剑圣,MasterYi,黄金,3,2,夜狩
无极剑圣,MasterYi,黄金,4,3,升级：无尽之刃
无极剑圣,MasterYi,白银,5,1,大力
无极剑圣,MasterYi,棱彩,6,2,全凭身法
无极剑圣,MasterYi,白银,7,2,渴血
无极剑圣,MasterYi,黄金,8,4,穿针引线
无极剑圣,MasterYi,白银,9,3,升级：收集者
无极剑圣,MasterYi,黄金,10,5,小小的额外帮助
无极剑圣,MasterYi,棱彩,11,3,最终形态
无极剑圣,MasterYi,棱彩,12,4,利刃华尔兹
无极剑圣,MasterYi,棱彩,13,5,双刀流
无极剑圣,MasterYi,白银,14,4,台风
无极剑圣,MasterYi,黄金,15,6,急速之追求
无极剑圣,MasterYi,黄金,16,7,质变：棱彩阶
无极剑圣,MasterYi,棱彩,17,6,双发快射
无极剑圣,MasterYi,棱彩,18,7,掷骰狂人
无极剑圣,MasterYi,白银,19,5,终极不可阻挡
无极剑圣,MasterYi,黄金,20,8,灵魂虹吸
无极剑圣,MasterYi,棱彩,21,8,战争交响乐
无极剑圣,MasterYi,黄金,22,9,面包和黄油
无极剑圣,MasterYi,黄金,23,10,无尽大杀四方
无极剑圣,MasterYi,白银,24,6,灵巧
无极剑圣,MasterYi,棱彩,25,9,踢踏舞
无极剑圣,MasterYi,棱彩,26,10,飞升仪式
无极剑圣,MasterYi,黄金,27,11,威能之追求
无极剑圣,MasterYi,棱彩,28,11,终极唤醒
无极剑圣,MasterYi,黄金,29,12,更万用的瞄准镜
无极剑圣,MasterYi,黄金,30,13,虚幻武器
无极剑圣,MasterYi,黄金,31,14,狂徒豪气
无极剑圣,MasterYi,黄金,32,15,关键暴击
无极剑圣,MasterYi,黄金,33,16,循环往复
无极剑圣,MasterYi,白银,34,7,魔法转物理
无极剑圣,MasterYi,黄金,35,17,易损
无极剑圣,MasterYi,黄金,36,18,心灵净化
无极剑圣,MasterYi,白银,37,8,狂热者
无极剑圣,MasterYi,黄金,38,19,升级：贪欲九头蛇
无极剑圣,MasterYi,白银,39,9,质变：黄金阶
无极剑圣,MasterYi,黄金,40,20,缩小引擎
无极剑圣,MasterYi,白银,41,10,逃跑计划
无极剑圣,MasterYi,白银,42,11,暗影疾奔
无极剑圣,MasterYi,黄金,43,21,捐赠
无极剑圣,MasterYi,黄金,44,22,暴击律动
无极剑圣,MasterYi,棱彩,45,12,濒死悟道
无极剑圣,MasterYi,黄金,46,23,火上浇油
无极剑圣,MasterYi,白银,47,12,会心防御
无极剑圣,MasterYi,白银,48,13,万用瞄准镜
无极剑圣,MasterYi,黄金,49,24,属性叠属性！
无极剑圣,MasterYi,棱彩,50,13,连拨击锤
无极剑圣,MasterYi,黄金,51,25,牙仙子
无极剑圣,MasterYi,棱彩,52,14,最万用的瞄准镜
无极剑圣,MasterYi,棱彩,53,15,巨人杀手
无极剑圣,MasterYi,棱彩,54,16,质变：混沌
无极剑圣,MasterYi,黄金,55,26,暴击飞弹
无极剑圣,MasterYi,白银,56,14,唯快不破
无极剑圣,MasterYi,白银,57,15,升级：死亡之舞
无极剑圣,MasterYi,白银,58,16,大师铸就
无极剑圣,MasterYi,白银,59,17,双生火焰
无极剑圣,MasterYi,白银,60,18,快中求稳
无极剑圣,MasterYi,棱彩,61,17,终极九头蛇
无极剑圣,MasterYi,黄金,62,27,升级：耀光
无极剑圣,MasterYi,黄金,63,28,惊惧
无极剑圣,MasterYi,黄金,64,29,杀戮时间到了
无极剑圣,MasterYi,棱彩,65,18,你摸不到
无极剑圣,MasterYi,棱彩,66,19,吃过路兵
无极剑圣,MasterYi,白银,67,19,由暴生急
无极剑圣,MasterYi,棱彩,68,20,飞身踢
无极剑圣,MasterYi,白银,69,20,前进时间到
无极剑圣,MasterYi,白银,70,21,练腿日
无极剑圣,MasterYi,黄金,71,30,缩小射线
无极剑圣,MasterYi,黄金,72,31,自然即是治愈
无极剑圣,MasterYi,黄金,73,32,闪现向前
无极剑圣,MasterYi,棱彩,74,21,大地苏醒
无极剑圣,MasterYi,黄金,75,33,升级：焚天
无极剑圣,MasterYi,白银,76,22,杀意翻涌
无极剑圣,MasterYi,黄金,77,34,钢化你心
无极剑圣,MasterYi,棱彩,78,22,无限循环往复
无极剑圣,MasterYi,黄金,79,35,坦克引擎
无极剑圣,MasterYi,黄金,80,36,神圣干预
无极剑圣,MasterYi,棱彩,81,23,潘朵拉的盒子
无极剑圣,MasterYi,白银,82,23,重量级打击手
无极剑圣,MasterYi,棱彩,83,24,针插垫
无极剑圣,MasterYi,黄金,84,37,有始有终
无极剑圣,MasterYi,黄金,85,38,黎明使者的坚决
无极剑圣,MasterYi,白银,86,24,家园卫士
无极剑圣,MasterYi,黄金,87,39,轻拍背部
无极剑圣,MasterYi,黄金,88,40,生机迸发
无极剑圣,MasterYi,黄金,89,41,术士果汁盒
无极剑圣,MasterYi,黄金,90,42,弹球
无极剑圣,MasterYi,棱彩,91,25,终极刷新
无极剑圣,MasterYi,白银,92,25,点亮他们！
无极剑圣,MasterYi,棱彩,93,26,大法师
无极剑圣,MasterYi,白银,94,26,俯冲轰炸
无极剑圣,MasterYi,黄金,95,43,面包和奶酪
无极剑圣,MasterYi,棱彩,96,27,史上最大雪球
无极剑圣,MasterYi,黄金,97,44,冰雪爆裂
无极剑圣,MasterYi,黄金,98,45,哎哟，我的硬币！
无极剑圣,MasterYi,棱彩,99,28,和我一起困在这里
无极剑圣,MasterYi,棱彩,100,29,海牛阿福的勇士
无极剑圣,MasterYi,棱彩,101,30,物法皆修
无极剑圣,MasterYi,白银,102,27,炼狱龙魂
无极剑圣,MasterYi,白银,103,28,别停止引导
无极剑圣,MasterYi,棱彩,104,31,歌利亚巨人
无极剑圣,MasterYi,白银,105,29,侵蚀
无极剑圣,MasterYi,黄金,106,46,星界躯体
无极剑圣,MasterYi,白银,107,30,防护面纱
无极剑圣,MasterYi,棱彩,108,32,科学狂人
无极剑圣,MasterYi,棱彩,109,33,神圣雪球
无极剑圣,MasterYi,棱彩,110,34,回归基本功
无极剑圣,MasterYi,白银,111,31,下雪天
无极剑圣,MasterYi,黄金,112,47,尖端发明家
无极剑圣,MasterYi,白银,113,32,属性！
无极剑圣,MasterYi,棱彩,114,35,尊我为王
无极剑圣,MasterYi,黄金,115,48,急急小子
无极剑圣,MasterYi,棱彩,116,36,位面转移
无极剑圣,MasterYi,黄金,117,49,鲨鱼暴风
无极剑圣,MasterYi,白银,118,33,海洋龙魂
无极剑圣,MasterYi,白银,119,34,纯粹主义者 - 术师
无极剑圣,MasterYi,棱彩,120,37,属性叠属性叠属性！
无极剑圣,MasterYi,黄金,121,50,过量延伸者
无极剑圣,MasterYi,棱彩,122,38,泰坦的坚决
无极剑圣,MasterYi,黄金,123,51,鲨鱼诱饵
无极剑圣,MasterYi,白银,124,35,海克斯科技龙魂
无极剑圣,MasterYi,棱彩,125,39,全能龙魂
无极剑圣,MasterYi,黄金,126,52,高压锅
无极剑圣,MasterYi,棱彩,127,40,大招工具人
无极剑圣,MasterYi,棱彩,128,41,夺金
无极剑圣,MasterYi,白银,129,36,吵闹鬼
无极剑圣,MasterYi,白银,130,37,火狐
无极剑圣,MasterYi,黄金,131,53,藏身草丛
无极剑圣,MasterYi,黄金,132,54,豪猪
无极剑圣,MasterYi,白银,133,38,注魔
无极剑圣,MasterYi,黄金,134,55,面包和果酱
无极剑圣,MasterYi,黄金,135,56,咏叹奏鸣
无极剑圣,MasterYi,棱彩,136,42,空投熊
无极剑圣,MasterYi,黄金,137,57,炽烈黎明
无极剑圣,MasterYi,白银,138,39,转得我眩晕了
无极剑圣,MasterYi,黄金,139,58,神射法师
无极剑圣,MasterYi,黄金,140,59,我们的治疗
无极剑圣,MasterYi,黄金,141,60,回力OK镖
无极剑圣,MasterYi,棱彩,142,43,舞会女王
无极剑圣,MasterYi,黄金,143,61,魔法飞弹
无极剑圣,MasterYi,棱彩,144,44,电涌力场
无极剑圣,MasterYi,白银,145,40,山脉龙魂
无极剑圣,MasterYi,黄金,146,62,超凡邪恶
无极剑圣,MasterYi,黄金,147,63,溢流
无极剑圣,MasterYi,棱彩,148,45,不祥契约
无极剑圣,MasterYi,棱彩,149,46,软弹啪叽抓
无极剑圣,MasterYi,棱彩,150,47,炼狱导管
无极剑圣,MasterYi,棱彩,151,48,男爵之手
无极剑圣,MasterYi,棱彩,152,49,玻璃大炮
无极剑圣,MasterYi,棱彩,153,50,魄罗蛮冲
无极剑圣,MasterYi,白银,154,41,由心及物
无极剑圣,MasterYi,白银,155,42,升级：献祭
无极剑圣,MasterYi,黄金,156,64,吸血习性
无极剑圣,MasterYi,白银,157,43,巫师式思考
无极剑圣,MasterYi,白银,158,44,物理转魔法
无极剑圣,MasterYi,棱彩,159,51,艾卡西亚的陷落
无极剑圣,MasterYi,棱彩,160,52,至高天诺言
无极剑圣,MasterYi,白银,161,45,冰寒
无极剑圣,MasterYi,棱彩,162,53,尤里卡
无极剑圣,MasterYi,白银,163,46,闪光弹
无极剑圣,MasterYi,棱彩,164,54,小丑学院
无极剑圣,MasterYi,白银,165,47,闪闪现现
无极剑圣,MasterYi,白银,166,48,升级：中娅
无极剑圣,MasterYi,棱彩,167,55,灵魄炸弹
无极剑圣,MasterYi,黄金,168,65,超强大脑
无极剑圣,MasterYi,黄金,169,66,会心治疗
无极剑圣,MasterYi,棱彩,170,56,沃格勒特的巫师帽
无极剑圣,MasterYi,黄金,171,67,升级：雪球
无极剑圣,MasterYi,白银,172,49,急救用具
无极剑圣,MasterYi,黄金,173,68,活力焕发
无极剑圣,MasterYi,棱彩,174,57,量子计算
无极剑圣,MasterYi,黄金,175,69,坚韧
无极剑圣,MasterYi,黄金,176,70,雪球扭蛋机
无极剑圣,MasterYi,棱彩,177,58,死亡之环
无极剑圣,MasterYi,白银,178,50,强力护盾
无极剑圣,MasterYi,黄金,179,71,最终都市列车
无极剑圣,MasterYi,棱彩,180,59,珠光护手
无极剑圣,MasterYi,黄金,181,72,祖母的辣椒油
无极剑圣,MasterYi,黄金,182,73,魄罗爆破手
无极剑圣,MasterYi,棱彩,183,60,？？？
无极剑圣,MasterYi,棱彩,184,61,扳机炼狱
无极剑圣,MasterYi,黄金,185,74,仁慈打击
无极剑圣,MasterYi,棱彩,186,62,风语者的祝福
无极剑圣,MasterYi,棱彩,187,63,蛋白粉奶昔
无极剑圣,MasterYi,棱彩,188,64,王中王，靴中靴
无极剑圣,MasterYi,棱彩,189,65,卡皮巴拉空投
无极剑圣,MasterYi,棱彩,190,66,魄罗之王的弹跳
无极剑圣,MasterYi,棱彩,191,67,你肩上的恶魔
无极剑圣,MasterYi,棱彩,192,68,超负荷
流光镜影,Mel,黄金,1,1,魔法飞弹
流光镜影,Mel,棱彩,2,1,尤里卡
流光镜影,Mel,黄金,3,2,老练狙神
流光镜影,Mel,黄金,4,3,术士果汁盒
流光镜影,Mel,白银,5,1,巫师式思考
流光镜影,Mel,黄金,6,4,超凡邪恶
流光镜影,Mel,棱彩,7,2,大法师
流光镜影,Mel,白银,8,2,纯粹主义者 - 术师
流光镜影,Mel,棱彩,9,3,无限循环往复
流光镜影,Mel,黄金,10,5,狙神飞星
流光镜影,Mel,白银,11,3,升级：中娅
流光镜影,Mel,黄金,12,6,急急小子
流光镜影,Mel,棱彩,13,4,沃格勒特的巫师帽
流光镜影,Mel,黄金,14,7,虚幻武器
流光镜影,Mel,黄金,15,8,质变：棱彩阶
流光镜影,Mel,黄金,16,9,牙仙子
流光镜影,Mel,黄金,17,10,超强大脑
流光镜影,Mel,白银,18,4,双生火焰
流光镜影,Mel,黄金,19,11,循环往复
流光镜影,Mel,黄金,20,12,急速之追求
流光镜影,Mel,黄金,21,13,缩小引擎
流光镜影,Mel,白银,22,5,家园卫士
流光镜影,Mel,白银,23,6,质变：黄金阶
流光镜影,Mel,棱彩,24,5,多重射击
流光镜影,Mel,白银,25,7,扇巴掌
流光镜影,Mel,黄金,26,14,贪欲束缚
流光镜影,Mel,白银,27,8,海克斯科技龙魂
流光镜影,Mel,白银,28,9,物理转魔法
流光镜影,Mel,棱彩,29,6,珠光护手
流光镜影,Mel,白银,30,10,由心及物
流光镜影,Mel,棱彩,31,7,掷骰狂人
流光镜影,Mel,棱彩,32,8,回归基本功
流光镜影,Mel,白银,33,11,大师铸就
流光镜影,Mel,棱彩,34,9,巨人杀手
流光镜影,Mel,白银,35,12,侵蚀
流光镜影,Mel,白银,36,13,渴血
流光镜影,Mel,白银,37,14,海洋龙魂
流光镜影,Mel,黄金,38,15,回力OK镖
流光镜影,Mel,黄金,39,16,有始有终
流光镜影,Mel,棱彩,40,10,科学狂人
流光镜影,Mel,棱彩,41,11,全能龙魂
流光镜影,Mel,棱彩,42,12,炼狱导管
流光镜影,Mel,黄金,43,17,面包和黄油
流光镜影,Mel,黄金,44,18,威能之追求
流光镜影,Mel,棱彩,45,13,超负荷
流光镜影,Mel,棱彩,46,14,终极刷新
流光镜影,Mel,棱彩,47,15,残忍
流光镜影,Mel,棱彩,48,16,终极唤醒
流光镜影,Mel,黄金,49,19,面包和奶酪
流光镜影,Mel,黄金,50,20,杀戮时间到了
流光镜影,Mel,黄金,51,21,面包和果酱
流光镜影,Mel,黄金,52,22,穿针引线
流光镜影,Mel,白银,53,15,炼狱龙魂
流光镜影,Mel,棱彩,54,17,质变：混沌
流光镜影,Mel,黄金,55,23,溢流
流光镜影,Mel,黄金,56,24,捐赠
流光镜影,Mel,白银,57,16,火狐
流光镜影,Mel,黄金,58,25,神射法师
流光镜影,Mel,白银,59,17,练腿日
流光镜影,Mel,白银,60,18,逃跑计划
流光镜影,Mel,黄金,61,26,炽燃利息
流光镜影,Mel,黄金,62,27,属性叠属性！
流光镜影,Mel,棱彩,63,18,精怪魔法
流光镜影,Mel,棱彩,64,19,潘朵拉的盒子
流光镜影,Mel,棱彩,65,20,玻璃大炮
流光镜影,Mel,棱彩,66,21,飞身踢
流光镜影,Mel,棱彩,67,22,史上最大雪球
流光镜影,Mel,白银,68,19,防护面纱
流光镜影,Mel,白银,69,20,冰寒
流光镜影,Mel,黄金,70,28,炽烈黎明
流光镜影,Mel,棱彩,71,23,巨像的勇气
流光镜影,Mel,棱彩,72,24,夺金
流光镜影,Mel,黄金,73,29,心灵净化
流光镜影,Mel,棱彩,74,25,不祥契约
流光镜影,Mel,白银,75,21,属性！
流光镜影,Mel,黄金,76,30,哎哟，我的硬币！
流光镜影,Mel,棱彩,77,26,你摸不到
流光镜影,Mel,白银,78,22,注魔
流光镜影,Mel,棱彩,79,27,属性叠属性叠属性！
流光镜影,Mel,白银,80,23,终极不可阻挡
流光镜影,Mel,棱彩,81,28,海牛阿福的勇士
流光镜影,Mel,黄金,82,31,神圣干预
流光镜影,Mel,棱彩,83,29,秘术冲拳
流光镜影,Mel,黄金,84,32,尖端发明家
流光镜影,Mel,棱彩,85,30,尊我为王
流光镜影,Mel,棱彩,86,31,男爵之手
流光镜影,Mel,白银,87,24,狂热者
流光镜影,Mel,黄金,88,33,吞噬灵魂
流光镜影,Mel,棱彩,89,32,大招工具人
流光镜影,Mel,黄金,90,34,不动如山
流光镜影,Mel,黄金,91,35,闪现向前
流光镜影,Mel,白银,92,25,吵闹鬼
流光镜影,Mel,棱彩,93,33,吃过路兵
流光镜影,Mel,棱彩,94,34,空投熊
流光镜影,Mel,黄金,95,36,咏叹奏鸣
流光镜影,Mel,黄金,96,37,夜狩
流光镜影,Mel,黄金,97,38,火上浇油
流光镜影,Mel,黄金,98,39,生机迸发
流光镜影,Mel,白银,99,26,点亮他们！
流光镜影,Mel,白银,100,27,杀意翻涌
流光镜影,Mel,黄金,101,40,罪恶快感
流光镜影,Mel,白银,102,28,山脉龙魂
流光镜影,Mel,棱彩,103,35,歌利亚巨人
流光镜影,Mel,棱彩,104,36,扳机炼狱
流光镜影,Mel,白银,105,29,俯冲轰炸
流光镜影,Mel,白银,106,30,唯快不破
流光镜影,Mel,黄金,107,41,坦克引擎
流光镜影,Mel,黄金,108,42,鲨鱼暴风
流光镜影,Mel,白银,109,31,下雪天
流光镜影,Mel,棱彩,110,37,电涌力场
流光镜影,Mel,黄金,111,43,缩小射线
流光镜影,Mel,棱彩,112,38,物法皆修
流光镜影,Mel,白银,113,32,万用瞄准镜
流光镜影,Mel,黄金,114,44,自然即是治愈
流光镜影,Mel,黄金,115,45,弹球
流光镜影,Mel,黄金,116,46,黎明使者的坚决
流光镜影,Mel,黄金,117,47,更万用的瞄准镜
流光镜影,Mel,白银,118,33,灵巧
流光镜影,Mel,棱彩,119,39,魄罗蛮冲
流光镜影,Mel,黄金,120,48,鲨鱼诱饵
流光镜影,Mel,棱彩,121,40,最终形态
流光镜影,Mel,棱彩,122,41,神圣雪球
流光镜影,Mel,黄金,123,49,冰雪爆裂
流光镜影,Mel,棱彩,124,42,最万用的瞄准镜
流光镜影,Mel,白银,125,34,转得我眩晕了
流光镜影,Mel,黄金,126,50,藏身草丛
流光镜影,Mel,棱彩,127,43,踢踏舞
流光镜影,Mel,棱彩,128,44,泰坦的坚决
流光镜影,Mel,棱彩,129,45,濒死悟道
流光镜影,Mel,黄金,130,51,轻拍背部
流光镜影,Mel,棱彩,131,46,飞升仪式
流光镜影,Mel,黄金,132,52,我们的治疗
流光镜影,Mel,棱彩,133,47,软弹啪叽抓
流光镜影,Mel,棱彩,134,48,位面转移
流光镜影,Mel,棱彩,135,49,战争交响乐
流光镜影,Mel,黄金,136,53,过量延伸者
流光镜影,Mel,黄金,137,54,豪猪
流光镜影,Mel,白银,138,35,台风
流光镜影,Mel,黄金,139,55,星界躯体
流光镜影,Mel,白银,140,36,重量级打击手
流光镜影,Mel,黄金,141,56,升级：耀光
流光镜影,Mel,棱彩,142,50,利刃华尔兹
流光镜影,Mel,棱彩,143,51,双刀流
流光镜影,Mel,黄金,144,57,高压锅
流光镜影,Mel,棱彩,145,52,亮出你的剑
流光镜影,Mel,黄金,146,58,钢化你心
流光镜影,Mel,黄金,147,59,无尽大杀四方
流光镜影,Mel,黄金,148,60,吸血习性
流光镜影,Mel,黄金,149,61,易损
流光镜影,Mel,黄金,150,62,魄罗爆破手
流光镜影,Mel,黄金,151,63,活力焕发
流光镜影,Mel,黄金,152,64,祖母的辣椒油
流光镜影,Mel,黄金,153,65,关键暴击
流光镜影,Mel,白银,154,37,坚若磐石
流光镜影,Mel,白银,155,38,闪闪现现
流光镜影,Mel,黄金,156,66,暴击飞弹
流光镜影,Mel,黄金,157,67,升级：雪球
流光镜影,Mel,白银,158,39,会心防御
流光镜影,Mel,黄金,159,68,灵魂虹吸
流光镜影,Mel,棱彩,160,53,小丑学院
流光镜影,Mel,黄金,161,69,坚韧
流光镜影,Mel,棱彩,162,54,量子计算
流光镜影,Mel,白银,163,40,叠角龙
流光镜影,Mel,棱彩,164,55,连拨击锤
流光镜影,Mel,黄金,165,70,雪球扭蛋机
流光镜影,Mel,棱彩,166,56,魄罗之王的弹跳
流光镜影,Mel,白银,167,41,闪光弹
流光镜影,Mel,黄金,168,71,最终都市列车
流光镜影,Mel,棱彩,169,57,卡皮巴拉空投
流光镜影,Mel,棱彩,170,58,？？？
流光镜影,Mel,棱彩,171,59,你肩上的恶魔
流光镜影,Mel,黄金,172,72,会心治疗
流光镜影,Mel,棱彩,173,60,王中王，靴中靴
流光镜影,Mel,棱彩,174,61,双发快射
流光镜影,Mel,白银,175,42,由暴生急
流光镜影,Mel,白银,176,43,急救用具
流光镜影,Mel,白银,177,44,魔法转物理
流光镜影,Mel,黄金,178,73,暴击律动
流光镜影,Mel,棱彩,179,62,至高天诺言
流光镜影,Mel,棱彩,180,63,激光治疗
流光镜影,Mel,棱彩,181,64,艾卡西亚的陷落
流光镜影,Mel,棱彩,182,65,升级：花晓之剑
流光镜影,Mel,黄金,183,74,仁慈打击
明烛,Milio,白银,1,1,急救用具
明烛,Milio,黄金,2,1,全心为你
明烛,Milio,黄金,3,2,咏叹奏鸣
明烛,Milio,黄金,4,3,喂呜喂呜
明烛,Milio,棱彩,5,1,灵魄炸弹
明烛,Milio,白银,6,2,天音爆
明烛,Milio,棱彩,7,2,信念者的强化
明烛,Milio,黄金,8,4,仁慈打击
明烛,Milio,黄金,9,5,神圣干预
明烛,Milio,棱彩,10,3,大法师
明烛,Milio,白银,11,3,纯粹主义者 - 术师
明烛,Milio,棱彩,12,4,风语者的祝福
明烛,Milio,棱彩,13,5,尤里卡
明烛,Milio,棱彩,14,6,至高天诺言
明烛,Milio,棱彩,15,7,无限循环往复
明烛,Milio,黄金,16,6,缩小引擎
明烛,Milio,黄金,17,7,老练狙神
明烛,Milio,白银,18,4,巫师式思考
明烛,Milio,黄金,19,8,魔法飞弹
明烛,Milio,黄金,20,9,急速之追求
明烛,Milio,黄金,21,10,活力焕发
明烛,Milio,白银,22,5,加固护盾
明烛,Milio,黄金,23,11,循环往复
明烛,Milio,黄金,24,12,质变：棱彩阶
明烛,Milio,黄金,25,13,溢流
明烛,Milio,黄金,26,14,超凡邪恶
明烛,Milio,棱彩,27,8,蛋白粉奶昔
明烛,Milio,黄金,28,15,急急小子
明烛,Milio,棱彩,29,9,死亡之环
明烛,Milio,黄金,30,16,狙神飞星
明烛,Milio,棱彩,31,10,超负荷
明烛,Milio,白银,32,6,质变：黄金阶
明烛,Milio,黄金,33,17,威能之追求
明烛,Milio,黄金,34,18,面包和果酱
明烛,Milio,黄金,35,19,炽烈黎明
明烛,Milio,白银,36,7,扇巴掌
明烛,Milio,白银,37,8,家园卫士
明烛,Milio,黄金,38,20,会心治疗
明烛,Milio,黄金,39,21,回力OK镖
明烛,Milio,白银,40,9,由心及物
明烛,Milio,棱彩,41,11,回归基本功
明烛,Milio,棱彩,42,12,沃格勒特的巫师帽
明烛,Milio,黄金,43,22,面包和奶酪
明烛,Milio,棱彩,44,13,终极唤醒
明烛,Milio,棱彩,45,14,质变：混沌
明烛,Milio,棱彩,46,15,终极刷新
明烛,Milio,黄金,47,23,自然即是治愈
明烛,Milio,白银,48,10,海洋龙魂
明烛,Milio,黄金,49,24,生机迸发
明烛,Milio,棱彩,50,16,掷骰狂人
明烛,Milio,黄金,51,25,面包和黄油
明烛,Milio,棱彩,52,17,升级：花晓之剑
明烛,Milio,黄金,53,26,虚幻武器
明烛,Milio,白银,54,11,强力护盾
明烛,Milio,棱彩,55,18,残忍
明烛,Milio,黄金,56,27,术士果汁盒
明烛,Milio,白银,57,12,双生火焰
明烛,Milio,黄金,58,28,我们的治疗
明烛,Milio,黄金,59,29,超强大脑
明烛,Milio,白银,60,13,海克斯科技龙魂
明烛,Milio,白银,61,14,升级：中娅
明烛,Milio,黄金,62,30,牙仙子
明烛,Milio,白银,63,15,大师铸就
明烛,Milio,白银,64,16,物理转魔法
明烛,Milio,棱彩,65,19,回响施放
明烛,Milio,黄金,66,31,捐赠
明烛,Milio,棱彩,67,20,珠光护手
明烛,Milio,黄金,68,32,尖端发明家
明烛,Milio,黄金,69,33,不动如山
明烛,Milio,黄金,70,34,哎哟，我的硬币！
明烛,Milio,黄金,71,35,属性叠属性！
明烛,Milio,棱彩,72,21,潘朵拉的盒子
明烛,Milio,白银,73,17,炼狱龙魂
明烛,Milio,白银,74,18,火狐
明烛,Milio,棱彩,75,22,史上最大雪球
明烛,Milio,白银,76,19,练腿日
明烛,Milio,黄金,77,36,吞噬灵魂
明烛,Milio,白银,78,20,冰寒
明烛,Milio,棱彩,79,23,玻璃大炮
明烛,Milio,白银,80,21,属性！
明烛,Milio,白银,81,22,逃跑计划
明烛,Milio,棱彩,82,24,科学狂人
明烛,Milio,棱彩,83,25,巨人杀手
明烛,Milio,白银,84,23,侵蚀
明烛,Milio,黄金,85,37,有始有终
明烛,Milio,白银,86,24,防护面纱
明烛,Milio,棱彩,87,26,全能龙魂
明烛,Milio,棱彩,88,27,巨像的勇气
明烛,Milio,棱彩,89,28,海牛阿福的勇士
明烛,Milio,黄金,90,38,神射法师
明烛,Milio,白银,91,25,终极不可阻挡
明烛,Milio,黄金,92,39,坦克引擎
明烛,Milio,棱彩,93,29,属性叠属性叠属性！
明烛,Milio,棱彩,94,30,飞身踢
明烛,Milio,黄金,95,40,心灵净化
明烛,Milio,白银,96,26,渴血
明烛,Milio,白银,97,27,山脉龙魂
明烛,Milio,黄金,98,41,鲨鱼暴风
明烛,Milio,黄金,99,42,星界躯体
明烛,Milio,白银,100,28,注魔
明烛,Milio,棱彩,101,31,魄罗蛮冲
明烛,Milio,棱彩,102,32,男爵之手
明烛,Milio,黄金,103,43,穿针引线
明烛,Milio,棱彩,104,33,你摸不到
明烛,Milio,黄金,105,44,弹球
明烛,Milio,棱彩,106,34,夺金
明烛,Milio,棱彩,107,35,大招工具人
明烛,Milio,棱彩,108,36,秘术冲拳
明烛,Milio,黄金,109,45,轻拍背部
明烛,Milio,棱彩,110,37,炼狱导管
明烛,Milio,白银,111,29,下雪天
明烛,Milio,棱彩,112,38,尊我为王
明烛,Milio,黄金,113,46,冰雪爆裂
明烛,Milio,黄金,114,47,缩小射线
明烛,Milio,黄金,115,48,黎明使者的坚决
明烛,Milio,棱彩,116,39,电涌力场
明烛,Milio,白银,117,30,吵闹鬼
明烛,Milio,白银,118,31,俯冲轰炸
明烛,Milio,棱彩,119,40,不祥契约
明烛,Milio,白银,120,32,转得我眩晕了
明烛,Milio,棱彩,121,41,空投熊
明烛,Milio,棱彩,122,42,位面转移
明烛,Milio,棱彩,123,43,歌利亚巨人
明烛,Milio,黄金,124,49,闪现向前
明烛,Milio,白银,125,33,灵巧
明烛,Milio,黄金,126,50,鲨鱼诱饵
明烛,Milio,黄金,127,51,杀戮时间到了
明烛,Milio,黄金,128,52,火上浇油
明烛,Milio,棱彩,129,44,软弹啪叽抓
明烛,Milio,黄金,130,53,更万用的瞄准镜
明烛,Milio,白银,131,34,万用瞄准镜
明烛,Milio,白银,132,35,杀意翻涌
明烛,Milio,棱彩,133,45,物法皆修
明烛,Milio,白银,134,36,点亮他们！
明烛,Milio,棱彩,135,46,神圣雪球
明烛,Milio,白银,136,37,唯快不破
明烛,Milio,棱彩,137,47,扳机炼狱
明烛,Milio,黄金,138,54,藏身草丛
明烛,Milio,棱彩,139,48,吃过路兵
明烛,Milio,黄金,140,55,过量延伸者
明烛,Milio,黄金,141,56,升级：耀光
明烛,Milio,棱彩,142,49,泰坦的坚决
明烛,Milio,棱彩,143,50,飞升仪式
明烛,Milio,黄金,144,57,罪恶快感
明烛,Milio,黄金,145,58,夜狩
明烛,Milio,棱彩,146,51,最万用的瞄准镜
明烛,Milio,棱彩,147,52,最终形态
明烛,Milio,棱彩,148,53,踢踏舞
明烛,Milio,黄金,149,59,豪猪
明烛,Milio,黄金,150,60,钢化你心
明烛,Milio,白银,151,38,重量级打击手
明烛,Milio,棱彩,152,54,激光治疗
明烛,Milio,黄金,153,61,高压锅
明烛,Milio,棱彩,154,55,小猫咪找妈妈
明烛,Milio,棱彩,155,56,利刃华尔兹
明烛,Milio,棱彩,156,57,战争交响乐
明烛,Milio,黄金,157,62,祖母的辣椒油
明烛,Milio,黄金,158,63,坚韧
明烛,Milio,黄金,159,64,魄罗爆破手
明烛,Milio,白银,160,39,坚若磐石
明烛,Milio,黄金,161,65,关键暴击
明烛,Milio,黄金,162,66,灵魂虹吸
明烛,Milio,黄金,163,67,易损
明烛,Milio,黄金,164,68,升级：雪球
明烛,Milio,黄金,165,69,雪球扭蛋机
明烛,Milio,黄金,166,70,吸血习性
明烛,Milio,棱彩,167,58,量子计算
明烛,Milio,黄金,168,71,暴击飞弹
明烛,Milio,黄金,169,72,最终都市列车
明烛,Milio,白银,170,40,主玩辅助
明烛,Milio,白银,171,41,会心防御
明烛,Milio,棱彩,172,59,连拨击锤
明烛,Milio,棱彩,173,60,卡皮巴拉空投
明烛,Milio,棱彩,174,61,？？？
明烛,Milio,白银,175,42,叠角龙
明烛,Milio,棱彩,176,62,小丑学院
明烛,Milio,棱彩,177,63,王中王，靴中靴
明烛,Milio,白银,178,43,闪闪现现
明烛,Milio,棱彩,179,64,魄罗之王的弹跳
明烛,Milio,白银,180,44,由暴生急
赏金猎人,MissFortune,黄金,1,1,老练狙神
赏金猎人,MissFortune,棱彩,2,1,珠光护手
赏金猎人,MissFortune,黄金,3,2,暴击飞弹
赏金猎人,MissFortune,白银,4,1,双生火焰
赏金猎人,MissFortune,黄金,5,3,魔法飞弹
赏金猎人,MissFortune,黄金,6,4,升级：无尽之刃
赏金猎人,MissFortune,棱彩,7,2,大法师
赏金猎人,MissFortune,棱彩,8,3,尤里卡
赏金猎人,MissFortune,棱彩,9,4,巨人杀手
赏金猎人,MissFortune,黄金,10,5,灵魂虹吸
赏金猎人,MissFortune,黄金,11,6,狙神飞星
赏金猎人,MissFortune,白银,12,2,狂热者
赏金猎人,MissFortune,白银,13,3,纯粹主义者 - 术师
赏金猎人,MissFortune,黄金,14,7,超凡邪恶
赏金猎人,MissFortune,棱彩,15,5,无限循环往复
赏金猎人,MissFortune,黄金,16,8,更万用的瞄准镜
赏金猎人,MissFortune,白银,17,4,升级：收集者
赏金猎人,MissFortune,黄金,18,9,虚幻武器
赏金猎人,MissFortune,棱彩,19,6,双发快射
赏金猎人,MissFortune,黄金,20,10,易损
赏金猎人,MissFortune,黄金,21,11,暴击律动
赏金猎人,MissFortune,棱彩,22,7,最万用的瞄准镜
赏金猎人,MissFortune,黄金,23,12,神射法师
赏金猎人,MissFortune,白银,24,5,巫师式思考
赏金猎人,MissFortune,黄金,25,13,急速之追求
赏金猎人,MissFortune,白银,26,6,灵巧
赏金猎人,MissFortune,黄金,27,14,关键暴击
赏金猎人,MissFortune,黄金,28,15,质变：棱彩阶
赏金猎人,MissFortune,棱彩,29,8,精怪魔法
赏金猎人,MissFortune,黄金,30,16,缩小引擎
赏金猎人,MissFortune,黄金,31,17,循环往复
赏金猎人,MissFortune,黄金,32,18,急急小子
赏金猎人,MissFortune,棱彩,33,9,双刀流
赏金猎人,MissFortune,白银,34,7,由暴生急
赏金猎人,MissFortune,黄金,35,19,面包和奶酪
赏金猎人,MissFortune,白银,36,8,大力
赏金猎人,MissFortune,黄金,37,20,穿针引线
赏金猎人,MissFortune,白银,38,9,家园卫士
赏金猎人,MissFortune,白银,39,10,会心防御
赏金猎人,MissFortune,棱彩,40,10,三重射击
赏金猎人,MissFortune,黄金,41,21,小小的额外帮助
赏金猎人,MissFortune,棱彩,42,11,炼狱导管
赏金猎人,MissFortune,棱彩,43,12,回归基本功
赏金猎人,MissFortune,棱彩,44,13,沃格勒特的巫师帽
赏金猎人,MissFortune,棱彩,45,14,亮出你的剑
赏金猎人,MissFortune,白银,46,11,海克斯科技龙魂
赏金猎人,MissFortune,白银,47,12,大师铸就
赏金猎人,MissFortune,黄金,48,22,回力OK镖
赏金猎人,MissFortune,黄金,49,23,有始有终
赏金猎人,MissFortune,棱彩,50,15,掷骰狂人
赏金猎人,MissFortune,白银,51,13,侵蚀
赏金猎人,MissFortune,黄金,52,24,属性叠属性！
赏金猎人,MissFortune,黄金,53,25,炽燃利息
赏金猎人,MissFortune,白银,54,14,万用瞄准镜
赏金猎人,MissFortune,棱彩,55,16,连拨击锤
赏金猎人,MissFortune,黄金,56,26,杀戮时间到了
赏金猎人,MissFortune,棱彩,57,17,终极刷新
赏金猎人,MissFortune,棱彩,58,18,终极唤醒
赏金猎人,MissFortune,棱彩,59,19,玻璃大炮
赏金猎人,MissFortune,白银,60,15,质变：黄金阶
赏金猎人,MissFortune,白银,61,16,终极不可阻挡
赏金猎人,MissFortune,白银,62,17,冰寒
赏金猎人,MissFortune,白银,63,18,台风
赏金猎人,MissFortune,白银,64,19,注魔
赏金猎人,MissFortune,白银,65,20,点亮他们！
赏金猎人,MissFortune,棱彩,66,20,质变：混沌
赏金猎人,MissFortune,棱彩,67,21,你摸不到
赏金猎人,MissFortune,黄金,68,27,威能之追求
赏金猎人,MissFortune,白银,69,21,渴血
赏金猎人,MissFortune,黄金,70,28,术士果汁盒
赏金猎人,MissFortune,白银,71,22,魔法转物理
赏金猎人,MissFortune,白银,72,23,炼狱龙魂
赏金猎人,MissFortune,黄金,73,29,捐赠
赏金猎人,MissFortune,棱彩,74,22,物法皆修
赏金猎人,MissFortune,白银,75,24,物理转魔法
赏金猎人,MissFortune,白银,76,25,练腿日
赏金猎人,MissFortune,黄金,77,30,牙仙子
赏金猎人,MissFortune,棱彩,78,23,秘术冲拳
赏金猎人,MissFortune,棱彩,79,24,科学狂人
赏金猎人,MissFortune,棱彩,80,25,针插垫
赏金猎人,MissFortune,黄金,81,31,罪恶快感
赏金猎人,MissFortune,棱彩,82,26,踢踏舞
赏金猎人,MissFortune,黄金,83,32,火上浇油
赏金猎人,MissFortune,白银,84,26,唯快不破
赏金猎人,MissFortune,白银,85,27,前进时间到
赏金猎人,MissFortune,棱彩,86,27,潘朵拉的盒子
赏金猎人,MissFortune,棱彩,87,28,海牛阿福的勇士
赏金猎人,MissFortune,棱彩,88,29,超负荷
赏金猎人,MissFortune,黄金,89,33,面包和黄油
赏金猎人,MissFortune,棱彩,90,30,大招工具人
赏金猎人,MissFortune,黄金,91,34,心灵净化
赏金猎人,MissFortune,白银,92,28,海洋龙魂
赏金猎人,MissFortune,黄金,93,35,升级：耀光
赏金猎人,MissFortune,黄金,94,36,缩小射线
赏金猎人,MissFortune,棱彩,95,31,夺金
赏金猎人,MissFortune,棱彩,96,32,全能龙魂
赏金猎人,MissFortune,黄金,97,37,哎哟，我的硬币！
赏金猎人,MissFortune,黄金,98,38,溢流
赏金猎人,MissFortune,棱彩,99,33,飞身踢
赏金猎人,MissFortune,棱彩,100,34,战争交响乐
赏金猎人,MissFortune,黄金,101,39,炽烈黎明
赏金猎人,MissFortune,黄金,102,40,超强大脑
赏金猎人,MissFortune,白银,103,29,火狐
赏金猎人,MissFortune,白银,104,30,逃跑计划
赏金猎人,MissFortune,棱彩,105,35,史上最大雪球
赏金猎人,MissFortune,棱彩,106,36,属性叠属性叠属性！
赏金猎人,MissFortune,白银,107,31,属性！
赏金猎人,MissFortune,黄金,108,41,面包和果酱
赏金猎人,MissFortune,棱彩,109,37,吃过路兵
赏金猎人,MissFortune,黄金,110,42,夜狩
赏金猎人,MissFortune,白银,111,32,吵闹鬼
赏金猎人,MissFortune,白银,112,33,杀意翻涌
赏金猎人,MissFortune,黄金,113,43,尖端发明家
赏金猎人,MissFortune,棱彩,114,38,不祥契约
赏金猎人,MissFortune,白银,115,34,防护面纱
赏金猎人,MissFortune,棱彩,116,39,尊我为王
赏金猎人,MissFortune,黄金,117,44,闪现向前
赏金猎人,MissFortune,白银,118,35,升级：中娅
赏金猎人,MissFortune,棱彩,119,40,最终形态
赏金猎人,MissFortune,棱彩,120,41,终极九头蛇
赏金猎人,MissFortune,黄金,121,45,藏身草丛
赏金猎人,MissFortune,白银,122,36,别停止引导
赏金猎人,MissFortune,黄金,123,46,生机迸发
赏金猎人,MissFortune,黄金,124,47,轻拍背部
赏金猎人,MissFortune,棱彩,125,42,男爵之手
赏金猎人,MissFortune,黄金,126,48,神圣干预
赏金猎人,MissFortune,白银,127,37,由心及物
赏金猎人,MissFortune,黄金,128,49,咏叹奏鸣
赏金猎人,MissFortune,棱彩,129,43,电涌力场
赏金猎人,MissFortune,黄金,130,50,升级：贪欲九头蛇
赏金猎人,MissFortune,棱彩,131,44,扳机炼狱
赏金猎人,MissFortune,白银,132,38,山脉龙魂
赏金猎人,MissFortune,黄金,133,51,坦克引擎
赏金猎人,MissFortune,黄金,134,52,鲨鱼暴风
赏金猎人,MissFortune,黄金,135,53,弹球
赏金猎人,MissFortune,棱彩,136,45,歌利亚巨人
赏金猎人,MissFortune,棱彩,137,46,魄罗蛮冲
赏金猎人,MissFortune,黄金,138,54,黎明使者的坚决
赏金猎人,MissFortune,白银,139,39,转得我眩晕了
赏金猎人,MissFortune,黄金,140,55,自然即是治愈
赏金猎人,MissFortune,黄金,141,56,冰雪爆裂
赏金猎人,MissFortune,黄金,142,57,鲨鱼诱饵
赏金猎人,MissFortune,白银,143,40,下雪天
赏金猎人,MissFortune,棱彩,144,47,空投熊
赏金猎人,MissFortune,棱彩,145,48,濒死悟道
赏金猎人,MissFortune,白银,146,41,俯冲轰炸
赏金猎人,MissFortune,棱彩,147,49,神圣雪球
赏金猎人,MissFortune,黄金,148,58,我们的治疗
赏金猎人,MissFortune,白银,149,42,重量级打击手
赏金猎人,MissFortune,棱彩,150,50,飞升仪式
赏金猎人,MissFortune,黄金,151,59,过量延伸者
赏金猎人,MissFortune,棱彩,152,51,泰坦的坚决
赏金猎人,MissFortune,棱彩,153,52,位面转移
赏金猎人,MissFortune,黄金,154,60,星界躯体
赏金猎人,MissFortune,黄金,155,61,豪猪
赏金猎人,MissFortune,黄金,156,62,无尽大杀四方
赏金猎人,MissFortune,棱彩,157,53,利刃华尔兹
赏金猎人,MissFortune,黄金,158,63,吸血习性
赏金猎人,MissFortune,棱彩,159,54,软弹啪叽抓
赏金猎人,MissFortune,黄金,160,64,钢化你心
赏金猎人,MissFortune,黄金,161,65,高压锅
赏金猎人,MissFortune,黄金,162,66,祖母的辣椒油
赏金猎人,MissFortune,黄金,163,67,活力焕发
赏金猎人,MissFortune,黄金,164,68,会心治疗
赏金猎人,MissFortune,黄金,165,69,魄罗爆破手
赏金猎人,MissFortune,棱彩,166,55,量子计算
赏金猎人,MissFortune,棱彩,167,56,和我一起困在这里
赏金猎人,MissFortune,黄金,168,70,升级：雪球
赏金猎人,MissFortune,白银,169,43,虹吸
赏金猎人,MissFortune,黄金,170,71,升级：焚天
赏金猎人,MissFortune,棱彩,171,57,小丑学院
赏金猎人,MissFortune,黄金,172,72,坚韧
赏金猎人,MissFortune,白银,173,44,闪闪现现
赏金猎人,MissFortune,黄金,174,73,雪球扭蛋机
赏金猎人,MissFortune,棱彩,175,58,卡皮巴拉空投
赏金猎人,MissFortune,棱彩,176,59,魄罗之王的弹跳
赏金猎人,MissFortune,黄金,177,74,最终都市列车
赏金猎人,MissFortune,白银,178,45,可靠武器
赏金猎人,MissFortune,棱彩,179,60,王中王，靴中靴
赏金猎人,MissFortune,棱彩,180,61,升级：花晓之剑
赏金猎人,MissFortune,棱彩,181,62,你肩上的恶魔
赏金猎人,MissFortune,白银,182,46,急救用具
赏金猎人,MissFortune,白银,183,47,闪光弹
赏金猎人,MissFortune,白银,184,48,叠角龙
赏金猎人,MissFortune,白银,185,49,强力护盾
赏金猎人,MissFortune,棱彩,186,63,激光治疗
齐天大圣,MonkeyKing,白银,1,1,旋转至胜
齐天大圣,MonkeyKing,黄金,2,1,无尽大杀四方
齐天大圣,MonkeyKing,黄金,3,2,邦！
齐天大圣,MonkeyKing,白银,4,2,大力
齐天大圣,MonkeyKing,棱彩,5,1,秘术冲拳
齐天大圣,MonkeyKing,黄金,6,3,狂徒豪气
齐天大圣,MonkeyKing,黄金,7,4,穿针引线
齐天大圣,MonkeyKing,棱彩,8,2,全凭身法
齐天大圣,MonkeyKing,白银,9,3,渴血
齐天大圣,MonkeyKing,黄金,10,5,升级：焚天
齐天大圣,MonkeyKing,棱彩,11,3,最终形态
齐天大圣,MonkeyKing,白银,12,4,重量级打击手
齐天大圣,MonkeyKing,黄金,13,6,黎明使者的坚决
齐天大圣,MonkeyKing,黄金,14,7,夜狩
齐天大圣,MonkeyKing,黄金,15,8,质变：棱彩阶
齐天大圣,MonkeyKing,棱彩,16,4,利刃华尔兹
齐天大圣,MonkeyKing,黄金,17,9,升级：贪欲九头蛇
齐天大圣,MonkeyKing,棱彩,18,5,飞升仪式
齐天大圣,MonkeyKing,黄金,19,10,杀戮时间到了
齐天大圣,MonkeyKing,黄金,20,11,威能之追求
齐天大圣,MonkeyKing,棱彩,21,6,泰坦的坚决
齐天大圣,MonkeyKing,黄金,22,12,高压锅
齐天大圣,MonkeyKing,黄金,23,13,循环往复
齐天大圣,MonkeyKing,棱彩,24,7,吃过路兵
齐天大圣,MonkeyKing,棱彩,25,8,终极唤醒
齐天大圣,MonkeyKing,棱彩,26,9,飞身踢
齐天大圣,MonkeyKing,黄金,27,14,罪恶快感
齐天大圣,MonkeyKing,白银,28,5,暗影疾奔
齐天大圣,MonkeyKing,黄金,29,15,坦克引擎
齐天大圣,MonkeyKing,棱彩,30,10,战争交响乐
齐天大圣,MonkeyKing,白银,31,6,逃跑计划
齐天大圣,MonkeyKing,黄金,32,16,面包和果酱
齐天大圣,MonkeyKing,黄金,33,17,面包和黄油
齐天大圣,MonkeyKing,棱彩,34,11,濒死悟道
齐天大圣,MonkeyKing,白银,35,7,质变：黄金阶
齐天大圣,MonkeyKing,黄金,36,18,钢化你心
齐天大圣,MonkeyKing,黄金,37,19,生机迸发
齐天大圣,MonkeyKing,白银,38,8,升级：死亡之舞
齐天大圣,MonkeyKing,白银,39,9,快中求稳
齐天大圣,MonkeyKing,黄金,40,20,面包和奶酪
齐天大圣,MonkeyKing,棱彩,41,12,歌利亚巨人
齐天大圣,MonkeyKing,白银,42,10,魔法转物理
齐天大圣,MonkeyKing,棱彩,43,13,艾卡西亚的陷落
齐天大圣,MonkeyKing,黄金,44,21,升级：耀光
齐天大圣,MonkeyKing,黄金,45,22,属性叠属性！
齐天大圣,MonkeyKing,棱彩,46,14,掷骰狂人
齐天大圣,MonkeyKing,棱彩,47,15,终极九头蛇
齐天大圣,MonkeyKing,棱彩,48,16,无限循环往复
齐天大圣,MonkeyKing,白银,49,11,终极不可阻挡
齐天大圣,MonkeyKing,黄金,50,23,升级：无尽之刃
齐天大圣,MonkeyKing,黄金,51,24,急速之追求
齐天大圣,MonkeyKing,棱彩,52,17,精怪魔法
齐天大圣,MonkeyKing,棱彩,53,18,和我一起困在这里
齐天大圣,MonkeyKing,棱彩,54,19,超负荷
齐天大圣,MonkeyKing,黄金,55,25,虚幻武器
齐天大圣,MonkeyKing,棱彩,56,20,终极刷新
齐天大圣,MonkeyKing,棱彩,57,21,你摸不到
齐天大圣,MonkeyKing,白银,58,12,升级：收集者
齐天大圣,MonkeyKing,黄金,59,26,星界躯体
齐天大圣,MonkeyKing,黄金,60,27,更万用的瞄准镜
齐天大圣,MonkeyKing,黄金,61,28,灵魂虹吸
齐天大圣,MonkeyKing,白银,62,13,练腿日
齐天大圣,MonkeyKing,棱彩,63,22,大地苏醒
齐天大圣,MonkeyKing,黄金,64,29,捐赠
齐天大圣,MonkeyKing,黄金,65,30,缩小引擎
齐天大圣,MonkeyKing,棱彩,66,23,扳机炼狱
齐天大圣,MonkeyKing,黄金,67,31,闪现向前
齐天大圣,MonkeyKing,棱彩,68,24,史上最大雪球
齐天大圣,MonkeyKing,棱彩,69,25,珠光护手
齐天大圣,MonkeyKing,棱彩,70,26,质变：混沌
齐天大圣,MonkeyKing,黄金,71,32,牙仙子
齐天大圣,MonkeyKing,白银,72,14,大师铸就
齐天大圣,MonkeyKing,黄金,73,33,尖端发明家
齐天大圣,MonkeyKing,白银,74,15,俯冲轰炸
齐天大圣,MonkeyKing,黄金,75,34,弹球
齐天大圣,MonkeyKing,黄金,76,35,神圣干预
齐天大圣,MonkeyKing,黄金,77,36,缩小射线
齐天大圣,MonkeyKing,棱彩,78,27,双刀流
齐天大圣,MonkeyKing,黄金,79,37,冰雪爆裂
齐天大圣,MonkeyKing,白银,80,16,台风
齐天大圣,MonkeyKing,黄金,81,38,火上浇油
齐天大圣,MonkeyKing,黄金,82,39,豪猪
齐天大圣,MonkeyKing,黄金,83,40,关键暴击
齐天大圣,MonkeyKing,白银,84,17,侵蚀
齐天大圣,MonkeyKing,棱彩,85,28,潘朵拉的盒子
齐天大圣,MonkeyKing,黄金,86,41,心灵净化
齐天大圣,MonkeyKing,棱彩,87,29,回归基本功
齐天大圣,MonkeyKing,白银,88,18,下雪天
齐天大圣,MonkeyKing,黄金,89,42,易损
齐天大圣,MonkeyKing,黄金,90,43,不动如山
齐天大圣,MonkeyKing,黄金,91,44,自然即是治愈
齐天大圣,MonkeyKing,白银,92,19,海洋龙魂
齐天大圣,MonkeyKing,棱彩,93,30,大法师
齐天大圣,MonkeyKing,白银,94,20,炼狱龙魂
齐天大圣,MonkeyKing,黄金,95,45,有始有终
齐天大圣,MonkeyKing,白银,96,21,万用瞄准镜
齐天大圣,MonkeyKing,棱彩,97,31,科学狂人
齐天大圣,MonkeyKing,棱彩,98,32,海牛阿福的勇士
齐天大圣,MonkeyKing,黄金,99,46,鲨鱼暴风
齐天大圣,MonkeyKing,黄金,100,47,轻拍背部
齐天大圣,MonkeyKing,白银,101,22,灵巧
齐天大圣,MonkeyKing,白银,102,23,杀意翻涌
齐天大圣,MonkeyKing,黄金,103,48,术士果汁盒
齐天大圣,MonkeyKing,棱彩,104,33,神圣雪球
齐天大圣,MonkeyKing,黄金,105,49,鲨鱼诱饵
齐天大圣,MonkeyKing,棱彩,106,34,巨人杀手
齐天大圣,MonkeyKing,棱彩,107,35,最万用的瞄准镜
齐天大圣,MonkeyKing,棱彩,108,36,连拨击锤
齐天大圣,MonkeyKing,棱彩,109,37,双发快射
齐天大圣,MonkeyKing,黄金,110,50,哎哟，我的硬币！
齐天大圣,MonkeyKing,黄金,111,51,吞噬灵魂
齐天大圣,MonkeyKing,白银,112,24,升级：献祭
齐天大圣,MonkeyKing,黄金,113,52,我们的治疗
齐天大圣,MonkeyKing,白银,114,25,防护面纱
齐天大圣,MonkeyKing,棱彩,115,38,位面转移
齐天大圣,MonkeyKing,白银,116,26,扇巴掌
齐天大圣,MonkeyKing,黄金,117,53,过量延伸者
齐天大圣,MonkeyKing,黄金,118,54,急急小子
齐天大圣,MonkeyKing,棱彩,119,39,巨像的勇气
齐天大圣,MonkeyKing,棱彩,120,40,大招工具人
齐天大圣,MonkeyKing,棱彩,121,41,全能龙魂
齐天大圣,MonkeyKing,白银,122,27,属性！
齐天大圣,MonkeyKing,棱彩,123,42,舞会女王
齐天大圣,MonkeyKing,棱彩,124,43,尊我为王
齐天大圣,MonkeyKing,棱彩,125,44,属性叠属性叠属性！
齐天大圣,MonkeyKing,白银,126,28,会心防御
齐天大圣,MonkeyKing,白银,127,29,海克斯科技龙魂
齐天大圣,MonkeyKing,白银,128,30,双生火焰
齐天大圣,MonkeyKing,白银,129,31,家园卫士
齐天大圣,MonkeyKing,黄金,130,55,暴击律动
齐天大圣,MonkeyKing,黄金,131,56,藏身草丛
齐天大圣,MonkeyKing,白银,132,32,山脉龙魂
齐天大圣,MonkeyKing,白银,133,33,纯粹主义者 - 术师
齐天大圣,MonkeyKing,白银,134,34,转得我眩晕了
齐天大圣,MonkeyKing,棱彩,135,45,夺金
齐天大圣,MonkeyKing,黄金,136,57,咏叹奏鸣
齐天大圣,MonkeyKing,黄金,137,58,炽烈黎明
齐天大圣,MonkeyKing,棱彩,138,46,空投熊
齐天大圣,MonkeyKing,棱彩,139,47,软弹啪叽抓
齐天大圣,MonkeyKing,黄金,140,59,回力OK镖
齐天大圣,MonkeyKing,棱彩,141,48,踢踏舞
齐天大圣,MonkeyKing,棱彩,142,49,电涌力场
齐天大圣,MonkeyKing,白银,143,35,由心及物
齐天大圣,MonkeyKing,白银,144,36,由暴生急
齐天大圣,MonkeyKing,白银,145,37,火狐
齐天大圣,MonkeyKing,白银,146,38,注魔
齐天大圣,MonkeyKing,棱彩,147,50,魄罗蛮冲
齐天大圣,MonkeyKing,黄金,148,60,魔法飞弹
齐天大圣,MonkeyKing,棱彩,149,51,男爵之手
齐天大圣,MonkeyKing,棱彩,150,52,炼狱导管
齐天大圣,MonkeyKing,黄金,151,61,溢流
齐天大圣,MonkeyKing,白银,152,39,吵闹鬼
齐天大圣,MonkeyKing,白银,153,40,唯快不破
齐天大圣,MonkeyKing,白银,154,41,点亮他们！
齐天大圣,MonkeyKing,棱彩,155,53,残忍
齐天大圣,MonkeyKing,棱彩,156,54,玻璃大炮
齐天大圣,MonkeyKing,黄金,157,62,吸血习性
齐天大圣,MonkeyKing,黄金,158,63,坚韧
齐天大圣,MonkeyKing,白银,159,42,闪光弹
齐天大圣,MonkeyKing,黄金,160,64,活力焕发
齐天大圣,MonkeyKing,白银,161,43,冰寒
齐天大圣,MonkeyKing,白银,162,44,闪闪现现
齐天大圣,MonkeyKing,黄金,163,65,升级：雪球
齐天大圣,MonkeyKing,棱彩,164,55,小丑学院
齐天大圣,MonkeyKing,白银,165,45,坚若磐石
齐天大圣,MonkeyKing,棱彩,166,56,量子计算
齐天大圣,MonkeyKing,黄金,167,66,会心治疗
齐天大圣,MonkeyKing,黄金,168,67,雪球扭蛋机
齐天大圣,MonkeyKing,黄金,169,68,魄罗爆破手
齐天大圣,MonkeyKing,白银,170,46,虹吸
齐天大圣,MonkeyKing,黄金,171,69,虚空冲刺
齐天大圣,MonkeyKing,黄金,172,70,最终都市列车
齐天大圣,MonkeyKing,棱彩,173,57,蛋白粉奶昔
齐天大圣,MonkeyKing,棱彩,174,58,魄罗之王的弹跳
齐天大圣,MonkeyKing,白银,175,47,叠角龙
齐天大圣,MonkeyKing,棱彩,176,59,激光治疗
齐天大圣,MonkeyKing,棱彩,177,60,王中王，靴中靴
铁铠冥魂,Mordekaiser,黄金,1,1,术士果汁盒
铁铠冥魂,Mordekaiser,白银,2,1,渴血
铁铠冥魂,Mordekaiser,黄金,3,2,神射法师
铁铠冥魂,Mordekaiser,黄金,4,3,虚幻武器
铁铠冥魂,Mordekaiser,棱彩,5,1,炼狱导管
铁铠冥魂,Mordekaiser,黄金,6,4,超凡邪恶
铁铠冥魂,Mordekaiser,白银,7,2,冰寒
铁铠冥魂,Mordekaiser,棱彩,8,2,最终形态
铁铠冥魂,Mordekaiser,黄金,9,5,黎明使者的坚决
铁铠冥魂,Mordekaiser,白银,10,3,重量级打击手
铁铠冥魂,Mordekaiser,棱彩,11,3,泰坦的坚决
铁铠冥魂,Mordekaiser,白银,12,4,巫师式思考
铁铠冥魂,Mordekaiser,黄金,13,6,高压锅
铁铠冥魂,Mordekaiser,黄金,14,7,质变：棱彩阶
铁铠冥魂,Mordekaiser,棱彩,15,4,秘术冲拳
铁铠冥魂,Mordekaiser,黄金,16,8,活力焕发
铁铠冥魂,Mordekaiser,棱彩,17,5,不祥契约
铁铠冥魂,Mordekaiser,黄金,18,9,贪欲束缚
铁铠冥魂,Mordekaiser,棱彩,19,6,大法师
铁铠冥魂,Mordekaiser,黄金,20,10,坦克引擎
铁铠冥魂,Mordekaiser,棱彩,21,7,无限循环往复
铁铠冥魂,Mordekaiser,棱彩,22,8,飞身踢
铁铠冥魂,Mordekaiser,黄金,23,11,超强大脑
铁铠冥魂,Mordekaiser,黄金,24,12,炽燃利息
铁铠冥魂,Mordekaiser,棱彩,25,9,终极刷新
铁铠冥魂,Mordekaiser,白银,26,5,质变：黄金阶
铁铠冥魂,Mordekaiser,黄金,27,13,威能之追求
铁铠冥魂,Mordekaiser,棱彩,28,10,终极唤醒
铁铠冥魂,Mordekaiser,黄金,29,14,循环往复
铁铠冥魂,Mordekaiser,黄金,30,15,急速之追求
铁铠冥魂,Mordekaiser,棱彩,31,11,艾卡西亚的陷落
铁铠冥魂,Mordekaiser,白银,32,6,逃跑计划
铁铠冥魂,Mordekaiser,棱彩,33,12,歌利亚巨人
铁铠冥魂,Mordekaiser,黄金,34,16,钢化你心
铁铠冥魂,Mordekaiser,棱彩,35,13,沃格勒特的巫师帽
铁铠冥魂,Mordekaiser,白银,36,7,侵蚀
铁铠冥魂,Mordekaiser,黄金,37,17,无尽大杀四方
铁铠冥魂,Mordekaiser,白银,38,8,大师铸就
铁铠冥魂,Mordekaiser,棱彩,39,14,掷骰狂人
铁铠冥魂,Mordekaiser,棱彩,40,15,回归基本功
铁铠冥魂,Mordekaiser,棱彩,41,16,科学狂人
铁铠冥魂,Mordekaiser,黄金,42,18,面包和黄油
铁铠冥魂,Mordekaiser,白银,43,9,加固护盾
铁铠冥魂,Mordekaiser,白银,44,10,升级：中娅
铁铠冥魂,Mordekaiser,黄金,45,19,魔法飞弹
铁铠冥魂,Mordekaiser,白银,46,11,物理转魔法
铁铠冥魂,Mordekaiser,棱彩,47,17,超负荷
铁铠冥魂,Mordekaiser,白银,48,12,练腿日
铁铠冥魂,Mordekaiser,黄金,49,20,星界躯体
铁铠冥魂,Mordekaiser,白银,50,13,纯粹主义者 - 术师
铁铠冥魂,Mordekaiser,黄金,51,21,杀戮时间到了
铁铠冥魂,Mordekaiser,黄金,52,22,急急小子
铁铠冥魂,Mordekaiser,黄金,53,23,面包和果酱
铁铠冥魂,Mordekaiser,黄金,54,24,生机迸发
铁铠冥魂,Mordekaiser,棱彩,55,18,质变：混沌
铁铠冥魂,Mordekaiser,棱彩,56,19,回响施放
铁铠冥魂,Mordekaiser,黄金,57,25,吞噬灵魂
铁铠冥魂,Mordekaiser,白银,58,14,扇巴掌
铁铠冥魂,Mordekaiser,黄金,59,26,属性叠属性！
铁铠冥魂,Mordekaiser,白银,60,15,终极不可阻挡
铁铠冥魂,Mordekaiser,黄金,61,27,火上浇油
铁铠冥魂,Mordekaiser,白银,62,16,狂热者
铁铠冥魂,Mordekaiser,黄金,63,28,捐赠
铁铠冥魂,Mordekaiser,黄金,64,29,面包和奶酪
铁铠冥魂,Mordekaiser,黄金,65,30,不动如山
铁铠冥魂,Mordekaiser,白银,66,17,灵巧
铁铠冥魂,Mordekaiser,黄金,67,31,穿针引线
铁铠冥魂,Mordekaiser,棱彩,68,20,史上最大雪球
铁铠冥魂,Mordekaiser,棱彩,69,21,尤里卡
铁铠冥魂,Mordekaiser,棱彩,70,22,电涌力场
铁铠冥魂,Mordekaiser,棱彩,71,23,和我一起困在这里
铁铠冥魂,Mordekaiser,黄金,72,32,缩小引擎
铁铠冥魂,Mordekaiser,黄金,73,33,更万用的瞄准镜
铁铠冥魂,Mordekaiser,棱彩,74,24,巨像的勇气
铁铠冥魂,Mordekaiser,棱彩,75,25,珠光护手
铁铠冥魂,Mordekaiser,棱彩,76,26,你摸不到
铁铠冥魂,Mordekaiser,黄金,77,34,豪猪
铁铠冥魂,Mordekaiser,棱彩,78,27,潘朵拉的盒子
铁铠冥魂,Mordekaiser,白银,79,18,双生火焰
铁铠冥魂,Mordekaiser,黄金,80,35,闪现向前
铁铠冥魂,Mordekaiser,白银,81,19,炼狱龙魂
铁铠冥魂,Mordekaiser,白银,82,20,火狐
铁铠冥魂,Mordekaiser,黄金,83,36,缩小射线
铁铠冥魂,Mordekaiser,白银,84,21,俯冲轰炸
铁铠冥魂,Mordekaiser,黄金,85,37,弹球
铁铠冥魂,Mordekaiser,黄金,86,38,神圣干预
铁铠冥魂,Mordekaiser,棱彩,87,28,战争交响乐
铁铠冥魂,Mordekaiser,黄金,88,39,冰雪爆裂
铁铠冥魂,Mordekaiser,白银,89,22,升级：献祭
铁铠冥魂,Mordekaiser,黄金,90,40,尖端发明家
铁铠冥魂,Mordekaiser,白银,91,23,下雪天
铁铠冥魂,Mordekaiser,棱彩,92,29,扳机炼狱
铁铠冥魂,Mordekaiser,白银,93,24,杀意翻涌
铁铠冥魂,Mordekaiser,白银,94,25,万用瞄准镜
铁铠冥魂,Mordekaiser,棱彩,95,30,残忍
铁铠冥魂,Mordekaiser,黄金,96,41,自然即是治愈
铁铠冥魂,Mordekaiser,黄金,97,42,罪恶快感
铁铠冥魂,Mordekaiser,棱彩,98,31,濒死悟道
铁铠冥魂,Mordekaiser,黄金,99,43,我们的治疗
铁铠冥魂,Mordekaiser,棱彩,100,32,海牛阿福的勇士
铁铠冥魂,Mordekaiser,黄金,101,44,心灵净化
铁铠冥魂,Mordekaiser,白银,102,26,海克斯科技龙魂
铁铠冥魂,Mordekaiser,黄金,103,45,鲨鱼暴风
铁铠冥魂,Mordekaiser,白银,104,27,强力护盾
铁铠冥魂,Mordekaiser,黄金,105,46,轻拍背部
铁铠冥魂,Mordekaiser,棱彩,106,33,吃过路兵
铁铠冥魂,Mordekaiser,棱彩,107,34,全能龙魂
铁铠冥魂,Mordekaiser,棱彩,108,35,最万用的瞄准镜
铁铠冥魂,Mordekaiser,棱彩,109,36,利刃华尔兹
铁铠冥魂,Mordekaiser,棱彩,110,37,空投熊
铁铠冥魂,Mordekaiser,棱彩,111,38,大招工具人
铁铠冥魂,Mordekaiser,白银,112,28,属性！
铁铠冥魂,Mordekaiser,黄金,113,47,牙仙子
铁铠冥魂,Mordekaiser,棱彩,114,39,物法皆修
铁铠冥魂,Mordekaiser,黄金,115,48,鲨鱼诱饵
铁铠冥魂,Mordekaiser,棱彩,116,40,飞升仪式
铁铠冥魂,Mordekaiser,棱彩,117,41,巨人杀手
铁铠冥魂,Mordekaiser,黄金,118,49,升级：贪欲九头蛇
铁铠冥魂,Mordekaiser,棱彩,119,42,属性叠属性叠属性！
铁铠冥魂,Mordekaiser,黄金,120,50,哎哟，我的硬币！
铁铠冥魂,Mordekaiser,棱彩,121,43,神圣雪球
铁铠冥魂,Mordekaiser,黄金,122,51,咏叹奏鸣
铁铠冥魂,Mordekaiser,棱彩,123,44,尊我为王
铁铠冥魂,Mordekaiser,黄金,124,52,升级：耀光
铁铠冥魂,Mordekaiser,白银,125,29,海洋龙魂
铁铠冥魂,Mordekaiser,黄金,126,53,夜狩
铁铠冥魂,Mordekaiser,白银,127,30,山脉龙魂
铁铠冥魂,Mordekaiser,黄金,128,54,过量延伸者
铁铠冥魂,Mordekaiser,白银,129,31,转得我眩晕了
铁铠冥魂,Mordekaiser,白银,130,32,防护面纱
铁铠冥魂,Mordekaiser,黄金,131,55,有始有终
铁铠冥魂,Mordekaiser,黄金,132,56,炽烈黎明
铁铠冥魂,Mordekaiser,棱彩,133,45,软弹啪叽抓
铁铠冥魂,Mordekaiser,黄金,134,57,升级：焚天
铁铠冥魂,Mordekaiser,棱彩,135,46,位面转移
铁铠冥魂,Mordekaiser,棱彩,136,47,夺金
铁铠冥魂,Mordekaiser,白银,137,33,家园卫士
铁铠冥魂,Mordekaiser,白银,138,34,吵闹鬼
铁铠冥魂,Mordekaiser,棱彩,139,48,踢踏舞
铁铠冥魂,Mordekaiser,棱彩,140,49,男爵之手
铁铠冥魂,Mordekaiser,棱彩,141,50,舞会女王
铁铠冥魂,Mordekaiser,棱彩,142,51,至高天诺言
铁铠冥魂,Mordekaiser,棱彩,143,52,双刀流
铁铠冥魂,Mordekaiser,黄金,144,58,回力OK镖
铁铠冥魂,Mordekaiser,白银,145,35,点亮他们！
铁铠冥魂,Mordekaiser,白银,146,36,唯快不破
铁铠冥魂,Mordekaiser,棱彩,147,53,风语者的祝福
铁铠冥魂,Mordekaiser,黄金,148,59,暴击律动
铁铠冥魂,Mordekaiser,棱彩,149,54,魄罗蛮冲
铁铠冥魂,Mordekaiser,白银,150,37,台风
铁铠冥魂,Mordekaiser,黄金,151,60,藏身草丛
铁铠冥魂,Mordekaiser,黄金,152,61,吸血习性
铁铠冥魂,Mordekaiser,棱彩,153,55,连拨击锤
铁铠冥魂,Mordekaiser,棱彩,154,56,灵魄炸弹
铁铠冥魂,Mordekaiser,黄金,155,62,坚韧
铁铠冥魂,Mordekaiser,黄金,156,63,会心治疗
铁铠冥魂,Mordekaiser,棱彩,157,57,玻璃大炮
铁铠冥魂,Mordekaiser,白银,158,38,急救用具
铁铠冥魂,Mordekaiser,棱彩,159,58,死亡之环
铁铠冥魂,Mordekaiser,白银,160,39,闪光弹
铁铠冥魂,Mordekaiser,棱彩,161,59,蛋白粉奶昔
铁铠冥魂,Mordekaiser,白银,162,40,闪闪现现
铁铠冥魂,Mordekaiser,黄金,163,64,升级：雪球
铁铠冥魂,Mordekaiser,黄金,164,65,灵魂虹吸
铁铠冥魂,Mordekaiser,黄金,165,66,祖母的辣椒油
铁铠冥魂,Mordekaiser,黄金,166,67,关键暴击
铁铠冥魂,Mordekaiser,黄金,167,68,雪球扭蛋机
铁铠冥魂,Mordekaiser,白银,168,41,坚若磐石
铁铠冥魂,Mordekaiser,白银,169,42,会心防御
铁铠冥魂,Mordekaiser,黄金,170,69,易损
铁铠冥魂,Mordekaiser,棱彩,171,60,量子计算
铁铠冥魂,Mordekaiser,棱彩,172,61,小丑学院
铁铠冥魂,Mordekaiser,黄金,173,70,最终都市列车
铁铠冥魂,Mordekaiser,黄金,174,71,魄罗爆破手
铁铠冥魂,Mordekaiser,白银,175,43,虹吸
铁铠冥魂,Mordekaiser,棱彩,176,62,激光治疗
铁铠冥魂,Mordekaiser,白银,177,44,自适应防护
铁铠冥魂,Mordekaiser,白银,178,45,叠角龙
铁铠冥魂,Mordekaiser,棱彩,179,63,升级：花晓之剑
铁铠冥魂,Mordekaiser,棱彩,180,64,魄罗之王的弹跳
铁铠冥魂,Mordekaiser,白银,181,46,由暴生急
铁铠冥魂,Mordekaiser,黄金,182,72,喂呜喂呜
铁铠冥魂,Mordekaiser,白银,183,47,天音爆
铁铠冥魂,Mordekaiser,黄金,184,73,全心为你
铁铠冥魂,Mordekaiser,白银,185,48,魔法转物理
铁铠冥魂,Mordekaiser,棱彩,186,65,卡皮巴拉空投
铁铠冥魂,Mordekaiser,棱彩,187,66,你肩上的恶魔
铁铠冥魂,Mordekaiser,棱彩,188,67,双发快射
铁铠冥魂,Mordekaiser,白银,189,49,主玩辅助
铁铠冥魂,Mordekaiser,白银,190,50,可靠武器
堕落天使,Morgana,黄金,1,1,老练狙神
堕落天使,Morgana,黄金,2,2,魔法飞弹
堕落天使,Morgana,棱彩,3,1,尤里卡
堕落天使,Morgana,白银,4,1,冰寒
堕落天使,Morgana,黄金,5,3,超凡邪恶
堕落天使,Morgana,白银,6,2,巫师式思考
堕落天使,Morgana,白银,7,3,扇巴掌
堕落天使,Morgana,棱彩,8,2,大法师
堕落天使,Morgana,黄金,9,4,狙神飞星
堕落天使,Morgana,白银,10,4,纯粹主义者 - 术师
堕落天使,Morgana,棱彩,11,3,残忍
堕落天使,Morgana,黄金,12,5,炽烈黎明
堕落天使,Morgana,棱彩,13,4,咒语裂变
堕落天使,Morgana,黄金,14,6,急速之追求
堕落天使,Morgana,棱彩,15,5,无限循环往复
堕落天使,Morgana,黄金,16,7,急急小子
堕落天使,Morgana,黄金,17,8,炽燃利息
堕落天使,Morgana,黄金,18,9,缩小引擎
堕落天使,Morgana,棱彩,19,6,回归基本功
堕落天使,Morgana,黄金,20,10,虚幻武器
堕落天使,Morgana,棱彩,21,7,精怪魔法
堕落天使,Morgana,黄金,22,11,循环往复
堕落天使,Morgana,黄金,23,12,神圣干预
堕落天使,Morgana,黄金,24,13,超强大脑
堕落天使,Morgana,棱彩,25,8,炼狱导管
堕落天使,Morgana,黄金,26,14,质变：棱彩阶
堕落天使,Morgana,棱彩,27,9,沃格勒特的巫师帽
堕落天使,Morgana,黄金,28,15,咏叹奏鸣
堕落天使,Morgana,白银,29,5,升级：中娅
堕落天使,Morgana,黄金,30,16,面包和黄油
堕落天使,Morgana,黄金,31,17,威能之追求
堕落天使,Morgana,白银,32,6,双生火焰
堕落天使,Morgana,棱彩,33,10,巨人杀手
堕落天使,Morgana,黄金,34,18,术士果汁盒
堕落天使,Morgana,白银,35,7,质变：黄金阶
堕落天使,Morgana,棱彩,36,11,你摸不到
堕落天使,Morgana,白银,37,8,终极不可阻挡
堕落天使,Morgana,黄金,38,19,有始有终
堕落天使,Morgana,黄金,39,20,面包和果酱
堕落天使,Morgana,白银,40,9,大师铸就
堕落天使,Morgana,白银,41,10,家园卫士
堕落天使,Morgana,白银,42,11,侵蚀
堕落天使,Morgana,黄金,43,21,回力OK镖
堕落天使,Morgana,黄金,44,22,吞噬灵魂
堕落天使,Morgana,棱彩,45,12,超负荷
堕落天使,Morgana,白银,46,12,海克斯科技龙魂
堕落天使,Morgana,黄金,47,23,不动如山
堕落天使,Morgana,黄金,48,24,心灵净化
堕落天使,Morgana,白银,49,13,物理转魔法
堕落天使,Morgana,白银,50,14,炼狱龙魂
堕落天使,Morgana,黄金,51,25,自然即是治愈
堕落天使,Morgana,白银,52,15,渴血
堕落天使,Morgana,棱彩,53,13,珠光护手
堕落天使,Morgana,黄金,54,26,穿针引线
堕落天使,Morgana,白银,55,16,海洋龙魂
堕落天使,Morgana,棱彩,56,14,质变：混沌
堕落天使,Morgana,白银,57,17,练腿日
堕落天使,Morgana,棱彩,58,15,掷骰狂人
堕落天使,Morgana,黄金,59,27,面包和奶酪
堕落天使,Morgana,棱彩,60,16,史上最大雪球
堕落天使,Morgana,黄金,61,28,捐赠
堕落天使,Morgana,黄金,62,29,属性叠属性！
堕落天使,Morgana,棱彩,63,17,巨像的勇气
堕落天使,Morgana,棱彩,64,18,飞身踢
堕落天使,Morgana,黄金,65,30,杀戮时间到了
堕落天使,Morgana,白银,66,18,强力护盾
堕落天使,Morgana,棱彩,67,19,玻璃大炮
堕落天使,Morgana,棱彩,68,20,终极唤醒
堕落天使,Morgana,棱彩,69,21,终极刷新
堕落天使,Morgana,白银,70,19,天音爆
堕落天使,Morgana,棱彩,71,22,回响施放
堕落天使,Morgana,黄金,72,31,藏身草丛
堕落天使,Morgana,白银,73,20,急救用具
堕落天使,Morgana,黄金,74,32,轻拍背部
堕落天使,Morgana,棱彩,75,23,至高天诺言
堕落天使,Morgana,白银,76,21,逃跑计划
堕落天使,Morgana,黄金,77,33,喂呜喂呜
堕落天使,Morgana,棱彩,78,24,信念者的强化
堕落天使,Morgana,棱彩,79,25,潘朵拉的盒子
堕落天使,Morgana,白银,80,22,火狐
堕落天使,Morgana,黄金,81,34,坦克引擎
堕落天使,Morgana,黄金,82,35,哎哟，我的硬币！
堕落天使,Morgana,棱彩,83,26,科学狂人
堕落天使,Morgana,白银,84,23,下雪天
堕落天使,Morgana,黄金,85,36,尖端发明家
堕落天使,Morgana,黄金,86,37,弹球
堕落天使,Morgana,白银,87,24,由心及物
堕落天使,Morgana,棱彩,88,27,全能龙魂
堕落天使,Morgana,黄金,89,38,闪现向前
堕落天使,Morgana,黄金,90,39,全心为你
堕落天使,Morgana,棱彩,91,28,灵魄炸弹
堕落天使,Morgana,白银,92,25,防护面纱
堕落天使,Morgana,白银,93,26,属性！
堕落天使,Morgana,棱彩,94,29,软弹啪叽抓
堕落天使,Morgana,黄金,95,40,冰雪爆裂
堕落天使,Morgana,黄金,96,41,溢流
堕落天使,Morgana,棱彩,97,30,夺金
堕落天使,Morgana,棱彩,98,31,神圣雪球
堕落天使,Morgana,黄金,99,42,鲨鱼暴风
堕落天使,Morgana,黄金,100,43,神射法师
堕落天使,Morgana,黄金,101,44,夜狩
堕落天使,Morgana,棱彩,102,32,歌利亚巨人
堕落天使,Morgana,棱彩,103,33,风语者的祝福
堕落天使,Morgana,棱彩,104,34,不祥契约
堕落天使,Morgana,棱彩,105,35,属性叠属性叠属性！
堕落天使,Morgana,棱彩,106,36,海牛阿福的勇士
堕落天使,Morgana,黄金,107,45,牙仙子
堕落天使,Morgana,白银,108,27,注魔
堕落天使,Morgana,黄金,109,46,黎明使者的坚决
堕落天使,Morgana,棱彩,110,37,秘术冲拳
堕落天使,Morgana,黄金,111,47,生机迸发
堕落天使,Morgana,白银,112,28,俯冲轰炸
堕落天使,Morgana,棱彩,113,38,空投熊
堕落天使,Morgana,棱彩,114,39,尊我为王
堕落天使,Morgana,棱彩,115,40,死亡之环
堕落天使,Morgana,棱彩,116,41,男爵之手
堕落天使,Morgana,黄金,117,48,火上浇油
堕落天使,Morgana,黄金,118,49,星界躯体
堕落天使,Morgana,棱彩,119,42,吃过路兵
堕落天使,Morgana,棱彩,120,43,最终形态
堕落天使,Morgana,白银,121,29,杀意翻涌
堕落天使,Morgana,棱彩,122,44,和我一起困在这里
堕落天使,Morgana,白银,123,30,山脉龙魂
堕落天使,Morgana,棱彩,124,45,蛋白粉奶昔
堕落天使,Morgana,黄金,125,50,鲨鱼诱饵
堕落天使,Morgana,棱彩,126,46,魄罗蛮冲
堕落天使,Morgana,棱彩,127,47,扳机炼狱
堕落天使,Morgana,棱彩,128,48,电涌力场
堕落天使,Morgana,黄金,129,51,高压锅
堕落天使,Morgana,白银,130,31,吵闹鬼
堕落天使,Morgana,棱彩,131,49,升级：花晓之剑
堕落天使,Morgana,白银,132,32,转得我眩晕了
堕落天使,Morgana,棱彩,133,50,大招工具人
堕落天使,Morgana,白银,134,33,唯快不破
堕落天使,Morgana,黄金,135,52,过量延伸者
堕落天使,Morgana,黄金,136,53,钢化你心
堕落天使,Morgana,黄金,137,54,缩小射线
堕落天使,Morgana,棱彩,138,51,位面转移
堕落天使,Morgana,棱彩,139,52,泰坦的坚决
堕落天使,Morgana,黄金,140,55,我们的治疗
堕落天使,Morgana,棱彩,141,53,利刃华尔兹
堕落天使,Morgana,白银,142,34,点亮他们！
堕落天使,Morgana,黄金,143,56,豪猪
堕落天使,Morgana,黄金,144,57,罪恶快感
堕落天使,Morgana,白银,145,35,灵巧
堕落天使,Morgana,棱彩,146,54,物法皆修
堕落天使,Morgana,黄金,147,58,更万用的瞄准镜
堕落天使,Morgana,白银,148,36,重量级打击手
堕落天使,Morgana,白银,149,37,万用瞄准镜
堕落天使,Morgana,黄金,150,59,无尽大杀四方
堕落天使,Morgana,黄金,151,60,升级：耀光
堕落天使,Morgana,棱彩,152,55,最万用的瞄准镜
堕落天使,Morgana,棱彩,153,56,踢踏舞
堕落天使,Morgana,棱彩,154,57,战争交响乐
堕落天使,Morgana,黄金,155,61,祖母的辣椒油
堕落天使,Morgana,黄金,156,62,易损
堕落天使,Morgana,白银,157,38,坚若磐石
堕落天使,Morgana,黄金,158,63,吸血习性
堕落天使,Morgana,黄金,159,64,活力焕发
堕落天使,Morgana,黄金,160,65,升级：雪球
堕落天使,Morgana,白银,161,39,闪闪现现
堕落天使,Morgana,棱彩,162,58,激光治疗
堕落天使,Morgana,黄金,163,66,魄罗爆破手
堕落天使,Morgana,白银,164,40,闪光弹
堕落天使,Morgana,棱彩,165,59,小猫咪找妈妈
堕落天使,Morgana,黄金,166,67,坚韧
堕落天使,Morgana,黄金,167,68,贪欲束缚
堕落天使,Morgana,黄金,168,69,会心治疗
堕落天使,Morgana,黄金,169,70,雪球扭蛋机
堕落天使,Morgana,黄金,170,71,暴击飞弹
堕落天使,Morgana,棱彩,171,60,量子计算
堕落天使,Morgana,黄金,172,72,灵魂虹吸
堕落天使,Morgana,棱彩,173,61,小丑学院
堕落天使,Morgana,黄金,174,73,关键暴击
堕落天使,Morgana,棱彩,175,62,卡皮巴拉空投
堕落天使,Morgana,黄金,176,74,仁慈打击
堕落天使,Morgana,白银,177,41,加固护盾
堕落天使,Morgana,白银,178,42,会心防御
堕落天使,Morgana,黄金,179,75,最终都市列车
堕落天使,Morgana,棱彩,180,63,？？？
堕落天使,Morgana,白银,181,43,狂热者
堕落天使,Morgana,白银,182,44,由暴生急
堕落天使,Morgana,棱彩,183,64,连拨击锤
堕落天使,Morgana,棱彩,184,65,双刀流
堕落天使,Morgana,棱彩,185,66,你肩上的恶魔
堕落天使,Morgana,黄金,186,76,快步
堕落天使,Morgana,黄金,187,77,暴击律动
堕落天使,Morgana,棱彩,188,67,魄罗之王的弹跳
堕落天使,Morgana,白银,189,45,叠角龙
堕落天使,Morgana,棱彩,190,68,王中王，靴中靴
堕落天使,Morgana,棱彩,191,69,艾卡西亚的陷落
堕落天使,Morgana,棱彩,192,70,双发快射
堕落天使,Morgana,白银,193,46,主玩辅助
百裂冥犬,Naafiri,黄金,1,1,夜狩
百裂冥犬,Naafiri,黄金,2,2,穿针引线
百裂冥犬,Naafiri,棱彩,3,1,最终形态
百裂冥犬,Naafiri,白银,4,1,升级：收集者
百裂冥犬,Naafiri,黄金,5,3,牙仙子
百裂冥犬,Naafiri,白银,6,2,暗影疾奔
百裂冥犬,Naafiri,棱彩,7,2,全凭身法
百裂冥犬,Naafiri,白银,8,3,渴血
百裂冥犬,Naafiri,白银,9,4,大力
百裂冥犬,Naafiri,棱彩,10,3,咒语裂变
百裂冥犬,Naafiri,黄金,11,4,杀戮时间到了
百裂冥犬,Naafiri,棱彩,12,4,飞升仪式
百裂冥犬,Naafiri,黄金,13,5,质变：棱彩阶
百裂冥犬,Naafiri,黄金,14,6,无尽大杀四方
百裂冥犬,Naafiri,棱彩,15,5,利刃华尔兹
百裂冥犬,Naafiri,黄金,16,7,狂徒豪气
百裂冥犬,Naafiri,黄金,17,8,罪恶快感
百裂冥犬,Naafiri,白银,18,5,终极不可阻挡
百裂冥犬,Naafiri,黄金,19,9,炽燃利息
百裂冥犬,Naafiri,棱彩,20,6,终极唤醒
百裂冥犬,Naafiri,黄金,21,10,循环往复
百裂冥犬,Naafiri,黄金,22,11,升级：贪欲九头蛇
百裂冥犬,Naafiri,白银,23,6,魔法转物理
百裂冥犬,Naafiri,黄金,24,12,有始有终
百裂冥犬,Naafiri,白银,25,7,快中求稳
百裂冥犬,Naafiri,棱彩,26,7,掷骰狂人
百裂冥犬,Naafiri,黄金,27,13,急速之追求
百裂冥犬,Naafiri,黄金,28,14,威能之追求
百裂冥犬,Naafiri,棱彩,29,8,你摸不到
百裂冥犬,Naafiri,黄金,30,15,面包和果酱
百裂冥犬,Naafiri,黄金,31,16,仆从大师
百裂冥犬,Naafiri,棱彩,32,9,珠光护手
百裂冥犬,Naafiri,黄金,33,17,缩小引擎
百裂冥犬,Naafiri,黄金,34,18,面包和黄油
百裂冥犬,Naafiri,白银,35,8,质变：黄金阶
百裂冥犬,Naafiri,棱彩,36,10,大地苏醒
百裂冥犬,Naafiri,棱彩,37,11,吃过路兵
百裂冥犬,Naafiri,白银,38,9,逃跑计划
百裂冥犬,Naafiri,棱彩,39,12,濒死悟道
百裂冥犬,Naafiri,白银,40,10,杀意翻涌
百裂冥犬,Naafiri,黄金,41,19,藏身草丛
百裂冥犬,Naafiri,黄金,42,20,捐赠
百裂冥犬,Naafiri,白银,43,11,升级：死亡之舞
百裂冥犬,Naafiri,黄金,44,21,属性叠属性！
百裂冥犬,Naafiri,黄金,45,22,虚幻武器
百裂冥犬,Naafiri,棱彩,46,13,质变：混沌
百裂冥犬,Naafiri,棱彩,47,14,无限循环往复
百裂冥犬,Naafiri,棱彩,48,15,巨人杀手
百裂冥犬,Naafiri,棱彩,49,16,终极九头蛇
百裂冥犬,Naafiri,白银,50,12,大师铸就
百裂冥犬,Naafiri,白银,51,13,练腿日
百裂冥犬,Naafiri,白银,52,14,炼狱龙魂
百裂冥犬,Naafiri,黄金,53,23,急急小子
百裂冥犬,Naafiri,黄金,54,24,升级：无尽之刃
百裂冥犬,Naafiri,黄金,55,25,易损
百裂冥犬,Naafiri,棱彩,56,17,超负荷
百裂冥犬,Naafiri,黄金,57,26,面包和奶酪
百裂冥犬,Naafiri,棱彩,58,18,终极刷新
百裂冥犬,Naafiri,棱彩,59,19,飞身踢
百裂冥犬,Naafiri,黄金,60,27,升级：焚天
百裂冥犬,Naafiri,棱彩,61,20,扳机炼狱
百裂冥犬,Naafiri,棱彩,62,21,史上最大雪球
百裂冥犬,Naafiri,棱彩,63,22,战争交响乐
百裂冥犬,Naafiri,黄金,64,28,心灵净化
百裂冥犬,Naafiri,棱彩,65,23,潘朵拉的盒子
百裂冥犬,Naafiri,棱彩,66,24,和我一起困在这里
百裂冥犬,Naafiri,黄金,67,29,闪现向前
百裂冥犬,Naafiri,黄金,68,30,冰雪爆裂
百裂冥犬,Naafiri,黄金,69,31,灵魂虹吸
百裂冥犬,Naafiri,黄金,70,32,弹球
百裂冥犬,Naafiri,白银,71,15,旋转至胜
百裂冥犬,Naafiri,白银,72,16,俯冲轰炸
百裂冥犬,Naafiri,棱彩,73,25,大法师
百裂冥犬,Naafiri,黄金,74,33,生机迸发
百裂冥犬,Naafiri,黄金,75,34,关键暴击
百裂冥犬,Naafiri,棱彩,76,26,回响施放
百裂冥犬,Naafiri,黄金,77,35,神圣干预
百裂冥犬,Naafiri,白银,78,17,侵蚀
百裂冥犬,Naafiri,棱彩,79,27,回归基本功
百裂冥犬,Naafiri,棱彩,80,28,科学狂人
百裂冥犬,Naafiri,黄金,81,36,鲨鱼暴风
百裂冥犬,Naafiri,黄金,82,37,黎明使者的坚决
百裂冥犬,Naafiri,白银,83,18,防护面纱
百裂冥犬,Naafiri,棱彩,84,29,歌利亚巨人
百裂冥犬,Naafiri,黄金,85,38,术士果汁盒
百裂冥犬,Naafiri,黄金,86,39,鲨鱼诱饵
百裂冥犬,Naafiri,黄金,87,40,哎哟，我的硬币！
百裂冥犬,Naafiri,棱彩,88,30,海牛阿福的勇士
百裂冥犬,Naafiri,棱彩,89,31,连拨击锤
百裂冥犬,Naafiri,黄金,90,41,自然即是治愈
百裂冥犬,Naafiri,黄金,91,42,尖端发明家
百裂冥犬,Naafiri,黄金,92,43,轻拍背部
百裂冥犬,Naafiri,棱彩,93,32,神圣雪球
百裂冥犬,Naafiri,白银,94,19,双生火焰
百裂冥犬,Naafiri,黄金,95,44,坦克引擎
百裂冥犬,Naafiri,白银,96,20,下雪天
百裂冥犬,Naafiri,棱彩,97,33,尊我为王
百裂冥犬,Naafiri,白银,98,21,海洋龙魂
百裂冥犬,Naafiri,棱彩,99,34,全能龙魂
百裂冥犬,Naafiri,棱彩,100,35,秘术冲拳
百裂冥犬,Naafiri,棱彩,101,36,位面转移
百裂冥犬,Naafiri,白银,102,22,纯粹主义者 - 术师
百裂冥犬,Naafiri,棱彩,103,37,属性叠属性叠属性！
百裂冥犬,Naafiri,棱彩,104,38,双发快射
百裂冥犬,Naafiri,棱彩,105,39,炼狱导管
百裂冥犬,Naafiri,白银,106,23,台风
百裂冥犬,Naafiri,棱彩,107,40,大招工具人
百裂冥犬,Naafiri,白银,108,24,海克斯科技龙魂
百裂冥犬,Naafiri,白银,109,25,属性！
百裂冥犬,Naafiri,黄金,110,45,过量延伸者
百裂冥犬,Naafiri,黄金,111,46,魔法飞弹
百裂冥犬,Naafiri,棱彩,112,41,夺金
百裂冥犬,Naafiri,棱彩,113,42,双刀流
百裂冥犬,Naafiri,白银,114,26,会心防御
百裂冥犬,Naafiri,黄金,115,47,火上浇油
百裂冥犬,Naafiri,白银,116,27,家园卫士
百裂冥犬,Naafiri,黄金,117,48,星界躯体
百裂冥犬,Naafiri,黄金,118,49,回力OK镖
百裂冥犬,Naafiri,黄金,119,50,钢化你心
百裂冥犬,Naafiri,黄金,120,51,更万用的瞄准镜
百裂冥犬,Naafiri,黄金,121,52,溢流
百裂冥犬,Naafiri,白银,122,28,重量级打击手
百裂冥犬,Naafiri,棱彩,123,43,泰坦的坚决
百裂冥犬,Naafiri,黄金,124,53,缩小射线
百裂冥犬,Naafiri,棱彩,125,44,舞会女王
百裂冥犬,Naafiri,黄金,126,54,豪猪
百裂冥犬,Naafiri,白银,127,29,唯快不破
百裂冥犬,Naafiri,棱彩,128,45,男爵之手
百裂冥犬,Naafiri,棱彩,129,46,电涌力场
百裂冥犬,Naafiri,黄金,130,55,炽烈黎明
百裂冥犬,Naafiri,黄金,131,56,升级：耀光
百裂冥犬,Naafiri,白银,132,30,由暴生急
百裂冥犬,Naafiri,黄金,133,57,高压锅
百裂冥犬,Naafiri,白银,134,31,转得我眩晕了
百裂冥犬,Naafiri,黄金,135,58,我们的治疗
百裂冥犬,Naafiri,白银,136,32,火狐
百裂冥犬,Naafiri,白银,137,33,灵巧
百裂冥犬,Naafiri,棱彩,138,47,魄罗蛮冲
百裂冥犬,Naafiri,棱彩,139,48,玻璃大炮
百裂冥犬,Naafiri,白银,140,34,山脉龙魂
百裂冥犬,Naafiri,棱彩,141,49,空投熊
百裂冥犬,Naafiri,黄金,142,59,咏叹奏鸣
百裂冥犬,Naafiri,白银,143,35,万用瞄准镜
百裂冥犬,Naafiri,棱彩,144,50,最万用的瞄准镜
百裂冥犬,Naafiri,黄金,145,60,吸血习性
百裂冥犬,Naafiri,棱彩,146,51,软弹啪叽抓
百裂冥犬,Naafiri,白银,147,36,吵闹鬼
百裂冥犬,Naafiri,白银,148,37,由心及物
百裂冥犬,Naafiri,棱彩,149,52,踢踏舞
百裂冥犬,Naafiri,白银,150,38,注魔
百裂冥犬,Naafiri,黄金,151,61,狙神飞星
百裂冥犬,Naafiri,白银,152,39,点亮他们！
百裂冥犬,Naafiri,白银,153,40,冰寒
百裂冥犬,Naafiri,白银,154,41,闪光弹
百裂冥犬,Naafiri,棱彩,155,53,小丑学院
百裂冥犬,Naafiri,棱彩,156,54,艾卡西亚的陷落
百裂冥犬,Naafiri,白银,157,42,升级：献祭
百裂冥犬,Naafiri,白银,158,43,闪闪现现
百裂冥犬,Naafiri,黄金,159,62,活力焕发
百裂冥犬,Naafiri,黄金,160,63,雪球扭蛋机
百裂冥犬,Naafiri,黄金,161,64,升级：雪球
百裂冥犬,Naafiri,棱彩,162,55,量子计算
百裂冥犬,Naafiri,黄金,163,65,会心治疗
百裂冥犬,Naafiri,黄金,164,66,最终都市列车
百裂冥犬,Naafiri,黄金,165,67,坚韧
百裂冥犬,Naafiri,黄金,166,68,魄罗爆破手
百裂冥犬,Naafiri,白银,167,44,虹吸
百裂冥犬,Naafiri,黄金,168,69,虚空冲刺
百裂冥犬,Naafiri,黄金,169,70,神射法师
百裂冥犬,Naafiri,黄金,170,71,全心为你
百裂冥犬,Naafiri,棱彩,171,56,升级：花晓之剑
百裂冥犬,Naafiri,棱彩,172,57,你肩上的恶魔
百裂冥犬,Naafiri,白银,173,45,急救用具
百裂冥犬,Naafiri,棱彩,174,58,沃格勒特的巫师帽
百裂冥犬,Naafiri,白银,175,46,叠角龙
百裂冥犬,Naafiri,棱彩,176,59,蛋白粉奶昔
百裂冥犬,Naafiri,黄金,177,72,暴击律动
百裂冥犬,Naafiri,棱彩,178,60,魄罗之王的弹跳
唤潮鲛姬,Nami,白银,1,1,急救用具
唤潮鲛姬,Nami,黄金,2,1,全心为你
唤潮鲛姬,Nami,黄金,3,2,咏叹奏鸣
唤潮鲛姬,Nami,黄金,4,3,喂呜喂呜
唤潮鲛姬,Nami,白银,5,2,天音爆
唤潮鲛姬,Nami,黄金,6,4,仁慈打击
唤潮鲛姬,Nami,棱彩,7,1,灵魄炸弹
唤潮鲛姬,Nami,棱彩,8,2,信念者的强化
唤潮鲛姬,Nami,黄金,9,5,神圣干预
唤潮鲛姬,Nami,白银,10,3,纯粹主义者 - 术师
唤潮鲛姬,Nami,黄金,11,6,急速之追求
唤潮鲛姬,Nami,棱彩,12,3,大法师
唤潮鲛姬,Nami,棱彩,13,4,风语者的祝福
唤潮鲛姬,Nami,棱彩,14,5,至高天诺言
唤潮鲛姬,Nami,黄金,15,7,超凡邪恶
唤潮鲛姬,Nami,棱彩,16,6,尤里卡
唤潮鲛姬,Nami,棱彩,17,7,无限循环往复
唤潮鲛姬,Nami,白银,18,4,巫师式思考
唤潮鲛姬,Nami,黄金,19,8,魔法飞弹
唤潮鲛姬,Nami,黄金,20,9,质变：棱彩阶
唤潮鲛姬,Nami,黄金,21,10,炽烈黎明
唤潮鲛姬,Nami,黄金,22,11,循环往复
唤潮鲛姬,Nami,黄金,23,12,老练狙神
唤潮鲛姬,Nami,棱彩,24,8,精怪魔法
唤潮鲛姬,Nami,黄金,25,13,急急小子
唤潮鲛姬,Nami,黄金,26,14,缩小引擎
唤潮鲛姬,Nami,黄金,27,15,面包和果酱
唤潮鲛姬,Nami,棱彩,28,9,死亡之环
唤潮鲛姬,Nami,棱彩,29,10,蛋白粉奶昔
唤潮鲛姬,Nami,白银,30,5,质变：黄金阶
唤潮鲛姬,Nami,棱彩,31,11,终极刷新
唤潮鲛姬,Nami,白银,32,6,家园卫士
唤潮鲛姬,Nami,棱彩,33,12,超负荷
唤潮鲛姬,Nami,白银,34,7,扇巴掌
唤潮鲛姬,Nami,黄金,35,16,回力OK镖
唤潮鲛姬,Nami,棱彩,36,13,沃格勒特的巫师帽
唤潮鲛姬,Nami,棱彩,37,14,咒语裂变
唤潮鲛姬,Nami,黄金,38,17,会心治疗
唤潮鲛姬,Nami,黄金,39,18,贪欲束缚
唤潮鲛姬,Nami,黄金,40,19,威能之追求
唤潮鲛姬,Nami,黄金,41,20,虚幻武器
唤潮鲛姬,Nami,棱彩,42,15,终极唤醒
唤潮鲛姬,Nami,黄金,43,21,狙神飞星
唤潮鲛姬,Nami,棱彩,44,16,多重射击
唤潮鲛姬,Nami,白银,45,8,练腿日
唤潮鲛姬,Nami,白银,46,9,海洋龙魂
唤潮鲛姬,Nami,棱彩,47,17,升级：花晓之剑
唤潮鲛姬,Nami,黄金,48,22,面包和黄油
唤潮鲛姬,Nami,黄金,49,23,超强大脑
唤潮鲛姬,Nami,棱彩,50,18,残忍
唤潮鲛姬,Nami,黄金,51,24,溢流
唤潮鲛姬,Nami,黄金,52,25,自然即是治愈
唤潮鲛姬,Nami,黄金,53,26,我们的治疗
唤潮鲛姬,Nami,白银,54,10,双生火焰
唤潮鲛姬,Nami,白银,55,11,海克斯科技龙魂
唤潮鲛姬,Nami,白银,56,12,由心及物
唤潮鲛姬,Nami,棱彩,57,19,质变：混沌
唤潮鲛姬,Nami,黄金,58,27,杀戮时间到了
唤潮鲛姬,Nami,白银,59,13,冰寒
唤潮鲛姬,Nami,黄金,60,28,面包和奶酪
唤潮鲛姬,Nami,白银,61,14,物理转魔法
唤潮鲛姬,Nami,黄金,62,29,不动如山
唤潮鲛姬,Nami,白银,63,15,火狐
唤潮鲛姬,Nami,黄金,64,30,捐赠
唤潮鲛姬,Nami,棱彩,65,20,掷骰狂人
唤潮鲛姬,Nami,黄金,66,31,生机迸发
唤潮鲛姬,Nami,黄金,67,32,哎哟，我的硬币！
唤潮鲛姬,Nami,黄金,68,33,尖端发明家
唤潮鲛姬,Nami,黄金,69,34,属性叠属性！
唤潮鲛姬,Nami,白银,70,16,大师铸就
唤潮鲛姬,Nami,黄金,71,35,吞噬灵魂
唤潮鲛姬,Nami,棱彩,72,21,潘朵拉的盒子
唤潮鲛姬,Nami,白银,73,17,侵蚀
唤潮鲛姬,Nami,白银,74,18,逃跑计划
唤潮鲛姬,Nami,棱彩,75,22,回归基本功
唤潮鲛姬,Nami,棱彩,76,23,史上最大雪球
唤潮鲛姬,Nami,白银,77,19,属性！
唤潮鲛姬,Nami,棱彩,78,24,大招工具人
唤潮鲛姬,Nami,白银,79,20,炼狱龙魂
唤潮鲛姬,Nami,白银,80,21,终极不可阻挡
唤潮鲛姬,Nami,黄金,81,36,轻拍背部
唤潮鲛姬,Nami,白银,82,22,防护面纱
唤潮鲛姬,Nami,黄金,83,37,术士果汁盒
唤潮鲛姬,Nami,棱彩,84,25,珠光护手
唤潮鲛姬,Nami,白银,85,23,升级：中娅
唤潮鲛姬,Nami,棱彩,86,26,巨人杀手
唤潮鲛姬,Nami,棱彩,87,27,巨像的勇气
唤潮鲛姬,Nami,白银,88,24,吵闹鬼
唤潮鲛姬,Nami,黄金,89,38,闪现向前
唤潮鲛姬,Nami,白银,90,25,山脉龙魂
唤潮鲛姬,Nami,黄金,91,39,神射法师
唤潮鲛姬,Nami,黄金,92,40,坦克引擎
唤潮鲛姬,Nami,白银,93,26,注魔
唤潮鲛姬,Nami,黄金,94,41,星界躯体
唤潮鲛姬,Nami,白银,95,27,下雪天
唤潮鲛姬,Nami,棱彩,96,28,科学狂人
唤潮鲛姬,Nami,棱彩,97,29,海牛阿福的勇士
唤潮鲛姬,Nami,棱彩,98,30,全能龙魂
唤潮鲛姬,Nami,黄金,99,42,弹球
唤潮鲛姬,Nami,黄金,100,43,鲨鱼暴风
唤潮鲛姬,Nami,黄金,101,44,心灵净化
唤潮鲛姬,Nami,棱彩,102,31,你摸不到
唤潮鲛姬,Nami,棱彩,103,32,属性叠属性叠属性！
唤潮鲛姬,Nami,白银,104,28,俯冲轰炸
唤潮鲛姬,Nami,黄金,105,45,有始有终
唤潮鲛姬,Nami,白银,106,29,杀意翻涌
唤潮鲛姬,Nami,黄金,107,46,冰雪爆裂
唤潮鲛姬,Nami,白银,108,30,渴血
唤潮鲛姬,Nami,棱彩,109,33,飞身踢
唤潮鲛姬,Nami,棱彩,110,34,玻璃大炮
唤潮鲛姬,Nami,白银,111,31,转得我眩晕了
唤潮鲛姬,Nami,棱彩,112,35,男爵之手
唤潮鲛姬,Nami,棱彩,113,36,夺金
唤潮鲛姬,Nami,棱彩,114,37,魄罗蛮冲
唤潮鲛姬,Nami,黄金,115,47,缩小射线
唤潮鲛姬,Nami,白银,116,32,灵巧
唤潮鲛姬,Nami,黄金,117,48,黎明使者的坚决
唤潮鲛姬,Nami,棱彩,118,38,秘术冲拳
唤潮鲛姬,Nami,白银,119,33,唯快不破
唤潮鲛姬,Nami,棱彩,120,39,炼狱导管
唤潮鲛姬,Nami,黄金,121,49,穿针引线
唤潮鲛姬,Nami,棱彩,122,40,尊我为王
唤潮鲛姬,Nami,黄金,123,50,鲨鱼诱饵
唤潮鲛姬,Nami,棱彩,124,41,空投熊
唤潮鲛姬,Nami,棱彩,125,42,电涌力场
唤潮鲛姬,Nami,棱彩,126,43,歌利亚巨人
唤潮鲛姬,Nami,棱彩,127,44,吃过路兵
唤潮鲛姬,Nami,黄金,128,51,更万用的瞄准镜
唤潮鲛姬,Nami,棱彩,129,45,不祥契约
唤潮鲛姬,Nami,黄金,130,52,火上浇油
唤潮鲛姬,Nami,白银,131,34,万用瞄准镜
唤潮鲛姬,Nami,棱彩,132,46,位面转移
唤潮鲛姬,Nami,黄金,133,53,牙仙子
唤潮鲛姬,Nami,棱彩,134,47,软弹啪叽抓
唤潮鲛姬,Nami,黄金,135,54,夜狩
唤潮鲛姬,Nami,白银,136,35,点亮他们！
唤潮鲛姬,Nami,棱彩,137,48,神圣雪球
唤潮鲛姬,Nami,棱彩,138,49,扳机炼狱
唤潮鲛姬,Nami,棱彩,139,50,物法皆修
唤潮鲛姬,Nami,黄金,140,55,过量延伸者
唤潮鲛姬,Nami,棱彩,141,51,最终形态
唤潮鲛姬,Nami,黄金,142,56,升级：耀光
唤潮鲛姬,Nami,黄金,143,57,罪恶快感
唤潮鲛姬,Nami,白银,144,36,重量级打击手
唤潮鲛姬,Nami,棱彩,145,52,最万用的瞄准镜
唤潮鲛姬,Nami,黄金,146,58,钢化你心
唤潮鲛姬,Nami,黄金,147,59,豪猪
唤潮鲛姬,Nami,棱彩,148,53,踢踏舞
唤潮鲛姬,Nami,棱彩,149,54,泰坦的坚决
唤潮鲛姬,Nami,黄金,150,60,藏身草丛
唤潮鲛姬,Nami,黄金,151,61,高压锅
唤潮鲛姬,Nami,棱彩,152,55,利刃华尔兹
唤潮鲛姬,Nami,棱彩,153,56,小猫咪找妈妈
唤潮鲛姬,Nami,棱彩,154,57,飞升仪式
唤潮鲛姬,Nami,黄金,155,62,活力焕发
唤潮鲛姬,Nami,棱彩,156,58,战争交响乐
唤潮鲛姬,Nami,黄金,157,63,坚韧
唤潮鲛姬,Nami,黄金,158,64,祖母的辣椒油
唤潮鲛姬,Nami,棱彩,159,59,激光治疗
唤潮鲛姬,Nami,白银,160,37,闪闪现现
唤潮鲛姬,Nami,白银,161,38,坚若磐石
唤潮鲛姬,Nami,黄金,162,65,魄罗爆破手
唤潮鲛姬,Nami,白银,163,39,闪光弹
唤潮鲛姬,Nami,黄金,164,66,升级：雪球
唤潮鲛姬,Nami,棱彩,165,60,量子计算
唤潮鲛姬,Nami,白银,166,40,强力护盾
唤潮鲛姬,Nami,黄金,167,67,关键暴击
唤潮鲛姬,Nami,黄金,168,68,灵魂虹吸
唤潮鲛姬,Nami,白银,169,41,台风
唤潮鲛姬,Nami,黄金,170,69,易损
唤潮鲛姬,Nami,黄金,171,70,吸血习性
唤潮鲛姬,Nami,黄金,172,71,最终都市列车
唤潮鲛姬,Nami,棱彩,173,61,？？？
唤潮鲛姬,Nami,棱彩,174,62,双发快射
唤潮鲛姬,Nami,白银,175,42,主玩辅助
唤潮鲛姬,Nami,白银,176,43,会心防御
唤潮鲛姬,Nami,黄金,177,72,雪球扭蛋机
唤潮鲛姬,Nami,黄金,178,73,暴击飞弹
唤潮鲛姬,Nami,棱彩,179,63,连拨击锤
唤潮鲛姬,Nami,棱彩,180,64,小丑学院
唤潮鲛姬,Nami,棱彩,181,65,卡皮巴拉空投
唤潮鲛姬,Nami,棱彩,182,66,魄罗之王的弹跳
唤潮鲛姬,Nami,白银,183,44,狂热者
沙漠死神,Nasus,黄金,1,1,坦克引擎
沙漠死神,Nasus,白银,2,1,重量级打击手
沙漠死神,Nasus,棱彩,3,1,歌利亚巨人
沙漠死神,Nasus,白银,4,2,渴血
沙漠死神,Nasus,黄金,5,2,邦！
沙漠死神,Nasus,棱彩,6,2,秘术冲拳
沙漠死神,Nasus,黄金,7,3,升级：耀光
沙漠死神,Nasus,棱彩,8,3,最终形态
沙漠死神,Nasus,黄金,9,4,虚幻武器
沙漠死神,Nasus,黄金,10,5,钢化你心
沙漠死神,Nasus,黄金,11,6,黎明使者的坚决
沙漠死神,Nasus,棱彩,12,4,无限循环往复
沙漠死神,Nasus,黄金,13,7,急急小子
沙漠死神,Nasus,黄金,14,8,星界躯体
沙漠死神,Nasus,白银,15,3,大力
沙漠死神,Nasus,棱彩,16,5,泰坦的坚决
沙漠死神,Nasus,黄金,17,9,质变：棱彩阶
沙漠死神,Nasus,黄金,18,10,超凡邪恶
沙漠死神,Nasus,白银,19,4,纯粹主义者 - 术师
沙漠死神,Nasus,黄金,20,11,循环往复
沙漠死神,Nasus,棱彩,21,6,大法师
沙漠死神,Nasus,棱彩,22,7,终极唤醒
沙漠死神,Nasus,棱彩,23,8,飞身踢
沙漠死神,Nasus,黄金,24,12,魔法飞弹
沙漠死神,Nasus,黄金,25,13,更万用的瞄准镜
沙漠死神,Nasus,黄金,26,14,神圣干预
沙漠死神,Nasus,黄金,27,15,面包和黄油
沙漠死神,Nasus,白银,28,5,终极不可阻挡
沙漠死神,Nasus,棱彩,29,9,尤里卡
沙漠死神,Nasus,黄金,30,16,急速之追求
沙漠死神,Nasus,黄金,31,17,高压锅
沙漠死神,Nasus,白银,32,6,练腿日
沙漠死神,Nasus,黄金,33,18,小小的额外帮助
沙漠死神,Nasus,白银,34,7,巫师式思考
沙漠死神,Nasus,白银,35,8,质变：黄金阶
沙漠死神,Nasus,白银,36,9,叠角龙
沙漠死神,Nasus,白银,37,10,逃跑计划
沙漠死神,Nasus,棱彩,38,10,掷骰狂人
沙漠死神,Nasus,白银,39,11,万用瞄准镜
沙漠死神,Nasus,棱彩,40,11,和我一起困在这里
沙漠死神,Nasus,白银,41,12,前进时间到
沙漠死神,Nasus,棱彩,42,12,最万用的瞄准镜
沙漠死神,Nasus,棱彩,43,13,回归基本功
沙漠死神,Nasus,黄金,44,19,缩小引擎
沙漠死神,Nasus,棱彩,45,14,艾卡西亚的陷落
沙漠死神,Nasus,棱彩,46,15,超负荷
沙漠死神,Nasus,白银,47,13,大师铸就
沙漠死神,Nasus,黄金,48,20,炽燃利息
沙漠死神,Nasus,黄金,49,21,术士果汁盒
沙漠死神,Nasus,黄金,50,22,升级：贪欲九头蛇
沙漠死神,Nasus,棱彩,51,16,质变：混沌
沙漠死神,Nasus,黄金,52,23,无尽大杀四方
沙漠死神,Nasus,黄金,53,24,捐赠
沙漠死神,Nasus,黄金,54,25,回力OK镖
沙漠死神,Nasus,黄金,55,26,属性叠属性！
沙漠死神,Nasus,黄金,56,27,闪现向前
沙漠死神,Nasus,白银,57,14,侵蚀
沙漠死神,Nasus,白银,58,15,海洋龙魂
沙漠死神,Nasus,黄金,59,28,罪恶快感
沙漠死神,Nasus,棱彩,60,17,科学狂人
沙漠死神,Nasus,棱彩,61,18,炼狱导管
沙漠死神,Nasus,黄金,62,29,升级：焚天
沙漠死神,Nasus,黄金,63,30,我们的治疗
沙漠死神,Nasus,黄金,64,31,威能之追求
沙漠死神,Nasus,黄金,65,32,惊惧
沙漠死神,Nasus,棱彩,66,19,你摸不到
沙漠死神,Nasus,白银,67,16,冰寒
沙漠死神,Nasus,棱彩,68,20,珠光护手
沙漠死神,Nasus,白银,69,17,防护面纱
沙漠死神,Nasus,黄金,70,33,升级：无尽之刃
沙漠死神,Nasus,黄金,71,34,生机迸发
沙漠死神,Nasus,白银,72,18,魔法转物理
沙漠死神,Nasus,黄金,73,35,面包和奶酪
沙漠死神,Nasus,黄金,74,36,轻拍背部
沙漠死神,Nasus,白银,75,19,杀意翻涌
沙漠死神,Nasus,黄金,76,37,灵魂虹吸
沙漠死神,Nasus,棱彩,77,21,终极刷新
沙漠死神,Nasus,黄金,78,38,狙神飞星
沙漠死神,Nasus,黄金,79,39,杀戮时间到了
沙漠死神,Nasus,棱彩,80,22,沃格勒特的巫师帽
沙漠死神,Nasus,棱彩,81,23,史上最大雪球
沙漠死神,Nasus,白银,82,20,双生火焰
沙漠死神,Nasus,白银,83,21,炼狱龙魂
沙漠死神,Nasus,黄金,84,40,易损
沙漠死神,Nasus,白银,85,22,升级：死亡之舞
沙漠死神,Nasus,黄金,86,41,面包和果酱
沙漠死神,Nasus,棱彩,87,24,物法皆修
沙漠死神,Nasus,黄金,88,42,尖端发明家
沙漠死神,Nasus,白银,89,23,家园卫士
沙漠死神,Nasus,黄金,90,43,豪猪
沙漠死神,Nasus,棱彩,91,25,巨人杀手
沙漠死神,Nasus,棱彩,92,26,潘朵拉的盒子
沙漠死神,Nasus,黄金,93,44,穿针引线
沙漠死神,Nasus,白银,94,24,升级：收集者
沙漠死神,Nasus,黄金,95,45,牙仙子
沙漠死神,Nasus,黄金,96,46,弹球
沙漠死神,Nasus,黄金,97,47,自然即是治愈
沙漠死神,Nasus,黄金,98,48,冰雪爆裂
沙漠死神,Nasus,白银,99,25,下雪天
沙漠死神,Nasus,棱彩,100,27,终极九头蛇
沙漠死神,Nasus,黄金,101,49,关键暴击
沙漠死神,Nasus,棱彩,102,28,吃过路兵
沙漠死神,Nasus,黄金,103,50,心灵净化
沙漠死神,Nasus,黄金,104,51,神射法师
沙漠死神,Nasus,白银,105,26,物理转魔法
沙漠死神,Nasus,黄金,106,52,有始有终
沙漠死神,Nasus,白银,107,27,俯冲轰炸
沙漠死神,Nasus,黄金,108,53,缩小射线
沙漠死神,Nasus,棱彩,109,29,海牛阿福的勇士
沙漠死神,Nasus,黄金,110,54,夜狩
沙漠死神,Nasus,白银,111,28,海克斯科技龙魂
沙漠死神,Nasus,黄金,112,55,溢流
沙漠死神,Nasus,白银,113,29,由心及物
沙漠死神,Nasus,棱彩,114,30,双刀流
沙漠死神,Nasus,白银,115,30,火狐
沙漠死神,Nasus,棱彩,116,31,玻璃大炮
沙漠死神,Nasus,棱彩,117,32,全能龙魂
沙漠死神,Nasus,白银,118,31,台风
沙漠死神,Nasus,白银,119,32,属性！
沙漠死神,Nasus,黄金,120,56,哎哟，我的硬币！
沙漠死神,Nasus,白银,121,33,吵闹鬼
沙漠死神,Nasus,白银,122,34,升级：献祭
沙漠死神,Nasus,黄金,123,57,火上浇油
沙漠死神,Nasus,棱彩,124,33,针插垫
沙漠死神,Nasus,白银,125,35,狂热者
沙漠死神,Nasus,黄金,126,58,鲨鱼暴风
沙漠死神,Nasus,棱彩,127,34,属性叠属性叠属性！
沙漠死神,Nasus,棱彩,128,35,神圣雪球
沙漠死神,Nasus,棱彩,129,36,濒死悟道
沙漠死神,Nasus,棱彩,130,37,利刃华尔兹
沙漠死神,Nasus,棱彩,131,38,飞升仪式
沙漠死神,Nasus,白银,132,36,会心防御
沙漠死神,Nasus,白银,133,37,转得我眩晕了
沙漠死神,Nasus,白银,134,38,唯快不破
沙漠死神,Nasus,棱彩,135,39,空投熊
沙漠死神,Nasus,棱彩,136,40,连拨击锤
沙漠死神,Nasus,棱彩,137,41,不祥契约
沙漠死神,Nasus,棱彩,138,42,夺金
沙漠死神,Nasus,白银,139,39,注魔
沙漠死神,Nasus,黄金,140,59,鲨鱼诱饵
沙漠死神,Nasus,棱彩,141,43,尊我为王
沙漠死神,Nasus,黄金,142,60,咏叹奏鸣
沙漠死神,Nasus,棱彩,143,44,战争交响乐
沙漠死神,Nasus,白银,144,40,山脉龙魂
沙漠死神,Nasus,黄金,145,61,炽烈黎明
沙漠死神,Nasus,棱彩,146,45,双发快射
沙漠死神,Nasus,黄金,147,62,超强大脑
沙漠死神,Nasus,黄金,148,63,过量延伸者
沙漠死神,Nasus,棱彩,149,46,扳机炼狱
沙漠死神,Nasus,棱彩,150,47,大招工具人
沙漠死神,Nasus,白银,151,41,灵巧
沙漠死神,Nasus,棱彩,152,48,软弹啪叽抓
沙漠死神,Nasus,棱彩,153,49,死亡之环
沙漠死神,Nasus,棱彩,154,50,舞会女王
沙漠死神,Nasus,棱彩,155,51,男爵之手
沙漠死神,Nasus,棱彩,156,52,电涌力场
沙漠死神,Nasus,棱彩,157,53,位面转移
沙漠死神,Nasus,白银,158,42,升级：中娅
沙漠死神,Nasus,黄金,159,64,藏身草丛
沙漠死神,Nasus,白银,160,43,由暴生急
沙漠死神,Nasus,棱彩,161,54,魄罗蛮冲
沙漠死神,Nasus,棱彩,162,55,踢踏舞
沙漠死神,Nasus,白银,163,44,点亮他们！
沙漠死神,Nasus,棱彩,164,56,风语者的祝福
沙漠死神,Nasus,黄金,165,65,吸血习性
沙漠死神,Nasus,黄金,166,66,坚韧
沙漠死神,Nasus,黄金,167,67,活力焕发
沙漠死神,Nasus,白银,168,45,闪闪现现
沙漠死神,Nasus,白银,169,46,闪光弹
沙漠死神,Nasus,黄金,170,68,会心治疗
沙漠死神,Nasus,黄金,171,69,祖母的辣椒油
沙漠死神,Nasus,棱彩,172,57,小丑学院
沙漠死神,Nasus,棱彩,173,58,蛋白粉奶昔
沙漠死神,Nasus,黄金,174,70,升级：雪球
沙漠死神,Nasus,黄金,175,71,雪球扭蛋机
沙漠死神,Nasus,黄金,176,72,魄罗爆破手
沙漠死神,Nasus,棱彩,177,59,量子计算
沙漠死神,Nasus,黄金,178,73,最终都市列车
沙漠死神,Nasus,黄金,179,74,暴击律动
沙漠死神,Nasus,棱彩,180,60,卡皮巴拉空投
沙漠死神,Nasus,白银,181,47,可靠武器
沙漠死神,Nasus,白银,182,48,自适应防护
沙漠死神,Nasus,棱彩,183,61,王中王，靴中靴
沙漠死神,Nasus,棱彩,184,62,信念者的强化
深海泰坦,Nautilus,黄金,1,1,坦克引擎
深海泰坦,Nautilus,白银,2,1,重量级打击手
深海泰坦,Nautilus,黄金,3,2,钢化你心
深海泰坦,Nautilus,棱彩,4,1,飞身踢
深海泰坦,Nautilus,黄金,5,3,星界躯体
深海泰坦,Nautilus,棱彩,6,2,歌利亚巨人
深海泰坦,Nautilus,棱彩,7,3,巨像的勇气
深海泰坦,Nautilus,白银,8,2,扇巴掌
深海泰坦,Nautilus,黄金,9,4,吞噬灵魂
深海泰坦,Nautilus,黄金,10,5,黎明使者的坚决
深海泰坦,Nautilus,白银,11,3,升级：献祭
深海泰坦,Nautilus,黄金,12,6,高压锅
深海泰坦,Nautilus,黄金,13,7,不动如山
深海泰坦,Nautilus,棱彩,14,4,艾卡西亚的陷落
深海泰坦,Nautilus,棱彩,15,5,泰坦的坚决
深海泰坦,Nautilus,黄金,16,8,质变：棱彩阶
深海泰坦,Nautilus,黄金,17,9,贪欲束缚
深海泰坦,Nautilus,棱彩,18,6,残忍
深海泰坦,Nautilus,白银,19,4,保持坚定
深海泰坦,Nautilus,白银,20,5,质变：黄金阶
深海泰坦,Nautilus,黄金,21,10,生机迸发
深海泰坦,Nautilus,黄金,22,11,豪猪
深海泰坦,Nautilus,白银,23,6,逃跑计划
深海泰坦,Nautilus,黄金,24,12,循环往复
深海泰坦,Nautilus,白银,25,7,大师铸就
深海泰坦,Nautilus,白银,26,8,练腿日
深海泰坦,Nautilus,白银,27,9,俯冲轰炸
深海泰坦,Nautilus,黄金,28,13,面包和果酱
深海泰坦,Nautilus,黄金,29,14,无尽大杀四方
深海泰坦,Nautilus,白银,30,10,海洋龙魂
深海泰坦,Nautilus,黄金,31,15,尖端发明家
深海泰坦,Nautilus,白银,32,11,由心及物
深海泰坦,Nautilus,棱彩,33,7,质变：混沌
深海泰坦,Nautilus,棱彩,34,8,掷骰狂人
深海泰坦,Nautilus,棱彩,35,9,科学狂人
深海泰坦,Nautilus,棱彩,36,10,回响施放
深海泰坦,Nautilus,棱彩,37,11,和我一起困在这里
深海泰坦,Nautilus,黄金,38,16,急速之追求
深海泰坦,Nautilus,黄金,39,17,面包和黄油
深海泰坦,Nautilus,白银,40,12,加固护盾
深海泰坦,Nautilus,棱彩,41,12,终极刷新
深海泰坦,Nautilus,棱彩,42,13,史上最大雪球
深海泰坦,Nautilus,黄金,43,18,神圣干预
深海泰坦,Nautilus,白银,44,13,下雪天
深海泰坦,Nautilus,黄金,45,19,虚幻武器
深海泰坦,Nautilus,棱彩,46,14,终极唤醒
深海泰坦,Nautilus,棱彩,47,15,秘术冲拳
深海泰坦,Nautilus,黄金,48,20,属性叠属性！
深海泰坦,Nautilus,黄金,49,21,冰雪爆裂
深海泰坦,Nautilus,黄金,50,22,捐赠
深海泰坦,Nautilus,黄金,51,23,自然即是治愈
深海泰坦,Nautilus,棱彩,52,16,最终形态
深海泰坦,Nautilus,白银,53,14,渴血
深海泰坦,Nautilus,黄金,54,24,弹球
深海泰坦,Nautilus,白银,55,15,冰寒
深海泰坦,Nautilus,白银,56,16,快中求稳
深海泰坦,Nautilus,黄金,57,25,轻拍背部
深海泰坦,Nautilus,白银,58,17,终极不可阻挡
深海泰坦,Nautilus,白银,59,18,侵蚀
深海泰坦,Nautilus,白银,60,19,山脉龙魂
深海泰坦,Nautilus,棱彩,61,17,软弹啪叽抓
深海泰坦,Nautilus,棱彩,62,18,空投熊
深海泰坦,Nautilus,黄金,63,26,我们的治疗
深海泰坦,Nautilus,棱彩,64,19,精怪魔法
深海泰坦,Nautilus,黄金,65,27,面包和奶酪
深海泰坦,Nautilus,黄金,66,28,威能之追求
深海泰坦,Nautilus,棱彩,67,20,神圣雪球
深海泰坦,Nautilus,棱彩,68,21,潘朵拉的盒子
深海泰坦,Nautilus,黄金,69,29,闪现向前
深海泰坦,Nautilus,棱彩,70,22,无限循环往复
深海泰坦,Nautilus,黄金,71,30,鲨鱼诱饵
深海泰坦,Nautilus,黄金,72,31,鲨鱼暴风
深海泰坦,Nautilus,棱彩,73,23,大法师
深海泰坦,Nautilus,白银,74,20,属性！
深海泰坦,Nautilus,黄金,75,32,缩小射线
深海泰坦,Nautilus,黄金,76,33,缩小引擎
深海泰坦,Nautilus,棱彩,77,24,舞会女王
深海泰坦,Nautilus,棱彩,78,25,你摸不到
深海泰坦,Nautilus,棱彩,79,26,超负荷
深海泰坦,Nautilus,白银,80,21,强力护盾
深海泰坦,Nautilus,黄金,81,34,杀戮时间到了
深海泰坦,Nautilus,黄金,82,35,超凡邪恶
深海泰坦,Nautilus,黄金,83,36,更万用的瞄准镜
深海泰坦,Nautilus,白银,84,22,火狐
深海泰坦,Nautilus,白银,85,23,防护面纱
深海泰坦,Nautilus,黄金,86,37,哎哟，我的硬币！
深海泰坦,Nautilus,白银,87,24,转得我眩晕了
深海泰坦,Nautilus,棱彩,88,27,回归基本功
深海泰坦,Nautilus,黄金,89,38,心灵净化
深海泰坦,Nautilus,棱彩,90,28,全能龙魂
深海泰坦,Nautilus,白银,91,25,杀意翻涌
深海泰坦,Nautilus,棱彩,92,29,大地苏醒
深海泰坦,Nautilus,白银,93,26,万用瞄准镜
深海泰坦,Nautilus,黄金,94,39,咏叹奏鸣
深海泰坦,Nautilus,黄金,95,40,火上浇油
深海泰坦,Nautilus,白银,96,27,家园卫士
深海泰坦,Nautilus,黄金,97,41,过量延伸者
深海泰坦,Nautilus,黄金,98,42,炽燃利息
深海泰坦,Nautilus,黄金,99,43,术士果汁盒
深海泰坦,Nautilus,黄金,100,44,狂徒豪气
深海泰坦,Nautilus,白银,101,28,炼狱龙魂
深海泰坦,Nautilus,白银,102,29,暗影疾奔
深海泰坦,Nautilus,棱彩,103,30,属性叠属性叠属性！
深海泰坦,Nautilus,棱彩,104,31,扳机炼狱
深海泰坦,Nautilus,棱彩,105,32,炼狱导管
深海泰坦,Nautilus,白银,106,30,纯粹主义者 - 术师
深海泰坦,Nautilus,黄金,107,45,炽烈黎明
深海泰坦,Nautilus,棱彩,108,33,尊我为王
深海泰坦,Nautilus,棱彩,109,34,吃过路兵
深海泰坦,Nautilus,白银,110,31,海克斯科技龙魂
深海泰坦,Nautilus,棱彩,111,35,海牛阿福的勇士
深海泰坦,Nautilus,白银,112,32,物理转魔法
深海泰坦,Nautilus,棱彩,113,36,大招工具人
深海泰坦,Nautilus,棱彩,114,37,濒死悟道
深海泰坦,Nautilus,白银,115,33,灵巧
深海泰坦,Nautilus,棱彩,116,38,最万用的瞄准镜
深海泰坦,Nautilus,白银,117,34,巫师式思考
深海泰坦,Nautilus,白银,118,35,双生火焰
深海泰坦,Nautilus,黄金,119,46,急急小子
深海泰坦,Nautilus,棱彩,120,39,利刃华尔兹
深海泰坦,Nautilus,棱彩,121,40,全凭身法
深海泰坦,Nautilus,棱彩,122,41,风语者的祝福
深海泰坦,Nautilus,黄金,123,47,溢流
深海泰坦,Nautilus,黄金,124,48,神射法师
深海泰坦,Nautilus,棱彩,125,42,尤里卡
深海泰坦,Nautilus,棱彩,126,43,飞升仪式
深海泰坦,Nautilus,黄金,127,49,回力OK镖
深海泰坦,Nautilus,黄金,128,50,升级：焚天
深海泰坦,Nautilus,白银,129,36,吵闹鬼
深海泰坦,Nautilus,棱彩,130,44,至高天诺言
深海泰坦,Nautilus,棱彩,131,45,珠光护手
深海泰坦,Nautilus,棱彩,132,46,巨人杀手
深海泰坦,Nautilus,棱彩,133,47,夺金
深海泰坦,Nautilus,棱彩,134,48,魄罗蛮冲
深海泰坦,Nautilus,棱彩,135,49,位面转移
深海泰坦,Nautilus,棱彩,136,50,男爵之手
深海泰坦,Nautilus,黄金,137,51,超强大脑
深海泰坦,Nautilus,黄金,138,52,罪恶快感
深海泰坦,Nautilus,黄金,139,53,魔法飞弹
深海泰坦,Nautilus,黄金,140,54,穿针引线
深海泰坦,Nautilus,黄金,141,55,牙仙子
深海泰坦,Nautilus,黄金,142,56,升级：贪欲九头蛇
深海泰坦,Nautilus,棱彩,143,51,不祥契约
深海泰坦,Nautilus,黄金,144,57,有始有终
深海泰坦,Nautilus,棱彩,145,52,物法皆修
深海泰坦,Nautilus,棱彩,146,53,沃格勒特的巫师帽
深海泰坦,Nautilus,白银,147,37,狂热者
深海泰坦,Nautilus,白银,148,38,注魔
深海泰坦,Nautilus,白银,149,39,升级：中娅
深海泰坦,Nautilus,黄金,150,58,夜狩
深海泰坦,Nautilus,棱彩,151,54,电涌力场
深海泰坦,Nautilus,棱彩,152,55,战争交响乐
深海泰坦,Nautilus,黄金,153,59,坚韧
深海泰坦,Nautilus,棱彩,154,56,踢踏舞
深海泰坦,Nautilus,黄金,155,60,藏身草丛
深海泰坦,Nautilus,白银,156,40,点亮他们！
深海泰坦,Nautilus,棱彩,157,57,双刀流
深海泰坦,Nautilus,白银,158,41,唯快不破
深海泰坦,Nautilus,棱彩,159,58,连拨击锤
深海泰坦,Nautilus,白银,160,42,坚若磐石
深海泰坦,Nautilus,棱彩,161,59,蛋白粉奶昔
深海泰坦,Nautilus,棱彩,162,60,灵魄炸弹
深海泰坦,Nautilus,黄金,163,61,活力焕发
深海泰坦,Nautilus,黄金,164,62,会心治疗
深海泰坦,Nautilus,白银,165,43,闪光弹
深海泰坦,Nautilus,白银,166,44,急救用具
深海泰坦,Nautilus,黄金,167,63,升级：雪球
深海泰坦,Nautilus,棱彩,168,61,玻璃大炮
深海泰坦,Nautilus,白银,169,45,闪闪现现
深海泰坦,Nautilus,黄金,170,64,雪球扭蛋机
深海泰坦,Nautilus,黄金,171,65,祖母的辣椒油
深海泰坦,Nautilus,棱彩,172,62,量子计算
深海泰坦,Nautilus,黄金,173,66,虚空冲刺
深海泰坦,Nautilus,白银,174,46,叠角龙
深海泰坦,Nautilus,黄金,175,67,吸血习性
深海泰坦,Nautilus,棱彩,176,63,小丑学院
深海泰坦,Nautilus,黄金,177,68,最终都市列车
深海泰坦,Nautilus,黄金,178,69,魄罗爆破手
深海泰坦,Nautilus,黄金,179,70,关键暴击
深海泰坦,Nautilus,棱彩,180,64,魄罗之王的弹跳
深海泰坦,Nautilus,白银,181,47,会心防御
深海泰坦,Nautilus,黄金,182,71,易损
深海泰坦,Nautilus,白银,183,48,虹吸
深海泰坦,Nautilus,棱彩,184,65,激光治疗
深海泰坦,Nautilus,棱彩,185,66,？？？
深海泰坦,Nautilus,黄金,186,72,灵魂虹吸
深海泰坦,Nautilus,棱彩,187,67,卡皮巴拉空投
深海泰坦,Nautilus,黄金,188,73,仁慈打击
深海泰坦,Nautilus,黄金,189,74,全心为你
深海泰坦,Nautilus,黄金,190,75,快步
深海泰坦,Nautilus,白银,191,49,天音爆
深海泰坦,Nautilus,白银,192,50,由暴生急
深海泰坦,Nautilus,白银,193,51,主玩辅助
深海泰坦,Nautilus,白银,194,52,自适应防护
万花通灵,Neeko,黄金,1,1,魔法飞弹
万花通灵,Neeko,白银,2,1,升级：中娅
万花通灵,Neeko,白银,3,2,巫师式思考
万花通灵,Neeko,棱彩,4,1,尤里卡
万花通灵,Neeko,黄金,5,2,超凡邪恶
万花通灵,Neeko,黄金,6,3,术士果汁盒
万花通灵,Neeko,棱彩,7,2,残忍
万花通灵,Neeko,黄金,8,4,老练狙神
万花通灵,Neeko,黄金,9,5,杀戮时间到了
万花通灵,Neeko,白银,10,3,扇巴掌
万花通灵,Neeko,棱彩,11,3,精怪魔法
万花通灵,Neeko,棱彩,12,4,终极刷新
万花通灵,Neeko,棱彩,13,5,大法师
万花通灵,Neeko,黄金,14,6,超强大脑
万花通灵,Neeko,白银,15,4,终极不可阻挡
万花通灵,Neeko,白银,16,5,纯粹主义者 - 术师
万花通灵,Neeko,黄金,17,7,牙仙子
万花通灵,Neeko,黄金,18,8,质变：棱彩阶
万花通灵,Neeko,黄金,19,9,循环往复
万花通灵,Neeko,棱彩,20,6,无限循环往复
万花通灵,Neeko,黄金,21,10,急速之追求
万花通灵,Neeko,黄金,22,11,贪欲束缚
万花通灵,Neeko,棱彩,23,7,沃格勒特的巫师帽
万花通灵,Neeko,黄金,24,12,炽烈黎明
万花通灵,Neeko,黄金,25,13,虚幻武器
万花通灵,Neeko,黄金,26,14,急急小子
万花通灵,Neeko,黄金,27,15,威能之追求
万花通灵,Neeko,棱彩,28,8,回响施放
万花通灵,Neeko,黄金,29,16,闪现向前
万花通灵,Neeko,白银,30,6,家园卫士
万花通灵,Neeko,棱彩,31,9,咒语裂变
万花通灵,Neeko,黄金,32,17,狙神飞星
万花通灵,Neeko,棱彩,33,10,终极唤醒
万花通灵,Neeko,棱彩,34,11,你摸不到
万花通灵,Neeko,白银,35,7,质变：黄金阶
万花通灵,Neeko,黄金,36,18,缩小引擎
万花通灵,Neeko,黄金,37,19,穿针引线
万花通灵,Neeko,黄金,38,20,吞噬灵魂
万花通灵,Neeko,黄金,39,21,面包和奶酪
万花通灵,Neeko,白银,40,8,下雪天
万花通灵,Neeko,棱彩,41,12,史上最大雪球
万花通灵,Neeko,黄金,42,22,面包和黄油
万花通灵,Neeko,白银,43,9,双生火焰
万花通灵,Neeko,黄金,44,23,弹球
万花通灵,Neeko,白银,45,10,由心及物
万花通灵,Neeko,棱彩,46,13,多重射击
万花通灵,Neeko,白银,47,11,海克斯科技龙魂
万花通灵,Neeko,白银,48,12,物理转魔法
万花通灵,Neeko,黄金,49,24,溢流
万花通灵,Neeko,黄金,50,25,回力OK镖
万花通灵,Neeko,棱彩,51,14,巨像的勇气
万花通灵,Neeko,白银,52,13,练腿日
万花通灵,Neeko,白银,53,14,逃跑计划
万花通灵,Neeko,白银,54,15,俯冲轰炸
万花通灵,Neeko,黄金,55,26,捐赠
万花通灵,Neeko,棱彩,56,15,珠光护手
万花通灵,Neeko,黄金,57,27,藏身草丛
万花通灵,Neeko,棱彩,58,16,超负荷
万花通灵,Neeko,白银,59,16,炼狱龙魂
万花通灵,Neeko,黄金,60,28,不动如山
万花通灵,Neeko,黄金,61,29,神射法师
万花通灵,Neeko,棱彩,62,17,质变：混沌
万花通灵,Neeko,白银,63,17,大师铸就
万花通灵,Neeko,黄金,64,30,冰雪爆裂
万花通灵,Neeko,黄金,65,31,有始有终
万花通灵,Neeko,黄金,66,32,鲨鱼暴风
万花通灵,Neeko,黄金,67,33,属性叠属性！
万花通灵,Neeko,黄金,68,34,神圣干预
万花通灵,Neeko,黄金,69,35,尖端发明家
万花通灵,Neeko,棱彩,70,18,大招工具人
万花通灵,Neeko,黄金,71,36,心灵净化
万花通灵,Neeko,黄金,72,37,轻拍背部
万花通灵,Neeko,棱彩,73,19,神圣雪球
万花通灵,Neeko,白银,74,18,火狐
万花通灵,Neeko,黄金,75,38,鲨鱼诱饵
万花通灵,Neeko,棱彩,76,20,掷骰狂人
万花通灵,Neeko,白银,77,19,防护面纱
万花通灵,Neeko,棱彩,78,21,潘朵拉的盒子
万花通灵,Neeko,棱彩,79,22,巨人杀手
万花通灵,Neeko,棱彩,80,23,空投熊
万花通灵,Neeko,白银,81,20,冰寒
万花通灵,Neeko,白银,82,21,台风
万花通灵,Neeko,白银,83,22,侵蚀
万花通灵,Neeko,白银,84,23,海洋龙魂
万花通灵,Neeko,黄金,85,39,哎哟，我的硬币！
万花通灵,Neeko,棱彩,86,24,玻璃大炮
万花通灵,Neeko,棱彩,87,25,物法皆修
万花通灵,Neeko,黄金,88,40,夜狩
万花通灵,Neeko,黄金,89,41,生机迸发
万花通灵,Neeko,白银,90,24,属性！
万花通灵,Neeko,黄金,91,42,面包和果酱
万花通灵,Neeko,棱彩,92,26,双刀流
万花通灵,Neeko,棱彩,93,27,科学狂人
万花通灵,Neeko,棱彩,94,28,连拨击锤
万花通灵,Neeko,白银,95,25,杀意翻涌
万花通灵,Neeko,棱彩,96,29,软弹啪叽抓
万花通灵,Neeko,棱彩,97,30,飞身踢
万花通灵,Neeko,黄金,98,43,升级：无尽之刃
万花通灵,Neeko,棱彩,99,31,亮出你的剑
万花通灵,Neeko,白银,100,26,渴血
万花通灵,Neeko,白银,101,27,狂热者
万花通灵,Neeko,黄金,102,44,升级：耀光
万花通灵,Neeko,棱彩,103,32,最终形态
万花通灵,Neeko,黄金,104,45,过量延伸者
万花通灵,Neeko,黄金,105,46,罪恶快感
万花通灵,Neeko,棱彩,106,33,全能龙魂
万花通灵,Neeko,白银,107,28,注魔
万花通灵,Neeko,白银,108,29,转得我眩晕了
万花通灵,Neeko,棱彩,109,34,炼狱导管
万花通灵,Neeko,棱彩,110,35,海牛阿福的勇士
万花通灵,Neeko,白银,111,30,点亮他们！
万花通灵,Neeko,白银,112,31,魔法转物理
万花通灵,Neeko,黄金,113,47,缩小射线
万花通灵,Neeko,棱彩,114,36,属性叠属性叠属性！
万花通灵,Neeko,白银,115,32,大力
万花通灵,Neeko,黄金,116,48,咏叹奏鸣
万花通灵,Neeko,棱彩,117,37,尊我为王
万花通灵,Neeko,棱彩,118,38,电涌力场
万花通灵,Neeko,黄金,119,49,黎明使者的坚决
万花通灵,Neeko,黄金,120,50,火上浇油
万花通灵,Neeko,白银,121,33,山脉龙魂
万花通灵,Neeko,黄金,122,51,自然即是治愈
万花通灵,Neeko,棱彩,123,39,利刃华尔兹
万花通灵,Neeko,黄金,124,52,坦克引擎
万花通灵,Neeko,黄金,125,53,更万用的瞄准镜
万花通灵,Neeko,棱彩,126,40,夺金
万花通灵,Neeko,白银,127,34,升级：收集者
万花通灵,Neeko,棱彩,128,41,扳机炼狱
万花通灵,Neeko,棱彩,129,42,男爵之手
万花通灵,Neeko,棱彩,130,43,秘术冲拳
万花通灵,Neeko,棱彩,131,44,不祥契约
万花通灵,Neeko,白银,132,35,灵巧
万花通灵,Neeko,白银,133,36,唯快不破
万花通灵,Neeko,棱彩,134,45,踢踏舞
万花通灵,Neeko,棱彩,135,46,歌利亚巨人
万花通灵,Neeko,黄金,136,54,星界躯体
万花通灵,Neeko,白银,137,37,万用瞄准镜
万花通灵,Neeko,棱彩,138,47,回归基本功
万花通灵,Neeko,棱彩,139,48,魄罗蛮冲
万花通灵,Neeko,黄金,140,55,豪猪
万花通灵,Neeko,白银,141,38,吵闹鬼
万花通灵,Neeko,棱彩,142,49,吃过路兵
万花通灵,Neeko,棱彩,143,50,战争交响乐
万花通灵,Neeko,黄金,144,56,我们的治疗
万花通灵,Neeko,棱彩,145,51,最万用的瞄准镜
万花通灵,Neeko,棱彩,146,52,位面转移
万花通灵,Neeko,白银,147,39,闪光弹
万花通灵,Neeko,黄金,148,57,钢化你心
万花通灵,Neeko,白银,149,40,闪闪现现
万花通灵,Neeko,白银,150,41,重量级打击手
万花通灵,Neeko,棱彩,151,53,泰坦的坚决
万花通灵,Neeko,棱彩,152,54,飞升仪式
万花通灵,Neeko,黄金,153,58,高压锅
万花通灵,Neeko,棱彩,154,55,濒死悟道
万花通灵,Neeko,白银,155,42,坚若磐石
万花通灵,Neeko,黄金,156,59,升级：雪球
万花通灵,Neeko,黄金,157,60,活力焕发
万花通灵,Neeko,黄金,158,61,雪球扭蛋机
万花通灵,Neeko,黄金,159,62,祖母的辣椒油
万花通灵,Neeko,棱彩,160,56,小丑学院
万花通灵,Neeko,黄金,161,63,暴击律动
万花通灵,Neeko,黄金,162,64,吸血习性
万花通灵,Neeko,黄金,163,65,魄罗爆破手
万花通灵,Neeko,黄金,164,66,关键暴击
万花通灵,Neeko,黄金,165,67,灵魂虹吸
万花通灵,Neeko,黄金,166,68,坚韧
万花通灵,Neeko,黄金,167,69,暴击飞弹
万花通灵,Neeko,棱彩,168,57,量子计算
万花通灵,Neeko,黄金,169,70,易损
万花通灵,Neeko,黄金,170,71,快步
万花通灵,Neeko,黄金,171,72,会心治疗
万花通灵,Neeko,棱彩,172,58,魄罗之王的弹跳
万花通灵,Neeko,白银,173,43,虹吸
万花通灵,Neeko,黄金,174,73,最终都市列车
万花通灵,Neeko,黄金,175,74,无尽大杀四方
万花通灵,Neeko,白银,176,44,会心防御
万花通灵,Neeko,棱彩,177,59,卡皮巴拉空投
万花通灵,Neeko,棱彩,178,60,？？？
万花通灵,Neeko,黄金,179,75,升级：焚天
万花通灵,Neeko,棱彩,180,61,至高天诺言
万花通灵,Neeko,棱彩,181,62,和我一起困在这里
万花通灵,Neeko,白银,182,45,天音爆
万花通灵,Neeko,黄金,183,76,全心为你
万花通灵,Neeko,白银,184,46,叠角龙
万花通灵,Neeko,白银,185,47,强力护盾
万花通灵,Neeko,棱彩,186,63,激光治疗
万花通灵,Neeko,棱彩,187,64,升级：花晓之剑
万花通灵,Neeko,棱彩,188,65,你肩上的恶魔
万花通灵,Neeko,白银,189,48,可靠武器
狂野女猎手,Nidalee,黄金,1,1,老练狙神
狂野女猎手,Nidalee,棱彩,2,1,珠光护手
狂野女猎手,Nidalee,黄金,3,2,魔法飞弹
狂野女猎手,Nidalee,白银,4,1,巫师式思考
狂野女猎手,Nidalee,黄金,5,3,穿针引线
狂野女猎手,Nidalee,棱彩,6,2,尤里卡
狂野女猎手,Nidalee,黄金,7,4,神射法师
狂野女猎手,Nidalee,白银,8,2,暗影疾奔
狂野女猎手,Nidalee,黄金,9,5,超凡邪恶
狂野女猎手,Nidalee,棱彩,10,3,咒语裂变
狂野女猎手,Nidalee,白银,11,3,纯粹主义者 - 术师
狂野女猎手,Nidalee,黄金,12,6,急速之追求
狂野女猎手,Nidalee,黄金,13,7,术士果汁盒
狂野女猎手,Nidalee,棱彩,14,4,大法师
狂野女猎手,Nidalee,黄金,15,8,牙仙子
狂野女猎手,Nidalee,黄金,16,9,威能之追求
狂野女猎手,Nidalee,黄金,17,10,狙神飞星
狂野女猎手,Nidalee,黄金,18,11,虚幻武器
狂野女猎手,Nidalee,白银,19,4,渴血
狂野女猎手,Nidalee,棱彩,20,5,炼狱导管
狂野女猎手,Nidalee,棱彩,21,6,最终形态
狂野女猎手,Nidalee,黄金,22,12,炽燃利息
狂野女猎手,Nidalee,棱彩,23,7,沃格勒特的巫师帽
狂野女猎手,Nidalee,黄金,24,13,质变：棱彩阶
狂野女猎手,Nidalee,棱彩,25,8,无限循环往复
狂野女猎手,Nidalee,白银,26,5,升级：中娅
狂野女猎手,Nidalee,黄金,27,14,藏身草丛
狂野女猎手,Nidalee,黄金,28,15,循环往复
狂野女猎手,Nidalee,黄金,29,16,面包和黄油
狂野女猎手,Nidalee,黄金,30,17,超强大脑
狂野女猎手,Nidalee,棱彩,31,9,多重射击
狂野女猎手,Nidalee,黄金,32,18,缩小引擎
狂野女猎手,Nidalee,白银,33,6,双生火焰
狂野女猎手,Nidalee,黄金,34,19,回力OK镖
狂野女猎手,Nidalee,白银,35,7,物理转魔法
狂野女猎手,Nidalee,白银,36,8,海克斯科技龙魂
狂野女猎手,Nidalee,白银,37,9,家园卫士
狂野女猎手,Nidalee,黄金,38,20,有始有终
狂野女猎手,Nidalee,棱彩,39,10,掷骰狂人
狂野女猎手,Nidalee,棱彩,40,11,玻璃大炮
狂野女猎手,Nidalee,黄金,41,21,溢流
狂野女猎手,Nidalee,白银,42,10,质变：黄金阶
狂野女猎手,Nidalee,白银,43,11,注魔
狂野女猎手,Nidalee,黄金,44,22,急急小子
狂野女猎手,Nidalee,黄金,45,23,升级：耀光
狂野女猎手,Nidalee,白银,46,12,狂热者
狂野女猎手,Nidalee,白银,47,13,炼狱龙魂
狂野女猎手,Nidalee,白银,48,14,由心及物
狂野女猎手,Nidalee,棱彩,49,12,超负荷
狂野女猎手,Nidalee,白银,50,15,杀意翻涌
狂野女猎手,Nidalee,白银,51,16,大师铸就
狂野女猎手,Nidalee,黄金,52,24,夜狩
狂野女猎手,Nidalee,棱彩,53,13,吃过路兵
狂野女猎手,Nidalee,棱彩,54,14,不祥契约
狂野女猎手,Nidalee,白银,55,17,逃跑计划
狂野女猎手,Nidalee,棱彩,56,15,质变：混沌
狂野女猎手,Nidalee,棱彩,57,16,巨人杀手
狂野女猎手,Nidalee,黄金,58,25,捐赠
狂野女猎手,Nidalee,棱彩,59,17,史上最大雪球
狂野女猎手,Nidalee,白银,60,18,火狐
狂野女猎手,Nidalee,棱彩,61,18,飞身踢
狂野女猎手,Nidalee,黄金,62,26,属性叠属性！
狂野女猎手,Nidalee,白银,63,19,海洋龙魂
狂野女猎手,Nidalee,黄金,64,27,罪恶快感
狂野女猎手,Nidalee,黄金,65,28,面包和奶酪
狂野女猎手,Nidalee,黄金,66,29,狂徒豪气
狂野女猎手,Nidalee,棱彩,67,19,科学狂人
狂野女猎手,Nidalee,棱彩,68,20,物法皆修
狂野女猎手,Nidalee,棱彩,69,21,全凭身法
狂野女猎手,Nidalee,棱彩,70,22,飞升仪式
狂野女猎手,Nidalee,棱彩,71,23,潘朵拉的盒子
狂野女猎手,Nidalee,棱彩,72,24,你摸不到
狂野女猎手,Nidalee,黄金,73,30,面包和果酱
狂野女猎手,Nidalee,棱彩,74,25,利刃华尔兹
狂野女猎手,Nidalee,白银,75,20,快中求稳
狂野女猎手,Nidalee,棱彩,76,26,连拨击锤
狂野女猎手,Nidalee,白银,77,21,属性！
狂野女猎手,Nidalee,黄金,78,31,易损
狂野女猎手,Nidalee,黄金,79,32,心灵净化
狂野女猎手,Nidalee,白银,80,22,练腿日
狂野女猎手,Nidalee,白银,81,23,侵蚀
狂野女猎手,Nidalee,黄金,82,33,弹球
狂野女猎手,Nidalee,棱彩,83,27,全能龙魂
狂野女猎手,Nidalee,白银,84,24,台风
狂野女猎手,Nidalee,白银,85,25,下雪天
狂野女猎手,Nidalee,黄金,86,34,无尽大杀四方
狂野女猎手,Nidalee,棱彩,87,28,歌利亚巨人
狂野女猎手,Nidalee,棱彩,88,29,海牛阿福的勇士
狂野女猎手,Nidalee,黄金,89,35,鲨鱼暴风
狂野女猎手,Nidalee,黄金,90,36,轻拍背部
狂野女猎手,Nidalee,黄金,91,37,哎哟，我的硬币！
狂野女猎手,Nidalee,棱彩,92,30,大地苏醒
狂野女猎手,Nidalee,黄金,93,38,咏叹奏鸣
狂野女猎手,Nidalee,黄金,94,39,生机迸发
狂野女猎手,Nidalee,黄金,95,40,尖端发明家
狂野女猎手,Nidalee,白银,96,26,升级：收集者
狂野女猎手,Nidalee,白银,97,27,防护面纱
狂野女猎手,Nidalee,棱彩,98,31,濒死悟道
狂野女猎手,Nidalee,白银,99,28,冰寒
狂野女猎手,Nidalee,黄金,100,41,冰雪爆裂
狂野女猎手,Nidalee,黄金,101,42,暴击律动
狂野女猎手,Nidalee,黄金,102,43,坦克引擎
狂野女猎手,Nidalee,棱彩,103,32,属性叠属性叠属性！
狂野女猎手,Nidalee,棱彩,104,33,战争交响乐
狂野女猎手,Nidalee,棱彩,105,34,夺金
狂野女猎手,Nidalee,棱彩,106,35,尊我为王
狂野女猎手,Nidalee,黄金,107,44,暴击飞弹
狂野女猎手,Nidalee,黄金,108,45,会心治疗
狂野女猎手,Nidalee,黄金,109,46,自然即是治愈
狂野女猎手,Nidalee,白银,110,29,魔法转物理
狂野女猎手,Nidalee,棱彩,111,36,秘术冲拳
狂野女猎手,Nidalee,白银,112,30,大力
狂野女猎手,Nidalee,棱彩,113,37,神圣雪球
狂野女猎手,Nidalee,棱彩,114,38,双刀流
狂野女猎手,Nidalee,黄金,115,47,火上浇油
狂野女猎手,Nidalee,白银,116,31,终极不可阻挡
狂野女猎手,Nidalee,棱彩,117,39,位面转移
狂野女猎手,Nidalee,棱彩,118,40,男爵之手
狂野女猎手,Nidalee,黄金,119,48,我们的治疗
狂野女猎手,Nidalee,白银,120,32,俯冲轰炸
狂野女猎手,Nidalee,白银,121,33,灵巧
狂野女猎手,Nidalee,黄金,122,49,炽烈黎明
狂野女猎手,Nidalee,黄金,123,50,关键暴击
狂野女猎手,Nidalee,白银,124,34,山脉龙魂
狂野女猎手,Nidalee,黄金,125,51,升级：无尽之刃
狂野女猎手,Nidalee,棱彩,126,41,灵魄炸弹
狂野女猎手,Nidalee,白银,127,35,唯快不破
狂野女猎手,Nidalee,黄金,128,52,缩小射线
狂野女猎手,Nidalee,黄金,129,53,全心为你
狂野女猎手,Nidalee,棱彩,130,42,扳机炼狱
狂野女猎手,Nidalee,黄金,131,54,黎明使者的坚决
狂野女猎手,Nidalee,棱彩,132,43,空投熊
狂野女猎手,Nidalee,黄金,133,55,神圣干预
狂野女猎手,Nidalee,白银,134,36,点亮他们！
狂野女猎手,Nidalee,棱彩,135,44,至高天诺言
狂野女猎手,Nidalee,棱彩,136,45,死亡之环
狂野女猎手,Nidalee,白银,137,37,天音爆
狂野女猎手,Nidalee,黄金,138,56,喂呜喂呜
狂野女猎手,Nidalee,白银,139,38,会心防御
狂野女猎手,Nidalee,白银,140,39,转得我眩晕了
狂野女猎手,Nidalee,白银,141,40,重量级打击手
狂野女猎手,Nidalee,白银,142,41,由暴生急
狂野女猎手,Nidalee,黄金,143,57,闪现向前
狂野女猎手,Nidalee,黄金,144,58,钢化你心
狂野女猎手,Nidalee,黄金,145,59,升级：贪欲九头蛇
狂野女猎手,Nidalee,黄金,146,60,灵魂虹吸
狂野女猎手,Nidalee,棱彩,147,46,信念者的强化
狂野女猎手,Nidalee,棱彩,148,47,魄罗蛮冲
狂野女猎手,Nidalee,棱彩,149,48,泰坦的坚决
狂野女猎手,Nidalee,黄金,150,61,鲨鱼诱饵
狂野女猎手,Nidalee,白银,151,42,吵闹鬼
狂野女猎手,Nidalee,棱彩,152,49,踢踏舞
狂野女猎手,Nidalee,棱彩,153,50,双发快射
狂野女猎手,Nidalee,黄金,154,62,星界躯体
狂野女猎手,Nidalee,棱彩,155,51,升级：花晓之剑
狂野女猎手,Nidalee,棱彩,156,52,风语者的祝福
狂野女猎手,Nidalee,棱彩,157,53,蛋白粉奶昔
狂野女猎手,Nidalee,黄金,158,63,升级：焚天
狂野女猎手,Nidalee,黄金,159,64,过量延伸者
狂野女猎手,Nidalee,棱彩,160,54,软弹啪叽抓
狂野女猎手,Nidalee,黄金,161,65,高压锅
狂野女猎手,Nidalee,黄金,162,66,豪猪
狂野女猎手,Nidalee,棱彩,163,55,和我一起困在这里
狂野女猎手,Nidalee,棱彩,164,56,舞会女王
狂野女猎手,Nidalee,棱彩,165,57,终极九头蛇
狂野女猎手,Nidalee,白银,166,43,升级：献祭
狂野女猎手,Nidalee,棱彩,167,58,大招工具人
狂野女猎手,Nidalee,黄金,168,67,魄罗爆破手
狂野女猎手,Nidalee,黄金,169,68,活力焕发
狂野女猎手,Nidalee,棱彩,170,59,艾卡西亚的陷落
狂野女猎手,Nidalee,黄金,171,69,祖母的辣椒油
狂野女猎手,Nidalee,白银,172,44,急救用具
狂野女猎手,Nidalee,黄金,173,70,更万用的瞄准镜
狂野女猎手,Nidalee,黄金,174,71,吸血习性
狂野女猎手,Nidalee,白银,175,45,万用瞄准镜
狂野女猎手,Nidalee,黄金,176,72,升级：雪球
狂野女猎手,Nidalee,黄金,177,73,雪球扭蛋机
狂野女猎手,Nidalee,白银,178,46,闪光弹
狂野女猎手,Nidalee,棱彩,179,60,激光治疗
狂野女猎手,Nidalee,白银,180,47,闪闪现现
狂野女猎手,Nidalee,棱彩,181,61,小丑学院
狂野女猎手,Nidalee,白银,182,48,强力护盾
狂野女猎手,Nidalee,棱彩,183,62,量子计算
狂野女猎手,Nidalee,棱彩,184,63,最万用的瞄准镜
狂野女猎手,Nidalee,黄金,185,74,坚韧
狂野女猎手,Nidalee,棱彩,186,64,小猫咪找妈妈
狂野女猎手,Nidalee,黄金,187,75,最终都市列车
狂野女猎手,Nidalee,棱彩,188,65,卡皮巴拉空投
狂野女猎手,Nidalee,棱彩,189,66,？？？
狂野女猎手,Nidalee,白银,190,49,虹吸
狂野女猎手,Nidalee,白银,191,50,可靠武器
狂野女猎手,Nidalee,棱彩,192,67,魄罗之王的弹跳
狂野女猎手,Nidalee,棱彩,193,68,你肩上的恶魔
不羁之悦,Nilah,黄金,1,1,罪恶快感
不羁之悦,Nilah,黄金,2,2,升级：无尽之刃
不羁之悦,Nilah,白银,3,1,渴血
不羁之悦,Nilah,白银,4,2,大力
不羁之悦,Nilah,棱彩,5,1,最终形态
不羁之悦,Nilah,棱彩,6,2,秘术冲拳
不羁之悦,Nilah,棱彩,7,3,珠光护手
不羁之悦,Nilah,黄金,8,3,虚幻武器
不羁之悦,Nilah,黄金,9,4,术士果汁盒
不羁之悦,Nilah,白银,10,3,升级：收集者
不羁之悦,Nilah,黄金,11,5,灵魂虹吸
不羁之悦,Nilah,棱彩,12,4,掷骰狂人
不羁之悦,Nilah,黄金,13,6,无尽大杀四方
不羁之悦,Nilah,黄金,14,7,更万用的瞄准镜
不羁之悦,Nilah,黄金,15,8,杀戮时间到了
不羁之悦,Nilah,黄金,16,9,牙仙子
不羁之悦,Nilah,棱彩,17,5,双刀流
不羁之悦,Nilah,黄金,18,10,质变：棱彩阶
不羁之悦,Nilah,棱彩,19,6,踢踏舞
不羁之悦,Nilah,黄金,20,11,小小的额外帮助
不羁之悦,Nilah,黄金,21,12,狂徒豪气
不羁之悦,Nilah,黄金,22,13,升级：贪欲九头蛇
不羁之悦,Nilah,棱彩,23,7,飞升仪式
不羁之悦,Nilah,白银,24,4,虹吸
不羁之悦,Nilah,黄金,25,14,威能之追求
不羁之悦,Nilah,棱彩,26,8,利刃华尔兹
不羁之悦,Nilah,棱彩,27,9,双发快射
不羁之悦,Nilah,白银,28,5,魔法转物理
不羁之悦,Nilah,白银,29,6,终极不可阻挡
不羁之悦,Nilah,白银,30,7,灵巧
不羁之悦,Nilah,黄金,31,15,易损
不羁之悦,Nilah,黄金,32,16,关键暴击
不羁之悦,Nilah,黄金,33,17,暴击飞弹
不羁之悦,Nilah,棱彩,34,10,最万用的瞄准镜
不羁之悦,Nilah,棱彩,35,11,濒死悟道
不羁之悦,Nilah,黄金,36,18,暴击律动
不羁之悦,Nilah,棱彩,37,12,吃过路兵
不羁之悦,Nilah,黄金,38,19,穿针引线
不羁之悦,Nilah,白银,39,8,会心防御
不羁之悦,Nilah,白银,40,9,逃跑计划
不羁之悦,Nilah,棱彩,41,13,战争交响乐
不羁之悦,Nilah,黄金,42,20,面包和黄油
不羁之悦,Nilah,棱彩,43,14,回归基本功
不羁之悦,Nilah,黄金,44,21,捐赠
不羁之悦,Nilah,黄金,45,22,属性叠属性！
不羁之悦,Nilah,棱彩,46,15,质变：混沌
不羁之悦,Nilah,棱彩,47,16,终极九头蛇
不羁之悦,Nilah,黄金,48,23,急速之追求
不羁之悦,Nilah,白银,49,10,台风
不羁之悦,Nilah,棱彩,50,17,你摸不到
不羁之悦,Nilah,白银,51,11,万用瞄准镜
不羁之悦,Nilah,黄金,52,24,心灵净化
不羁之悦,Nilah,棱彩,53,18,全凭身法
不羁之悦,Nilah,白银,54,12,质变：黄金阶
不羁之悦,Nilah,棱彩,55,19,扳机炼狱
不羁之悦,Nilah,棱彩,56,20,终极唤醒
不羁之悦,Nilah,棱彩,57,21,终极刷新
不羁之悦,Nilah,棱彩,58,22,连拨击锤
不羁之悦,Nilah,棱彩,59,23,精怪魔法
不羁之悦,Nilah,黄金,60,25,夜狩
不羁之悦,Nilah,黄金,61,26,生机迸发
不羁之悦,Nilah,棱彩,62,24,和我一起困在这里
不羁之悦,Nilah,白银,63,13,暗影疾奔
不羁之悦,Nilah,黄金,64,27,循环往复
不羁之悦,Nilah,黄金,65,28,缩小引擎
不羁之悦,Nilah,黄金,66,29,火上浇油
不羁之悦,Nilah,黄金,67,30,缩小射线
不羁之悦,Nilah,黄金,68,31,闪现向前
不羁之悦,Nilah,黄金,69,32,魔法飞弹
不羁之悦,Nilah,棱彩,70,25,无限循环往复
不羁之悦,Nilah,白银,71,14,旋转至胜
不羁之悦,Nilah,黄金,72,33,面包和奶酪
不羁之悦,Nilah,白银,73,15,由暴生急
不羁之悦,Nilah,棱彩,74,26,巨人杀手
不羁之悦,Nilah,白银,75,16,快中求稳
不羁之悦,Nilah,白银,76,17,练腿日
不羁之悦,Nilah,黄金,77,34,面包和果酱
不羁之悦,Nilah,黄金,78,35,轻拍背部
不羁之悦,Nilah,黄金,79,36,自然即是治愈
不羁之悦,Nilah,白银,80,18,升级：死亡之舞
不羁之悦,Nilah,白银,81,19,狂热者
不羁之悦,Nilah,黄金,82,37,会心治疗
不羁之悦,Nilah,棱彩,83,27,大法师
不羁之悦,Nilah,黄金,84,38,急急小子
不羁之悦,Nilah,棱彩,85,28,电涌力场
不羁之悦,Nilah,棱彩,86,29,潘朵拉的盒子
不羁之悦,Nilah,黄金,87,39,神圣干预
不羁之悦,Nilah,黄金,88,40,升级：焚天
不羁之悦,Nilah,棱彩,89,30,史上最大雪球
不羁之悦,Nilah,黄金,90,41,溢流
不羁之悦,Nilah,白银,91,20,双生火焰
不羁之悦,Nilah,白银,92,21,大师铸就
不羁之悦,Nilah,棱彩,93,31,海牛阿福的勇士
不羁之悦,Nilah,白银,94,22,注魔
不羁之悦,Nilah,白银,95,23,前进时间到
不羁之悦,Nilah,棱彩,96,32,针插垫
不羁之悦,Nilah,白银,97,24,自适应防护
不羁之悦,Nilah,黄金,98,42,我们的治疗
不羁之悦,Nilah,黄金,99,43,有始有终
不羁之悦,Nilah,白银,100,25,炼狱龙魂
不羁之悦,Nilah,黄金,101,44,弹球
不羁之悦,Nilah,棱彩,102,33,神圣雪球
不羁之悦,Nilah,棱彩,103,34,炼狱导管
不羁之悦,Nilah,棱彩,104,35,科学狂人
不羁之悦,Nilah,棱彩,105,36,歌利亚巨人
不羁之悦,Nilah,白银,106,26,侵蚀
不羁之悦,Nilah,棱彩,107,37,飞身踢
不羁之悦,Nilah,棱彩,108,38,玻璃大炮
不羁之悦,Nilah,黄金,109,45,冰雪爆裂
不羁之悦,Nilah,白银,110,27,俯冲轰炸
不羁之悦,Nilah,白银,111,28,杀意翻涌
不羁之悦,Nilah,黄金,112,46,哎哟，我的硬币！
不羁之悦,Nilah,白银,113,29,纯粹主义者 - 术师
不羁之悦,Nilah,黄金,114,47,黎明使者的坚决
不羁之悦,Nilah,棱彩,115,39,泰坦的坚决
不羁之悦,Nilah,白银,116,30,海洋龙魂
不羁之悦,Nilah,白银,117,31,防护面纱
不羁之悦,Nilah,棱彩,118,40,全能龙魂
不羁之悦,Nilah,黄金,119,48,鲨鱼暴风
不羁之悦,Nilah,棱彩,120,41,属性叠属性叠属性！
不羁之悦,Nilah,白银,121,32,下雪天
不羁之悦,Nilah,白银,122,33,属性！
不羁之悦,Nilah,棱彩,123,42,尊我为王
不羁之悦,Nilah,棱彩,124,43,大地苏醒
不羁之悦,Nilah,白银,125,34,点亮他们！
不羁之悦,Nilah,棱彩,126,44,大招工具人
不羁之悦,Nilah,黄金,127,49,咏叹奏鸣
不羁之悦,Nilah,棱彩,128,45,位面转移
不羁之悦,Nilah,黄金,129,50,鲨鱼诱饵
不羁之悦,Nilah,白银,130,35,转得我眩晕了
不羁之悦,Nilah,白银,131,36,海克斯科技龙魂
不羁之悦,Nilah,白银,132,37,家园卫士
不羁之悦,Nilah,黄金,133,51,坦克引擎
不羁之悦,Nilah,棱彩,134,46,夺金
不羁之悦,Nilah,黄金,135,52,升级：耀光
不羁之悦,Nilah,黄金,136,53,炽烈黎明
不羁之悦,Nilah,黄金,137,54,过量延伸者
不羁之悦,Nilah,黄金,138,55,回力OK镖
不羁之悦,Nilah,棱彩,139,47,舞会女王
不羁之悦,Nilah,棱彩,140,48,升级：花晓之剑
不羁之悦,Nilah,棱彩,141,49,死亡之环
不羁之悦,Nilah,黄金,142,56,尖端发明家
不羁之悦,Nilah,黄金,143,57,星界躯体
不羁之悦,Nilah,白银,144,38,吵闹鬼
不羁之悦,Nilah,黄金,145,58,豪猪
不羁之悦,Nilah,白银,146,39,重量级打击手
不羁之悦,Nilah,黄金,147,59,钢化你心
不羁之悦,Nilah,黄金,148,60,藏身草丛
不羁之悦,Nilah,白银,149,40,由心及物
不羁之悦,Nilah,白银,150,41,唯快不破
不羁之悦,Nilah,白银,151,42,山脉龙魂
不羁之悦,Nilah,白银,152,43,冰寒
不羁之悦,Nilah,棱彩,153,50,男爵之手
不羁之悦,Nilah,白银,154,44,火狐
不羁之悦,Nilah,棱彩,155,51,软弹啪叽抓
不羁之悦,Nilah,黄金,156,61,吸血习性
不羁之悦,Nilah,棱彩,157,52,至高天诺言
不羁之悦,Nilah,黄金,158,62,高压锅
不羁之悦,Nilah,棱彩,159,53,空投熊
不羁之悦,Nilah,棱彩,160,54,魄罗蛮冲
不羁之悦,Nilah,棱彩,161,55,蛋白粉奶昔
不羁之悦,Nilah,棱彩,162,56,风语者的祝福
不羁之悦,Nilah,黄金,163,63,喂呜喂呜
不羁之悦,Nilah,棱彩,164,57,灵魄炸弹
不羁之悦,Nilah,白银,165,45,天音爆
不羁之悦,Nilah,棱彩,166,58,艾卡西亚的陷落
不羁之悦,Nilah,黄金,167,64,全心为你
不羁之悦,Nilah,黄金,168,65,活力焕发
不羁之悦,Nilah,棱彩,169,59,信念者的强化
不羁之悦,Nilah,白银,170,46,闪光弹
不羁之悦,Nilah,棱彩,171,60,小丑学院
不羁之悦,Nilah,白银,172,47,升级：献祭
不羁之悦,Nilah,白银,173,48,闪闪现现
不羁之悦,Nilah,白银,174,49,急救用具
不羁之悦,Nilah,棱彩,175,61,量子计算
不羁之悦,Nilah,黄金,176,66,升级：雪球
不羁之悦,Nilah,黄金,177,67,坚韧
不羁之悦,Nilah,棱彩,178,62,三重射击
不羁之悦,Nilah,白银,179,50,强力护盾
不羁之悦,Nilah,黄金,180,68,雪球扭蛋机
不羁之悦,Nilah,黄金,181,69,最终都市列车
不羁之悦,Nilah,棱彩,182,63,魄罗之王的弹跳
永恒梦魇,Nocturne,黄金,1,1,穿针引线
永恒梦魇,Nocturne,棱彩,2,1,最终形态
永恒梦魇,Nocturne,黄金,3,2,夜狩
永恒梦魇,Nocturne,白银,4,1,升级：收集者
永恒梦魇,Nocturne,黄金,5,3,牙仙子
永恒梦魇,Nocturne,黄金,6,4,罪恶快感
永恒梦魇,Nocturne,白银,7,2,大力
永恒梦魇,Nocturne,黄金,8,5,杀戮时间到了
永恒梦魇,Nocturne,棱彩,9,2,利刃华尔兹
永恒梦魇,Nocturne,白银,10,3,渴血
永恒梦魇,Nocturne,黄金,11,6,升级：无尽之刃
永恒梦魇,Nocturne,黄金,12,7,无尽大杀四方
永恒梦魇,Nocturne,黄金,13,8,质变：棱彩阶
永恒梦魇,Nocturne,棱彩,14,3,飞升仪式
永恒梦魇,Nocturne,棱彩,15,4,终极唤醒
永恒梦魇,Nocturne,白银,16,4,终极不可阻挡
永恒梦魇,Nocturne,棱彩,17,5,终极刷新
永恒梦魇,Nocturne,黄金,18,9,升级：贪欲九头蛇
永恒梦魇,Nocturne,棱彩,19,6,战争交响乐
永恒梦魇,Nocturne,白银,20,5,杀意翻涌
永恒梦魇,Nocturne,白银,21,6,魔法转物理
永恒梦魇,Nocturne,棱彩,22,7,双刀流
永恒梦魇,Nocturne,黄金,23,10,循环往复
永恒梦魇,Nocturne,黄金,24,11,更万用的瞄准镜
永恒梦魇,Nocturne,白银,25,7,质变：黄金阶
永恒梦魇,Nocturne,白银,26,8,逃跑计划
永恒梦魇,Nocturne,棱彩,27,8,和我一起困在这里
永恒梦魇,Nocturne,白银,28,9,灵巧
永恒梦魇,Nocturne,白银,29,10,俯冲轰炸
永恒梦魇,Nocturne,棱彩,30,9,吃过路兵
永恒梦魇,Nocturne,黄金,31,12,捐赠
永恒梦魇,Nocturne,黄金,32,13,属性叠属性！
永恒梦魇,Nocturne,棱彩,33,10,濒死悟道
永恒梦魇,Nocturne,黄金,34,14,有始有终
永恒梦魇,Nocturne,棱彩,35,11,掷骰狂人
永恒梦魇,Nocturne,黄金,36,15,生机迸发
永恒梦魇,Nocturne,黄金,37,16,鲨鱼诱饵
永恒梦魇,Nocturne,棱彩,38,12,终极九头蛇
永恒梦魇,Nocturne,黄金,39,17,关键暴击
永恒梦魇,Nocturne,棱彩,40,13,你摸不到
永恒梦魇,Nocturne,黄金,41,18,升级：焚天
永恒梦魇,Nocturne,黄金,42,19,急速之追求
永恒梦魇,Nocturne,棱彩,43,14,飞身踢
永恒梦魇,Nocturne,黄金,44,20,藏身草丛
永恒梦魇,Nocturne,棱彩,45,15,多重射击
永恒梦魇,Nocturne,黄金,46,21,快步
永恒梦魇,Nocturne,白银,47,11,台风
永恒梦魇,Nocturne,黄金,48,22,缩小引擎
永恒梦魇,Nocturne,黄金,49,23,面包和黄油
永恒梦魇,Nocturne,黄金,50,24,灵魂虹吸
永恒梦魇,Nocturne,棱彩,51,16,质变：混沌
永恒梦魇,Nocturne,棱彩,52,17,大招工具人
永恒梦魇,Nocturne,棱彩,53,18,史上最大雪球
永恒梦魇,Nocturne,白银,54,12,练腿日
永恒梦魇,Nocturne,黄金,55,25,虚幻武器
永恒梦魇,Nocturne,黄金,56,26,神圣干预
永恒梦魇,Nocturne,黄金,57,27,缩小射线
永恒梦魇,Nocturne,黄金,58,28,暴击律动
永恒梦魇,Nocturne,棱彩,59,19,精怪魔法
永恒梦魇,Nocturne,棱彩,60,20,连拨击锤
永恒梦魇,Nocturne,黄金,61,29,闪现向前
永恒梦魇,Nocturne,棱彩,62,21,秘术冲拳
永恒梦魇,Nocturne,黄金,63,30,火上浇油
永恒梦魇,Nocturne,白银,64,13,万用瞄准镜
永恒梦魇,Nocturne,白银,65,14,升级：死亡之舞
永恒梦魇,Nocturne,白银,66,15,旋转至胜
永恒梦魇,Nocturne,黄金,67,31,心灵净化
永恒梦魇,Nocturne,黄金,68,32,弹球
永恒梦魇,Nocturne,白银,69,16,大师铸就
永恒梦魇,Nocturne,黄金,70,33,黎明使者的坚决
永恒梦魇,Nocturne,黄金,71,34,冰雪爆裂
永恒梦魇,Nocturne,白银,72,17,炼狱龙魂
永恒梦魇,Nocturne,棱彩,73,22,最万用的瞄准镜
永恒梦魇,Nocturne,棱彩,74,23,潘朵拉的盒子
永恒梦魇,Nocturne,白银,75,18,防护面纱
永恒梦魇,Nocturne,棱彩,76,24,巨人杀手
永恒梦魇,Nocturne,黄金,77,35,面包和果酱
永恒梦魇,Nocturne,棱彩,78,25,珠光护手
永恒梦魇,Nocturne,棱彩,79,26,扳机炼狱
永恒梦魇,Nocturne,棱彩,80,27,无限循环往复
永恒梦魇,Nocturne,白银,81,19,重量级打击手
永恒梦魇,Nocturne,黄金,82,36,鲨鱼暴风
永恒梦魇,Nocturne,黄金,83,37,坦克引擎
永恒梦魇,Nocturne,棱彩,84,28,歌利亚巨人
永恒梦魇,Nocturne,黄金,85,38,钢化你心
永恒梦魇,Nocturne,白银,86,20,下雪天
永恒梦魇,Nocturne,黄金,87,39,术士果汁盒
永恒梦魇,Nocturne,黄金,88,40,哎哟，我的硬币！
永恒梦魇,Nocturne,棱彩,89,29,海牛阿福的勇士
永恒梦魇,Nocturne,棱彩,90,30,科学狂人
永恒梦魇,Nocturne,棱彩,91,31,神圣雪球
永恒梦魇,Nocturne,黄金,92,41,尖端发明家
永恒梦魇,Nocturne,黄金,93,42,急急小子
永恒梦魇,Nocturne,黄金,94,43,易损
永恒梦魇,Nocturne,黄金,95,44,自然即是治愈
永恒梦魇,Nocturne,棱彩,96,32,位面转移
永恒梦魇,Nocturne,黄金,97,45,星界躯体
永恒梦魇,Nocturne,白银,98,21,侵蚀
永恒梦魇,Nocturne,黄金,99,46,面包和奶酪
永恒梦魇,Nocturne,棱彩,100,33,踢踏舞
永恒梦魇,Nocturne,棱彩,101,34,全能龙魂
永恒梦魇,Nocturne,黄金,102,47,暴击飞弹
永恒梦魇,Nocturne,黄金,103,48,轻拍背部
永恒梦魇,Nocturne,白银,104,22,海克斯科技龙魂
永恒梦魇,Nocturne,白银,105,23,海洋龙魂
永恒梦魇,Nocturne,白银,106,24,属性！
永恒梦魇,Nocturne,棱彩,107,35,空投熊
永恒梦魇,Nocturne,棱彩,108,36,属性叠属性叠属性！
永恒梦魇,Nocturne,白银,109,25,双生火焰
永恒梦魇,Nocturne,白银,110,26,狂热者
永恒梦魇,Nocturne,棱彩,111,37,大法师
永恒梦魇,Nocturne,黄金,112,49,过量延伸者
永恒梦魇,Nocturne,棱彩,113,38,尊我为王
永恒梦魇,Nocturne,棱彩,114,39,全凭身法
永恒梦魇,Nocturne,棱彩,115,40,泰坦的坚决
永恒梦魇,Nocturne,黄金,116,50,升级：耀光
永恒梦魇,Nocturne,棱彩,117,41,夺金
永恒梦魇,Nocturne,棱彩,118,42,舞会女王
永恒梦魇,Nocturne,白银,119,27,唯快不破
永恒梦魇,Nocturne,白银,120,28,会心防御
永恒梦魇,Nocturne,黄金,121,51,回力OK镖
永恒梦魇,Nocturne,白银,122,29,家园卫士
永恒梦魇,Nocturne,白银,123,30,暗影疾奔
永恒梦魇,Nocturne,白银,124,31,纯粹主义者 - 术师
永恒梦魇,Nocturne,黄金,125,52,高压锅
永恒梦魇,Nocturne,黄金,126,53,溢流
永恒梦魇,Nocturne,白银,127,32,注魔
永恒梦魇,Nocturne,黄金,128,54,不动如山
永恒梦魇,Nocturne,棱彩,129,43,双发快射
永恒梦魇,Nocturne,黄金,130,55,魔法飞弹
永恒梦魇,Nocturne,黄金,131,56,豪猪
永恒梦魇,Nocturne,黄金,132,57,炽烈黎明
永恒梦魇,Nocturne,白银,133,33,点亮他们！
永恒梦魇,Nocturne,棱彩,134,44,电涌力场
永恒梦魇,Nocturne,黄金,135,58,咏叹奏鸣
永恒梦魇,Nocturne,棱彩,136,45,男爵之手
永恒梦魇,Nocturne,白银,137,34,由暴生急
永恒梦魇,Nocturne,白银,138,35,由心及物
永恒梦魇,Nocturne,白银,139,36,山脉龙魂
永恒梦魇,Nocturne,白银,140,37,快中求稳
永恒梦魇,Nocturne,黄金,141,59,吞噬灵魂
永恒梦魇,Nocturne,黄金,142,60,我们的治疗
永恒梦魇,Nocturne,白银,143,38,火狐
永恒梦魇,Nocturne,白银,144,39,转得我眩晕了
永恒梦魇,Nocturne,棱彩,145,46,魄罗蛮冲
永恒梦魇,Nocturne,棱彩,146,47,回归基本功
永恒梦魇,Nocturne,棱彩,147,48,软弹啪叽抓
永恒梦魇,Nocturne,白银,148,40,扇巴掌
永恒梦魇,Nocturne,棱彩,149,49,玻璃大炮
永恒梦魇,Nocturne,白银,150,41,吵闹鬼
永恒梦魇,Nocturne,黄金,151,61,狙神飞星
永恒梦魇,Nocturne,黄金,152,62,狂徒豪气
永恒梦魇,Nocturne,棱彩,153,50,巨像的勇气
永恒梦魇,Nocturne,棱彩,154,51,炼狱导管
永恒梦魇,Nocturne,棱彩,155,52,大地苏醒
永恒梦魇,Nocturne,白银,156,42,升级：献祭
永恒梦魇,Nocturne,棱彩,157,53,艾卡西亚的陷落
永恒梦魇,Nocturne,白银,158,43,冰寒
永恒梦魇,Nocturne,黄金,159,63,吸血习性
永恒梦魇,Nocturne,白银,160,44,闪光弹
永恒梦魇,Nocturne,白银,161,45,闪闪现现
永恒梦魇,Nocturne,棱彩,162,54,小丑学院
永恒梦魇,Nocturne,黄金,163,64,升级：雪球
永恒梦魇,Nocturne,棱彩,164,55,量子计算
永恒梦魇,Nocturne,黄金,165,65,会心治疗
永恒梦魇,Nocturne,黄金,166,66,活力焕发
永恒梦魇,Nocturne,黄金,167,67,雪球扭蛋机
永恒梦魇,Nocturne,黄金,168,68,魄罗爆破手
永恒梦魇,Nocturne,棱彩,169,56,魄罗之王的弹跳
永恒梦魇,Nocturne,黄金,170,69,威能之追求
永恒梦魇,Nocturne,黄金,171,70,坚韧
永恒梦魇,Nocturne,黄金,172,71,最终都市列车
永恒梦魇,Nocturne,棱彩,173,57,咒语裂变
永恒梦魇,Nocturne,黄金,174,72,炽燃利息
永恒梦魇,Nocturne,白银,175,46,叠角龙
永恒梦魇,Nocturne,棱彩,176,58,升级：花晓之剑
永恒梦魇,Nocturne,黄金,177,73,贪欲束缚
永恒梦魇,Nocturne,白银,178,47,可靠武器
永恒梦魇,Nocturne,白银,179,48,自适应防护
永恒梦魇,Nocturne,白银,180,49,天音爆
永恒梦魇,Nocturne,黄金,181,74,神射法师
永恒梦魇,Nocturne,白银,182,50,坚若磐石
永恒梦魇,Nocturne,棱彩,183,59,至高天诺言
雪原双子,Nunu,黄金,1,1,坦克引擎
雪原双子,Nunu,棱彩,2,1,飞身踢
雪原双子,Nunu,黄金,3,2,术士果汁盒
雪原双子,Nunu,黄金,4,3,穿针引线
雪原双子,Nunu,白银,5,1,巫师式思考
雪原双子,Nunu,白银,6,2,终极不可阻挡
雪原双子,Nunu,棱彩,7,2,歌利亚巨人
雪原双子,Nunu,黄金,8,4,星界躯体
雪原双子,Nunu,黄金,9,5,杀戮时间到了
雪原双子,Nunu,棱彩,10,3,和我一起困在这里
雪原双子,Nunu,棱彩,11,4,你摸不到
雪原双子,Nunu,黄金,12,6,超凡邪恶
雪原双子,Nunu,黄金,13,7,贪欲束缚
雪原双子,Nunu,黄金,14,8,牙仙子
雪原双子,Nunu,棱彩,15,5,尤里卡
雪原双子,Nunu,黄金,16,9,钢化你心
雪原双子,Nunu,黄金,17,10,超强大脑
雪原双子,Nunu,黄金,18,11,质变：棱彩阶
雪原双子,Nunu,黄金,19,12,溢流
雪原双子,Nunu,白银,20,3,渴血
雪原双子,Nunu,黄金,21,13,急速之追求
雪原双子,Nunu,白银,22,4,重量级打击手
雪原双子,Nunu,黄金,23,14,轻拍背部
雪原双子,Nunu,棱彩,24,6,沃格勒特的巫师帽
雪原双子,Nunu,白银,25,5,升级：中娅
雪原双子,Nunu,白银,26,6,家园卫士
雪原双子,Nunu,黄金,27,15,高压锅
雪原双子,Nunu,黄金,28,16,无尽大杀四方
雪原双子,Nunu,白银,29,7,升级：献祭
雪原双子,Nunu,白银,30,8,逃跑计划
雪原双子,Nunu,棱彩,31,7,艾卡西亚的陷落
雪原双子,Nunu,棱彩,32,8,空投熊
雪原双子,Nunu,棱彩,33,9,掷骰狂人
雪原双子,Nunu,白银,34,9,扇巴掌
雪原双子,Nunu,白银,35,10,虹吸
雪原双子,Nunu,黄金,36,17,不动如山
雪原双子,Nunu,黄金,37,18,威能之追求
雪原双子,Nunu,白银,38,11,练腿日
雪原双子,Nunu,棱彩,39,10,最终形态
雪原双子,Nunu,黄金,40,19,吞噬灵魂
雪原双子,Nunu,白银,41,12,由心及物
雪原双子,Nunu,棱彩,42,11,终极刷新
雪原双子,Nunu,黄金,43,20,循环往复
雪原双子,Nunu,白银,44,13,质变：黄金阶
雪原双子,Nunu,棱彩,45,12,无限循环往复
雪原双子,Nunu,黄金,46,21,虚幻武器
雪原双子,Nunu,棱彩,47,13,大法师
雪原双子,Nunu,白银,48,14,俯冲轰炸
雪原双子,Nunu,黄金,49,22,魔法飞弹
雪原双子,Nunu,黄金,50,23,面包和果酱
雪原双子,Nunu,棱彩,51,14,史上最大雪球
雪原双子,Nunu,白银,52,15,纯粹主义者 - 术师
雪原双子,Nunu,棱彩,53,15,残忍
雪原双子,Nunu,黄金,54,24,缩小引擎
雪原双子,Nunu,棱彩,55,16,巨像的勇气
雪原双子,Nunu,黄金,56,25,面包和黄油
雪原双子,Nunu,白银,57,16,别停止引导
雪原双子,Nunu,黄金,58,26,生机迸发
雪原双子,Nunu,棱彩,59,17,超负荷
雪原双子,Nunu,黄金,60,27,夜狩
雪原双子,Nunu,黄金,61,28,弹球
雪原双子,Nunu,棱彩,62,18,珠光护手
雪原双子,Nunu,棱彩,63,19,终极唤醒
雪原双子,Nunu,白银,64,17,物理转魔法
雪原双子,Nunu,黄金,65,29,急急小子
雪原双子,Nunu,白银,66,18,唯快不破
雪原双子,Nunu,黄金,67,30,捐赠
雪原双子,Nunu,黄金,68,31,黎明使者的坚决
雪原双子,Nunu,棱彩,69,20,质变：混沌
雪原双子,Nunu,黄金,70,32,鲨鱼诱饵
雪原双子,Nunu,白银,71,19,大师铸就
雪原双子,Nunu,白银,72,20,杀意翻涌
雪原双子,Nunu,黄金,73,33,属性叠属性！
雪原双子,Nunu,白银,74,21,冰寒
雪原双子,Nunu,白银,75,22,火狐
雪原双子,Nunu,棱彩,76,21,飞升仪式
雪原双子,Nunu,黄金,77,34,罪恶快感
雪原双子,Nunu,黄金,78,35,有始有终
雪原双子,Nunu,黄金,79,36,神圣干预
雪原双子,Nunu,棱彩,80,22,科学狂人
雪原双子,Nunu,棱彩,81,23,回归基本功
雪原双子,Nunu,白银,82,23,自适应防护
雪原双子,Nunu,棱彩,83,24,巨人杀手
雪原双子,Nunu,棱彩,84,25,吃过路兵
雪原双子,Nunu,黄金,85,37,心灵净化
雪原双子,Nunu,棱彩,86,26,潘朵拉的盒子
雪原双子,Nunu,黄金,87,38,尖端发明家
雪原双子,Nunu,棱彩,88,27,精怪魔法
雪原双子,Nunu,黄金,89,39,冰雪爆裂
雪原双子,Nunu,白银,90,24,下雪天
雪原双子,Nunu,棱彩,91,28,玻璃大炮
雪原双子,Nunu,棱彩,92,29,利刃华尔兹
雪原双子,Nunu,黄金,93,40,豪猪
雪原双子,Nunu,棱彩,94,30,神圣雪球
雪原双子,Nunu,棱彩,95,31,位面转移
雪原双子,Nunu,黄金,96,41,自然即是治愈
雪原双子,Nunu,白银,97,25,海洋龙魂
雪原双子,Nunu,黄金,98,42,面包和奶酪
雪原双子,Nunu,黄金,99,43,鲨鱼暴风
雪原双子,Nunu,白银,100,26,炼狱龙魂
雪原双子,Nunu,白银,101,27,防护面纱
雪原双子,Nunu,棱彩,102,32,死亡之环
雪原双子,Nunu,黄金,103,44,闪现向前
雪原双子,Nunu,棱彩,104,33,泰坦的坚决
雪原双子,Nunu,黄金,105,45,哎哟，我的硬币！
雪原双子,Nunu,白银,106,28,双生火焰
雪原双子,Nunu,棱彩,107,34,濒死悟道
雪原双子,Nunu,黄金,108,46,神射法师
雪原双子,Nunu,棱彩,109,35,大招工具人
雪原双子,Nunu,黄金,110,47,我们的治疗
雪原双子,Nunu,棱彩,111,36,尊我为王
雪原双子,Nunu,白银,112,29,属性！
雪原双子,Nunu,白银,113,30,侵蚀
雪原双子,Nunu,黄金,114,48,过量延伸者
雪原双子,Nunu,棱彩,115,37,不祥契约
雪原双子,Nunu,黄金,116,49,藏身草丛
雪原双子,Nunu,棱彩,117,38,海牛阿福的勇士
雪原双子,Nunu,白银,118,31,海克斯科技龙魂
雪原双子,Nunu,棱彩,119,39,舞会女王
雪原双子,Nunu,白银,120,32,吵闹鬼
雪原双子,Nunu,黄金,121,50,咏叹奏鸣
雪原双子,Nunu,棱彩,122,40,全能龙魂
雪原双子,Nunu,棱彩,123,41,属性叠属性叠属性！
雪原双子,Nunu,白银,124,33,山脉龙魂
雪原双子,Nunu,棱彩,125,42,炼狱导管
雪原双子,Nunu,棱彩,126,43,扳机炼狱
雪原双子,Nunu,棱彩,127,44,软弹啪叽抓
雪原双子,Nunu,黄金,128,51,炽烈黎明
雪原双子,Nunu,棱彩,129,45,夺金
雪原双子,Nunu,黄金,130,52,炽燃利息
雪原双子,Nunu,棱彩,131,46,男爵之手
雪原双子,Nunu,黄金,132,53,回力OK镖
雪原双子,Nunu,棱彩,133,47,魄罗蛮冲
雪原双子,Nunu,白银,134,34,注魔
雪原双子,Nunu,棱彩,135,48,电涌力场
雪原双子,Nunu,棱彩,136,49,秘术冲拳
雪原双子,Nunu,黄金,137,54,缩小射线
雪原双子,Nunu,棱彩,138,50,至高天诺言
雪原双子,Nunu,棱彩,139,51,战争交响乐
雪原双子,Nunu,黄金,140,55,火上浇油
雪原双子,Nunu,黄金,141,56,升级：贪欲九头蛇
雪原双子,Nunu,黄金,142,57,升级：焚天
雪原双子,Nunu,棱彩,143,52,风语者的祝福
雪原双子,Nunu,棱彩,144,53,物法皆修
雪原双子,Nunu,白银,145,35,灵巧
雪原双子,Nunu,黄金,146,58,升级：耀光
雪原双子,Nunu,白银,147,36,万用瞄准镜
雪原双子,Nunu,黄金,148,59,更万用的瞄准镜
雪原双子,Nunu,白银,149,37,点亮他们！
雪原双子,Nunu,棱彩,150,54,踢踏舞
雪原双子,Nunu,棱彩,151,55,最万用的瞄准镜
雪原双子,Nunu,黄金,152,60,会心治疗
雪原双子,Nunu,棱彩,153,56,灵魄炸弹
雪原双子,Nunu,黄金,154,61,坚韧
雪原双子,Nunu,黄金,155,62,升级：雪球
雪原双子,Nunu,白银,156,38,急救用具
雪原双子,Nunu,黄金,157,63,吸血习性
雪原双子,Nunu,棱彩,158,57,蛋白粉奶昔
雪原双子,Nunu,白银,159,39,闪闪现现
雪原双子,Nunu,棱彩,160,58,回响施放
雪原双子,Nunu,白银,161,40,闪光弹
雪原双子,Nunu,黄金,162,64,雪球扭蛋机
雪原双子,Nunu,白银,163,41,强力护盾
雪原双子,Nunu,白银,164,42,坚若磐石
雪原双子,Nunu,黄金,165,65,魄罗爆破手
雪原双子,Nunu,黄金,166,66,活力焕发
雪原双子,Nunu,棱彩,167,59,小丑学院
雪原双子,Nunu,黄金,168,67,关键暴击
雪原双子,Nunu,黄金,169,68,灵魂虹吸
雪原双子,Nunu,黄金,170,69,最终都市列车
雪原双子,Nunu,棱彩,171,60,量子计算
雪原双子,Nunu,黄金,172,70,祖母的辣椒油
雪原双子,Nunu,白银,173,43,会心防御
雪原双子,Nunu,黄金,174,71,易损
雪原双子,Nunu,白银,175,44,天音爆
雪原双子,Nunu,黄金,176,72,暴击律动
雪原双子,Nunu,棱彩,177,61,卡皮巴拉空投
雪原双子,Nunu,棱彩,178,62,激光治疗
雪原双子,Nunu,棱彩,179,63,连拨击锤
雪原双子,Nunu,棱彩,180,64,双刀流
雪原双子,Nunu,棱彩,181,65,王中王，靴中靴
雪原双子,Nunu,棱彩,182,66,？？？
雪原双子,Nunu,白银,183,45,狂热者
雪原双子,Nunu,棱彩,184,67,双发快射
狂战士,Olaf,黄金,1,1,罪恶快感
狂战士,Olaf,白银,2,1,渴血
狂战士,Olaf,棱彩,3,1,最终形态
狂战士,Olaf,黄金,4,2,无尽大杀四方
狂战士,Olaf,黄金,5,3,黎明使者的坚决
狂战士,Olaf,白银,6,2,大力
狂战士,Olaf,棱彩,7,2,秘术冲拳
狂战士,Olaf,白银,8,3,重量级打击手
狂战士,Olaf,黄金,9,4,小小的额外帮助
狂战士,Olaf,棱彩,10,3,战争交响乐
狂战士,Olaf,黄金,11,5,升级：贪欲九头蛇
狂战士,Olaf,黄金,12,6,穿针引线
狂战士,Olaf,黄金,13,7,夜狩
狂战士,Olaf,黄金,14,8,质变：棱彩阶
狂战士,Olaf,黄金,15,9,升级：焚天
狂战士,Olaf,黄金,16,10,惊惧
狂战士,Olaf,棱彩,17,4,泰坦的坚决
狂战士,Olaf,棱彩,18,5,扳机炼狱
狂战士,Olaf,黄金,19,11,快步
狂战士,Olaf,白银,20,4,逃跑计划
狂战士,Olaf,棱彩,21,6,终极唤醒
狂战士,Olaf,黄金,22,12,更万用的瞄准镜
狂战士,Olaf,棱彩,23,7,你摸不到
狂战士,Olaf,棱彩,24,8,和我一起困在这里
狂战士,Olaf,白银,25,5,练腿日
狂战士,Olaf,棱彩,26,9,濒死悟道
狂战士,Olaf,棱彩,27,10,利刃华尔兹
狂战士,Olaf,黄金,28,13,灵魂虹吸
狂战士,Olaf,白银,29,6,灵巧
狂战士,Olaf,黄金,30,14,升级：无尽之刃
狂战士,Olaf,白银,31,7,前进时间到
狂战士,Olaf,棱彩,32,11,双刀流
狂战士,Olaf,棱彩,33,12,飞身踢
狂战士,Olaf,白银,34,8,台风
狂战士,Olaf,白银,35,9,魔法转物理
狂战士,Olaf,黄金,36,15,属性叠属性！
狂战士,Olaf,棱彩,37,13,歌利亚巨人
狂战士,Olaf,棱彩,38,14,终极九头蛇
狂战士,Olaf,棱彩,39,15,掷骰狂人
狂战士,Olaf,黄金,40,16,心灵净化
狂战士,Olaf,白银,41,10,质变：黄金阶
狂战士,Olaf,黄金,42,17,高压锅
狂战士,Olaf,棱彩,43,16,飞升仪式
狂战士,Olaf,黄金,44,18,我们的治疗
狂战士,Olaf,黄金,45,19,杀戮时间到了
狂战士,Olaf,黄金,46,20,威能之追求
狂战士,Olaf,黄金,47,21,自然即是治愈
狂战士,Olaf,白银,48,11,升级：死亡之舞
狂战士,Olaf,棱彩,49,17,吃过路兵
狂战士,Olaf,棱彩,50,18,终极刷新
狂战士,Olaf,黄金,51,22,闪现向前
狂战士,Olaf,黄金,52,23,面包和果酱
狂战士,Olaf,白银,53,12,杀意翻涌
狂战士,Olaf,白银,54,13,万用瞄准镜
狂战士,Olaf,黄金,55,24,循环往复
狂战士,Olaf,黄金,56,25,坦克引擎
狂战士,Olaf,黄金,57,26,生机迸发
狂战士,Olaf,黄金,58,27,急速之追求
狂战士,Olaf,黄金,59,28,面包和奶酪
狂战士,Olaf,黄金,60,29,钢化你心
狂战士,Olaf,黄金,61,30,捐赠
狂战士,Olaf,黄金,62,31,缩小引擎
狂战士,Olaf,棱彩,63,19,最万用的瞄准镜
狂战士,Olaf,黄金,64,32,火上浇油
狂战士,Olaf,白银,65,14,加固护盾
狂战士,Olaf,棱彩,66,20,多重射击
狂战士,Olaf,白银,67,15,俯冲轰炸
狂战士,Olaf,黄金,68,33,关键暴击
狂战士,Olaf,黄金,69,34,神圣干预
狂战士,Olaf,棱彩,70,21,质变：混沌
狂战士,Olaf,黄金,71,35,轻拍背部
狂战士,Olaf,黄金,72,36,虚幻武器
狂战士,Olaf,黄金,73,37,星界躯体
狂战士,Olaf,棱彩,74,22,踢踏舞
狂战士,Olaf,白银,75,16,吵闹鬼
狂战士,Olaf,黄金,76,38,面包和黄油
狂战士,Olaf,棱彩,77,23,巨人杀手
狂战士,Olaf,黄金,78,39,术士果汁盒
狂战士,Olaf,棱彩,79,24,艾卡西亚的陷落
狂战士,Olaf,白银,80,17,升级：收集者
狂战士,Olaf,棱彩,81,25,史上最大雪球
狂战士,Olaf,棱彩,82,26,潘朵拉的盒子
狂战士,Olaf,白银,83,18,唯快不破
狂战士,Olaf,黄金,84,40,缩小射线
狂战士,Olaf,棱彩,85,27,超负荷
狂战士,Olaf,黄金,86,41,尖端发明家
狂战士,Olaf,白银,87,19,海洋龙魂
狂战士,Olaf,黄金,88,42,豪猪
狂战士,Olaf,黄金,89,43,弹球
狂战士,Olaf,白银,90,20,大师铸就
狂战士,Olaf,黄金,91,44,暴击律动
狂战士,Olaf,棱彩,92,28,针插垫
狂战士,Olaf,黄金,93,45,冰雪爆裂
狂战士,Olaf,棱彩,94,29,软弹啪叽抓
狂战士,Olaf,白银,95,21,家园卫士
狂战士,Olaf,白银,96,22,会心防御
狂战士,Olaf,棱彩,97,30,科学狂人
狂战士,Olaf,黄金,98,46,牙仙子
狂战士,Olaf,白银,99,23,下雪天
狂战士,Olaf,白银,100,24,侵蚀
狂战士,Olaf,棱彩,101,31,大招工具人
狂战士,Olaf,黄金,102,47,易损
狂战士,Olaf,黄金,103,48,急急小子
狂战士,Olaf,棱彩,104,32,海牛阿福的勇士
狂战士,Olaf,棱彩,105,33,神圣雪球
狂战士,Olaf,棱彩,106,34,位面转移
狂战士,Olaf,棱彩,107,35,双发快射
狂战士,Olaf,黄金,108,49,鲨鱼诱饵
狂战士,Olaf,黄金,109,50,鲨鱼暴风
狂战士,Olaf,棱彩,110,36,珠光护手
狂战士,Olaf,白银,111,25,炼狱龙魂
狂战士,Olaf,白银,112,26,冰寒
狂战士,Olaf,棱彩,113,37,连拨击锤
狂战士,Olaf,白银,114,27,海克斯科技龙魂
狂战士,Olaf,白银,115,28,属性！
狂战士,Olaf,黄金,116,51,过量延伸者
狂战士,Olaf,白银,117,29,转得我眩晕了
狂战士,Olaf,棱彩,118,38,舞会女王
狂战士,Olaf,黄金,119,52,哎哟，我的硬币！
狂战士,Olaf,棱彩,120,39,尊我为王
狂战士,Olaf,棱彩,121,40,无限循环往复
狂战士,Olaf,棱彩,122,41,全能龙魂
狂战士,Olaf,白银,123,30,防护面纱
狂战士,Olaf,黄金,124,53,升级：耀光
狂战士,Olaf,棱彩,125,42,属性叠属性叠属性！
狂战士,Olaf,黄金,126,54,咏叹奏鸣
狂战士,Olaf,棱彩,127,43,大法师
狂战士,Olaf,黄金,128,55,有始有终
狂战士,Olaf,白银,129,31,山脉龙魂
狂战士,Olaf,棱彩,130,44,空投熊
狂战士,Olaf,棱彩,131,45,电涌力场
狂战士,Olaf,白银,132,32,点亮他们！
狂战士,Olaf,黄金,133,56,回力OK镖
狂战士,Olaf,白银,134,33,升级：献祭
狂战士,Olaf,白银,135,34,由暴生急
狂战士,Olaf,棱彩,136,46,夺金
狂战士,Olaf,棱彩,137,47,回归基本功
狂战士,Olaf,白银,138,35,纯粹主义者 - 术师
狂战士,Olaf,黄金,139,57,溢流
狂战士,Olaf,白银,140,36,双生火焰
狂战士,Olaf,黄金,141,58,炽烈黎明
狂战士,Olaf,棱彩,142,48,死亡之环
狂战士,Olaf,白银,143,37,由心及物
狂战士,Olaf,黄金,144,59,魔法飞弹
狂战士,Olaf,白银,145,38,火狐
狂战士,Olaf,棱彩,146,49,男爵之手
狂战士,Olaf,白银,147,39,注魔
狂战士,Olaf,黄金,148,60,藏身草丛
狂战士,Olaf,棱彩,149,50,魄罗蛮冲
狂战士,Olaf,棱彩,150,51,炼狱导管
狂战士,Olaf,黄金,151,61,吸血习性
狂战士,Olaf,棱彩,152,52,风语者的祝福
狂战士,Olaf,黄金,153,62,会心治疗
狂战士,Olaf,黄金,154,63,狙神飞星
狂战士,Olaf,黄金,155,64,坚韧
狂战士,Olaf,白银,156,40,闪闪现现
狂战士,Olaf,棱彩,157,53,玻璃大炮
狂战士,Olaf,白银,158,41,闪光弹
狂战士,Olaf,黄金,159,65,活力焕发
狂战士,Olaf,棱彩,160,54,量子计算
狂战士,Olaf,黄金,161,66,升级：雪球
狂战士,Olaf,黄金,162,67,雪球扭蛋机
狂战士,Olaf,棱彩,163,55,小丑学院
狂战士,Olaf,棱彩,164,56,蛋白粉奶昔
狂战士,Olaf,黄金,165,68,魄罗爆破手
狂战士,Olaf,棱彩,166,57,魄罗之王的弹跳
狂战士,Olaf,黄金,167,69,仁慈打击
狂战士,Olaf,棱彩,168,58,至高天诺言
狂战士,Olaf,棱彩,169,59,激光治疗
狂战士,Olaf,棱彩,170,60,升级：花晓之剑
狂战士,Olaf,黄金,171,70,最终都市列车
狂战士,Olaf,棱彩,172,61,卡皮巴拉空投
狂战士,Olaf,白银,173,42,虹吸
发条魔灵,Orianna,黄金,1,1,魔法飞弹
发条魔灵,Orianna,棱彩,2,1,尤里卡
发条魔灵,Orianna,黄金,3,2,超凡邪恶
发条魔灵,Orianna,白银,4,1,巫师式思考
发条魔灵,Orianna,黄金,5,3,术士果汁盒
发条魔灵,Orianna,棱彩,6,2,大法师
发条魔灵,Orianna,白银,7,2,升级：中娅
发条魔灵,Orianna,白银,8,3,纯粹主义者 - 术师
发条魔灵,Orianna,黄金,9,4,急急小子
发条魔灵,Orianna,黄金,10,5,超强大脑
发条魔灵,Orianna,棱彩,11,3,终极刷新
发条魔灵,Orianna,棱彩,12,4,无限循环往复
发条魔灵,Orianna,黄金,13,6,牙仙子
发条魔灵,Orianna,棱彩,14,5,沃格勒特的巫师帽
发条魔灵,Orianna,黄金,15,7,杀戮时间到了
发条魔灵,Orianna,黄金,16,8,质变：棱彩阶
发条魔灵,Orianna,黄金,17,9,循环往复
发条魔灵,Orianna,棱彩,18,6,炼狱导管
发条魔灵,Orianna,黄金,19,10,老练狙神
发条魔灵,Orianna,黄金,20,11,虚幻武器
发条魔灵,Orianna,黄金,21,12,缩小引擎
发条魔灵,Orianna,棱彩,22,7,终极唤醒
发条魔灵,Orianna,黄金,23,13,急速之追求
发条魔灵,Orianna,黄金,24,14,威能之追求
发条魔灵,Orianna,白银,25,4,质变：黄金阶
发条魔灵,Orianna,棱彩,26,8,精怪魔法
发条魔灵,Orianna,白银,27,5,由心及物
发条魔灵,Orianna,白银,28,6,家园卫士
发条魔灵,Orianna,黄金,29,15,狙神飞星
发条魔灵,Orianna,白银,30,7,双生火焰
发条魔灵,Orianna,白银,31,8,冰寒
发条魔灵,Orianna,黄金,32,16,穿针引线
发条魔灵,Orianna,黄金,33,17,溢流
发条魔灵,Orianna,白银,34,9,物理转魔法
发条魔灵,Orianna,白银,35,10,海克斯科技龙魂
发条魔灵,Orianna,棱彩,36,9,珠光护手
发条魔灵,Orianna,黄金,37,18,面包和黄油
发条魔灵,Orianna,棱彩,38,10,掷骰狂人
发条魔灵,Orianna,棱彩,39,11,超负荷
发条魔灵,Orianna,黄金,40,19,回力OK镖
发条魔灵,Orianna,黄金,41,20,捐赠
发条魔灵,Orianna,黄金,42,21,有始有终
发条魔灵,Orianna,棱彩,43,12,质变：混沌
发条魔灵,Orianna,白银,44,11,火狐
发条魔灵,Orianna,白银,45,12,海洋龙魂
发条魔灵,Orianna,棱彩,46,13,巨人杀手
发条魔灵,Orianna,黄金,47,22,属性叠属性！
发条魔灵,Orianna,黄金,48,23,神射法师
发条魔灵,Orianna,白银,49,13,练腿日
发条魔灵,Orianna,白银,50,14,渴血
发条魔灵,Orianna,白银,51,15,逃跑计划
发条魔灵,Orianna,棱彩,52,14,科学狂人
发条魔灵,Orianna,黄金,53,24,面包和果酱
发条魔灵,Orianna,白银,54,16,炼狱龙魂
发条魔灵,Orianna,白银,55,17,大师铸就
发条魔灵,Orianna,棱彩,56,15,不祥契约
发条魔灵,Orianna,白银,57,18,侵蚀
发条魔灵,Orianna,棱彩,58,16,潘朵拉的盒子
发条魔灵,Orianna,黄金,59,25,心灵净化
发条魔灵,Orianna,棱彩,60,17,玻璃大炮
发条魔灵,Orianna,棱彩,61,18,飞身踢
发条魔灵,Orianna,棱彩,62,19,电涌力场
发条魔灵,Orianna,黄金,63,26,炽烈黎明
发条魔灵,Orianna,黄金,64,27,面包和奶酪
发条魔灵,Orianna,棱彩,65,20,史上最大雪球
发条魔灵,Orianna,白银,66,19,防护面纱
发条魔灵,Orianna,黄金,67,28,咏叹奏鸣
发条魔灵,Orianna,棱彩,68,21,全能龙魂
发条魔灵,Orianna,棱彩,69,22,大招工具人
发条魔灵,Orianna,黄金,70,29,神圣干预
发条魔灵,Orianna,白银,71,20,终极不可阻挡
发条魔灵,Orianna,黄金,72,30,哎哟，我的硬币！
发条魔灵,Orianna,黄金,73,31,尖端发明家
发条魔灵,Orianna,白银,74,21,吵闹鬼
发条魔灵,Orianna,白银,75,22,属性！
发条魔灵,Orianna,棱彩,76,23,你摸不到
发条魔灵,Orianna,黄金,77,32,闪现向前
发条魔灵,Orianna,白银,78,23,注魔
发条魔灵,Orianna,黄金,79,33,炽燃利息
发条魔灵,Orianna,棱彩,80,24,夺金
发条魔灵,Orianna,棱彩,81,25,属性叠属性叠属性！
发条魔灵,Orianna,棱彩,82,26,海牛阿福的勇士
发条魔灵,Orianna,黄金,83,34,生机迸发
发条魔灵,Orianna,白银,84,24,狂热者
发条魔灵,Orianna,黄金,85,35,自然即是治愈
发条魔灵,Orianna,白银,86,25,强力护盾
发条魔灵,Orianna,棱彩,87,27,男爵之手
发条魔灵,Orianna,黄金,88,36,坦克引擎
发条魔灵,Orianna,棱彩,89,28,歌利亚巨人
发条魔灵,Orianna,棱彩,90,29,尊我为王
发条魔灵,Orianna,棱彩,91,30,秘术冲拳
发条魔灵,Orianna,棱彩,92,31,回归基本功
发条魔灵,Orianna,黄金,93,37,夜狩
发条魔灵,Orianna,黄金,94,38,鲨鱼暴风
发条魔灵,Orianna,白银,95,26,山脉龙魂
发条魔灵,Orianna,黄金,96,39,弹球
发条魔灵,Orianna,黄金,97,40,黎明使者的坚决
发条魔灵,Orianna,黄金,98,41,罪恶快感
发条魔灵,Orianna,棱彩,99,32,吃过路兵
发条魔灵,Orianna,白银,100,27,下雪天
发条魔灵,Orianna,棱彩,101,33,空投熊
发条魔灵,Orianna,黄金,102,42,轻拍背部
发条魔灵,Orianna,棱彩,103,34,最终形态
发条魔灵,Orianna,黄金,104,43,缩小射线
发条魔灵,Orianna,白银,105,28,唯快不破
发条魔灵,Orianna,白银,106,29,俯冲轰炸
发条魔灵,Orianna,黄金,107,44,火上浇油
发条魔灵,Orianna,黄金,108,45,冰雪爆裂
发条魔灵,Orianna,白银,109,30,杀意翻涌
发条魔灵,Orianna,黄金,110,46,鲨鱼诱饵
发条魔灵,Orianna,棱彩,111,35,物法皆修
发条魔灵,Orianna,棱彩,112,36,神圣雪球
发条魔灵,Orianna,黄金,113,47,藏身草丛
发条魔灵,Orianna,白银,114,31,点亮他们！
发条魔灵,Orianna,棱彩,115,37,扳机炼狱
发条魔灵,Orianna,棱彩,116,38,魄罗蛮冲
发条魔灵,Orianna,白银,117,32,转得我眩晕了
发条魔灵,Orianna,白银,118,33,天音爆
发条魔灵,Orianna,黄金,119,48,星界躯体
发条魔灵,Orianna,白银,120,34,灵巧
发条魔灵,Orianna,黄金,121,49,更万用的瞄准镜
发条魔灵,Orianna,黄金,122,50,过量延伸者
发条魔灵,Orianna,黄金,123,51,会心治疗
发条魔灵,Orianna,黄金,124,52,我们的治疗
发条魔灵,Orianna,棱彩,125,39,踢踏舞
发条魔灵,Orianna,黄金,126,53,喂呜喂呜
发条魔灵,Orianna,白银,127,35,万用瞄准镜
发条魔灵,Orianna,棱彩,128,40,信念者的强化
发条魔灵,Orianna,棱彩,129,41,至高天诺言
发条魔灵,Orianna,棱彩,130,42,软弹啪叽抓
发条魔灵,Orianna,棱彩,131,43,位面转移
发条魔灵,Orianna,棱彩,132,44,灵魄炸弹
发条魔灵,Orianna,黄金,133,54,全心为你
发条魔灵,Orianna,黄金,134,55,高压锅
发条魔灵,Orianna,棱彩,135,45,风语者的祝福
发条魔灵,Orianna,棱彩,136,46,飞升仪式
发条魔灵,Orianna,黄金,137,56,豪猪
发条魔灵,Orianna,白银,138,36,重量级打击手
发条魔灵,Orianna,黄金,139,57,升级：耀光
发条魔灵,Orianna,棱彩,140,47,泰坦的坚决
发条魔灵,Orianna,棱彩,141,48,战争交响乐
发条魔灵,Orianna,棱彩,142,49,濒死悟道
发条魔灵,Orianna,棱彩,143,50,利刃华尔兹
发条魔灵,Orianna,黄金,144,58,钢化你心
发条魔灵,Orianna,棱彩,145,51,最万用的瞄准镜
发条魔灵,Orianna,白银,146,37,台风
发条魔灵,Orianna,棱彩,147,52,亮出你的剑
发条魔灵,Orianna,棱彩,148,53,双刀流
发条魔灵,Orianna,棱彩,149,54,蛋白粉奶昔
发条魔灵,Orianna,黄金,150,59,无尽大杀四方
发条魔灵,Orianna,黄金,151,60,活力焕发
发条魔灵,Orianna,黄金,152,61,吸血习性
发条魔灵,Orianna,黄金,153,62,祖母的辣椒油
发条魔灵,Orianna,黄金,154,63,易损
发条魔灵,Orianna,黄金,155,64,魄罗爆破手
发条魔灵,Orianna,白银,156,38,闪闪现现
发条魔灵,Orianna,黄金,157,65,关键暴击
发条魔灵,Orianna,黄金,158,66,升级：雪球
发条魔灵,Orianna,黄金,159,67,灵魂虹吸
发条魔灵,Orianna,黄金,160,68,暴击飞弹
发条魔灵,Orianna,白银,161,39,会心防御
发条魔灵,Orianna,白银,162,40,闪光弹
发条魔灵,Orianna,棱彩,163,55,小丑学院
发条魔灵,Orianna,黄金,164,69,暴击律动
发条魔灵,Orianna,黄金,165,70,雪球扭蛋机
发条魔灵,Orianna,白银,166,41,急救用具
发条魔灵,Orianna,黄金,167,71,坚韧
发条魔灵,Orianna,棱彩,168,56,死亡之环
发条魔灵,Orianna,棱彩,169,57,小猫咪找妈妈
发条魔灵,Orianna,黄金,170,72,最终都市列车
发条魔灵,Orianna,白银,171,42,虹吸
发条魔灵,Orianna,棱彩,172,58,量子计算
发条魔灵,Orianna,棱彩,173,59,卡皮巴拉空投
发条魔灵,Orianna,棱彩,174,60,连拨击锤
发条魔灵,Orianna,棱彩,175,61,激光治疗
发条魔灵,Orianna,白银,176,43,可靠武器
发条魔灵,Orianna,白银,177,44,加固护盾
发条魔灵,Orianna,白银,178,45,大力
发条魔灵,Orianna,白银,179,46,叠角龙
发条魔灵,Orianna,白银,180,47,魔法转物理
发条魔灵,Orianna,棱彩,181,62,王中王，靴中靴
发条魔灵,Orianna,棱彩,182,63,升级：花晓之剑
发条魔灵,Orianna,棱彩,183,64,魄罗之王的弹跳
发条魔灵,Orianna,棱彩,184,65,双发快射
发条魔灵,Orianna,白银,185,48,由暴生急
山隐之焰,Ornn,黄金,1,1,坦克引擎
山隐之焰,Ornn,白银,2,1,重量级打击手
山隐之焰,Ornn,棱彩,3,1,飞身踢
山隐之焰,Ornn,黄金,4,2,星界躯体
山隐之焰,Ornn,黄金,5,3,钢化你心
山隐之焰,Ornn,棱彩,6,2,歌利亚巨人
山隐之焰,Ornn,白银,7,2,升级：献祭
山隐之焰,Ornn,黄金,8,4,高压锅
山隐之焰,Ornn,棱彩,9,3,艾卡西亚的陷落
山隐之焰,Ornn,棱彩,10,4,巨像的勇气
山隐之焰,Ornn,黄金,11,5,吞噬灵魂
山隐之焰,Ornn,黄金,12,6,质变：棱彩阶
山隐之焰,Ornn,黄金,13,7,不动如山
山隐之焰,Ornn,白银,14,3,扇巴掌
山隐之焰,Ornn,黄金,15,8,神圣干预
山隐之焰,Ornn,棱彩,16,5,精怪魔法
山隐之焰,Ornn,黄金,17,9,地形专家
山隐之焰,Ornn,白银,18,4,质变：黄金阶
山隐之焰,Ornn,黄金,19,10,黎明使者的坚决
山隐之焰,Ornn,黄金,20,11,生机迸发
山隐之焰,Ornn,棱彩,21,6,终极刷新
山隐之焰,Ornn,白银,22,5,逃跑计划
山隐之焰,Ornn,白银,23,6,大师铸就
山隐之焰,Ornn,黄金,24,12,豪猪
山隐之焰,Ornn,白银,25,7,练腿日
山隐之焰,Ornn,黄金,26,13,尖端发明家
山隐之焰,Ornn,棱彩,27,7,掷骰狂人
山隐之焰,Ornn,白银,28,8,海洋龙魂
山隐之焰,Ornn,黄金,29,14,我们的治疗
山隐之焰,Ornn,白银,30,9,终极不可阻挡
山隐之焰,Ornn,黄金,31,15,贪欲束缚
山隐之焰,Ornn,棱彩,32,8,残忍
山隐之焰,Ornn,白银,33,10,俯冲轰炸
山隐之焰,Ornn,棱彩,34,9,和我一起困在这里
山隐之焰,Ornn,黄金,35,16,循环往复
山隐之焰,Ornn,白银,36,11,防护面纱
山隐之焰,Ornn,棱彩,37,10,泰坦的坚决
山隐之焰,Ornn,棱彩,38,11,质变：混沌
山隐之焰,Ornn,棱彩,39,12,终极唤醒
山隐之焰,Ornn,黄金,40,17,无尽大杀四方
山隐之焰,Ornn,棱彩,41,13,史上最大雪球
山隐之焰,Ornn,黄金,42,18,杀戮时间到了
山隐之焰,Ornn,黄金,43,19,属性叠属性！
山隐之焰,Ornn,黄金,44,20,捐赠
山隐之焰,Ornn,白银,45,12,下雪天
山隐之焰,Ornn,黄金,46,21,自然即是治愈
山隐之焰,Ornn,白银,47,13,由心及物
山隐之焰,Ornn,黄金,48,22,弹球
山隐之焰,Ornn,黄金,49,23,冰雪爆裂
山隐之焰,Ornn,黄金,50,24,面包和果酱
山隐之焰,Ornn,白银,51,14,快中求稳
山隐之焰,Ornn,棱彩,52,14,科学狂人
山隐之焰,Ornn,白银,53,15,山脉龙魂
山隐之焰,Ornn,黄金,54,25,面包和奶酪
山隐之焰,Ornn,白银,55,16,属性！
山隐之焰,Ornn,黄金,56,26,心灵净化
山隐之焰,Ornn,棱彩,57,15,潘朵拉的盒子
山隐之焰,Ornn,白银,58,17,侵蚀
山隐之焰,Ornn,棱彩,59,16,超负荷
山隐之焰,Ornn,棱彩,60,17,最终形态
山隐之焰,Ornn,棱彩,61,18,你摸不到
山隐之焰,Ornn,黄金,62,27,面包和黄油
山隐之焰,Ornn,黄金,63,28,缩小引擎
山隐之焰,Ornn,黄金,64,29,虚幻武器
山隐之焰,Ornn,棱彩,65,19,空投熊
山隐之焰,Ornn,棱彩,66,20,多重射击
山隐之焰,Ornn,白银,67,18,转得我眩晕了
山隐之焰,Ornn,棱彩,68,21,大招工具人
山隐之焰,Ornn,白银,69,19,大力
山隐之焰,Ornn,黄金,70,30,哎哟，我的硬币！
山隐之焰,Ornn,棱彩,71,22,软弹啪叽抓
山隐之焰,Ornn,黄金,72,31,鲨鱼诱饵
山隐之焰,Ornn,黄金,73,32,鲨鱼暴风
山隐之焰,Ornn,黄金,74,33,闪现向前
山隐之焰,Ornn,棱彩,75,23,全能龙魂
山隐之焰,Ornn,棱彩,76,24,大地苏醒
山隐之焰,Ornn,白银,77,20,纯粹主义者 - 术师
山隐之焰,Ornn,棱彩,78,25,无限循环往复
山隐之焰,Ornn,棱彩,79,26,神圣雪球
山隐之焰,Ornn,棱彩,80,27,大法师
山隐之焰,Ornn,黄金,81,34,狂徒豪气
山隐之焰,Ornn,白银,82,21,炼狱龙魂
山隐之焰,Ornn,白银,83,22,暗影疾奔
山隐之焰,Ornn,棱彩,84,28,属性叠属性叠属性！
山隐之焰,Ornn,白银,85,23,杀意翻涌
山隐之焰,Ornn,黄金,86,35,咏叹奏鸣
山隐之焰,Ornn,黄金,87,36,过量延伸者
山隐之焰,Ornn,棱彩,88,29,舞会女王
山隐之焰,Ornn,白银,89,24,火狐
山隐之焰,Ornn,棱彩,90,30,尊我为王
山隐之焰,Ornn,白银,91,25,海克斯科技龙魂
山隐之焰,Ornn,黄金,92,37,炽烈黎明
山隐之焰,Ornn,黄金,93,38,轻拍背部
山隐之焰,Ornn,白银,94,26,冰寒
山隐之焰,Ornn,棱彩,95,31,海牛阿福的勇士
山隐之焰,Ornn,棱彩,96,32,全凭身法
山隐之焰,Ornn,棱彩,97,33,回归基本功
山隐之焰,Ornn,黄金,98,39,缩小射线
山隐之焰,Ornn,白银,99,27,家园卫士
山隐之焰,Ornn,白银,100,28,双生火焰
山隐之焰,Ornn,黄金,101,40,超凡邪恶
山隐之焰,Ornn,棱彩,102,34,濒死悟道
山隐之焰,Ornn,黄金,103,41,升级：耀光
山隐之焰,Ornn,黄金,104,42,急急小子
山隐之焰,Ornn,白银,105,29,台风
山隐之焰,Ornn,白银,106,30,渴血
山隐之焰,Ornn,黄金,107,43,火上浇油
山隐之焰,Ornn,黄金,108,44,回力OK镖
山隐之焰,Ornn,黄金,109,45,更万用的瞄准镜
山隐之焰,Ornn,棱彩,110,35,飞升仪式
山隐之焰,Ornn,白银,111,31,万用瞄准镜
山隐之焰,Ornn,棱彩,112,36,魄罗蛮冲
山隐之焰,Ornn,黄金,113,46,穿针引线
山隐之焰,Ornn,黄金,114,47,升级：焚天
山隐之焰,Ornn,黄金,115,48,术士果汁盒
山隐之焰,Ornn,棱彩,116,37,物法皆修
山隐之焰,Ornn,黄金,117,49,罪恶快感
山隐之焰,Ornn,棱彩,118,38,炼狱导管
山隐之焰,Ornn,棱彩,119,39,夺金
山隐之焰,Ornn,黄金,120,50,溢流
山隐之焰,Ornn,棱彩,121,40,位面转移
山隐之焰,Ornn,黄金,122,51,有始有终
山隐之焰,Ornn,白银,123,32,吵闹鬼
山隐之焰,Ornn,黄金,124,52,牙仙子
山隐之焰,Ornn,黄金,125,53,魔法飞弹
山隐之焰,Ornn,棱彩,126,41,男爵之手
山隐之焰,Ornn,黄金,127,54,升级：贪欲九头蛇
山隐之焰,Ornn,黄金,128,55,夜狩
山隐之焰,Ornn,棱彩,129,42,巨人杀手
山隐之焰,Ornn,棱彩,130,43,扳机炼狱
山隐之焰,Ornn,棱彩,131,44,吃过路兵
山隐之焰,Ornn,棱彩,132,45,连拨击锤
山隐之焰,Ornn,棱彩,133,46,利刃华尔兹
山隐之焰,Ornn,棱彩,134,47,秘术冲拳
山隐之焰,Ornn,白银,135,33,巫师式思考
山隐之焰,Ornn,白银,136,34,灵巧
山隐之焰,Ornn,棱彩,137,48,双刀流
山隐之焰,Ornn,棱彩,138,49,电涌力场
山隐之焰,Ornn,黄金,139,56,升级：无尽之刃
山隐之焰,Ornn,棱彩,140,50,最万用的瞄准镜
山隐之焰,Ornn,黄金,141,57,藏身草丛
山隐之焰,Ornn,白银,142,35,注魔
山隐之焰,Ornn,棱彩,143,51,尤里卡
山隐之焰,Ornn,白银,144,36,升级：收集者
山隐之焰,Ornn,黄金,145,58,神射法师
山隐之焰,Ornn,黄金,146,59,坚韧
山隐之焰,Ornn,黄金,147,60,超强大脑
山隐之焰,Ornn,棱彩,148,52,不祥契约
山隐之焰,Ornn,棱彩,149,53,踢踏舞
山隐之焰,Ornn,白银,150,37,唯快不破
山隐之焰,Ornn,黄金,151,61,狙神飞星
山隐之焰,Ornn,棱彩,152,54,战争交响乐
山隐之焰,Ornn,白银,153,38,升级：中娅
山隐之焰,Ornn,白银,154,39,点亮他们！
山隐之焰,Ornn,白银,155,40,坚若磐石
山隐之焰,Ornn,棱彩,156,55,玻璃大炮
山隐之焰,Ornn,棱彩,157,56,沃格勒特的巫师帽
山隐之焰,Ornn,黄金,158,62,活力焕发
山隐之焰,Ornn,白银,159,41,闪光弹
山隐之焰,Ornn,白银,160,42,闪闪现现
山隐之焰,Ornn,黄金,161,63,会心治疗
山隐之焰,Ornn,黄金,162,64,升级：雪球
山隐之焰,Ornn,黄金,163,65,祖母的辣椒油
山隐之焰,Ornn,棱彩,164,57,量子计算
山隐之焰,Ornn,黄金,165,66,雪球扭蛋机
山隐之焰,Ornn,白银,166,43,会心防御
山隐之焰,Ornn,棱彩,167,58,蛋白粉奶昔
山隐之焰,Ornn,黄金,168,67,最终都市列车
山隐之焰,Ornn,黄金,169,68,急速之追求
山隐之焰,Ornn,白银,170,44,叠角龙
山隐之焰,Ornn,黄金,171,69,易损
山隐之焰,Ornn,棱彩,172,59,小丑学院
山隐之焰,Ornn,白银,173,45,虹吸
山隐之焰,Ornn,黄金,174,70,关键暴击
山隐之焰,Ornn,黄金,175,71,灵魂虹吸
山隐之焰,Ornn,白银,176,46,强力护盾
山隐之焰,Ornn,黄金,177,72,吸血习性
山隐之焰,Ornn,黄金,178,73,虚空冲刺
山隐之焰,Ornn,白银,179,47,天音爆
山隐之焰,Ornn,棱彩,180,60,风语者的祝福
山隐之焰,Ornn,棱彩,181,61,激光治疗
山隐之焰,Ornn,棱彩,182,62,卡皮巴拉空投
山隐之焰,Ornn,棱彩,183,63,？？？
山隐之焰,Ornn,黄金,184,74,喂呜喂呜
山隐之焰,Ornn,白银,185,48,急救用具
山隐之焰,Ornn,棱彩,186,64,珠光护手
山隐之焰,Ornn,黄金,187,75,魄罗爆破手
山隐之焰,Ornn,棱彩,188,65,咒语裂变
山隐之焰,Ornn,黄金,189,76,威能之追求
不屈之枪,Pantheon,白银,1,1,大力
不屈之枪,Pantheon,黄金,2,1,穿针引线
不屈之枪,Pantheon,黄金,3,2,无尽大杀四方
不屈之枪,Pantheon,黄金,4,3,夜狩
不屈之枪,Pantheon,白银,5,2,渴血
不屈之枪,Pantheon,棱彩,6,1,秘术冲拳
不屈之枪,Pantheon,棱彩,7,2,扳机炼狱
不屈之枪,Pantheon,黄金,8,4,黎明使者的坚决
不屈之枪,Pantheon,棱彩,9,3,回归基本功
不屈之枪,Pantheon,黄金,10,5,升级：焚天
不屈之枪,Pantheon,棱彩,11,4,飞升仪式
不屈之枪,Pantheon,白银,12,3,升级：收集者
不屈之枪,Pantheon,棱彩,13,5,全凭身法
不屈之枪,Pantheon,黄金,14,6,质变：棱彩阶
不屈之枪,Pantheon,黄金,15,7,贪欲束缚
不屈之枪,Pantheon,棱彩,16,6,利刃华尔兹
不屈之枪,Pantheon,白银,17,4,魔法转物理
不屈之枪,Pantheon,黄金,18,8,罪恶快感
不屈之枪,Pantheon,黄金,19,9,升级：无尽之刃
不屈之枪,Pantheon,黄金,20,10,心灵净化
不屈之枪,Pantheon,黄金,21,11,循环往复
不屈之枪,Pantheon,黄金,22,12,升级：贪欲九头蛇
不屈之枪,Pantheon,黄金,23,13,升级：耀光
不屈之枪,Pantheon,棱彩,24,7,吃过路兵
不屈之枪,Pantheon,棱彩,25,8,濒死悟道
不屈之枪,Pantheon,白银,26,5,质变：黄金阶
不屈之枪,Pantheon,黄金,27,14,自然即是治愈
不屈之枪,Pantheon,黄金,28,15,狂徒豪气
不屈之枪,Pantheon,棱彩,29,9,飞身踢
不屈之枪,Pantheon,白银,30,6,逃跑计划
不屈之枪,Pantheon,黄金,31,16,面包和果酱
不屈之枪,Pantheon,白银,32,7,升级：死亡之舞
不屈之枪,Pantheon,棱彩,33,10,珠光护手
不屈之枪,Pantheon,白银,34,8,扇巴掌
不屈之枪,Pantheon,黄金,35,17,牙仙子
不屈之枪,Pantheon,黄金,36,18,虚幻武器
不屈之枪,Pantheon,白银,37,9,练腿日
不屈之枪,Pantheon,黄金,38,19,闪现向前
不屈之枪,Pantheon,黄金,39,20,坦克引擎
不屈之枪,Pantheon,白银,40,10,快中求稳
不屈之枪,Pantheon,白银,41,11,重量级打击手
不屈之枪,Pantheon,棱彩,42,11,歌利亚巨人
不屈之枪,Pantheon,黄金,43,21,属性叠属性！
不屈之枪,Pantheon,黄金,44,22,有始有终
不屈之枪,Pantheon,棱彩,45,12,掷骰狂人
不屈之枪,Pantheon,黄金,46,23,钢化你心
不屈之枪,Pantheon,棱彩,47,13,终极九头蛇
不屈之枪,Pantheon,黄金,48,24,星界躯体
不屈之枪,Pantheon,棱彩,49,14,科学狂人
不屈之枪,Pantheon,黄金,50,25,急速之追求
不屈之枪,Pantheon,棱彩,51,15,战争交响乐
不屈之枪,Pantheon,黄金,52,26,面包和黄油
不屈之枪,Pantheon,黄金,53,27,吞噬灵魂
不屈之枪,Pantheon,棱彩,54,16,最终形态
不屈之枪,Pantheon,黄金,55,28,威能之追求
不屈之枪,Pantheon,棱彩,56,17,巨像的勇气
不屈之枪,Pantheon,黄金,57,29,缩小引擎
不屈之枪,Pantheon,棱彩,58,18,史上最大雪球
不屈之枪,Pantheon,黄金,59,30,捐赠
不屈之枪,Pantheon,黄金,60,31,面包和奶酪
不屈之枪,Pantheon,黄金,61,32,灵魂虹吸
不屈之枪,Pantheon,棱彩,62,19,质变：混沌
不屈之枪,Pantheon,白银,63,12,俯冲轰炸
不屈之枪,Pantheon,黄金,64,33,我们的治疗
不屈之枪,Pantheon,黄金,65,34,生机迸发
不屈之枪,Pantheon,白银,66,13,大师铸就
不屈之枪,Pantheon,棱彩,67,20,残忍
不屈之枪,Pantheon,黄金,68,35,不动如山
不屈之枪,Pantheon,黄金,69,36,弹球
不屈之枪,Pantheon,黄金,70,37,冰雪爆裂
不屈之枪,Pantheon,白银,71,14,暗影疾奔
不屈之枪,Pantheon,白银,72,15,炼狱龙魂
不屈之枪,Pantheon,棱彩,73,21,大地苏醒
不屈之枪,Pantheon,白银,74,16,下雪天
不屈之枪,Pantheon,棱彩,75,22,无限循环往复
不屈之枪,Pantheon,棱彩,76,23,双刀流
不屈之枪,Pantheon,棱彩,77,24,潘朵拉的盒子
不屈之枪,Pantheon,黄金,78,38,关键暴击
不屈之枪,Pantheon,黄金,79,39,神圣干预
不屈之枪,Pantheon,白银,80,17,双生火焰
不屈之枪,Pantheon,棱彩,81,25,大法师
不屈之枪,Pantheon,黄金,82,40,易损
不屈之枪,Pantheon,黄金,83,41,尖端发明家
不屈之枪,Pantheon,棱彩,84,26,终极唤醒
不屈之枪,Pantheon,白银,85,18,杀意翻涌
不屈之枪,Pantheon,棱彩,86,27,软弹啪叽抓
不屈之枪,Pantheon,棱彩,87,28,巨人杀手
不屈之枪,Pantheon,白银,88,19,侵蚀
不屈之枪,Pantheon,白银,89,20,海洋龙魂
不屈之枪,Pantheon,白银,90,21,台风
不屈之枪,Pantheon,白银,91,22,防护面纱
不屈之枪,Pantheon,棱彩,92,29,连拨击锤
不屈之枪,Pantheon,黄金,93,42,鲨鱼暴风
不屈之枪,Pantheon,黄金,94,43,杀戮时间到了
不屈之枪,Pantheon,棱彩,95,30,神圣雪球
不屈之枪,Pantheon,黄金,96,44,轻拍背部
不屈之枪,Pantheon,棱彩,97,31,泰坦的坚决
不屈之枪,Pantheon,棱彩,98,32,尊我为王
不屈之枪,Pantheon,黄金,99,45,缩小射线
不屈之枪,Pantheon,棱彩,100,33,海牛阿福的勇士
不屈之枪,Pantheon,黄金,101,46,急急小子
不屈之枪,Pantheon,黄金,102,47,鲨鱼诱饵
不屈之枪,Pantheon,黄金,103,48,哎哟，我的硬币！
不屈之枪,Pantheon,棱彩,104,34,双发快射
不屈之枪,Pantheon,棱彩,105,35,全能龙魂
不屈之枪,Pantheon,棱彩,106,36,位面转移
不屈之枪,Pantheon,黄金,107,49,更万用的瞄准镜
不屈之枪,Pantheon,白银,108,23,会心防御
不屈之枪,Pantheon,棱彩,109,37,和我一起困在这里
不屈之枪,Pantheon,白银,110,24,属性！
不屈之枪,Pantheon,棱彩,111,38,精怪魔法
不屈之枪,Pantheon,黄金,112,50,火上浇油
不屈之枪,Pantheon,黄金,113,51,豪猪
不屈之枪,Pantheon,黄金,114,52,高压锅
不屈之枪,Pantheon,棱彩,115,39,踢踏舞
不屈之枪,Pantheon,棱彩,116,40,你摸不到
不屈之枪,Pantheon,黄金,117,53,过量延伸者
不屈之枪,Pantheon,白银,118,25,家园卫士
不屈之枪,Pantheon,棱彩,119,41,空投熊
不屈之枪,Pantheon,棱彩,120,42,物法皆修
不屈之枪,Pantheon,白银,121,26,纯粹主义者 - 术师
不屈之枪,Pantheon,白银,122,27,海克斯科技龙魂
不屈之枪,Pantheon,白银,123,28,火狐
不屈之枪,Pantheon,黄金,124,54,术士果汁盒
不屈之枪,Pantheon,棱彩,125,43,属性叠属性叠属性！
不屈之枪,Pantheon,白银,126,29,转得我眩晕了
不屈之枪,Pantheon,白银,127,30,万用瞄准镜
不屈之枪,Pantheon,白银,128,31,别停止引导
不屈之枪,Pantheon,白银,129,32,山脉龙魂
不屈之枪,Pantheon,白银,130,33,狂热者
不屈之枪,Pantheon,黄金,131,55,藏身草丛
不屈之枪,Pantheon,白银,132,34,由暴生急
不屈之枪,Pantheon,棱彩,133,44,最万用的瞄准镜
不屈之枪,Pantheon,棱彩,134,45,夺金
不屈之枪,Pantheon,黄金,135,56,溢流
不屈之枪,Pantheon,黄金,136,57,回力OK镖
不屈之枪,Pantheon,白银,137,35,灵巧
不屈之枪,Pantheon,棱彩,138,46,舞会女王
不屈之枪,Pantheon,棱彩,139,47,终极刷新
不屈之枪,Pantheon,白银,140,36,升级：献祭
不屈之枪,Pantheon,黄金,141,58,炽烈黎明
不屈之枪,Pantheon,黄金,142,59,咏叹奏鸣
不屈之枪,Pantheon,白银,143,37,由心及物
不屈之枪,Pantheon,棱彩,144,48,男爵之手
不屈之枪,Pantheon,黄金,145,60,魔法飞弹
不屈之枪,Pantheon,棱彩,146,49,魄罗蛮冲
不屈之枪,Pantheon,白银,147,38,注魔
不屈之枪,Pantheon,白银,148,39,唯快不破
不屈之枪,Pantheon,白银,149,40,点亮他们！
不屈之枪,Pantheon,棱彩,150,50,艾卡西亚的陷落
不屈之枪,Pantheon,棱彩,151,51,炼狱导管
不屈之枪,Pantheon,白银,152,41,吵闹鬼
不屈之枪,Pantheon,棱彩,153,52,玻璃大炮
不屈之枪,Pantheon,棱彩,154,53,不祥契约
不屈之枪,Pantheon,黄金,155,61,超凡邪恶
不屈之枪,Pantheon,棱彩,156,54,电涌力场
不屈之枪,Pantheon,黄金,157,62,神射法师
不屈之枪,Pantheon,白银,158,42,物理转魔法
不屈之枪,Pantheon,白银,159,43,闪光弹
不屈之枪,Pantheon,黄金,160,63,狙神飞星
不屈之枪,Pantheon,白银,161,44,冰寒
不屈之枪,Pantheon,棱彩,162,55,小丑学院
不屈之枪,Pantheon,黄金,163,64,吸血习性
不屈之枪,Pantheon,白银,164,45,闪闪现现
不屈之枪,Pantheon,白银,165,46,巫师式思考
不屈之枪,Pantheon,棱彩,166,56,大招工具人
不屈之枪,Pantheon,棱彩,167,57,尤里卡
不屈之枪,Pantheon,黄金,168,65,活力焕发
不屈之枪,Pantheon,黄金,169,66,超强大脑
不屈之枪,Pantheon,白银,170,47,升级：中娅
不屈之枪,Pantheon,棱彩,171,58,沃格勒特的巫师帽
不屈之枪,Pantheon,棱彩,172,59,量子计算
不屈之枪,Pantheon,黄金,173,67,升级：雪球
不屈之枪,Pantheon,黄金,174,68,最终都市列车
不屈之枪,Pantheon,黄金,175,69,雪球扭蛋机
不屈之枪,Pantheon,白银,176,48,坚若磐石
不屈之枪,Pantheon,黄金,177,70,坚韧
不屈之枪,Pantheon,黄金,178,71,魄罗爆破手
不屈之枪,Pantheon,黄金,179,72,会心治疗
不屈之枪,Pantheon,黄金,180,73,虚空冲刺
不屈之枪,Pantheon,棱彩,181,60,魄罗之王的弹跳
不屈之枪,Pantheon,白银,182,49,叠角龙
不屈之枪,Pantheon,棱彩,183,61,蛋白粉奶昔
不屈之枪,Pantheon,棱彩,184,62,你肩上的恶魔
不屈之枪,Pantheon,黄金,185,74,暴击律动
不屈之枪,Pantheon,黄金,186,75,祖母的辣椒油
不屈之枪,Pantheon,棱彩,187,63,卡皮巴拉空投
不屈之枪,Pantheon,棱彩,188,64,超负荷
不屈之枪,Pantheon,棱彩,189,65,王中王，靴中靴
不屈之枪,Pantheon,棱彩,190,66,升级：花晓之剑
不屈之枪,Pantheon,棱彩,191,67,信念者的强化
圣锤之毅,Poppy,黄金,1,1,坦克引擎
圣锤之毅,Poppy,棱彩,2,1,飞身踢
圣锤之毅,Poppy,白银,3,1,重量级打击手
圣锤之毅,Poppy,黄金,4,2,星界躯体
圣锤之毅,Poppy,黄金,5,3,钢化你心
圣锤之毅,Poppy,棱彩,6,2,歌利亚巨人
圣锤之毅,Poppy,黄金,7,4,黎明使者的坚决
圣锤之毅,Poppy,白银,8,2,升级：献祭
圣锤之毅,Poppy,黄金,9,5,高压锅
圣锤之毅,Poppy,棱彩,10,3,巨像的勇气
圣锤之毅,Poppy,棱彩,11,4,泰坦的坚决
圣锤之毅,Poppy,白银,12,3,扇巴掌
圣锤之毅,Poppy,棱彩,13,5,艾卡西亚的陷落
圣锤之毅,Poppy,黄金,14,6,连锁反应
圣锤之毅,Poppy,黄金,15,7,神圣干预
圣锤之毅,Poppy,黄金,16,8,不动如山
圣锤之毅,Poppy,黄金,17,9,质变：棱彩阶
圣锤之毅,Poppy,黄金,18,10,吞噬灵魂
圣锤之毅,Poppy,白银,19,4,质变：黄金阶
圣锤之毅,Poppy,白银,20,5,逃跑计划
圣锤之毅,Poppy,白银,21,6,大力
圣锤之毅,Poppy,黄金,22,11,生机迸发
圣锤之毅,Poppy,白银,23,7,渴血
圣锤之毅,Poppy,黄金,24,12,豪猪
圣锤之毅,Poppy,白银,25,8,练腿日
圣锤之毅,Poppy,黄金,26,13,无尽大杀四方
圣锤之毅,Poppy,棱彩,27,6,回归基本功
圣锤之毅,Poppy,黄金,28,14,我们的治疗
圣锤之毅,Poppy,黄金,29,15,贪欲束缚
圣锤之毅,Poppy,白银,30,9,防护面纱
圣锤之毅,Poppy,白银,31,10,大师铸就
圣锤之毅,Poppy,白银,32,11,快中求稳
圣锤之毅,Poppy,棱彩,33,7,史上最大雪球
圣锤之毅,Poppy,白银,34,12,俯冲轰炸
圣锤之毅,Poppy,黄金,35,16,尖端发明家
圣锤之毅,Poppy,棱彩,36,8,质变：混沌
圣锤之毅,Poppy,白银,37,13,海洋龙魂
圣锤之毅,Poppy,棱彩,38,9,掷骰狂人
圣锤之毅,Poppy,白银,39,14,下雪天
圣锤之毅,Poppy,白银,40,15,暗影疾奔
圣锤之毅,Poppy,黄金,41,17,捐赠
圣锤之毅,Poppy,黄金,42,18,属性叠属性！
圣锤之毅,Poppy,棱彩,43,10,科学狂人
圣锤之毅,Poppy,黄金,44,19,闪现向前
圣锤之毅,Poppy,棱彩,45,11,舞会女王
圣锤之毅,Poppy,黄金,46,20,升级：焚天
圣锤之毅,Poppy,黄金,47,21,快步
圣锤之毅,Poppy,棱彩,48,12,秘术冲拳
圣锤之毅,Poppy,黄金,49,22,循环往复
圣锤之毅,Poppy,黄金,50,23,面包和奶酪
圣锤之毅,Poppy,白银,51,16,前进时间到
圣锤之毅,Poppy,棱彩,52,13,和我一起困在这里
圣锤之毅,Poppy,棱彩,53,14,最终形态
圣锤之毅,Poppy,棱彩,54,15,大地苏醒
圣锤之毅,Poppy,黄金,55,24,急速之追求
圣锤之毅,Poppy,白银,56,17,由心及物
圣锤之毅,Poppy,黄金,57,25,面包和果酱
圣锤之毅,Poppy,黄金,58,26,冰雪爆裂
圣锤之毅,Poppy,黄金,59,27,自然即是治愈
圣锤之毅,Poppy,黄金,60,28,虚幻武器
圣锤之毅,Poppy,黄金,61,29,面包和黄油
圣锤之毅,Poppy,黄金,62,30,弹球
圣锤之毅,Poppy,棱彩,63,16,超负荷
圣锤之毅,Poppy,黄金,64,31,威能之追求
圣锤之毅,Poppy,黄金,65,32,轻拍背部
圣锤之毅,Poppy,棱彩,66,17,潘朵拉的盒子
圣锤之毅,Poppy,棱彩,67,18,神圣雪球
圣锤之毅,Poppy,棱彩,68,19,终极唤醒
圣锤之毅,Poppy,黄金,69,33,狂徒豪气
圣锤之毅,Poppy,棱彩,70,20,全凭身法
圣锤之毅,Poppy,棱彩,71,21,软弹啪叽抓
圣锤之毅,Poppy,白银,72,18,侵蚀
圣锤之毅,Poppy,白银,73,19,山脉龙魂
圣锤之毅,Poppy,黄金,74,34,缩小引擎
圣锤之毅,Poppy,白银,75,20,杀意翻涌
圣锤之毅,Poppy,黄金,76,35,心灵净化
圣锤之毅,Poppy,白银,77,21,家园卫士
圣锤之毅,Poppy,棱彩,78,22,扳机炼狱
圣锤之毅,Poppy,棱彩,79,23,全能龙魂
圣锤之毅,Poppy,棱彩,80,24,无限循环往复
圣锤之毅,Poppy,棱彩,81,25,尊我为王
圣锤之毅,Poppy,白银,82,22,魔法转物理
圣锤之毅,Poppy,黄金,83,36,鲨鱼暴风
圣锤之毅,Poppy,白银,84,23,属性！
圣锤之毅,Poppy,黄金,85,37,鲨鱼诱饵
圣锤之毅,Poppy,棱彩,86,26,终极九头蛇
圣锤之毅,Poppy,黄金,87,38,缩小射线
圣锤之毅,Poppy,棱彩,88,27,吃过路兵
圣锤之毅,Poppy,黄金,89,39,升级：贪欲九头蛇
圣锤之毅,Poppy,白银,90,24,转得我眩晕了
圣锤之毅,Poppy,棱彩,91,28,终极刷新
圣锤之毅,Poppy,白银,92,25,升级：死亡之舞
圣锤之毅,Poppy,白银,93,26,终极不可阻挡
圣锤之毅,Poppy,棱彩,94,29,大法师
圣锤之毅,Poppy,棱彩,95,30,你摸不到
圣锤之毅,Poppy,棱彩,96,31,空投熊
圣锤之毅,Poppy,棱彩,97,32,利刃华尔兹
圣锤之毅,Poppy,黄金,98,40,过量延伸者
圣锤之毅,Poppy,黄金,99,41,更万用的瞄准镜
圣锤之毅,Poppy,棱彩,100,33,飞升仪式
圣锤之毅,Poppy,棱彩,101,34,属性叠属性叠属性！
圣锤之毅,Poppy,棱彩,102,35,残忍
圣锤之毅,Poppy,黄金,103,42,火上浇油
圣锤之毅,Poppy,棱彩,104,36,海牛阿福的勇士
圣锤之毅,Poppy,棱彩,105,37,濒死悟道
圣锤之毅,Poppy,黄金,106,43,哎哟，我的硬币！
圣锤之毅,Poppy,白银,107,27,万用瞄准镜
圣锤之毅,Poppy,黄金,108,44,小小的额外帮助
圣锤之毅,Poppy,白银,109,28,炼狱龙魂
圣锤之毅,Poppy,黄金,110,45,咏叹奏鸣
圣锤之毅,Poppy,棱彩,111,38,巨人杀手
圣锤之毅,Poppy,白银,112,29,海克斯科技龙魂
圣锤之毅,Poppy,白银,113,30,台风
圣锤之毅,Poppy,棱彩,114,39,精怪魔法
圣锤之毅,Poppy,棱彩,115,40,最万用的瞄准镜
圣锤之毅,Poppy,白银,116,31,强力护盾
圣锤之毅,Poppy,黄金,117,46,急急小子
圣锤之毅,Poppy,黄金,118,47,升级：耀光
圣锤之毅,Poppy,黄金,119,48,罪恶快感
圣锤之毅,Poppy,黄金,120,49,升级：无尽之刃
圣锤之毅,Poppy,棱彩,121,41,连拨击锤
圣锤之毅,Poppy,棱彩,122,42,双刀流
圣锤之毅,Poppy,黄金,123,50,杀戮时间到了
圣锤之毅,Poppy,白银,124,32,纯粹主义者 - 术师
圣锤之毅,Poppy,棱彩,125,43,位面转移
圣锤之毅,Poppy,黄金,126,51,炽烈黎明
圣锤之毅,Poppy,棱彩,127,44,战争交响乐
圣锤之毅,Poppy,黄金,128,52,夜狩
圣锤之毅,Poppy,白银,129,33,火狐
圣锤之毅,Poppy,白银,130,34,冰寒
圣锤之毅,Poppy,白银,131,35,吵闹鬼
圣锤之毅,Poppy,棱彩,132,45,夺金
圣锤之毅,Poppy,黄金,133,53,回力OK镖
圣锤之毅,Poppy,白银,134,36,升级：收集者
圣锤之毅,Poppy,棱彩,135,46,魄罗蛮冲
圣锤之毅,Poppy,黄金,136,54,牙仙子
圣锤之毅,Poppy,黄金,137,55,术士果汁盒
圣锤之毅,Poppy,棱彩,138,47,男爵之手
圣锤之毅,Poppy,棱彩,139,48,珠光护手
圣锤之毅,Poppy,黄金,140,56,穿针引线
圣锤之毅,Poppy,白银,141,37,灵巧
圣锤之毅,Poppy,棱彩,142,49,炼狱导管
圣锤之毅,Poppy,白银,143,38,唯快不破
圣锤之毅,Poppy,黄金,144,57,溢流
圣锤之毅,Poppy,黄金,145,58,有始有终
圣锤之毅,Poppy,棱彩,146,50,风语者的祝福
圣锤之毅,Poppy,黄金,147,59,魔法飞弹
圣锤之毅,Poppy,白银,148,39,双生火焰
圣锤之毅,Poppy,棱彩,149,51,踢踏舞
圣锤之毅,Poppy,棱彩,150,52,电涌力场
圣锤之毅,Poppy,白银,151,40,注魔
圣锤之毅,Poppy,黄金,152,60,坚韧
圣锤之毅,Poppy,棱彩,153,53,大招工具人
圣锤之毅,Poppy,白银,154,41,点亮他们！
圣锤之毅,Poppy,黄金,155,61,藏身草丛
圣锤之毅,Poppy,黄金,156,62,活力焕发
圣锤之毅,Poppy,白银,157,42,闪光弹
圣锤之毅,Poppy,白银,158,43,闪闪现现
圣锤之毅,Poppy,白银,159,44,坚若磐石
圣锤之毅,Poppy,棱彩,160,54,玻璃大炮
圣锤之毅,Poppy,黄金,161,63,会心治疗
圣锤之毅,Poppy,黄金,162,64,升级：雪球
圣锤之毅,Poppy,棱彩,163,55,量子计算
圣锤之毅,Poppy,黄金,164,65,吸血习性
圣锤之毅,Poppy,白银,165,45,会心防御
圣锤之毅,Poppy,棱彩,166,56,小丑学院
圣锤之毅,Poppy,黄金,167,66,雪球扭蛋机
圣锤之毅,Poppy,黄金,168,67,最终都市列车
圣锤之毅,Poppy,黄金,169,68,易损
圣锤之毅,Poppy,黄金,170,69,关键暴击
圣锤之毅,Poppy,黄金,171,70,灵魂虹吸
圣锤之毅,Poppy,棱彩,172,57,蛋白粉奶昔
圣锤之毅,Poppy,白银,173,46,虹吸
圣锤之毅,Poppy,黄金,174,71,虚空冲刺
圣锤之毅,Poppy,白银,175,47,叠角龙
圣锤之毅,Poppy,棱彩,176,58,魄罗之王的弹跳
圣锤之毅,Poppy,黄金,177,72,喂呜喂呜
圣锤之毅,Poppy,白银,178,48,急救用具
圣锤之毅,Poppy,白银,179,49,天音爆
圣锤之毅,Poppy,棱彩,180,59,激光治疗
圣锤之毅,Poppy,棱彩,181,60,王中王，靴中靴
圣锤之毅,Poppy,黄金,182,73,魄罗爆破手
圣锤之毅,Poppy,棱彩,183,61,卡皮巴拉空投
圣锤之毅,Poppy,棱彩,184,62,信念者的强化
圣锤之毅,Poppy,棱彩,185,63,你肩上的恶魔
圣锤之毅,Poppy,棱彩,186,64,针插垫
血港鬼影,Pyke,黄金,1,1,夜狩
血港鬼影,Pyke,白银,2,1,暗影疾奔
血港鬼影,Pyke,棱彩,3,1,全凭身法
血港鬼影,Pyke,黄金,4,2,罪恶快感
血港鬼影,Pyke,黄金,5,3,牙仙子
血港鬼影,Pyke,棱彩,6,2,飞升仪式
血港鬼影,Pyke,棱彩,7,3,利刃华尔兹
血港鬼影,Pyke,白银,8,2,杀意翻涌
血港鬼影,Pyke,白银,9,3,升级：收集者
血港鬼影,Pyke,黄金,10,4,吞噬灵魂
血港鬼影,Pyke,黄金,11,5,质变：棱彩阶
血港鬼影,Pyke,黄金,12,6,缩小引擎
血港鬼影,Pyke,白银,13,4,大力
血港鬼影,Pyke,黄金,14,7,贪欲束缚
血港鬼影,Pyke,黄金,15,8,循环往复
血港鬼影,Pyke,棱彩,16,4,终极唤醒
血港鬼影,Pyke,棱彩,17,5,最终形态
血港鬼影,Pyke,白银,18,5,扇巴掌
血港鬼影,Pyke,黄金,19,9,无尽大杀四方
血港鬼影,Pyke,棱彩,20,6,你摸不到
血港鬼影,Pyke,黄金,21,10,穿针引线
血港鬼影,Pyke,黄金,22,11,藏身草丛
血港鬼影,Pyke,黄金,23,12,轻拍背部
血港鬼影,Pyke,棱彩,24,7,巨像的勇气
血港鬼影,Pyke,棱彩,25,8,史上最大雪球
血港鬼影,Pyke,棱彩,26,9,巨人杀手
血港鬼影,Pyke,棱彩,27,10,掷骰狂人
血港鬼影,Pyke,棱彩,28,11,无限循环往复
血港鬼影,Pyke,棱彩,29,12,科学狂人
血港鬼影,Pyke,黄金,30,13,快步
血港鬼影,Pyke,黄金,31,14,杀戮时间到了
血港鬼影,Pyke,黄金,32,15,面包和奶酪
血港鬼影,Pyke,黄金,33,16,面包和黄油
血港鬼影,Pyke,黄金,34,17,闪现向前
血港鬼影,Pyke,白银,35,6,终极不可阻挡
血港鬼影,Pyke,白银,36,7,家园卫士
血港鬼影,Pyke,白银,37,8,练腿日
血港鬼影,Pyke,白银,38,9,质变：黄金阶
血港鬼影,Pyke,棱彩,39,13,吃过路兵
血港鬼影,Pyke,白银,40,10,魔法转物理
血港鬼影,Pyke,黄金,41,18,急急小子
血港鬼影,Pyke,白银,42,11,逃跑计划
血港鬼影,Pyke,棱彩,43,14,质变：混沌
血港鬼影,Pyke,黄金,44,19,升级：无尽之刃
血港鬼影,Pyke,棱彩,45,15,终极刷新
血港鬼影,Pyke,黄金,46,20,捐赠
血港鬼影,Pyke,棱彩,47,16,和我一起困在这里
血港鬼影,Pyke,黄金,48,21,心灵净化
血港鬼影,Pyke,黄金,49,22,属性叠属性！
血港鬼影,Pyke,黄金,50,23,弹球
血港鬼影,Pyke,黄金,51,24,哎哟，我的硬币！
血港鬼影,Pyke,黄金,52,25,有始有终
血港鬼影,Pyke,黄金,53,26,不动如山
血港鬼影,Pyke,棱彩,54,17,大地苏醒
血港鬼影,Pyke,白银,55,12,快中求稳
血港鬼影,Pyke,黄金,56,27,面包和果酱
血港鬼影,Pyke,黄金,57,28,冰雪爆裂
血港鬼影,Pyke,黄金,58,29,自然即是治愈
血港鬼影,Pyke,黄金,59,30,升级：贪欲九头蛇
血港鬼影,Pyke,黄金,60,31,炽烈黎明
血港鬼影,Pyke,棱彩,61,18,珠光护手
血港鬼影,Pyke,黄金,62,32,神圣干预
血港鬼影,Pyke,黄金,63,33,鲨鱼暴风
血港鬼影,Pyke,白银,64,13,唯快不破
血港鬼影,Pyke,棱彩,65,19,潘朵拉的盒子
血港鬼影,Pyke,棱彩,66,20,精怪魔法
血港鬼影,Pyke,黄金,67,34,狂徒豪气
血港鬼影,Pyke,黄金,68,35,鲨鱼诱饵
血港鬼影,Pyke,棱彩,69,21,尊我为王
血港鬼影,Pyke,棱彩,70,22,舞会女王
血港鬼影,Pyke,棱彩,71,23,神圣雪球
血港鬼影,Pyke,黄金,72,36,星界躯体
血港鬼影,Pyke,白银,73,14,俯冲轰炸
血港鬼影,Pyke,棱彩,74,24,大法师
血港鬼影,Pyke,棱彩,75,25,歌利亚巨人
血港鬼影,Pyke,白银,76,15,防护面纱
血港鬼影,Pyke,白银,77,16,下雪天
血港鬼影,Pyke,黄金,78,37,生机迸发
血港鬼影,Pyke,棱彩,79,26,飞身踢
血港鬼影,Pyke,棱彩,80,27,软弹啪叽抓
血港鬼影,Pyke,棱彩,81,28,海牛阿福的勇士
血港鬼影,Pyke,棱彩,82,29,位面转移
血港鬼影,Pyke,白银,83,17,升级：死亡之舞
血港鬼影,Pyke,黄金,84,38,黎明使者的坚决
血港鬼影,Pyke,棱彩,85,30,终极九头蛇
血港鬼影,Pyke,黄金,86,39,过量延伸者
血港鬼影,Pyke,棱彩,87,31,全能龙魂
血港鬼影,Pyke,黄金,88,40,关键暴击
血港鬼影,Pyke,黄金,89,41,升级：焚天
血港鬼影,Pyke,棱彩,90,32,大招工具人
血港鬼影,Pyke,棱彩,91,33,属性叠属性叠属性！
血港鬼影,Pyke,黄金,92,42,尖端发明家
血港鬼影,Pyke,黄金,93,43,虚幻武器
血港鬼影,Pyke,棱彩,94,34,扳机炼狱
血港鬼影,Pyke,黄金,95,44,易损
血港鬼影,Pyke,白银,96,18,大师铸就
血港鬼影,Pyke,白银,97,19,冰寒
血港鬼影,Pyke,白银,98,20,炼狱龙魂
血港鬼影,Pyke,棱彩,99,35,连拨击锤
血港鬼影,Pyke,黄金,100,45,灵魂虹吸
血港鬼影,Pyke,白银,101,21,渴血
血港鬼影,Pyke,白银,102,22,海洋龙魂
血港鬼影,Pyke,白银,103,23,属性！
血港鬼影,Pyke,棱彩,104,36,夺金
血港鬼影,Pyke,白银,105,24,纯粹主义者 - 术师
血港鬼影,Pyke,白银,106,25,别停止引导
血港鬼影,Pyke,黄金,107,46,钢化你心
血港鬼影,Pyke,黄金,108,47,咏叹奏鸣
血港鬼影,Pyke,黄金,109,48,回力OK镖
血港鬼影,Pyke,棱彩,110,37,空投熊
血港鬼影,Pyke,黄金,111,49,我们的治疗
血港鬼影,Pyke,棱彩,112,38,秘术冲拳
血港鬼影,Pyke,棱彩,113,39,残忍
血港鬼影,Pyke,棱彩,114,40,男爵之手
血港鬼影,Pyke,棱彩,115,41,双刀流
血港鬼影,Pyke,棱彩,116,42,双发快射
血港鬼影,Pyke,黄金,117,50,缩小射线
血港鬼影,Pyke,棱彩,118,43,魄罗蛮冲
血港鬼影,Pyke,棱彩,119,44,濒死悟道
血港鬼影,Pyke,白银,120,26,转得我眩晕了
血港鬼影,Pyke,黄金,121,51,更万用的瞄准镜
血港鬼影,Pyke,棱彩,122,45,电涌力场
血港鬼影,Pyke,白银,123,27,海克斯科技龙魂
血港鬼影,Pyke,白银,124,28,山脉龙魂
血港鬼影,Pyke,黄金,125,52,术士果汁盒
血港鬼影,Pyke,白银,126,29,台风
血港鬼影,Pyke,白银,127,30,吵闹鬼
血港鬼影,Pyke,白银,128,31,会心防御
血港鬼影,Pyke,白银,129,32,火狐
血港鬼影,Pyke,白银,130,33,侵蚀
血港鬼影,Pyke,黄金,131,53,豪猪
血港鬼影,Pyke,黄金,132,54,魔法飞弹
血港鬼影,Pyke,棱彩,133,46,泰坦的坚决
血港鬼影,Pyke,黄金,134,55,火上浇油
血港鬼影,Pyke,白银,135,34,重量级打击手
血港鬼影,Pyke,白银,136,35,由暴生急
血港鬼影,Pyke,白银,137,36,灵巧
血港鬼影,Pyke,棱彩,138,47,最万用的瞄准镜
血港鬼影,Pyke,白银,139,37,双生火焰
血港鬼影,Pyke,白银,140,38,由心及物
血港鬼影,Pyke,黄金,141,56,高压锅
血港鬼影,Pyke,棱彩,142,48,踢踏舞
血港鬼影,Pyke,白银,143,39,万用瞄准镜
血港鬼影,Pyke,黄金,144,57,升级：耀光
血港鬼影,Pyke,棱彩,145,49,死亡之环
血港鬼影,Pyke,棱彩,146,50,战争交响乐
血港鬼影,Pyke,棱彩,147,51,回归基本功
血港鬼影,Pyke,白银,148,40,闪闪现现
血港鬼影,Pyke,黄金,149,58,溢流
血港鬼影,Pyke,棱彩,150,52,炼狱导管
血港鬼影,Pyke,白银,151,41,闪光弹
血港鬼影,Pyke,黄金,152,59,狙神飞星
血港鬼影,Pyke,棱彩,153,53,小丑学院
血港鬼影,Pyke,白银,154,42,升级：献祭
血港鬼影,Pyke,棱彩,155,54,艾卡西亚的陷落
血港鬼影,Pyke,白银,156,43,注魔
血港鬼影,Pyke,白银,157,44,点亮他们！
血港鬼影,Pyke,棱彩,158,55,风语者的祝福
血港鬼影,Pyke,黄金,159,60,活力焕发
血港鬼影,Pyke,黄金,160,61,吸血习性
血港鬼影,Pyke,黄金,161,62,升级：雪球
血港鬼影,Pyke,棱彩,162,56,量子计算
血港鬼影,Pyke,黄金,163,63,雪球扭蛋机
血港鬼影,Pyke,黄金,164,64,最终都市列车
血港鬼影,Pyke,黄金,165,65,坚韧
血港鬼影,Pyke,黄金,166,66,会心治疗
血港鬼影,Pyke,黄金,167,67,虚空冲刺
血港鬼影,Pyke,黄金,168,68,魄罗爆破手
血港鬼影,Pyke,白银,169,45,坚若磐石
血港鬼影,Pyke,黄金,170,69,全心为你
血港鬼影,Pyke,棱彩,171,57,魄罗之王的弹跳
血港鬼影,Pyke,棱彩,172,58,蛋白粉奶昔
血港鬼影,Pyke,棱彩,173,59,王中王，靴中靴
血港鬼影,Pyke,白银,174,46,自适应防护
血港鬼影,Pyke,黄金,175,70,喂呜喂呜
血港鬼影,Pyke,棱彩,176,60,尤里卡
血港鬼影,Pyke,白银,177,47,急救用具
血港鬼影,Pyke,白银,178,48,叠角龙
血港鬼影,Pyke,棱彩,179,61,玻璃大炮
血港鬼影,Pyke,棱彩,180,62,激光治疗
血港鬼影,Pyke,棱彩,181,63,升级：花晓之剑
血港鬼影,Pyke,棱彩,182,64,卡皮巴拉空投
血港鬼影,Pyke,棱彩,183,65,？？？
元素女皇,Qiyana,白银,1,1,暗影疾奔
元素女皇,Qiyana,黄金,2,1,夜狩
元素女皇,Qiyana,棱彩,3,1,全凭身法
元素女皇,Qiyana,黄金,4,2,牙仙子
元素女皇,Qiyana,白银,5,2,升级：收集者
元素女皇,Qiyana,黄金,6,3,杀戮时间到了
元素女皇,Qiyana,白银,7,3,大力
元素女皇,Qiyana,棱彩,8,2,超负荷
元素女皇,Qiyana,黄金,9,4,藏身草丛
元素女皇,Qiyana,黄金,10,5,质变：棱彩阶
元素女皇,Qiyana,黄金,11,6,连锁反应
元素女皇,Qiyana,棱彩,12,3,飞升仪式
元素女皇,Qiyana,黄金,13,7,威能之追求
元素女皇,Qiyana,棱彩,14,4,利刃华尔兹
元素女皇,Qiyana,黄金,15,8,穿针引线
元素女皇,Qiyana,黄金,16,9,循环往复
元素女皇,Qiyana,黄金,17,10,面包和果酱
元素女皇,Qiyana,白银,18,4,魔法转物理
元素女皇,Qiyana,黄金,19,11,有始有终
元素女皇,Qiyana,白银,20,5,快中求稳
元素女皇,Qiyana,黄金,21,12,狂徒豪气
元素女皇,Qiyana,白银,22,6,逃跑计划
元素女皇,Qiyana,棱彩,23,5,掷骰狂人
元素女皇,Qiyana,棱彩,24,6,终极刷新
元素女皇,Qiyana,棱彩,25,7,终极唤醒
元素女皇,Qiyana,棱彩,26,8,珠光护手
元素女皇,Qiyana,黄金,27,13,无尽大杀四方
元素女皇,Qiyana,黄金,28,14,罪恶快感
元素女皇,Qiyana,棱彩,29,9,吃过路兵
元素女皇,Qiyana,黄金,30,15,缩小引擎
元素女皇,Qiyana,黄金,31,16,升级：贪欲九头蛇
元素女皇,Qiyana,棱彩,32,10,最终形态
元素女皇,Qiyana,白银,33,7,质变：黄金阶
元素女皇,Qiyana,白银,34,8,杀意翻涌
元素女皇,Qiyana,黄金,35,17,捐赠
元素女皇,Qiyana,黄金,36,18,闪现向前
元素女皇,Qiyana,黄金,37,19,属性叠属性！
元素女皇,Qiyana,棱彩,38,11,质变：混沌
元素女皇,Qiyana,棱彩,39,12,史上最大雪球
元素女皇,Qiyana,棱彩,40,13,巨人杀手
元素女皇,Qiyana,黄金,41,20,虚幻武器
元素女皇,Qiyana,棱彩,42,14,回归基本功
元素女皇,Qiyana,白银,43,9,渴血
元素女皇,Qiyana,白银,44,10,练腿日
元素女皇,Qiyana,白银,45,11,炼狱龙魂
元素女皇,Qiyana,棱彩,46,15,无限循环往复
元素女皇,Qiyana,棱彩,47,16,大地苏醒
元素女皇,Qiyana,黄金,48,21,急急小子
元素女皇,Qiyana,白银,49,12,大师铸就
元素女皇,Qiyana,棱彩,50,17,终极九头蛇
元素女皇,Qiyana,白银,51,13,俯冲轰炸
元素女皇,Qiyana,白银,52,14,防护面纱
元素女皇,Qiyana,白银,53,15,升级：死亡之舞
元素女皇,Qiyana,棱彩,54,18,神圣雪球
元素女皇,Qiyana,黄金,55,22,鲨鱼暴风
元素女皇,Qiyana,白银,56,16,家园卫士
元素女皇,Qiyana,棱彩,57,19,科学狂人
元素女皇,Qiyana,黄金,58,23,急速之追求
元素女皇,Qiyana,黄金,59,24,升级：无尽之刃
元素女皇,Qiyana,黄金,60,25,面包和黄油
元素女皇,Qiyana,棱彩,61,20,大法师
元素女皇,Qiyana,黄金,62,26,弹球
元素女皇,Qiyana,黄金,63,27,心灵净化
元素女皇,Qiyana,棱彩,64,21,潘朵拉的盒子
元素女皇,Qiyana,白银,65,17,终极不可阻挡
元素女皇,Qiyana,棱彩,66,22,精怪魔法
元素女皇,Qiyana,棱彩,67,23,你摸不到
元素女皇,Qiyana,黄金,68,28,面包和奶酪
元素女皇,Qiyana,黄金,69,29,冰雪爆裂
元素女皇,Qiyana,棱彩,70,24,扳机炼狱
元素女皇,Qiyana,白银,71,18,扇巴掌
元素女皇,Qiyana,黄金,72,30,易损
元素女皇,Qiyana,黄金,73,31,升级：焚天
元素女皇,Qiyana,黄金,74,32,哎哟，我的硬币！
元素女皇,Qiyana,棱彩,75,25,飞身踢
元素女皇,Qiyana,黄金,76,33,神圣干预
元素女皇,Qiyana,白银,77,19,下雪天
元素女皇,Qiyana,黄金,78,34,自然即是治愈
元素女皇,Qiyana,黄金,79,35,关键暴击
元素女皇,Qiyana,黄金,80,36,吞噬灵魂
元素女皇,Qiyana,棱彩,81,26,和我一起困在这里
元素女皇,Qiyana,黄金,82,37,鲨鱼诱饵
元素女皇,Qiyana,白银,83,20,纯粹主义者 - 术师
元素女皇,Qiyana,黄金,84,38,溢流
元素女皇,Qiyana,棱彩,85,27,全能龙魂
元素女皇,Qiyana,黄金,86,39,灵魂虹吸
元素女皇,Qiyana,棱彩,87,28,海牛阿福的勇士
元素女皇,Qiyana,黄金,88,40,生机迸发
元素女皇,Qiyana,棱彩,89,29,尊我为王
元素女皇,Qiyana,棱彩,90,30,大招工具人
元素女皇,Qiyana,黄金,91,41,术士果汁盒
元素女皇,Qiyana,棱彩,92,31,歌利亚巨人
元素女皇,Qiyana,白银,93,21,海洋龙魂
元素女皇,Qiyana,棱彩,94,32,位面转移
元素女皇,Qiyana,白银,95,22,属性！
元素女皇,Qiyana,棱彩,96,33,连拨击锤
元素女皇,Qiyana,棱彩,97,34,属性叠属性叠属性！
元素女皇,Qiyana,白银,98,23,唯快不破
元素女皇,Qiyana,棱彩,99,35,巨像的勇气
元素女皇,Qiyana,黄金,100,42,过量延伸者
元素女皇,Qiyana,棱彩,101,36,秘术冲拳
元素女皇,Qiyana,白银,102,24,海克斯科技龙魂
元素女皇,Qiyana,白银,103,25,双生火焰
元素女皇,Qiyana,黄金,104,43,尖端发明家
元素女皇,Qiyana,黄金,105,44,魔法飞弹
元素女皇,Qiyana,白银,106,26,侵蚀
元素女皇,Qiyana,棱彩,107,37,夺金
元素女皇,Qiyana,黄金,108,45,不动如山
元素女皇,Qiyana,黄金,109,46,黎明使者的坚决
元素女皇,Qiyana,棱彩,110,38,濒死悟道
元素女皇,Qiyana,棱彩,111,39,双发快射
元素女皇,Qiyana,白银,112,27,台风
元素女皇,Qiyana,黄金,113,47,轻拍背部
元素女皇,Qiyana,黄金,114,48,回力OK镖
元素女皇,Qiyana,黄金,115,49,坦克引擎
元素女皇,Qiyana,棱彩,116,40,双刀流
元素女皇,Qiyana,白银,117,28,由心及物
元素女皇,Qiyana,黄金,118,50,炽烈黎明
元素女皇,Qiyana,黄金,119,51,更万用的瞄准镜
元素女皇,Qiyana,白银,120,29,转得我眩晕了
元素女皇,Qiyana,棱彩,121,41,舞会女王
元素女皇,Qiyana,白银,122,30,会心防御
元素女皇,Qiyana,白银,123,31,由暴生急
元素女皇,Qiyana,棱彩,124,42,玻璃大炮
元素女皇,Qiyana,白银,125,32,山脉龙魂
元素女皇,Qiyana,棱彩,126,43,男爵之手
元素女皇,Qiyana,白银,127,33,火狐
元素女皇,Qiyana,黄金,128,52,缩小射线
元素女皇,Qiyana,棱彩,129,44,泰坦的坚决
元素女皇,Qiyana,黄金,130,53,星界躯体
元素女皇,Qiyana,黄金,131,54,我们的治疗
元素女皇,Qiyana,黄金,132,55,咏叹奏鸣
元素女皇,Qiyana,棱彩,133,45,电涌力场
元素女皇,Qiyana,棱彩,134,46,战争交响乐
元素女皇,Qiyana,白银,135,34,注魔
元素女皇,Qiyana,黄金,136,56,火上浇油
元素女皇,Qiyana,棱彩,137,47,空投熊
元素女皇,Qiyana,白银,138,35,重量级打击手
元素女皇,Qiyana,黄金,139,57,升级：耀光
元素女皇,Qiyana,棱彩,140,48,魄罗蛮冲
元素女皇,Qiyana,棱彩,141,49,炼狱导管
元素女皇,Qiyana,白银,142,36,吵闹鬼
元素女皇,Qiyana,白银,143,37,灵巧
元素女皇,Qiyana,黄金,144,58,钢化你心
元素女皇,Qiyana,棱彩,145,50,残忍
元素女皇,Qiyana,棱彩,146,51,最万用的瞄准镜
元素女皇,Qiyana,白银,147,38,万用瞄准镜
元素女皇,Qiyana,黄金,148,59,豪猪
元素女皇,Qiyana,棱彩,149,52,软弹啪叽抓
元素女皇,Qiyana,白银,150,39,闪闪现现
元素女皇,Qiyana,白银,151,40,闪光弹
元素女皇,Qiyana,黄金,152,60,高压锅
元素女皇,Qiyana,棱彩,153,53,踢踏舞
元素女皇,Qiyana,棱彩,154,54,小丑学院
元素女皇,Qiyana,白银,155,41,冰寒
元素女皇,Qiyana,黄金,156,61,吸血习性
元素女皇,Qiyana,白银,157,42,点亮他们！
元素女皇,Qiyana,棱彩,158,55,艾卡西亚的陷落
元素女皇,Qiyana,白银,159,43,升级：献祭
元素女皇,Qiyana,黄金,160,62,活力焕发
元素女皇,Qiyana,黄金,161,63,升级：雪球
元素女皇,Qiyana,棱彩,162,56,量子计算
元素女皇,Qiyana,黄金,163,64,最终都市列车
元素女皇,Qiyana,黄金,164,65,魄罗爆破手
元素女皇,Qiyana,黄金,165,66,暴击律动
元素女皇,Qiyana,黄金,166,67,雪球扭蛋机
元素女皇,Qiyana,黄金,167,68,会心治疗
元素女皇,Qiyana,棱彩,168,57,魄罗之王的弹跳
元素女皇,Qiyana,棱彩,169,58,咒语裂变
元素女皇,Qiyana,黄金,170,69,坚韧
元素女皇,Qiyana,棱彩,171,59,卡皮巴拉空投
德玛西亚之翼,Quinn,黄金,1,1,暴击飞弹
德玛西亚之翼,Quinn,黄金,2,2,升级：无尽之刃
德玛西亚之翼,Quinn,黄金,3,3,更万用的瞄准镜
德玛西亚之翼,Quinn,棱彩,4,1,双发快射
德玛西亚之翼,Quinn,棱彩,5,2,双刀流
德玛西亚之翼,Quinn,黄金,6,4,暴击律动
德玛西亚之翼,Quinn,白银,7,1,灵巧
德玛西亚之翼,Quinn,棱彩,8,3,连拨击锤
德玛西亚之翼,Quinn,棱彩,9,4,最万用的瞄准镜
德玛西亚之翼,Quinn,白银,10,2,升级：收集者
德玛西亚之翼,Quinn,棱彩,11,5,巨人杀手
德玛西亚之翼,Quinn,白银,12,3,台风
德玛西亚之翼,Quinn,棱彩,13,6,踢踏舞
德玛西亚之翼,Quinn,白银,14,4,万用瞄准镜
德玛西亚之翼,Quinn,黄金,15,5,关键暴击
德玛西亚之翼,Quinn,黄金,16,6,罪恶快感
德玛西亚之翼,Quinn,黄金,17,7,灵魂虹吸
德玛西亚之翼,Quinn,白银,18,5,大力
德玛西亚之翼,Quinn,白银,19,6,点亮他们！
德玛西亚之翼,Quinn,白银,20,7,会心防御
德玛西亚之翼,Quinn,棱彩,21,7,珠光护手
德玛西亚之翼,Quinn,黄金,22,8,牙仙子
德玛西亚之翼,Quinn,黄金,23,9,质变：棱彩阶
德玛西亚之翼,Quinn,黄金,24,10,夜狩
德玛西亚之翼,Quinn,棱彩,25,8,亮出你的剑
德玛西亚之翼,Quinn,黄金,26,11,易损
德玛西亚之翼,Quinn,黄金,27,12,穿针引线
德玛西亚之翼,Quinn,白银,28,8,暗影疾奔
德玛西亚之翼,Quinn,白银,29,9,魔法转物理
德玛西亚之翼,Quinn,白银,30,10,家园卫士
德玛西亚之翼,Quinn,棱彩,31,9,掷骰狂人
德玛西亚之翼,Quinn,白银,32,11,逃跑计划
德玛西亚之翼,Quinn,白银,33,12,狂热者
德玛西亚之翼,Quinn,黄金,34,13,有始有终
德玛西亚之翼,Quinn,黄金,35,14,缩小引擎
德玛西亚之翼,Quinn,白银,36,13,由暴生急
德玛西亚之翼,Quinn,棱彩,37,10,回归基本功
德玛西亚之翼,Quinn,棱彩,38,11,吃过路兵
德玛西亚之翼,Quinn,棱彩,39,12,咒语裂变
德玛西亚之翼,Quinn,黄金,40,15,火上浇油
德玛西亚之翼,Quinn,白银,41,14,质变：黄金阶
德玛西亚之翼,Quinn,白银,42,15,杀意翻涌
德玛西亚之翼,Quinn,黄金,43,16,缩小射线
德玛西亚之翼,Quinn,白银,44,16,练腿日
德玛西亚之翼,Quinn,棱彩,45,13,质变：混沌
德玛西亚之翼,Quinn,棱彩,46,14,战争交响乐
德玛西亚之翼,Quinn,棱彩,47,15,利刃华尔兹
德玛西亚之翼,Quinn,黄金,48,17,捐赠
德玛西亚之翼,Quinn,棱彩,49,16,精怪魔法
德玛西亚之翼,Quinn,黄金,50,18,面包和奶酪
德玛西亚之翼,Quinn,白银,51,17,唯快不破
德玛西亚之翼,Quinn,黄金,52,19,属性叠属性！
德玛西亚之翼,Quinn,黄金,53,20,急速之追求
德玛西亚之翼,Quinn,棱彩,54,17,多重射击
德玛西亚之翼,Quinn,黄金,55,21,老练狙神
德玛西亚之翼,Quinn,棱彩,56,18,全凭身法
德玛西亚之翼,Quinn,黄金,57,22,威能之追求
德玛西亚之翼,Quinn,黄金,58,23,杀戮时间到了
德玛西亚之翼,Quinn,黄金,59,24,面包和黄油
德玛西亚之翼,Quinn,黄金,60,25,循环往复
德玛西亚之翼,Quinn,棱彩,61,19,秘术冲拳
德玛西亚之翼,Quinn,白银,62,18,海克斯科技龙魂
德玛西亚之翼,Quinn,棱彩,63,20,超负荷
德玛西亚之翼,Quinn,白银,64,19,大师铸就
德玛西亚之翼,Quinn,黄金,65,26,闪现向前
德玛西亚之翼,Quinn,黄金,66,27,虚幻武器
德玛西亚之翼,Quinn,棱彩,67,21,海牛阿福的勇士
德玛西亚之翼,Quinn,棱彩,68,22,潘朵拉的盒子
德玛西亚之翼,Quinn,白银,69,20,双生火焰
德玛西亚之翼,Quinn,棱彩,70,23,最终形态
德玛西亚之翼,Quinn,白银,71,21,渴血
德玛西亚之翼,Quinn,黄金,72,28,藏身草丛
德玛西亚之翼,Quinn,棱彩,73,24,终极九头蛇
德玛西亚之翼,Quinn,白银,74,22,防护面纱
德玛西亚之翼,Quinn,黄金,75,29,魔法飞弹
德玛西亚之翼,Quinn,棱彩,76,25,飞身踢
德玛西亚之翼,Quinn,白银,77,23,炼狱龙魂
德玛西亚之翼,Quinn,白银,78,24,注魔
德玛西亚之翼,Quinn,棱彩,79,26,你摸不到
德玛西亚之翼,Quinn,白银,80,25,侵蚀
德玛西亚之翼,Quinn,棱彩,81,27,科学狂人
德玛西亚之翼,Quinn,棱彩,82,28,全能龙魂
德玛西亚之翼,Quinn,棱彩,83,29,史上最大雪球
德玛西亚之翼,Quinn,黄金,84,30,心灵净化
德玛西亚之翼,Quinn,黄金,85,31,狙神飞星
德玛西亚之翼,Quinn,棱彩,86,30,尊我为王
德玛西亚之翼,Quinn,白银,87,26,快中求稳
德玛西亚之翼,Quinn,棱彩,88,31,玻璃大炮
德玛西亚之翼,Quinn,黄金,89,32,回力OK镖
德玛西亚之翼,Quinn,黄金,90,33,急急小子
德玛西亚之翼,Quinn,黄金,91,34,哎哟，我的硬币！
德玛西亚之翼,Quinn,黄金,92,35,升级：贪欲九头蛇
德玛西亚之翼,Quinn,棱彩,93,32,属性叠属性叠属性！
德玛西亚之翼,Quinn,棱彩,94,33,扳机炼狱
德玛西亚之翼,Quinn,黄金,95,36,轻拍背部
德玛西亚之翼,Quinn,棱彩,96,34,夺金
德玛西亚之翼,Quinn,白银,97,27,吵闹鬼
德玛西亚之翼,Quinn,黄金,98,37,术士果汁盒
德玛西亚之翼,Quinn,黄金,99,38,生机迸发
德玛西亚之翼,Quinn,白银,100,28,属性！
德玛西亚之翼,Quinn,白银,101,29,海洋龙魂
德玛西亚之翼,Quinn,白银,102,30,扇巴掌
德玛西亚之翼,Quinn,白银,103,31,终极不可阻挡
德玛西亚之翼,Quinn,黄金,104,39,狂徒豪气
德玛西亚之翼,Quinn,黄金,105,40,神圣干预
德玛西亚之翼,Quinn,黄金,106,41,吞噬灵魂
德玛西亚之翼,Quinn,棱彩,107,35,巨像的勇气
德玛西亚之翼,Quinn,棱彩,108,36,大法师
德玛西亚之翼,Quinn,棱彩,109,37,位面转移
德玛西亚之翼,Quinn,黄金,110,42,不动如山
德玛西亚之翼,Quinn,黄金,111,43,炽烈黎明
德玛西亚之翼,Quinn,白银,112,32,纯粹主义者 - 术师
德玛西亚之翼,Quinn,棱彩,113,38,终极唤醒
德玛西亚之翼,Quinn,黄金,114,44,面包和果酱
德玛西亚之翼,Quinn,棱彩,115,39,无限循环往复
德玛西亚之翼,Quinn,黄金,116,45,升级：耀光
德玛西亚之翼,Quinn,棱彩,117,40,神圣雪球
德玛西亚之翼,Quinn,黄金,118,46,弹球
德玛西亚之翼,Quinn,黄金,119,47,尖端发明家
德玛西亚之翼,Quinn,黄金,120,48,冰雪爆裂
德玛西亚之翼,Quinn,棱彩,121,41,飞升仪式
德玛西亚之翼,Quinn,白银,122,33,火狐
德玛西亚之翼,Quinn,黄金,123,49,鲨鱼暴风
德玛西亚之翼,Quinn,白银,124,34,转得我眩晕了
德玛西亚之翼,Quinn,棱彩,125,42,大地苏醒
德玛西亚之翼,Quinn,棱彩,126,43,濒死悟道
德玛西亚之翼,Quinn,黄金,127,50,自然即是治愈
德玛西亚之翼,Quinn,黄金,128,51,黎明使者的坚决
德玛西亚之翼,Quinn,棱彩,129,44,男爵之手
德玛西亚之翼,Quinn,白银,130,35,重量级打击手
德玛西亚之翼,Quinn,黄金,131,52,坦克引擎
德玛西亚之翼,Quinn,黄金,132,53,过量延伸者
德玛西亚之翼,Quinn,棱彩,133,45,歌利亚巨人
德玛西亚之翼,Quinn,黄金,134,54,咏叹奏鸣
德玛西亚之翼,Quinn,黄金,135,55,鲨鱼诱饵
德玛西亚之翼,Quinn,棱彩,136,46,魄罗蛮冲
德玛西亚之翼,Quinn,棱彩,137,47,电涌力场
德玛西亚之翼,Quinn,白银,138,36,别停止引导
德玛西亚之翼,Quinn,白银,139,37,山脉龙魂
德玛西亚之翼,Quinn,黄金,140,56,星界躯体
德玛西亚之翼,Quinn,白银,141,38,俯冲轰炸
德玛西亚之翼,Quinn,黄金,142,57,我们的治疗
德玛西亚之翼,Quinn,白银,143,39,下雪天
德玛西亚之翼,Quinn,黄金,144,58,钢化你心
德玛西亚之翼,Quinn,棱彩,145,48,泰坦的坚决
德玛西亚之翼,Quinn,黄金,146,59,溢流
德玛西亚之翼,Quinn,棱彩,147,49,炼狱导管
德玛西亚之翼,Quinn,黄金,148,60,豪猪
德玛西亚之翼,Quinn,黄金,149,61,吸血习性
德玛西亚之翼,Quinn,黄金,150,62,无尽大杀四方
德玛西亚之翼,Quinn,棱彩,151,50,软弹啪叽抓
德玛西亚之翼,Quinn,白银,152,40,由心及物
德玛西亚之翼,Quinn,白银,153,41,冰寒
德玛西亚之翼,Quinn,棱彩,154,51,大招工具人
德玛西亚之翼,Quinn,黄金,155,63,高压锅
德玛西亚之翼,Quinn,白银,156,42,闪闪现现
德玛西亚之翼,Quinn,黄金,157,64,升级：焚天
德玛西亚之翼,Quinn,黄金,158,65,升级：雪球
德玛西亚之翼,Quinn,棱彩,159,52,量子计算
德玛西亚之翼,Quinn,黄金,160,66,活力焕发
德玛西亚之翼,Quinn,白银,161,43,闪光弹
德玛西亚之翼,Quinn,棱彩,162,53,小丑学院
德玛西亚之翼,Quinn,黄金,163,67,坚韧
德玛西亚之翼,Quinn,黄金,164,68,会心治疗
德玛西亚之翼,Quinn,黄金,165,69,魄罗爆破手
德玛西亚之翼,Quinn,棱彩,166,54,卡皮巴拉空投
德玛西亚之翼,Quinn,黄金,167,70,贪欲束缚
德玛西亚之翼,Quinn,黄金,168,71,神射法师
德玛西亚之翼,Quinn,棱彩,169,55,蛋白粉奶昔
德玛西亚之翼,Quinn,黄金,170,72,连锁反应
德玛西亚之翼,Quinn,黄金,171,73,虚空冲刺
德玛西亚之翼,Quinn,白银,172,44,升级：献祭
德玛西亚之翼,Quinn,棱彩,173,56,艾卡西亚的陷落
德玛西亚之翼,Quinn,棱彩,174,57,升级：花晓之剑
德玛西亚之翼,Quinn,黄金,175,74,最终都市列车
德玛西亚之翼,Quinn,棱彩,176,58,舞会女王
德玛西亚之翼,Quinn,棱彩,177,59,？？？
幻翎,Rakan,黄金,1,1,坦克引擎
幻翎,Rakan,黄金,2,2,星界躯体
幻翎,Rakan,黄金,3,3,钢化你心
幻翎,Rakan,棱彩,4,1,飞身踢
幻翎,Rakan,白银,5,1,重量级打击手
幻翎,Rakan,棱彩,6,2,歌利亚巨人
幻翎,Rakan,白银,7,2,扇巴掌
幻翎,Rakan,黄金,8,4,吞噬灵魂
幻翎,Rakan,白银,9,3,升级：献祭
幻翎,Rakan,黄金,10,5,不动如山
幻翎,Rakan,棱彩,11,3,巨像的勇气
幻翎,Rakan,黄金,12,6,高压锅
幻翎,Rakan,棱彩,13,4,蛋白粉奶昔
幻翎,Rakan,白银,14,4,终极不可阻挡
幻翎,Rakan,黄金,15,7,贪欲束缚
幻翎,Rakan,棱彩,16,5,残忍
幻翎,Rakan,黄金,17,8,全心为你
幻翎,Rakan,白银,18,5,急救用具
幻翎,Rakan,黄金,19,9,质变：棱彩阶
幻翎,Rakan,棱彩,20,6,和我一起困在这里
幻翎,Rakan,白银,21,6,天音爆
幻翎,Rakan,黄金,22,10,喂呜喂呜
幻翎,Rakan,黄金,23,11,活力焕发
幻翎,Rakan,黄金,24,12,轻拍背部
幻翎,Rakan,棱彩,25,7,大地苏醒
幻翎,Rakan,黄金,26,13,生机迸发
幻翎,Rakan,棱彩,27,8,艾卡西亚的陷落
幻翎,Rakan,白银,28,7,暗影疾奔
幻翎,Rakan,黄金,29,14,急速之追求
幻翎,Rakan,白银,30,8,快中求稳
幻翎,Rakan,棱彩,31,9,终极唤醒
幻翎,Rakan,黄金,32,15,面包和果酱
幻翎,Rakan,黄金,33,16,循环往复
幻翎,Rakan,白银,34,9,逃跑计划
幻翎,Rakan,白银,35,10,练腿日
幻翎,Rakan,黄金,36,17,咏叹奏鸣
幻翎,Rakan,黄金,37,18,缩小引擎
幻翎,Rakan,棱彩,38,10,无限循环往复
幻翎,Rakan,棱彩,39,11,精怪魔法
幻翎,Rakan,黄金,40,19,神圣干预
幻翎,Rakan,棱彩,41,12,终极刷新
幻翎,Rakan,白银,42,11,质变：黄金阶
幻翎,Rakan,白银,43,12,加固护盾
幻翎,Rakan,黄金,44,20,黎明使者的坚决
幻翎,Rakan,棱彩,45,13,你摸不到
幻翎,Rakan,黄金,46,21,狂徒豪气
幻翎,Rakan,棱彩,47,14,全凭身法
幻翎,Rakan,黄金,48,22,炽烈黎明
幻翎,Rakan,棱彩,49,15,回响施放
幻翎,Rakan,棱彩,50,16,信念者的强化
幻翎,Rakan,白银,51,13,俯冲轰炸
幻翎,Rakan,黄金,52,23,豪猪
幻翎,Rakan,白银,53,14,强力护盾
幻翎,Rakan,棱彩,54,17,史上最大雪球
幻翎,Rakan,黄金,55,24,闪现向前
幻翎,Rakan,棱彩,56,18,软弹啪叽抓
幻翎,Rakan,黄金,57,25,面包和奶酪
幻翎,Rakan,棱彩,58,19,舞会女王
幻翎,Rakan,黄金,59,26,尖端发明家
幻翎,Rakan,黄金,60,27,杀戮时间到了
幻翎,Rakan,棱彩,61,20,最终形态
幻翎,Rakan,黄金,62,28,无尽大杀四方
幻翎,Rakan,白银,63,15,大师铸就
幻翎,Rakan,白银,64,16,由心及物
幻翎,Rakan,棱彩,65,21,死亡之环
幻翎,Rakan,黄金,66,29,冰雪爆裂
幻翎,Rakan,白银,67,17,下雪天
幻翎,Rakan,白银,68,18,海洋龙魂
幻翎,Rakan,黄金,69,30,弹球
幻翎,Rakan,棱彩,70,22,风语者的祝福
幻翎,Rakan,黄金,71,31,自然即是治愈
幻翎,Rakan,黄金,72,32,威能之追求
幻翎,Rakan,棱彩,73,23,质变：混沌
幻翎,Rakan,黄金,74,33,捐赠
幻翎,Rakan,棱彩,75,24,泰坦的坚决
幻翎,Rakan,白银,76,19,家园卫士
幻翎,Rakan,黄金,77,34,属性叠属性！
幻翎,Rakan,棱彩,78,25,掷骰狂人
幻翎,Rakan,白银,79,20,火狐
幻翎,Rakan,黄金,80,35,我们的治疗
幻翎,Rakan,白银,81,21,冰寒
幻翎,Rakan,黄金,82,36,虚幻武器
幻翎,Rakan,棱彩,83,26,大法师
幻翎,Rakan,棱彩,84,27,至高天诺言
幻翎,Rakan,黄金,85,37,鲨鱼暴风
幻翎,Rakan,黄金,86,38,急急小子
幻翎,Rakan,黄金,87,39,鲨鱼诱饵
幻翎,Rakan,棱彩,88,28,空投熊
幻翎,Rakan,白银,89,22,纯粹主义者 - 术师
幻翎,Rakan,棱彩,90,29,潘朵拉的盒子
幻翎,Rakan,棱彩,91,30,灵魄炸弹
幻翎,Rakan,白银,92,23,侵蚀
幻翎,Rakan,棱彩,93,31,科学狂人
幻翎,Rakan,棱彩,94,32,神圣雪球
幻翎,Rakan,黄金,95,40,哎哟，我的硬币！
幻翎,Rakan,白银,96,24,山脉龙魂
幻翎,Rakan,白银,97,25,杀意翻涌
幻翎,Rakan,黄金,98,41,超凡邪恶
幻翎,Rakan,棱彩,99,33,大招工具人
幻翎,Rakan,白银,100,26,属性！
幻翎,Rakan,黄金,101,42,心灵净化
幻翎,Rakan,黄金,102,43,过量延伸者
幻翎,Rakan,黄金,103,44,会心治疗
幻翎,Rakan,白银,104,27,防护面纱
幻翎,Rakan,黄金,105,45,面包和黄油
幻翎,Rakan,黄金,106,46,术士果汁盒
幻翎,Rakan,白银,107,28,海克斯科技龙魂
幻翎,Rakan,棱彩,108,34,升级：花晓之剑
幻翎,Rakan,白银,109,29,巫师式思考
幻翎,Rakan,白银,110,30,转得我眩晕了
幻翎,Rakan,棱彩,111,35,超负荷
幻翎,Rakan,白银,112,31,物理转魔法
幻翎,Rakan,棱彩,113,36,尤里卡
幻翎,Rakan,白银,114,32,炼狱龙魂
幻翎,Rakan,黄金,115,47,缩小射线
幻翎,Rakan,棱彩,116,37,扳机炼狱
幻翎,Rakan,棱彩,117,38,全能龙魂
幻翎,Rakan,棱彩,118,39,尊我为王
幻翎,Rakan,白银,119,33,吵闹鬼
幻翎,Rakan,白银,120,34,升级：中娅
幻翎,Rakan,白银,121,35,渴血
幻翎,Rakan,棱彩,122,40,海牛阿福的勇士
幻翎,Rakan,黄金,123,48,藏身草丛
幻翎,Rakan,棱彩,124,41,属性叠属性叠属性！
幻翎,Rakan,棱彩,125,42,飞升仪式
幻翎,Rakan,白银,126,36,双生火焰
幻翎,Rakan,黄金,127,49,夜狩
幻翎,Rakan,黄金,128,50,回力OK镖
幻翎,Rakan,黄金,129,51,超强大脑
幻翎,Rakan,棱彩,130,43,吃过路兵
幻翎,Rakan,白银,131,37,唯快不破
幻翎,Rakan,黄金,132,52,溢流
幻翎,Rakan,黄金,133,53,神射法师
幻翎,Rakan,黄金,134,54,火上浇油
幻翎,Rakan,棱彩,135,44,巨人杀手
幻翎,Rakan,棱彩,136,45,回归基本功
幻翎,Rakan,黄金,137,55,升级：焚天
幻翎,Rakan,棱彩,138,46,秘术冲拳
幻翎,Rakan,黄金,139,56,有始有终
幻翎,Rakan,黄金,140,57,魔法飞弹
幻翎,Rakan,棱彩,141,47,利刃华尔兹
幻翎,Rakan,棱彩,142,48,沃格勒特的巫师帽
幻翎,Rakan,棱彩,143,49,珠光护手
幻翎,Rakan,棱彩,144,50,濒死悟道
幻翎,Rakan,黄金,145,58,穿针引线
幻翎,Rakan,棱彩,146,51,魄罗蛮冲
幻翎,Rakan,黄金,147,59,罪恶快感
幻翎,Rakan,棱彩,148,52,电涌力场
幻翎,Rakan,黄金,149,60,升级：贪欲九头蛇
幻翎,Rakan,黄金,150,61,更万用的瞄准镜
幻翎,Rakan,黄金,151,62,牙仙子
幻翎,Rakan,白银,152,38,万用瞄准镜
幻翎,Rakan,棱彩,153,53,夺金
幻翎,Rakan,棱彩,154,54,炼狱导管
幻翎,Rakan,棱彩,155,55,男爵之手
幻翎,Rakan,白银,156,39,灵巧
幻翎,Rakan,棱彩,157,56,位面转移
幻翎,Rakan,棱彩,158,57,不祥契约
幻翎,Rakan,白银,159,40,注魔
幻翎,Rakan,黄金,160,63,升级：耀光
幻翎,Rakan,棱彩,161,58,物法皆修
幻翎,Rakan,棱彩,162,59,最万用的瞄准镜
幻翎,Rakan,黄金,163,64,坚韧
幻翎,Rakan,白银,164,41,闪光弹
幻翎,Rakan,白银,165,42,点亮他们！
幻翎,Rakan,棱彩,166,60,踢踏舞
幻翎,Rakan,白银,167,43,坚若磐石
幻翎,Rakan,白银,168,44,闪闪现现
幻翎,Rakan,棱彩,169,61,战争交响乐
幻翎,Rakan,黄金,170,65,升级：雪球
幻翎,Rakan,棱彩,171,62,玻璃大炮
幻翎,Rakan,黄金,172,66,雪球扭蛋机
幻翎,Rakan,棱彩,173,63,小丑学院
幻翎,Rakan,棱彩,174,64,小猫咪找妈妈
幻翎,Rakan,棱彩,175,65,量子计算
幻翎,Rakan,棱彩,176,66,激光治疗
幻翎,Rakan,黄金,177,67,祖母的辣椒油
幻翎,Rakan,黄金,178,68,最终都市列车
幻翎,Rakan,白银,179,45,会心防御
幻翎,Rakan,棱彩,180,67,连拨击锤
幻翎,Rakan,黄金,181,69,虚空冲刺
幻翎,Rakan,黄金,182,70,关键暴击
幻翎,Rakan,黄金,183,71,易损
幻翎,Rakan,棱彩,184,68,卡皮巴拉空投
幻翎,Rakan,黄金,185,72,灵魂虹吸
幻翎,Rakan,棱彩,186,69,双刀流
幻翎,Rakan,黄金,187,73,吸血习性
幻翎,Rakan,棱彩,188,70,魄罗之王的弹跳
披甲龙龟,Rammus,黄金,1,1,坦克引擎
披甲龙龟,Rammus,棱彩,2,1,飞身踢
披甲龙龟,Rammus,黄金,3,2,钢化你心
披甲龙龟,Rammus,黄金,4,3,星界躯体
披甲龙龟,Rammus,白银,5,1,重量级打击手
披甲龙龟,Rammus,棱彩,6,2,歌利亚巨人
披甲龙龟,Rammus,白银,7,2,升级：献祭
披甲龙龟,Rammus,黄金,8,4,高压锅
披甲龙龟,Rammus,黄金,9,5,不动如山
披甲龙龟,Rammus,棱彩,10,3,巨像的勇气
披甲龙龟,Rammus,棱彩,11,4,艾卡西亚的陷落
披甲龙龟,Rammus,黄金,12,6,豪猪
披甲龙龟,Rammus,黄金,13,7,质变：棱彩阶
披甲龙龟,Rammus,棱彩,14,5,和我一起困在这里
披甲龙龟,Rammus,黄金,15,8,活力焕发
披甲龙龟,Rammus,黄金,16,9,吞噬灵魂
披甲龙龟,Rammus,白银,17,3,扇巴掌
披甲龙龟,Rammus,白银,18,4,质变：黄金阶
披甲龙龟,Rammus,白银,19,5,练腿日
披甲龙龟,Rammus,白银,20,6,大师铸就
披甲龙龟,Rammus,白银,21,7,逃跑计划
披甲龙龟,Rammus,黄金,22,10,黎明使者的坚决
披甲龙龟,Rammus,黄金,23,11,生机迸发
披甲龙龟,Rammus,白银,24,8,俯冲轰炸
披甲龙龟,Rammus,黄金,25,12,无尽大杀四方
披甲龙龟,Rammus,黄金,26,13,尖端发明家
披甲龙龟,Rammus,白银,27,9,海洋龙魂
披甲龙龟,Rammus,棱彩,28,6,掷骰狂人
披甲龙龟,Rammus,黄金,29,14,捐赠
披甲龙龟,Rammus,白银,30,10,别停止引导
披甲龙龟,Rammus,棱彩,31,7,最终形态
披甲龙龟,Rammus,棱彩,32,8,科学狂人
披甲龙龟,Rammus,棱彩,33,9,空投熊
披甲龙龟,Rammus,棱彩,34,10,泰坦的坚决
披甲龙龟,Rammus,黄金,35,15,面包和果酱
披甲龙龟,Rammus,黄金,36,16,虚幻武器
披甲龙龟,Rammus,棱彩,37,11,残忍
披甲龙龟,Rammus,棱彩,38,12,质变：混沌
披甲龙龟,Rammus,棱彩,39,13,史上最大雪球
披甲龙龟,Rammus,黄金,40,17,属性叠属性！
披甲龙龟,Rammus,黄金,41,18,面包和奶酪
披甲龙龟,Rammus,白银,42,11,侵蚀
披甲龙龟,Rammus,黄金,43,19,自然即是治愈
披甲龙龟,Rammus,黄金,44,20,循环往复
披甲龙龟,Rammus,白银,45,12,家园卫士
披甲龙龟,Rammus,白银,46,13,下雪天
披甲龙龟,Rammus,黄金,47,21,神圣干预
披甲龙龟,Rammus,黄金,48,22,弹球
披甲龙龟,Rammus,白银,49,14,旋转至胜
披甲龙龟,Rammus,棱彩,50,14,回归基本功
披甲龙龟,Rammus,白银,51,15,杀意翻涌
披甲龙龟,Rammus,黄金,52,23,冰雪爆裂
披甲龙龟,Rammus,黄金,53,24,我们的治疗
披甲龙龟,Rammus,棱彩,54,15,潘朵拉的盒子
披甲龙龟,Rammus,棱彩,55,16,终极刷新
披甲龙龟,Rammus,黄金,56,25,闪现向前
披甲龙龟,Rammus,棱彩,57,17,舞会女王
披甲龙龟,Rammus,白银,58,16,山脉龙魂
披甲龙龟,Rammus,黄金,59,26,缩小引擎
披甲龙龟,Rammus,白银,60,17,属性！
披甲龙龟,Rammus,黄金,61,27,鲨鱼诱饵
披甲龙龟,Rammus,棱彩,62,18,软弹啪叽抓
披甲龙龟,Rammus,棱彩,63,19,终极唤醒
披甲龙龟,Rammus,棱彩,64,20,尊我为王
披甲龙龟,Rammus,棱彩,65,21,你摸不到
披甲龙龟,Rammus,棱彩,66,22,精怪魔法
披甲龙龟,Rammus,黄金,67,28,术士果汁盒
披甲龙龟,Rammus,黄金,68,29,面包和黄油
披甲龙龟,Rammus,棱彩,69,23,神圣雪球
披甲龙龟,Rammus,黄金,70,30,缩小射线
披甲龙龟,Rammus,白银,71,18,火狐
披甲龙龟,Rammus,白银,72,19,转得我眩晕了
披甲龙龟,Rammus,黄金,73,31,轻拍背部
披甲龙龟,Rammus,黄金,74,32,鲨鱼暴风
披甲龙龟,Rammus,黄金,75,33,过量延伸者
披甲龙龟,Rammus,白银,76,20,渴血
披甲龙龟,Rammus,棱彩,77,24,全能龙魂
披甲龙龟,Rammus,白银,78,21,由心及物
披甲龙龟,Rammus,黄金,79,34,哎哟，我的硬币！
披甲龙龟,Rammus,棱彩,80,25,属性叠属性叠属性！
披甲龙龟,Rammus,白银,81,22,暗影疾奔
披甲龙龟,Rammus,黄金,82,35,火上浇油
披甲龙龟,Rammus,黄金,83,36,杀戮时间到了
披甲龙龟,Rammus,黄金,84,37,心灵净化
披甲龙龟,Rammus,黄金,85,38,咏叹奏鸣
披甲龙龟,Rammus,棱彩,86,26,扳机炼狱
披甲龙龟,Rammus,白银,87,23,双生火焰
披甲龙龟,Rammus,黄金,88,39,急急小子
披甲龙龟,Rammus,白银,89,24,防护面纱
披甲龙龟,Rammus,棱彩,90,27,无限循环往复
披甲龙龟,Rammus,白银,91,25,快中求稳
披甲龙龟,Rammus,棱彩,92,28,大地苏醒
披甲龙龟,Rammus,棱彩,93,29,海牛阿福的勇士
披甲龙龟,Rammus,白银,94,26,炼狱龙魂
披甲龙龟,Rammus,棱彩,95,30,吃过路兵
披甲龙龟,Rammus,棱彩,96,31,濒死悟道
披甲龙龟,Rammus,棱彩,97,32,大法师
披甲龙龟,Rammus,棱彩,98,33,秘术冲拳
披甲龙龟,Rammus,白银,99,27,海克斯科技龙魂
披甲龙龟,Rammus,棱彩,100,34,巨人杀手
披甲龙龟,Rammus,黄金,101,40,超凡邪恶
披甲龙龟,Rammus,棱彩,102,35,利刃华尔兹
披甲龙龟,Rammus,黄金,103,41,更万用的瞄准镜
披甲龙龟,Rammus,白银,104,28,吵闹鬼
披甲龙龟,Rammus,黄金,105,42,狂徒豪气
披甲龙龟,Rammus,白银,106,29,物理转魔法
披甲龙龟,Rammus,黄金,107,43,罪恶快感
披甲龙龟,Rammus,白银,108,30,纯粹主义者 - 术师
披甲龙龟,Rammus,棱彩,109,36,飞升仪式
披甲龙龟,Rammus,棱彩,110,37,夺金
披甲龙龟,Rammus,白银,111,31,万用瞄准镜
披甲龙龟,Rammus,棱彩,112,38,不祥契约
披甲龙龟,Rammus,棱彩,113,39,炼狱导管
披甲龙龟,Rammus,白银,114,32,唯快不破
披甲龙龟,Rammus,黄金,115,44,回力OK镖
披甲龙龟,Rammus,黄金,116,45,升级：贪欲九头蛇
披甲龙龟,Rammus,黄金,117,46,炽烈黎明
披甲龙龟,Rammus,黄金,118,47,穿针引线
披甲龙龟,Rammus,白银,119,33,灵巧
披甲龙龟,Rammus,棱彩,120,40,最万用的瞄准镜
披甲龙龟,Rammus,棱彩,121,41,大招工具人
披甲龙龟,Rammus,棱彩,122,42,全凭身法
披甲龙龟,Rammus,白银,123,34,冰寒
披甲龙龟,Rammus,白银,124,35,巫师式思考
披甲龙龟,Rammus,棱彩,125,43,魄罗蛮冲
披甲龙龟,Rammus,黄金,126,48,升级：焚天
披甲龙龟,Rammus,棱彩,127,44,位面转移
披甲龙龟,Rammus,棱彩,128,45,珠光护手
披甲龙龟,Rammus,棱彩,129,46,男爵之手
披甲龙龟,Rammus,黄金,130,49,魔法飞弹
披甲龙龟,Rammus,棱彩,131,47,电涌力场
披甲龙龟,Rammus,黄金,132,50,夜狩
披甲龙龟,Rammus,棱彩,133,48,战争交响乐
披甲龙龟,Rammus,黄金,134,51,神射法师
披甲龙龟,Rammus,棱彩,135,49,尤里卡
披甲龙龟,Rammus,棱彩,136,50,物法皆修
披甲龙龟,Rammus,黄金,137,52,溢流
披甲龙龟,Rammus,棱彩,138,51,踢踏舞
披甲龙龟,Rammus,黄金,139,53,超强大脑
披甲龙龟,Rammus,白银,140,36,升级：中娅
披甲龙龟,Rammus,黄金,141,54,藏身草丛
披甲龙龟,Rammus,黄金,142,55,坚韧
披甲龙龟,Rammus,白银,143,37,注魔
披甲龙龟,Rammus,棱彩,144,52,沃格勒特的巫师帽
披甲龙龟,Rammus,黄金,145,56,有始有终
披甲龙龟,Rammus,白银,146,38,点亮他们！
披甲龙龟,Rammus,棱彩,147,53,双刀流
披甲龙龟,Rammus,白银,148,39,坚若磐石
披甲龙龟,Rammus,黄金,149,57,牙仙子
披甲龙龟,Rammus,棱彩,150,54,连拨击锤
披甲龙龟,Rammus,白银,151,40,闪光弹
披甲龙龟,Rammus,白银,152,41,闪闪现现
披甲龙龟,Rammus,棱彩,153,55,玻璃大炮
披甲龙龟,Rammus,黄金,154,58,会心治疗
披甲龙龟,Rammus,黄金,155,59,升级：雪球
披甲龙龟,Rammus,棱彩,156,56,量子计算
披甲龙龟,Rammus,棱彩,157,57,蛋白粉奶昔
披甲龙龟,Rammus,黄金,158,60,关键暴击
披甲龙龟,Rammus,黄金,159,61,易损
披甲龙龟,Rammus,黄金,160,62,雪球扭蛋机
披甲龙龟,Rammus,黄金,161,63,祖母的辣椒油
披甲龙龟,Rammus,黄金,162,64,最终都市列车
披甲龙龟,Rammus,白银,163,42,会心防御
披甲龙龟,Rammus,棱彩,164,58,小丑学院
披甲龙龟,Rammus,棱彩,165,59,激光治疗
披甲龙龟,Rammus,黄金,166,65,吸血习性
披甲龙龟,Rammus,白银,167,43,叠角龙
披甲龙龟,Rammus,黄金,168,66,贪欲束缚
披甲龙龟,Rammus,棱彩,169,60,魄罗之王的弹跳
披甲龙龟,Rammus,白银,170,44,急救用具
披甲龙龟,Rammus,棱彩,171,61,双发快射
披甲龙龟,Rammus,白银,172,45,天音爆
披甲龙龟,Rammus,黄金,173,67,灵魂虹吸
披甲龙龟,Rammus,黄金,174,68,全心为你
披甲龙龟,Rammus,白银,175,46,魔法转物理
披甲龙龟,Rammus,黄金,176,69,魄罗爆破手
披甲龙龟,Rammus,棱彩,177,62,卡皮巴拉空投
披甲龙龟,Rammus,棱彩,178,63,？？？
披甲龙龟,Rammus,白银,179,47,狂热者
虚空遁地兽,RekSai,白银,1,1,重量级打击手
虚空遁地兽,RekSai,黄金,2,1,无尽大杀四方
虚空遁地兽,RekSai,黄金,3,2,黎明使者的坚决
虚空遁地兽,RekSai,白银,4,2,旋转至胜
虚空遁地兽,RekSai,黄金,5,3,自然即是治愈
虚空遁地兽,RekSai,黄金,6,4,高压锅
虚空遁地兽,RekSai,棱彩,7,1,泰坦的坚决
虚空遁地兽,RekSai,黄金,8,5,坦克引擎
虚空遁地兽,RekSai,棱彩,9,2,艾卡西亚的陷落
虚空遁地兽,RekSai,黄金,10,6,钢化你心
虚空遁地兽,RekSai,白银,11,3,大力
虚空遁地兽,RekSai,黄金,12,7,狂徒豪气
虚空遁地兽,RekSai,黄金,13,8,质变：棱彩阶
虚空遁地兽,RekSai,白银,14,4,渴血
虚空遁地兽,RekSai,黄金,15,9,升级：焚天
虚空遁地兽,RekSai,棱彩,16,3,扳机炼狱
虚空遁地兽,RekSai,棱彩,17,4,飞身踢
虚空遁地兽,RekSai,黄金,18,10,吞噬灵魂
虚空遁地兽,RekSai,棱彩,19,5,利刃华尔兹
虚空遁地兽,RekSai,黄金,20,11,星界躯体
虚空遁地兽,RekSai,棱彩,21,6,最终形态
虚空遁地兽,RekSai,黄金,22,12,升级：耀光
虚空遁地兽,RekSai,黄金,23,13,我们的治疗
虚空遁地兽,RekSai,黄金,24,14,不动如山
虚空遁地兽,RekSai,棱彩,25,7,吃过路兵
虚空遁地兽,RekSai,棱彩,26,8,巨像的勇气
虚空遁地兽,RekSai,棱彩,27,9,歌利亚巨人
虚空遁地兽,RekSai,白银,28,5,质变：黄金阶
虚空遁地兽,RekSai,黄金,29,15,生机迸发
虚空遁地兽,RekSai,棱彩,30,10,软弹啪叽抓
虚空遁地兽,RekSai,棱彩,31,11,濒死悟道
虚空遁地兽,RekSai,棱彩,32,12,残忍
虚空遁地兽,RekSai,白银,33,6,扇巴掌
虚空遁地兽,RekSai,白银,34,7,逃跑计划
虚空遁地兽,RekSai,棱彩,35,13,回归基本功
虚空遁地兽,RekSai,黄金,36,16,尖端发明家
虚空遁地兽,RekSai,白银,37,8,大师铸就
虚空遁地兽,RekSai,黄金,38,17,豪猪
虚空遁地兽,RekSai,棱彩,39,14,史上最大雪球
虚空遁地兽,RekSai,白银,40,9,练腿日
虚空遁地兽,RekSai,黄金,41,18,捐赠
虚空遁地兽,RekSai,白银,42,10,俯冲轰炸
虚空遁地兽,RekSai,棱彩,43,15,掷骰狂人
虚空遁地兽,RekSai,白银,44,11,升级：献祭
虚空遁地兽,RekSai,黄金,45,19,属性叠属性！
虚空遁地兽,RekSai,白银,46,12,暗影疾奔
虚空遁地兽,RekSai,黄金,47,20,闪现向前
虚空遁地兽,RekSai,黄金,48,21,更万用的瞄准镜
虚空遁地兽,RekSai,棱彩,49,16,终极九头蛇
虚空遁地兽,RekSai,黄金,50,22,面包和奶酪
虚空遁地兽,RekSai,黄金,51,23,缩小射线
虚空遁地兽,RekSai,黄金,52,24,穿针引线
虚空遁地兽,RekSai,黄金,53,25,升级：贪欲九头蛇
虚空遁地兽,RekSai,黄金,54,26,心灵净化
虚空遁地兽,RekSai,棱彩,55,17,秘术冲拳
虚空遁地兽,RekSai,棱彩,56,18,战争交响乐
虚空遁地兽,RekSai,棱彩,57,19,飞升仪式
虚空遁地兽,RekSai,黄金,58,27,夜狩
虚空遁地兽,RekSai,棱彩,59,20,全凭身法
虚空遁地兽,RekSai,棱彩,60,21,大地苏醒
虚空遁地兽,RekSai,黄金,61,28,罪恶快感
虚空遁地兽,RekSai,黄金,62,29,循环往复
虚空遁地兽,RekSai,棱彩,63,22,质变：混沌
虚空遁地兽,RekSai,黄金,64,30,虚幻武器
虚空遁地兽,RekSai,黄金,65,31,冰雪爆裂
虚空遁地兽,RekSai,白银,66,13,升级：死亡之舞
虚空遁地兽,RekSai,黄金,67,32,弹球
虚空遁地兽,RekSai,白银,68,14,魔法转物理
虚空遁地兽,RekSai,黄金,69,33,轻拍背部
虚空遁地兽,RekSai,黄金,70,34,神圣干预
虚空遁地兽,RekSai,黄金,71,35,面包和黄油
虚空遁地兽,RekSai,棱彩,72,23,和我一起困在这里
虚空遁地兽,RekSai,棱彩,73,24,科学狂人
虚空遁地兽,RekSai,白银,74,15,下雪天
虚空遁地兽,RekSai,黄金,75,36,杀戮时间到了
虚空遁地兽,RekSai,黄金,76,37,缩小引擎
虚空遁地兽,RekSai,白银,77,16,快中求稳
虚空遁地兽,RekSai,黄金,78,38,鲨鱼诱饵
虚空遁地兽,RekSai,棱彩,79,25,潘朵拉的盒子
虚空遁地兽,RekSai,黄金,80,39,鲨鱼暴风
虚空遁地兽,RekSai,黄金,81,40,火上浇油
虚空遁地兽,RekSai,棱彩,82,26,舞会女王
虚空遁地兽,RekSai,白银,83,17,万用瞄准镜
虚空遁地兽,RekSai,棱彩,84,27,空投熊
虚空遁地兽,RekSai,棱彩,85,28,全能龙魂
虚空遁地兽,RekSai,棱彩,86,29,死亡之环
虚空遁地兽,RekSai,棱彩,87,30,终极刷新
虚空遁地兽,RekSai,黄金,88,41,升级：无尽之刃
虚空遁地兽,RekSai,棱彩,89,31,终极唤醒
虚空遁地兽,RekSai,白银,90,18,侵蚀
虚空遁地兽,RekSai,棱彩,91,32,神圣雪球
虚空遁地兽,RekSai,白银,92,19,升级：收集者
虚空遁地兽,RekSai,黄金,93,42,灵魂虹吸
虚空遁地兽,RekSai,棱彩,94,33,珠光护手
虚空遁地兽,RekSai,黄金,95,43,哎哟，我的硬币！
虚空遁地兽,RekSai,白银,96,20,灵巧
虚空遁地兽,RekSai,棱彩,97,34,位面转移
虚空遁地兽,RekSai,白银,98,21,炼狱龙魂
虚空遁地兽,RekSai,白银,99,22,终极不可阻挡
虚空遁地兽,RekSai,棱彩,100,35,双刀流
虚空遁地兽,RekSai,黄金,101,44,有始有终
虚空遁地兽,RekSai,白银,102,23,台风
虚空遁地兽,RekSai,白银,103,24,杀意翻涌
虚空遁地兽,RekSai,棱彩,104,36,属性叠属性叠属性！
虚空遁地兽,RekSai,黄金,105,45,牙仙子
虚空遁地兽,RekSai,黄金,106,46,面包和果酱
虚空遁地兽,RekSai,黄金,107,47,易损
虚空遁地兽,RekSai,棱彩,108,37,尊我为王
虚空遁地兽,RekSai,黄金,109,48,过量延伸者
虚空遁地兽,RekSai,白银,110,25,山脉龙魂
虚空遁地兽,RekSai,白银,111,26,属性！
虚空遁地兽,RekSai,棱彩,112,38,你摸不到
虚空遁地兽,RekSai,棱彩,113,39,最万用的瞄准镜
虚空遁地兽,RekSai,棱彩,114,40,海牛阿福的勇士
虚空遁地兽,RekSai,白银,115,27,防护面纱
虚空遁地兽,RekSai,白银,116,28,双生火焰
虚空遁地兽,RekSai,棱彩,117,41,无限循环往复
虚空遁地兽,RekSai,白银,118,29,火狐
虚空遁地兽,RekSai,棱彩,119,42,连拨击锤
虚空遁地兽,RekSai,黄金,120,49,咏叹奏鸣
虚空遁地兽,RekSai,白银,121,30,海洋龙魂
虚空遁地兽,RekSai,白银,122,31,海克斯科技龙魂
虚空遁地兽,RekSai,棱彩,123,43,物法皆修
虚空遁地兽,RekSai,白银,124,32,转得我眩晕了
虚空遁地兽,RekSai,棱彩,125,44,大法师
虚空遁地兽,RekSai,棱彩,126,45,巨人杀手
虚空遁地兽,RekSai,黄金,127,50,关键暴击
虚空遁地兽,RekSai,白银,128,33,会心防御
虚空遁地兽,RekSai,黄金,129,51,急急小子
虚空遁地兽,RekSai,黄金,130,52,术士果汁盒
虚空遁地兽,RekSai,黄金,131,53,回力OK镖
虚空遁地兽,RekSai,白银,132,34,纯粹主义者 - 术师
虚空遁地兽,RekSai,棱彩,133,46,夺金
虚空遁地兽,RekSai,白银,134,35,家园卫士
虚空遁地兽,RekSai,黄金,135,54,藏身草丛
虚空遁地兽,RekSai,黄金,136,55,魔法飞弹
虚空遁地兽,RekSai,棱彩,137,47,双发快射
虚空遁地兽,RekSai,黄金,138,56,炽烈黎明
虚空遁地兽,RekSai,白银,139,36,狂热者
虚空遁地兽,RekSai,黄金,140,57,超凡邪恶
虚空遁地兽,RekSai,黄金,141,58,暴击律动
虚空遁地兽,RekSai,棱彩,142,48,男爵之手
虚空遁地兽,RekSai,棱彩,143,49,精怪魔法
虚空遁地兽,RekSai,棱彩,144,50,魄罗蛮冲
虚空遁地兽,RekSai,棱彩,145,51,炼狱导管
虚空遁地兽,RekSai,棱彩,146,52,踢踏舞
虚空遁地兽,RekSai,黄金,147,59,神射法师
虚空遁地兽,RekSai,白银,148,37,物理转魔法
虚空遁地兽,RekSai,黄金,149,60,狙神飞星
虚空遁地兽,RekSai,棱彩,150,53,电涌力场
虚空遁地兽,RekSai,棱彩,151,54,尤里卡
虚空遁地兽,RekSai,白银,152,38,巫师式思考
虚空遁地兽,RekSai,棱彩,153,55,不祥契约
虚空遁地兽,RekSai,棱彩,154,56,风语者的祝福
虚空遁地兽,RekSai,白银,155,39,唯快不破
虚空遁地兽,RekSai,白银,156,40,吵闹鬼
虚空遁地兽,RekSai,白银,157,41,点亮他们！
虚空遁地兽,RekSai,白银,158,42,由暴生急
虚空遁地兽,RekSai,棱彩,159,57,玻璃大炮
虚空遁地兽,RekSai,白银,160,43,冰寒
虚空遁地兽,RekSai,黄金,161,61,吸血习性
虚空遁地兽,RekSai,白银,162,44,闪光弹
虚空遁地兽,RekSai,黄金,163,62,超强大脑
虚空遁地兽,RekSai,黄金,164,63,活力焕发
虚空遁地兽,RekSai,白银,165,45,升级：中娅
虚空遁地兽,RekSai,棱彩,166,58,沃格勒特的巫师帽
虚空遁地兽,RekSai,黄金,167,64,坚韧
虚空遁地兽,RekSai,棱彩,168,59,小丑学院
虚空遁地兽,RekSai,棱彩,169,60,量子计算
虚空遁地兽,RekSai,黄金,170,65,升级：雪球
虚空遁地兽,RekSai,白银,171,46,闪闪现现
虚空遁地兽,RekSai,黄金,172,66,雪球扭蛋机
虚空遁地兽,RekSai,白银,173,47,坚若磐石
虚空遁地兽,RekSai,黄金,174,67,会心治疗
虚空遁地兽,RekSai,黄金,175,68,急速之追求
虚空遁地兽,RekSai,棱彩,176,61,蛋白粉奶昔
虚空遁地兽,RekSai,黄金,177,69,喂呜喂呜
虚空遁地兽,RekSai,黄金,178,70,最终都市列车
虚空遁地兽,RekSai,黄金,179,71,祖母的辣椒油
虚空遁地兽,RekSai,棱彩,180,62,？？？
虚空遁地兽,RekSai,棱彩,181,63,你肩上的恶魔
虚空遁地兽,RekSai,棱彩,182,64,超负荷
虚空遁地兽,RekSai,白银,183,48,可靠武器
镕铁少女,Rell,黄金,1,1,坦克引擎
镕铁少女,Rell,白银,2,1,重量级打击手
镕铁少女,Rell,黄金,3,2,钢化你心
镕铁少女,Rell,棱彩,4,1,飞身踢
镕铁少女,Rell,黄金,5,3,星界躯体
镕铁少女,Rell,棱彩,6,2,歌利亚巨人
镕铁少女,Rell,棱彩,7,3,巨像的勇气
镕铁少女,Rell,白银,8,2,扇巴掌
镕铁少女,Rell,白银,9,3,升级：献祭
镕铁少女,Rell,黄金,10,4,吞噬灵魂
镕铁少女,Rell,黄金,11,5,高压锅
镕铁少女,Rell,黄金,12,6,不动如山
镕铁少女,Rell,棱彩,13,4,残忍
镕铁少女,Rell,黄金,14,7,质变：棱彩阶
镕铁少女,Rell,棱彩,15,5,艾卡西亚的陷落
镕铁少女,Rell,黄金,16,8,贪欲束缚
镕铁少女,Rell,棱彩,17,6,和我一起困在这里
镕铁少女,Rell,白银,18,4,质变：黄金阶
镕铁少女,Rell,黄金,19,9,生机迸发
镕铁少女,Rell,黄金,20,10,黎明使者的坚决
镕铁少女,Rell,白银,21,5,逃跑计划
镕铁少女,Rell,黄金,22,11,豪猪
镕铁少女,Rell,白银,23,6,大师铸就
镕铁少女,Rell,白银,24,7,练腿日
镕铁少女,Rell,黄金,25,12,尖端发明家
镕铁少女,Rell,白银,26,8,终极不可阻挡
镕铁少女,Rell,白银,27,9,俯冲轰炸
镕铁少女,Rell,黄金,28,13,循环往复
镕铁少女,Rell,黄金,29,14,无尽大杀四方
镕铁少女,Rell,黄金,30,15,面包和果酱
镕铁少女,Rell,白银,31,10,快中求稳
镕铁少女,Rell,棱彩,32,7,终极唤醒
镕铁少女,Rell,白银,33,11,海洋龙魂
镕铁少女,Rell,棱彩,34,8,泰坦的坚决
镕铁少女,Rell,黄金,35,16,虚幻武器
镕铁少女,Rell,黄金,36,17,神圣干预
镕铁少女,Rell,白银,37,12,暗影疾奔
镕铁少女,Rell,棱彩,38,9,质变：混沌
镕铁少女,Rell,黄金,39,18,闪现向前
镕铁少女,Rell,棱彩,40,10,史上最大雪球
镕铁少女,Rell,黄金,41,19,捐赠
镕铁少女,Rell,黄金,42,20,属性叠属性！
镕铁少女,Rell,棱彩,43,11,掷骰狂人
镕铁少女,Rell,棱彩,44,12,最终形态
镕铁少女,Rell,白银,45,13,由心及物
镕铁少女,Rell,黄金,46,21,狂徒豪气
镕铁少女,Rell,白银,47,14,侵蚀
镕铁少女,Rell,棱彩,48,13,科学狂人
镕铁少女,Rell,棱彩,49,14,精怪魔法
镕铁少女,Rell,黄金,50,22,面包和黄油
镕铁少女,Rell,棱彩,51,15,终极刷新
镕铁少女,Rell,白银,52,15,下雪天
镕铁少女,Rell,黄金,53,23,自然即是治愈
镕铁少女,Rell,黄金,54,24,冰雪爆裂
镕铁少女,Rell,棱彩,55,16,你摸不到
镕铁少女,Rell,黄金,56,25,弹球
镕铁少女,Rell,棱彩,57,17,回响施放
镕铁少女,Rell,黄金,58,26,杀戮时间到了
镕铁少女,Rell,黄金,59,27,我们的治疗
镕铁少女,Rell,白银,60,16,家园卫士
镕铁少女,Rell,白银,61,17,山脉龙魂
镕铁少女,Rell,黄金,62,28,缩小引擎
镕铁少女,Rell,棱彩,63,18,舞会女王
镕铁少女,Rell,棱彩,64,19,大地苏醒
镕铁少女,Rell,棱彩,65,20,潘朵拉的盒子
镕铁少女,Rell,棱彩,66,21,空投熊
镕铁少女,Rell,白银,67,18,杀意翻涌
镕铁少女,Rell,白银,68,19,属性！
镕铁少女,Rell,黄金,69,29,鲨鱼诱饵
镕铁少女,Rell,棱彩,70,22,软弹啪叽抓
镕铁少女,Rell,棱彩,71,23,无限循环往复
镕铁少女,Rell,棱彩,72,24,全凭身法
镕铁少女,Rell,黄金,73,30,鲨鱼暴风
镕铁少女,Rell,白银,74,20,火狐
镕铁少女,Rell,棱彩,75,25,神圣雪球
镕铁少女,Rell,白银,76,21,转得我眩晕了
镕铁少女,Rell,黄金,77,31,咏叹奏鸣
镕铁少女,Rell,黄金,78,32,缩小射线
镕铁少女,Rell,黄金,79,33,心灵净化
镕铁少女,Rell,黄金,80,34,过量延伸者
镕铁少女,Rell,黄金,81,35,哎哟，我的硬币！
镕铁少女,Rell,黄金,82,36,面包和奶酪
镕铁少女,Rell,棱彩,83,26,大法师
镕铁少女,Rell,黄金,84,37,轻拍背部
镕铁少女,Rell,黄金,85,38,火上浇油
镕铁少女,Rell,棱彩,86,27,扳机炼狱
镕铁少女,Rell,白银,87,22,防护面纱
镕铁少女,Rell,棱彩,88,28,吃过路兵
镕铁少女,Rell,白银,89,23,纯粹主义者 - 术师
镕铁少女,Rell,棱彩,90,29,回归基本功
镕铁少女,Rell,白银,91,24,炼狱龙魂
镕铁少女,Rell,棱彩,92,30,全能龙魂
镕铁少女,Rell,棱彩,93,31,尊我为王
镕铁少女,Rell,白银,94,25,海克斯科技龙魂
镕铁少女,Rell,棱彩,95,32,濒死悟道
镕铁少女,Rell,棱彩,96,33,秘术冲拳
镕铁少女,Rell,棱彩,97,34,大招工具人
镕铁少女,Rell,黄金,98,39,急急小子
镕铁少女,Rell,白银,99,26,冰寒
镕铁少女,Rell,棱彩,100,35,属性叠属性叠属性！
镕铁少女,Rell,白银,101,27,渴血
镕铁少女,Rell,棱彩,102,36,海牛阿福的勇士
镕铁少女,Rell,黄金,103,40,升级：焚天
镕铁少女,Rell,黄金,104,41,更万用的瞄准镜
镕铁少女,Rell,黄金,105,42,炽烈黎明
镕铁少女,Rell,白银,106,28,万用瞄准镜
镕铁少女,Rell,黄金,107,43,罪恶快感
镕铁少女,Rell,棱彩,108,37,飞升仪式
镕铁少女,Rell,白银,109,29,吵闹鬼
镕铁少女,Rell,黄金,110,44,术士果汁盒
镕铁少女,Rell,白银,111,30,物理转魔法
镕铁少女,Rell,黄金,112,45,回力OK镖
镕铁少女,Rell,白银,113,31,双生火焰
镕铁少女,Rell,棱彩,114,38,电涌力场
镕铁少女,Rell,棱彩,115,39,炼狱导管
镕铁少女,Rell,棱彩,116,40,巨人杀手
镕铁少女,Rell,黄金,117,46,夜狩
镕铁少女,Rell,棱彩,118,41,利刃华尔兹
镕铁少女,Rell,棱彩,119,42,魄罗蛮冲
镕铁少女,Rell,黄金,120,47,穿针引线
镕铁少女,Rell,黄金,121,48,升级：贪欲九头蛇
镕铁少女,Rell,白银,122,32,唯快不破
镕铁少女,Rell,白银,123,33,灵巧
镕铁少女,Rell,棱彩,124,43,夺金
镕铁少女,Rell,棱彩,125,44,位面转移
镕铁少女,Rell,黄金,126,49,超凡邪恶
镕铁少女,Rell,棱彩,127,45,最万用的瞄准镜
镕铁少女,Rell,棱彩,128,46,男爵之手
镕铁少女,Rell,黄金,129,50,魔法飞弹
镕铁少女,Rell,黄金,130,51,溢流
镕铁少女,Rell,白银,131,34,巫师式思考
镕铁少女,Rell,棱彩,132,47,珠光护手
镕铁少女,Rell,黄金,133,52,神射法师
镕铁少女,Rell,黄金,134,53,有始有终
镕铁少女,Rell,棱彩,135,48,战争交响乐
镕铁少女,Rell,黄金,136,54,藏身草丛
镕铁少女,Rell,白银,137,35,注魔
镕铁少女,Rell,黄金,138,55,超强大脑
镕铁少女,Rell,黄金,139,56,坚韧
镕铁少女,Rell,白银,140,36,点亮他们！
镕铁少女,Rell,白银,141,37,闪光弹
镕铁少女,Rell,棱彩,142,49,踢踏舞
镕铁少女,Rell,黄金,143,57,牙仙子
镕铁少女,Rell,棱彩,144,50,不祥契约
镕铁少女,Rell,白银,145,38,闪闪现现
镕铁少女,Rell,白银,146,39,坚若磐石
镕铁少女,Rell,白银,147,40,升级：中娅
镕铁少女,Rell,棱彩,148,51,尤里卡
镕铁少女,Rell,黄金,149,58,活力焕发
镕铁少女,Rell,棱彩,150,52,双刀流
镕铁少女,Rell,棱彩,151,53,连拨击锤
镕铁少女,Rell,棱彩,152,54,沃格勒特的巫师帽
镕铁少女,Rell,棱彩,153,55,玻璃大炮
镕铁少女,Rell,黄金,154,59,会心治疗
镕铁少女,Rell,黄金,155,60,升级：雪球
镕铁少女,Rell,棱彩,156,56,蛋白粉奶昔
镕铁少女,Rell,黄金,157,61,祖母的辣椒油
镕铁少女,Rell,棱彩,158,57,量子计算
镕铁少女,Rell,黄金,159,62,雪球扭蛋机
镕铁少女,Rell,白银,160,41,叠角龙
镕铁少女,Rell,黄金,161,63,最终都市列车
镕铁少女,Rell,白银,162,42,急救用具
镕铁少女,Rell,棱彩,163,58,激光治疗
镕铁少女,Rell,白银,164,43,会心防御
镕铁少女,Rell,棱彩,165,59,小丑学院
镕铁少女,Rell,棱彩,166,60,魄罗之王的弹跳
镕铁少女,Rell,黄金,167,64,快步
镕铁少女,Rell,黄金,168,65,吸血习性
镕铁少女,Rell,棱彩,169,61,？？？
镕铁少女,Rell,黄金,170,66,关键暴击
镕铁少女,Rell,黄金,171,67,易损
镕铁少女,Rell,白银,172,44,魔法转物理
镕铁少女,Rell,白银,173,45,强力护盾
镕铁少女,Rell,棱彩,174,62,卡皮巴拉空投
镕铁少女,Rell,棱彩,175,63,信念者的强化
镕铁少女,Rell,白银,176,46,狂热者
镕铁少女,Rell,棱彩,177,64,双发快射
镕铁少女,Rell,棱彩,178,65,超负荷
炼金男爵,Renata,黄金,1,1,咏叹奏鸣
炼金男爵,Renata,白银,2,1,急救用具
炼金男爵,Renata,黄金,3,2,仁慈打击
炼金男爵,Renata,白银,4,2,天音爆
炼金男爵,Renata,黄金,5,3,神圣干预
炼金男爵,Renata,黄金,6,4,全心为你
炼金男爵,Renata,黄金,7,5,喂呜喂呜
炼金男爵,Renata,棱彩,8,1,灵魄炸弹
炼金男爵,Renata,棱彩,9,2,信念者的强化
炼金男爵,Renata,棱彩,10,3,终极刷新
炼金男爵,Renata,棱彩,11,4,大法师
炼金男爵,Renata,黄金,12,6,炽烈黎明
炼金男爵,Renata,棱彩,13,5,无限循环往复
炼金男爵,Renata,白银,14,3,扇巴掌
炼金男爵,Renata,棱彩,15,6,风语者的祝福
炼金男爵,Renata,黄金,16,7,杀戮时间到了
炼金男爵,Renata,黄金,17,8,循环往复
炼金男爵,Renata,棱彩,18,7,终极唤醒
炼金男爵,Renata,黄金,19,9,质变：棱彩阶
炼金男爵,Renata,黄金,20,10,急急小子
炼金男爵,Renata,棱彩,21,8,至高天诺言
炼金男爵,Renata,白银,22,4,加固护盾
炼金男爵,Renata,棱彩,23,9,残忍
炼金男爵,Renata,黄金,24,11,虚幻武器
炼金男爵,Renata,黄金,25,12,缩小引擎
炼金男爵,Renata,黄金,26,13,贪欲束缚
炼金男爵,Renata,白银,27,5,质变：黄金阶
炼金男爵,Renata,棱彩,28,10,蛋白粉奶昔
炼金男爵,Renata,黄金,29,14,吞噬灵魂
炼金男爵,Renata,白银,30,6,冰寒
炼金男爵,Renata,白银,31,7,家园卫士
炼金男爵,Renata,黄金,32,15,急速之追求
炼金男爵,Renata,棱彩,33,11,升级：花晓之剑
炼金男爵,Renata,白银,34,8,强力护盾
炼金男爵,Renata,白银,35,9,纯粹主义者 - 术师
炼金男爵,Renata,黄金,36,16,面包和果酱
炼金男爵,Renata,白银,37,10,练腿日
炼金男爵,Renata,黄金,38,17,轻拍背部
炼金男爵,Renata,黄金,39,18,自然即是治愈
炼金男爵,Renata,黄金,40,19,面包和奶酪
炼金男爵,Renata,棱彩,41,12,尤里卡
炼金男爵,Renata,黄金,42,20,不动如山
炼金男爵,Renata,棱彩,43,13,掷骰狂人
炼金男爵,Renata,棱彩,44,14,质变：混沌
炼金男爵,Renata,黄金,45,21,超凡邪恶
炼金男爵,Renata,白银,46,11,巫师式思考
炼金男爵,Renata,棱彩,47,15,巨像的勇气
炼金男爵,Renata,黄金,48,22,坦克引擎
炼金男爵,Renata,白银,49,12,海洋龙魂
炼金男爵,Renata,黄金,50,23,魔法飞弹
炼金男爵,Renata,黄金,51,24,会心治疗
炼金男爵,Renata,黄金,52,25,哎哟，我的硬币！
炼金男爵,Renata,黄金,53,26,捐赠
炼金男爵,Renata,白银,54,13,逃跑计划
炼金男爵,Renata,白银,55,14,由心及物
炼金男爵,Renata,黄金,56,27,属性叠属性！
炼金男爵,Renata,黄金,57,28,尖端发明家
炼金男爵,Renata,棱彩,58,16,大招工具人
炼金男爵,Renata,白银,59,15,终极不可阻挡
炼金男爵,Renata,黄金,60,29,超强大脑
炼金男爵,Renata,棱彩,61,17,死亡之环
炼金男爵,Renata,棱彩,62,18,史上最大雪球
炼金男爵,Renata,白银,63,16,侵蚀
炼金男爵,Renata,黄金,64,30,面包和黄油
炼金男爵,Renata,白银,65,17,大师铸就
炼金男爵,Renata,棱彩,66,19,潘朵拉的盒子
炼金男爵,Renata,白银,67,18,双生火焰
炼金男爵,Renata,黄金,68,31,闪现向前
炼金男爵,Renata,棱彩,69,20,你摸不到
炼金男爵,Renata,黄金,70,32,老练狙神
炼金男爵,Renata,白银,71,19,物理转魔法
炼金男爵,Renata,白银,72,20,海克斯科技龙魂
炼金男爵,Renata,白银,73,21,防护面纱
炼金男爵,Renata,棱彩,74,21,软弹啪叽抓
炼金男爵,Renata,白银,75,22,属性！
炼金男爵,Renata,黄金,76,33,缩小射线
炼金男爵,Renata,黄金,77,34,神射法师
炼金男爵,Renata,黄金,78,35,弹球
炼金男爵,Renata,白银,79,23,火狐
炼金男爵,Renata,白银,80,24,炼狱龙魂
炼金男爵,Renata,黄金,81,36,回力OK镖
炼金男爵,Renata,白银,82,25,下雪天
炼金男爵,Renata,黄金,83,37,星界躯体
炼金男爵,Renata,白银,84,26,升级：中娅
炼金男爵,Renata,黄金,85,38,生机迸发
炼金男爵,Renata,黄金,86,39,冰雪爆裂
炼金男爵,Renata,棱彩,87,22,科学狂人
炼金男爵,Renata,黄金,88,40,术士果汁盒
炼金男爵,Renata,棱彩,89,23,和我一起困在这里
炼金男爵,Renata,棱彩,90,24,秘术冲拳
炼金男爵,Renata,黄金,91,41,心灵净化
炼金男爵,Renata,黄金,92,42,狙神飞星
炼金男爵,Renata,棱彩,93,25,飞身踢
炼金男爵,Renata,黄金,94,43,鲨鱼暴风
炼金男爵,Renata,黄金,95,44,更万用的瞄准镜
炼金男爵,Renata,棱彩,96,26,全能龙魂
炼金男爵,Renata,白银,97,27,山脉龙魂
炼金男爵,Renata,黄金,98,45,溢流
炼金男爵,Renata,白银,99,28,转得我眩晕了
炼金男爵,Renata,白银,100,29,俯冲轰炸
炼金男爵,Renata,黄金,101,46,火上浇油
炼金男爵,Renata,棱彩,102,27,海牛阿福的勇士
炼金男爵,Renata,棱彩,103,28,巨人杀手
炼金男爵,Renata,黄金,104,47,有始有终
炼金男爵,Renata,黄金,105,48,我们的治疗
炼金男爵,Renata,白银,106,30,万用瞄准镜
炼金男爵,Renata,棱彩,107,29,属性叠属性叠属性！
炼金男爵,Renata,白银,108,31,杀意翻涌
炼金男爵,Renata,棱彩,109,30,沃格勒特的巫师帽
炼金男爵,Renata,棱彩,110,31,珠光护手
炼金男爵,Renata,棱彩,111,32,空投熊
炼金男爵,Renata,白银,112,32,灵巧
炼金男爵,Renata,棱彩,113,33,魄罗蛮冲
炼金男爵,Renata,棱彩,114,34,神圣雪球
炼金男爵,Renata,棱彩,115,35,电涌力场
炼金男爵,Renata,黄金,116,49,黎明使者的坚决
炼金男爵,Renata,黄金,117,50,鲨鱼诱饵
炼金男爵,Renata,黄金,118,51,藏身草丛
炼金男爵,Renata,白银,119,33,注魔
炼金男爵,Renata,白银,120,34,狂热者
炼金男爵,Renata,白银,121,35,吵闹鬼
炼金男爵,Renata,棱彩,122,36,男爵之手
炼金男爵,Renata,棱彩,123,37,尊我为王
炼金男爵,Renata,棱彩,124,38,炼狱导管
炼金男爵,Renata,棱彩,125,39,夺金
炼金男爵,Renata,黄金,126,52,钢化你心
炼金男爵,Renata,白银,127,36,点亮他们！
炼金男爵,Renata,棱彩,128,40,歌利亚巨人
炼金男爵,Renata,棱彩,129,41,位面转移
炼金男爵,Renata,黄金,130,53,穿针引线
炼金男爵,Renata,黄金,131,54,过量延伸者
炼金男爵,Renata,棱彩,132,42,最终形态
炼金男爵,Renata,棱彩,133,43,最万用的瞄准镜
炼金男爵,Renata,黄金,134,55,罪恶快感
炼金男爵,Renata,白银,135,37,渴血
炼金男爵,Renata,棱彩,136,44,踢踏舞
炼金男爵,Renata,棱彩,137,45,物法皆修
炼金男爵,Renata,白银,138,38,重量级打击手
炼金男爵,Renata,棱彩,139,46,不祥契约
炼金男爵,Renata,黄金,140,56,牙仙子
炼金男爵,Renata,白银,141,39,台风
炼金男爵,Renata,黄金,142,57,升级：耀光
炼金男爵,Renata,棱彩,143,47,回归基本功
炼金男爵,Renata,黄金,144,58,豪猪
炼金男爵,Renata,棱彩,145,48,扳机炼狱
炼金男爵,Renata,白银,146,40,唯快不破
炼金男爵,Renata,棱彩,147,49,泰坦的坚决
炼金男爵,Renata,棱彩,148,50,吃过路兵
炼金男爵,Renata,棱彩,149,51,玻璃大炮
炼金男爵,Renata,棱彩,150,52,双刀流
炼金男爵,Renata,棱彩,151,53,战争交响乐
炼金男爵,Renata,黄金,152,59,高压锅
炼金男爵,Renata,黄金,153,60,夜狩
炼金男爵,Renata,棱彩,154,54,连拨击锤
炼金男爵,Renata,黄金,155,61,暴击律动
炼金男爵,Renata,棱彩,156,55,双发快射
炼金男爵,Renata,白银,157,41,闪闪现现
炼金男爵,Renata,棱彩,158,56,利刃华尔兹
炼金男爵,Renata,棱彩,159,57,亮出你的剑
炼金男爵,Renata,棱彩,160,58,激光治疗
炼金男爵,Renata,白银,161,42,闪光弹
炼金男爵,Renata,棱彩,162,59,咒语裂变
炼金男爵,Renata,棱彩,163,60,小猫咪找妈妈
炼金男爵,Renata,黄金,164,62,坚韧
炼金男爵,Renata,黄金,165,63,祖母的辣椒油
炼金男爵,Renata,黄金,166,64,活力焕发
炼金男爵,Renata,黄金,167,65,魄罗爆破手
炼金男爵,Renata,黄金,168,66,升级：雪球
炼金男爵,Renata,白银,169,43,坚若磐石
炼金男爵,Renata,棱彩,170,61,量子计算
炼金男爵,Renata,黄金,171,67,威能之追求
炼金男爵,Renata,黄金,172,68,雪球扭蛋机
炼金男爵,Renata,黄金,173,69,吸血习性
炼金男爵,Renata,黄金,174,70,最终都市列车
炼金男爵,Renata,白银,175,44,会心防御
炼金男爵,Renata,黄金,176,71,易损
炼金男爵,Renata,棱彩,177,62,小丑学院
炼金男爵,Renata,黄金,178,72,暴击飞弹
炼金男爵,Renata,棱彩,179,63,卡皮巴拉空投
炼金男爵,Renata,黄金,180,73,关键暴击
炼金男爵,Renata,黄金,181,74,灵魂虹吸
炼金男爵,Renata,白银,182,45,魔法转物理
炼金男爵,Renata,棱彩,183,64,王中王，靴中靴
炼金男爵,Renata,棱彩,184,65,？？？
炼金男爵,Renata,棱彩,185,66,魄罗之王的弹跳
炼金男爵,Renata,白银,186,46,由暴生急
炼金男爵,Renata,白银,187,47,主玩辅助
荒漠屠夫,Renekton,白银,1,1,旋转至胜
荒漠屠夫,Renekton,黄金,2,1,无尽大杀四方
荒漠屠夫,Renekton,黄金,3,2,黎明使者的坚决
荒漠屠夫,Renekton,棱彩,4,1,最终形态
荒漠屠夫,Renekton,白银,5,2,渴血
荒漠屠夫,Renekton,白银,6,3,大力
荒漠屠夫,Renekton,黄金,7,3,穿针引线
荒漠屠夫,Renekton,黄金,8,4,狂徒豪气
荒漠屠夫,Renekton,棱彩,9,2,扳机炼狱
荒漠屠夫,Renekton,白银,10,4,重量级打击手
荒漠屠夫,Renekton,黄金,11,5,升级：焚天
荒漠屠夫,Renekton,棱彩,12,3,秘术冲拳
荒漠屠夫,Renekton,黄金,13,6,升级：贪欲九头蛇
荒漠屠夫,Renekton,棱彩,14,4,泰坦的坚决
荒漠屠夫,Renekton,黄金,15,7,快步
荒漠屠夫,Renekton,黄金,16,8,质变：棱彩阶
荒漠屠夫,Renekton,棱彩,17,5,终极唤醒
荒漠屠夫,Renekton,黄金,18,9,惊惧
荒漠屠夫,Renekton,棱彩,19,6,利刃华尔兹
荒漠屠夫,Renekton,黄金,20,10,高压锅
荒漠屠夫,Renekton,黄金,21,11,罪恶快感
荒漠屠夫,Renekton,黄金,22,12,循环往复
荒漠屠夫,Renekton,黄金,23,13,杀戮时间到了
荒漠屠夫,Renekton,白银,24,5,终极不可阻挡
荒漠屠夫,Renekton,白银,25,6,保持坚定
荒漠屠夫,Renekton,棱彩,26,7,濒死悟道
荒漠屠夫,Renekton,棱彩,27,8,吃过路兵
荒漠屠夫,Renekton,棱彩,28,9,飞身踢
荒漠屠夫,Renekton,棱彩,29,10,和我一起困在这里
荒漠屠夫,Renekton,白银,30,7,逃跑计划
荒漠屠夫,Renekton,棱彩,31,11,歌利亚巨人
荒漠屠夫,Renekton,棱彩,32,12,掷骰狂人
荒漠屠夫,Renekton,黄金,33,14,邦！
荒漠屠夫,Renekton,棱彩,34,13,飞升仪式
荒漠屠夫,Renekton,黄金,35,15,贪欲束缚
荒漠屠夫,Renekton,黄金,36,16,夜狩
荒漠屠夫,Renekton,黄金,37,17,小小的额外帮助
荒漠屠夫,Renekton,棱彩,38,14,全凭身法
荒漠屠夫,Renekton,黄金,39,18,自然即是治愈
荒漠屠夫,Renekton,黄金,40,19,面包和黄油
荒漠屠夫,Renekton,棱彩,41,15,超负荷
荒漠屠夫,Renekton,黄金,42,20,坦克引擎
荒漠屠夫,Renekton,黄金,43,21,心灵净化
荒漠屠夫,Renekton,黄金,44,22,急速之追求
荒漠屠夫,Renekton,棱彩,45,16,战争交响乐
荒漠屠夫,Renekton,黄金,46,23,我们的治疗
荒漠屠夫,Renekton,黄金,47,24,威能之追求
荒漠屠夫,Renekton,白银,48,8,升级：死亡之舞
荒漠屠夫,Renekton,白银,49,9,质变：黄金阶
荒漠屠夫,Renekton,黄金,50,25,生机迸发
荒漠屠夫,Renekton,黄金,51,26,钢化你心
荒漠屠夫,Renekton,黄金,52,27,面包和果酱
荒漠屠夫,Renekton,棱彩,53,17,艾卡西亚的陷落
荒漠屠夫,Renekton,棱彩,54,18,回响施放
荒漠屠夫,Renekton,棱彩,55,19,你摸不到
荒漠屠夫,Renekton,黄金,56,28,面包和奶酪
荒漠屠夫,Renekton,黄金,57,29,星界躯体
荒漠屠夫,Renekton,黄金,58,30,闪现向前
荒漠屠夫,Renekton,白银,59,10,暗影疾奔
荒漠屠夫,Renekton,棱彩,60,20,终极刷新
荒漠屠夫,Renekton,黄金,61,31,虚幻武器
荒漠屠夫,Renekton,白银,62,11,快中求稳
荒漠屠夫,Renekton,棱彩,63,21,精怪魔法
荒漠屠夫,Renekton,白银,64,12,前进时间到
荒漠屠夫,Renekton,白银,65,13,练腿日
荒漠屠夫,Renekton,白银,66,14,魔法转物理
荒漠屠夫,Renekton,黄金,67,32,吞噬灵魂
荒漠屠夫,Renekton,黄金,68,33,捐赠
荒漠屠夫,Renekton,黄金,69,34,属性叠属性！
荒漠屠夫,Renekton,棱彩,70,22,大地苏醒
荒漠屠夫,Renekton,黄金,71,35,不动如山
荒漠屠夫,Renekton,棱彩,72,23,质变：混沌
荒漠屠夫,Renekton,棱彩,73,24,史上最大雪球
荒漠屠夫,Renekton,棱彩,74,25,终极九头蛇
荒漠屠夫,Renekton,黄金,75,36,缩小引擎
荒漠屠夫,Renekton,黄金,76,37,弹球
荒漠屠夫,Renekton,白银,77,15,大师铸就
荒漠屠夫,Renekton,白银,78,16,俯冲轰炸
荒漠屠夫,Renekton,黄金,79,38,牙仙子
荒漠屠夫,Renekton,棱彩,80,26,巨像的勇气
荒漠屠夫,Renekton,黄金,81,39,冰雪爆裂
荒漠屠夫,Renekton,棱彩,82,27,无限循环往复
荒漠屠夫,Renekton,棱彩,83,28,科学狂人
荒漠屠夫,Renekton,黄金,84,40,升级：无尽之刃
荒漠屠夫,Renekton,黄金,85,41,更万用的瞄准镜
荒漠屠夫,Renekton,黄金,86,42,尖端发明家
荒漠屠夫,Renekton,黄金,87,43,豪猪
荒漠屠夫,Renekton,黄金,88,44,神圣干预
荒漠屠夫,Renekton,棱彩,89,29,潘朵拉的盒子
荒漠屠夫,Renekton,白银,90,17,升级：收集者
荒漠屠夫,Renekton,棱彩,91,30,软弹啪叽抓
荒漠屠夫,Renekton,棱彩,92,31,大法师
荒漠屠夫,Renekton,白银,93,18,下雪天
荒漠屠夫,Renekton,黄金,94,45,鲨鱼暴风
荒漠屠夫,Renekton,黄金,95,46,术士果汁盒
荒漠屠夫,Renekton,棱彩,96,32,珠光护手
荒漠屠夫,Renekton,黄金,97,47,轻拍背部
荒漠屠夫,Renekton,白银,98,19,扇巴掌
荒漠屠夫,Renekton,棱彩,99,33,针插垫
荒漠屠夫,Renekton,黄金,100,48,缩小射线
荒漠屠夫,Renekton,棱彩,101,34,回归基本功
荒漠屠夫,Renekton,白银,102,20,侵蚀
荒漠屠夫,Renekton,黄金,103,49,火上浇油
荒漠屠夫,Renekton,黄金,104,50,灵魂虹吸
荒漠屠夫,Renekton,棱彩,105,35,神圣雪球
荒漠屠夫,Renekton,黄金,106,51,鲨鱼诱饵
荒漠屠夫,Renekton,黄金,107,52,关键暴击
荒漠屠夫,Renekton,棱彩,108,36,双刀流
荒漠屠夫,Renekton,棱彩,109,37,位面转移
荒漠屠夫,Renekton,白银,110,21,炼狱龙魂
荒漠屠夫,Renekton,棱彩,111,38,海牛阿福的勇士
荒漠屠夫,Renekton,黄金,112,53,急急小子
荒漠屠夫,Renekton,黄金,113,54,易损
荒漠屠夫,Renekton,白银,114,22,万用瞄准镜
荒漠屠夫,Renekton,白银,115,23,防护面纱
荒漠屠夫,Renekton,棱彩,116,39,全能龙魂
荒漠屠夫,Renekton,白银,117,24,升级：献祭
荒漠屠夫,Renekton,黄金,118,55,哎哟，我的硬币！
荒漠屠夫,Renekton,白银,119,25,杀意翻涌
荒漠屠夫,Renekton,棱彩,120,40,巨人杀手
荒漠屠夫,Renekton,黄金,121,56,过量延伸者
荒漠屠夫,Renekton,棱彩,122,41,最万用的瞄准镜
荒漠屠夫,Renekton,白银,123,26,台风
荒漠屠夫,Renekton,棱彩,124,42,连拨击锤
荒漠屠夫,Renekton,黄金,125,57,有始有终
荒漠屠夫,Renekton,白银,126,27,属性！
荒漠屠夫,Renekton,棱彩,127,43,尊我为王
荒漠屠夫,Renekton,黄金,128,58,升级：耀光
荒漠屠夫,Renekton,棱彩,129,44,舞会女王
荒漠屠夫,Renekton,白银,130,28,转得我眩晕了
荒漠屠夫,Renekton,棱彩,131,45,大招工具人
荒漠屠夫,Renekton,白银,132,29,会心防御
荒漠屠夫,Renekton,棱彩,133,46,属性叠属性叠属性！
荒漠屠夫,Renekton,白银,134,30,山脉龙魂
荒漠屠夫,Renekton,白银,135,31,纯粹主义者 - 术师
荒漠屠夫,Renekton,白银,136,32,灵巧
荒漠屠夫,Renekton,黄金,137,59,咏叹奏鸣
荒漠屠夫,Renekton,黄金,138,60,回力OK镖
荒漠屠夫,Renekton,白银,139,33,家园卫士
荒漠屠夫,Renekton,白银,140,34,海克斯科技龙魂
荒漠屠夫,Renekton,棱彩,141,47,双发快射
荒漠屠夫,Renekton,白银,142,35,海洋龙魂
荒漠屠夫,Renekton,棱彩,143,48,电涌力场
荒漠屠夫,Renekton,棱彩,144,49,空投熊
荒漠屠夫,Renekton,棱彩,145,50,夺金
荒漠屠夫,Renekton,棱彩,146,51,死亡之环
荒漠屠夫,Renekton,黄金,147,61,藏身草丛
荒漠屠夫,Renekton,白银,148,36,火狐
荒漠屠夫,Renekton,白银,149,37,双生火焰
荒漠屠夫,Renekton,棱彩,150,52,炼狱导管
荒漠屠夫,Renekton,棱彩,151,53,男爵之手
荒漠屠夫,Renekton,白银,152,38,由暴生急
荒漠屠夫,Renekton,黄金,153,62,炽烈黎明
荒漠屠夫,Renekton,棱彩,154,54,魄罗蛮冲
荒漠屠夫,Renekton,黄金,155,63,魔法飞弹
荒漠屠夫,Renekton,棱彩,156,55,至高天诺言
荒漠屠夫,Renekton,白银,157,39,吵闹鬼
荒漠屠夫,Renekton,棱彩,158,56,踢踏舞
荒漠屠夫,Renekton,白银,159,40,唯快不破
荒漠屠夫,Renekton,棱彩,160,57,残忍
荒漠屠夫,Renekton,棱彩,161,58,风语者的祝福
荒漠屠夫,Renekton,黄金,162,64,吸血习性
荒漠屠夫,Renekton,黄金,163,65,坚韧
荒漠屠夫,Renekton,白银,164,41,闪闪现现
荒漠屠夫,Renekton,白银,165,42,点亮他们！
荒漠屠夫,Renekton,黄金,166,66,活力焕发
荒漠屠夫,Renekton,白银,167,43,冰寒
荒漠屠夫,Renekton,白银,168,44,闪光弹
荒漠屠夫,Renekton,棱彩,169,59,玻璃大炮
荒漠屠夫,Renekton,黄金,170,67,会心治疗
荒漠屠夫,Renekton,棱彩,171,60,量子计算
荒漠屠夫,Renekton,棱彩,172,61,小丑学院
荒漠屠夫,Renekton,黄金,173,68,升级：雪球
荒漠屠夫,Renekton,黄金,174,69,雪球扭蛋机
荒漠屠夫,Renekton,白银,175,45,坚若磐石
荒漠屠夫,Renekton,白银,176,46,急救用具
荒漠屠夫,Renekton,棱彩,177,62,灵魄炸弹
荒漠屠夫,Renekton,黄金,178,70,最终都市列车
荒漠屠夫,Renekton,棱彩,179,63,蛋白粉奶昔
荒漠屠夫,Renekton,白银,180,47,强力护盾
荒漠屠夫,Renekton,黄金,181,71,魄罗爆破手
荒漠屠夫,Renekton,棱彩,182,64,你肩上的恶魔
荒漠屠夫,Renekton,棱彩,183,65,？？？
荒漠屠夫,Renekton,棱彩,184,66,魄罗之王的弹跳
荒漠屠夫,Renekton,黄金,185,72,虚空冲刺
荒漠屠夫,Renekton,白银,186,48,天音爆
荒漠屠夫,Renekton,白银,187,49,叠角龙
荒漠屠夫,Renekton,白银,188,50,虹吸
傲之追猎者,Rengar,黄金,1,1,藏身草丛
傲之追猎者,Rengar,白银,2,1,大力
傲之追猎者,Rengar,黄金,3,2,夜狩
傲之追猎者,Rengar,黄金,4,3,穿针引线
傲之追猎者,Rengar,白银,5,2,暗影疾奔
傲之追猎者,Rengar,黄金,6,4,牙仙子
傲之追猎者,Rengar,白银,7,3,升级：收集者
傲之追猎者,Rengar,黄金,8,5,升级：无尽之刃
傲之追猎者,Rengar,棱彩,9,1,利刃华尔兹
傲之追猎者,Rengar,棱彩,10,2,飞升仪式
傲之追猎者,Rengar,棱彩,11,3,秘术冲拳
傲之追猎者,Rengar,黄金,12,6,威能之追求
傲之追猎者,Rengar,黄金,13,7,罪恶快感
傲之追猎者,Rengar,黄金,14,8,自然即是治愈
傲之追猎者,Rengar,棱彩,15,4,最终形态
傲之追猎者,Rengar,白银,16,4,渴血
傲之追猎者,Rengar,棱彩,17,5,扳机炼狱
傲之追猎者,Rengar,黄金,18,9,升级：耀光
傲之追猎者,Rengar,白银,19,5,魔法转物理
傲之追猎者,Rengar,黄金,20,10,质变：棱彩阶
傲之追猎者,Rengar,棱彩,21,6,大地苏醒
傲之追猎者,Rengar,黄金,22,11,灵魂虹吸
傲之追猎者,Rengar,黄金,23,12,无尽大杀四方
傲之追猎者,Rengar,棱彩,24,7,吃过路兵
傲之追猎者,Rengar,棱彩,25,8,回归基本功
傲之追猎者,Rengar,黄金,26,13,关键暴击
傲之追猎者,Rengar,黄金,27,14,狂徒豪气
傲之追猎者,Rengar,白银,28,6,虹吸
傲之追猎者,Rengar,黄金,29,15,升级：贪欲九头蛇
傲之追猎者,Rengar,棱彩,30,9,珠光护手
傲之追猎者,Rengar,黄金,31,16,更万用的瞄准镜
傲之追猎者,Rengar,黄金,32,17,易损
傲之追猎者,Rengar,棱彩,33,10,掷骰狂人
傲之追猎者,Rengar,白银,34,7,逃跑计划
傲之追猎者,Rengar,黄金,35,18,有始有终
傲之追猎者,Rengar,棱彩,36,11,质变：混沌
傲之追猎者,Rengar,棱彩,37,12,最万用的瞄准镜
傲之追猎者,Rengar,棱彩,38,13,终极九头蛇
傲之追猎者,Rengar,棱彩,39,14,连拨击锤
傲之追猎者,Rengar,棱彩,40,15,巨人杀手
傲之追猎者,Rengar,黄金,41,19,捐赠
傲之追猎者,Rengar,棱彩,42,16,歌利亚巨人
傲之追猎者,Rengar,白银,43,8,会心防御
傲之追猎者,Rengar,黄金,44,20,属性叠属性！
傲之追猎者,Rengar,棱彩,45,17,科学狂人
傲之追猎者,Rengar,白银,46,9,杀意翻涌
傲之追猎者,Rengar,棱彩,47,18,终极唤醒
傲之追猎者,Rengar,黄金,48,21,心灵净化
傲之追猎者,Rengar,白银,49,10,质变：黄金阶
傲之追猎者,Rengar,棱彩,50,19,战争交响乐
傲之追猎者,Rengar,棱彩,51,20,濒死悟道
傲之追猎者,Rengar,棱彩,52,21,飞身踢
傲之追猎者,Rengar,棱彩,53,22,双发快射
傲之追猎者,Rengar,黄金,54,22,升级：焚天
傲之追猎者,Rengar,黄金,55,23,循环往复
傲之追猎者,Rengar,黄金,56,24,面包和黄油
傲之追猎者,Rengar,黄金,57,25,黎明使者的坚决
傲之追猎者,Rengar,黄金,58,26,杀戮时间到了
傲之追猎者,Rengar,黄金,59,27,缩小引擎
傲之追猎者,Rengar,棱彩,60,23,双刀流
傲之追猎者,Rengar,棱彩,61,24,终极刷新
傲之追猎者,Rengar,棱彩,62,25,史上最大雪球
傲之追猎者,Rengar,白银,63,11,快中求稳
傲之追猎者,Rengar,白银,64,12,万用瞄准镜
傲之追猎者,Rengar,白银,65,13,练腿日
傲之追猎者,Rengar,黄金,66,28,闪现向前
傲之追猎者,Rengar,白银,67,14,大师铸就
傲之追猎者,Rengar,黄金,68,29,生机迸发
傲之追猎者,Rengar,棱彩,69,26,潘朵拉的盒子
傲之追猎者,Rengar,白银,70,15,俯冲轰炸
傲之追猎者,Rengar,黄金,71,30,面包和果酱
傲之追猎者,Rengar,白银,72,16,狂热者
傲之追猎者,Rengar,白银,73,17,升级：死亡之舞
傲之追猎者,Rengar,棱彩,74,27,海牛阿福的勇士
傲之追猎者,Rengar,棱彩,75,28,大法师
傲之追猎者,Rengar,黄金,76,31,暴击飞弹
傲之追猎者,Rengar,棱彩,77,29,你摸不到
傲之追猎者,Rengar,白银,78,18,终极不可阻挡
傲之追猎者,Rengar,白银,79,19,炼狱龙魂
傲之追猎者,Rengar,棱彩,80,30,踢踏舞
傲之追猎者,Rengar,黄金,81,32,我们的治疗
傲之追猎者,Rengar,黄金,82,33,虚幻武器
傲之追猎者,Rengar,棱彩,83,31,无限循环往复
傲之追猎者,Rengar,白银,84,20,双生火焰
傲之追猎者,Rengar,棱彩,85,32,尊我为王
傲之追猎者,Rengar,黄金,86,34,坦克引擎
傲之追猎者,Rengar,白银,87,21,由暴生急
傲之追猎者,Rengar,白银,88,22,防护面纱
傲之追猎者,Rengar,黄金,89,35,暴击律动
傲之追猎者,Rengar,棱彩,90,33,空投熊
傲之追猎者,Rengar,棱彩,91,34,神圣雪球
傲之追猎者,Rengar,棱彩,92,35,属性叠属性叠属性！
傲之追猎者,Rengar,棱彩,93,36,全能龙魂
傲之追猎者,Rengar,棱彩,94,37,物法皆修
傲之追猎者,Rengar,黄金,95,36,钢化你心
傲之追猎者,Rengar,黄金,96,37,弹球
傲之追猎者,Rengar,棱彩,97,38,位面转移
傲之追猎者,Rengar,白银,98,23,重量级打击手
傲之追猎者,Rengar,黄金,99,38,冰雪爆裂
傲之追猎者,Rengar,棱彩,100,39,软弹啪叽抓
傲之追猎者,Rengar,黄金,101,39,轻拍背部
傲之追猎者,Rengar,白银,102,24,家园卫士
傲之追猎者,Rengar,黄金,103,40,神圣干预
傲之追猎者,Rengar,黄金,104,41,哎哟，我的硬币！
傲之追猎者,Rengar,棱彩,105,40,夺金
傲之追猎者,Rengar,黄金,106,42,鲨鱼诱饵
傲之追猎者,Rengar,黄金,107,43,尖端发明家
傲之追猎者,Rengar,白银,108,25,台风
傲之追猎者,Rengar,棱彩,109,41,和我一起困在这里
傲之追猎者,Rengar,黄金,110,44,急急小子
傲之追猎者,Rengar,黄金,111,45,星界躯体
傲之追猎者,Rengar,黄金,112,46,鲨鱼暴风
傲之追猎者,Rengar,棱彩,113,42,大招工具人
傲之追猎者,Rengar,黄金,114,47,缩小射线
傲之追猎者,Rengar,白银,115,26,下雪天
傲之追猎者,Rengar,黄金,116,48,过量延伸者
傲之追猎者,Rengar,白银,117,27,属性！
傲之追猎者,Rengar,黄金,118,49,术士果汁盒
傲之追猎者,Rengar,棱彩,119,43,泰坦的坚决
傲之追猎者,Rengar,白银,120,28,唯快不破
傲之追猎者,Rengar,棱彩,121,44,死亡之环
傲之追猎者,Rengar,黄金,122,50,超凡邪恶
傲之追猎者,Rengar,棱彩,123,45,玻璃大炮
傲之追猎者,Rengar,棱彩,124,46,舞会女王
傲之追猎者,Rengar,黄金,125,51,高压锅
傲之追猎者,Rengar,白银,126,29,纯粹主义者 - 术师
傲之追猎者,Rengar,黄金,127,52,火上浇油
傲之追猎者,Rengar,黄金,128,53,面包和奶酪
傲之追猎者,Rengar,白银,129,30,海克斯科技龙魂
傲之追猎者,Rengar,棱彩,130,47,男爵之手
傲之追猎者,Rengar,白银,131,31,火狐
傲之追猎者,Rengar,黄金,132,54,神射法师
傲之追猎者,Rengar,白银,133,32,侵蚀
傲之追猎者,Rengar,白银,134,33,物理转魔法
傲之追猎者,Rengar,白银,135,34,灵巧
傲之追猎者,Rengar,白银,136,35,转得我眩晕了
傲之追猎者,Rengar,棱彩,137,48,不祥契约
傲之追猎者,Rengar,棱彩,138,49,魄罗蛮冲
傲之追猎者,Rengar,白银,139,36,山脉龙魂
傲之追猎者,Rengar,黄金,140,55,不动如山
傲之追猎者,Rengar,黄金,141,56,豪猪
傲之追猎者,Rengar,棱彩,142,50,残忍
傲之追猎者,Rengar,棱彩,143,51,至高天诺言
傲之追猎者,Rengar,黄金,144,57,咏叹奏鸣
傲之追猎者,Rengar,黄金,145,58,炽烈黎明
傲之追猎者,Rengar,棱彩,146,52,尤里卡
傲之追猎者,Rengar,白银,147,37,巫师式思考
傲之追猎者,Rengar,黄金,148,59,魔法飞弹
傲之追猎者,Rengar,棱彩,149,53,艾卡西亚的陷落
傲之追猎者,Rengar,黄金,150,60,回力OK镖
傲之追猎者,Rengar,棱彩,151,54,沃格勒特的巫师帽
傲之追猎者,Rengar,棱彩,152,55,电涌力场
傲之追猎者,Rengar,棱彩,153,56,炼狱导管
傲之追猎者,Rengar,白银,154,38,海洋龙魂
傲之追猎者,Rengar,白银,155,39,吵闹鬼
傲之追猎者,Rengar,黄金,156,61,吞噬灵魂
傲之追猎者,Rengar,白银,157,40,扇巴掌
傲之追猎者,Rengar,棱彩,158,57,巨像的勇气
傲之追猎者,Rengar,白银,159,41,升级：献祭
傲之追猎者,Rengar,白银,160,42,升级：中娅
傲之追猎者,Rengar,白银,161,43,点亮他们！
傲之追猎者,Rengar,棱彩,162,58,小丑学院
傲之追猎者,Rengar,白银,163,44,冰寒
傲之追猎者,Rengar,黄金,164,62,超强大脑
傲之追猎者,Rengar,白银,165,45,闪光弹
傲之追猎者,Rengar,黄金,166,63,吸血习性
傲之追猎者,Rengar,白银,167,46,闪闪现现
傲之追猎者,Rengar,棱彩,168,59,灵魄炸弹
傲之追猎者,Rengar,黄金,169,64,会心治疗
傲之追猎者,Rengar,黄金,170,65,狙神飞星
傲之追猎者,Rengar,棱彩,171,60,量子计算
傲之追猎者,Rengar,黄金,172,66,急速之追求
傲之追猎者,Rengar,黄金,173,67,活力焕发
傲之追猎者,Rengar,白银,174,47,急救用具
傲之追猎者,Rengar,黄金,175,68,升级：雪球
傲之追猎者,Rengar,黄金,176,69,最终都市列车
傲之追猎者,Rengar,黄金,177,70,雪球扭蛋机
傲之追猎者,Rengar,棱彩,178,61,蛋白粉奶昔
傲之追猎者,Rengar,黄金,179,71,坚韧
傲之追猎者,Rengar,白银,180,48,叠角龙
傲之追猎者,Rengar,白银,181,49,强力护盾
傲之追猎者,Rengar,白银,182,50,坚若磐石
傲之追猎者,Rengar,棱彩,183,62,升级：花晓之剑
傲之追猎者,Rengar,黄金,184,72,祖母的辣椒油
傲之追猎者,Rengar,黄金,185,73,魄罗爆破手
傲之追猎者,Rengar,棱彩,186,63,？？？
傲之追猎者,Rengar,棱彩,187,64,超负荷
傲之追猎者,Rengar,黄金,188,74,喂呜喂呜
傲之追猎者,Rengar,棱彩,189,65,风语者的祝福
傲之追猎者,Rengar,棱彩,190,66,魄罗之王的弹跳
傲之追猎者,Rengar,白银,191,51,可靠武器
放逐之刃,Riven,黄金,1,1,狂徒豪气
放逐之刃,Riven,棱彩,2,1,全凭身法
放逐之刃,Riven,白银,3,1,暗影疾奔
放逐之刃,Riven,白银,4,2,旋转至胜
放逐之刃,Riven,黄金,5,2,无尽大杀四方
放逐之刃,Riven,白银,6,3,渴血
放逐之刃,Riven,白银,7,4,大力
放逐之刃,Riven,棱彩,8,2,最终形态
放逐之刃,Riven,棱彩,9,3,扳机炼狱
放逐之刃,Riven,黄金,10,3,黎明使者的坚决
放逐之刃,Riven,黄金,11,4,牙仙子
放逐之刃,Riven,黄金,12,5,升级：贪欲九头蛇
放逐之刃,Riven,黄金,13,6,升级：焚天
放逐之刃,Riven,黄金,14,7,夜狩
放逐之刃,Riven,黄金,15,8,质变：棱彩阶
放逐之刃,Riven,棱彩,16,4,秘术冲拳
放逐之刃,Riven,黄金,17,9,循环往复
放逐之刃,Riven,黄金,18,10,贪欲束缚
放逐之刃,Riven,黄金,19,11,急速之追求
放逐之刃,Riven,棱彩,20,5,飞升仪式
放逐之刃,Riven,棱彩,21,6,利刃华尔兹
放逐之刃,Riven,黄金,22,12,罪恶快感
放逐之刃,Riven,棱彩,23,7,超负荷
放逐之刃,Riven,棱彩,24,8,终极唤醒
放逐之刃,Riven,黄金,25,13,面包和黄油
放逐之刃,Riven,白银,26,5,快中求稳
放逐之刃,Riven,棱彩,27,9,吃过路兵
放逐之刃,Riven,黄金,28,14,吞噬灵魂
放逐之刃,Riven,棱彩,29,10,巨像的勇气
放逐之刃,Riven,黄金,30,15,面包和奶酪
放逐之刃,Riven,白银,31,6,扇巴掌
放逐之刃,Riven,白银,32,7,升级：死亡之舞
放逐之刃,Riven,黄金,33,16,闪现向前
放逐之刃,Riven,黄金,34,17,缩小引擎
放逐之刃,Riven,棱彩,35,11,大地苏醒
放逐之刃,Riven,白银,36,8,逃跑计划
放逐之刃,Riven,黄金,37,18,捐赠
放逐之刃,Riven,黄金,38,19,属性叠属性！
放逐之刃,Riven,棱彩,39,12,终极九头蛇
放逐之刃,Riven,棱彩,40,13,掷骰狂人
放逐之刃,Riven,黄金,41,20,威能之追求
放逐之刃,Riven,黄金,42,21,小小的额外帮助
放逐之刃,Riven,黄金,43,22,虚幻武器
放逐之刃,Riven,黄金,44,23,杀戮时间到了
放逐之刃,Riven,黄金,45,24,自然即是治愈
放逐之刃,Riven,黄金,46,25,穿针引线
放逐之刃,Riven,黄金,47,26,升级：无尽之刃
放逐之刃,Riven,白银,48,9,魔法转物理
放逐之刃,Riven,棱彩,49,14,濒死悟道
放逐之刃,Riven,黄金,50,27,心灵净化
放逐之刃,Riven,棱彩,51,15,飞身踢
放逐之刃,Riven,白银,52,10,终极不可阻挡
放逐之刃,Riven,白银,53,11,质变：黄金阶
放逐之刃,Riven,黄金,54,28,面包和果酱
放逐之刃,Riven,白银,55,12,保持坚定
放逐之刃,Riven,白银,56,13,加固护盾
放逐之刃,Riven,黄金,57,29,坦克引擎
放逐之刃,Riven,棱彩,58,16,珠光护手
放逐之刃,Riven,黄金,59,30,我们的治疗
放逐之刃,Riven,棱彩,60,17,大法师
放逐之刃,Riven,棱彩,61,18,回归基本功
放逐之刃,Riven,棱彩,62,19,无限循环往复
放逐之刃,Riven,棱彩,63,20,质变：混沌
放逐之刃,Riven,黄金,64,31,急急小子
放逐之刃,Riven,黄金,65,32,不动如山
放逐之刃,Riven,白银,66,14,练腿日
放逐之刃,Riven,棱彩,67,21,你摸不到
放逐之刃,Riven,黄金,68,33,灵魂虹吸
放逐之刃,Riven,白银,69,15,杀意翻涌
放逐之刃,Riven,黄金,70,34,钢化你心
放逐之刃,Riven,棱彩,71,22,史上最大雪球
放逐之刃,Riven,棱彩,72,23,歌利亚巨人
放逐之刃,Riven,黄金,73,35,弹球
放逐之刃,Riven,黄金,74,36,尖端发明家
放逐之刃,Riven,棱彩,75,24,回响施放
放逐之刃,Riven,黄金,76,37,冰雪爆裂
放逐之刃,Riven,黄金,77,38,星界躯体
放逐之刃,Riven,白银,78,16,升级：收集者
放逐之刃,Riven,黄金,79,39,神圣干预
放逐之刃,Riven,棱彩,80,25,终极刷新
放逐之刃,Riven,棱彩,81,26,潘朵拉的盒子
放逐之刃,Riven,白银,82,17,前进时间到
放逐之刃,Riven,黄金,83,40,藏身草丛
放逐之刃,Riven,白银,84,18,重量级打击手
放逐之刃,Riven,棱彩,85,27,泰坦的坚决
放逐之刃,Riven,白银,86,19,强力护盾
放逐之刃,Riven,黄金,87,41,生机迸发
放逐之刃,Riven,棱彩,88,28,科学狂人
放逐之刃,Riven,黄金,89,42,关键暴击
放逐之刃,Riven,黄金,90,43,术士果汁盒
放逐之刃,Riven,黄金,91,44,有始有终
放逐之刃,Riven,棱彩,92,29,和我一起困在这里
放逐之刃,Riven,棱彩,93,30,软弹啪叽抓
放逐之刃,Riven,棱彩,94,31,巨人杀手
放逐之刃,Riven,棱彩,95,32,神圣雪球
放逐之刃,Riven,白银,96,20,大师铸就
放逐之刃,Riven,白银,97,21,俯冲轰炸
放逐之刃,Riven,棱彩,98,33,海牛阿福的勇士
放逐之刃,Riven,黄金,99,45,鲨鱼暴风
放逐之刃,Riven,棱彩,100,34,针插垫
放逐之刃,Riven,白银,101,22,下雪天
放逐之刃,Riven,棱彩,102,35,踢踏舞
放逐之刃,Riven,棱彩,103,36,精怪魔法
放逐之刃,Riven,黄金,104,46,豪猪
放逐之刃,Riven,黄金,105,47,易损
放逐之刃,Riven,棱彩,106,37,位面转移
放逐之刃,Riven,黄金,107,48,高压锅
放逐之刃,Riven,黄金,108,49,更万用的瞄准镜
放逐之刃,Riven,白银,109,23,侵蚀
放逐之刃,Riven,棱彩,110,38,尊我为王
放逐之刃,Riven,黄金,111,50,哎哟，我的硬币！
放逐之刃,Riven,白银,112,24,炼狱龙魂
放逐之刃,Riven,棱彩,113,39,双刀流
放逐之刃,Riven,棱彩,114,40,连拨击锤
放逐之刃,Riven,黄金,115,51,鲨鱼诱饵
放逐之刃,Riven,棱彩,116,41,全能龙魂
放逐之刃,Riven,黄金,117,52,过量延伸者
放逐之刃,Riven,黄金,118,53,升级：耀光
放逐之刃,Riven,黄金,119,54,缩小射线
放逐之刃,Riven,白银,120,25,纯粹主义者 - 术师
放逐之刃,Riven,白银,121,26,防护面纱
放逐之刃,Riven,棱彩,122,42,属性叠属性叠属性！
放逐之刃,Riven,白银,123,27,台风
放逐之刃,Riven,棱彩,124,43,双发快射
放逐之刃,Riven,棱彩,125,44,战争交响乐
放逐之刃,Riven,白银,126,28,属性！
放逐之刃,Riven,黄金,127,55,回力OK镖
放逐之刃,Riven,白银,128,29,双生火焰
放逐之刃,Riven,白银,129,30,会心防御
放逐之刃,Riven,黄金,130,56,咏叹奏鸣
放逐之刃,Riven,黄金,131,57,轻拍背部
放逐之刃,Riven,黄金,132,58,火上浇油
放逐之刃,Riven,棱彩,133,45,夺金
放逐之刃,Riven,棱彩,134,46,大招工具人
放逐之刃,Riven,黄金,135,59,炽烈黎明
放逐之刃,Riven,白银,136,31,家园卫士
放逐之刃,Riven,棱彩,137,47,舞会女王
放逐之刃,Riven,白银,138,32,转得我眩晕了
放逐之刃,Riven,白银,139,33,灵巧
放逐之刃,Riven,白银,140,34,山脉龙魂
放逐之刃,Riven,棱彩,141,48,残忍
放逐之刃,Riven,白银,142,35,海克斯科技龙魂
放逐之刃,Riven,白银,143,36,万用瞄准镜
放逐之刃,Riven,棱彩,144,49,男爵之手
放逐之刃,Riven,白银,145,37,火狐
放逐之刃,Riven,棱彩,146,50,电涌力场
放逐之刃,Riven,白银,147,38,唯快不破
放逐之刃,Riven,棱彩,148,51,最万用的瞄准镜
放逐之刃,Riven,白银,149,39,吵闹鬼
放逐之刃,Riven,棱彩,150,52,炼狱导管
放逐之刃,Riven,白银,151,40,由暴生急
放逐之刃,Riven,白银,152,41,海洋龙魂
放逐之刃,Riven,黄金,153,60,魔法飞弹
放逐之刃,Riven,棱彩,154,53,空投熊
放逐之刃,Riven,棱彩,155,54,魄罗蛮冲
放逐之刃,Riven,棱彩,156,55,风语者的祝福
放逐之刃,Riven,黄金,157,61,吸血习性
放逐之刃,Riven,棱彩,158,56,艾卡西亚的陷落
放逐之刃,Riven,黄金,159,62,活力焕发
放逐之刃,Riven,棱彩,160,57,至高天诺言
放逐之刃,Riven,白银,161,42,点亮他们！
放逐之刃,Riven,白银,162,43,升级：献祭
放逐之刃,Riven,棱彩,163,58,玻璃大炮
放逐之刃,Riven,白银,164,44,闪闪现现
放逐之刃,Riven,白银,165,45,闪光弹
放逐之刃,Riven,棱彩,166,59,小丑学院
放逐之刃,Riven,黄金,167,63,会心治疗
放逐之刃,Riven,白银,168,46,急救用具
放逐之刃,Riven,白银,169,47,冰寒
放逐之刃,Riven,棱彩,170,60,灵魄炸弹
放逐之刃,Riven,黄金,171,64,雪球扭蛋机
放逐之刃,Riven,棱彩,172,61,量子计算
放逐之刃,Riven,黄金,173,65,升级：雪球
放逐之刃,Riven,黄金,174,66,最终都市列车
放逐之刃,Riven,黄金,175,67,快步
放逐之刃,Riven,黄金,176,68,坚韧
放逐之刃,Riven,白银,177,48,坚若磐石
放逐之刃,Riven,黄金,178,69,虚空冲刺
放逐之刃,Riven,黄金,179,70,魄罗爆破手
放逐之刃,Riven,棱彩,180,62,尤里卡
放逐之刃,Riven,白银,181,49,天音爆
放逐之刃,Riven,黄金,182,71,神射法师
放逐之刃,Riven,白银,183,50,叠角龙
放逐之刃,Riven,棱彩,184,63,蛋白粉奶昔
放逐之刃,Riven,黄金,185,72,暴击律动
放逐之刃,Riven,棱彩,186,64,升级：花晓之剑
放逐之刃,Riven,棱彩,187,65,？？？
放逐之刃,Riven,棱彩,188,66,魄罗之王的弹跳
机械公敌,Rumble,黄金,1,1,术士果汁盒
机械公敌,Rumble,黄金,2,2,杀戮时间到了
机械公敌,Rumble,棱彩,3,1,炼狱导管
机械公敌,Rumble,黄金,4,3,超凡邪恶
机械公敌,Rumble,白银,5,1,升级：中娅
机械公敌,Rumble,白银,6,2,渴血
机械公敌,Rumble,黄金,7,4,魔法飞弹
机械公敌,Rumble,白银,8,3,巫师式思考
机械公敌,Rumble,棱彩,9,2,终极刷新
机械公敌,Rumble,白银,10,4,冰寒
机械公敌,Rumble,黄金,11,5,虚幻武器
机械公敌,Rumble,黄金,12,6,炽燃利息
机械公敌,Rumble,黄金,13,7,超强大脑
机械公敌,Rumble,棱彩,14,3,无限循环往复
机械公敌,Rumble,棱彩,15,4,沃格勒特的巫师帽
机械公敌,Rumble,黄金,16,8,质变：棱彩阶
机械公敌,Rumble,白银,17,5,纯粹主义者 - 术师
机械公敌,Rumble,棱彩,18,5,大法师
机械公敌,Rumble,黄金,19,9,神射法师
机械公敌,Rumble,棱彩,20,6,精怪魔法
机械公敌,Rumble,黄金,21,10,循环往复
机械公敌,Rumble,棱彩,22,7,终极唤醒
机械公敌,Rumble,黄金,23,11,活力焕发
机械公敌,Rumble,棱彩,24,8,最终形态
机械公敌,Rumble,黄金,25,12,心灵净化
机械公敌,Rumble,黄金,26,13,穿针引线
机械公敌,Rumble,白银,27,6,质变：黄金阶
机械公敌,Rumble,黄金,28,14,威能之追求
机械公敌,Rumble,黄金,29,15,缩小引擎
机械公敌,Rumble,棱彩,30,9,尤里卡
机械公敌,Rumble,黄金,31,16,急急小子
机械公敌,Rumble,白银,32,7,大师铸就
机械公敌,Rumble,白银,33,8,侵蚀
机械公敌,Rumble,棱彩,34,10,不祥契约
机械公敌,Rumble,白银,35,9,双生火焰
机械公敌,Rumble,白银,36,10,物理转魔法
机械公敌,Rumble,棱彩,37,11,利刃华尔兹
机械公敌,Rumble,白银,38,11,逃跑计划
机械公敌,Rumble,棱彩,39,12,珠光护手
机械公敌,Rumble,黄金,40,17,无尽大杀四方
机械公敌,Rumble,棱彩,41,13,吃过路兵
机械公敌,Rumble,黄金,42,18,急速之追求
机械公敌,Rumble,黄金,43,19,捐赠
机械公敌,Rumble,黄金,44,20,牙仙子
机械公敌,Rumble,黄金,45,21,有始有终
机械公敌,Rumble,白银,46,12,炼狱龙魂
机械公敌,Rumble,棱彩,47,14,飞升仪式
机械公敌,Rumble,黄金,48,22,属性叠属性！
机械公敌,Rumble,棱彩,49,15,掷骰狂人
机械公敌,Rumble,白银,50,13,练腿日
机械公敌,Rumble,棱彩,51,16,史上最大雪球
机械公敌,Rumble,白银,52,14,海克斯科技龙魂
机械公敌,Rumble,棱彩,53,17,巨人杀手
机械公敌,Rumble,白银,54,15,火狐
机械公敌,Rumble,棱彩,55,18,大招工具人
机械公敌,Rumble,黄金,56,23,快步
机械公敌,Rumble,黄金,57,24,自然即是治愈
机械公敌,Rumble,棱彩,58,19,飞身踢
机械公敌,Rumble,棱彩,59,20,质变：混沌
机械公敌,Rumble,黄金,60,25,面包和黄油
机械公敌,Rumble,黄金,61,26,罪恶快感
机械公敌,Rumble,棱彩,62,21,秘术冲拳
机械公敌,Rumble,棱彩,63,22,和我一起困在这里
机械公敌,Rumble,棱彩,64,23,濒死悟道
机械公敌,Rumble,棱彩,65,24,电涌力场
机械公敌,Rumble,白银,66,16,可靠武器
机械公敌,Rumble,棱彩,67,25,潘朵拉的盒子
机械公敌,Rumble,黄金,68,27,弹球
机械公敌,Rumble,黄金,69,28,闪现向前
机械公敌,Rumble,棱彩,70,26,歌利亚巨人
机械公敌,Rumble,棱彩,71,27,科学狂人
机械公敌,Rumble,白银,72,17,俯冲轰炸
机械公敌,Rumble,黄金,73,29,哎哟，我的硬币！
机械公敌,Rumble,黄金,74,30,坦克引擎
机械公敌,Rumble,黄金,75,31,轻拍背部
机械公敌,Rumble,黄金,76,32,冰雪爆裂
机械公敌,Rumble,黄金,77,33,神圣干预
机械公敌,Rumble,黄金,78,34,尖端发明家
机械公敌,Rumble,黄金,79,35,面包和奶酪
机械公敌,Rumble,白银,80,18,下雪天
机械公敌,Rumble,棱彩,81,28,空投熊
机械公敌,Rumble,黄金,82,36,炽烈黎明
机械公敌,Rumble,黄金,83,37,面包和果酱
机械公敌,Rumble,棱彩,84,29,你摸不到
机械公敌,Rumble,白银,85,19,终极不可阻挡
机械公敌,Rumble,黄金,86,38,鲨鱼暴风
机械公敌,Rumble,黄金,87,39,鲨鱼诱饵
机械公敌,Rumble,棱彩,88,30,全能龙魂
机械公敌,Rumble,白银,89,20,强力护盾
机械公敌,Rumble,黄金,90,40,黎明使者的坚决
机械公敌,Rumble,白银,91,21,防护面纱
机械公敌,Rumble,白银,92,22,属性！
机械公敌,Rumble,棱彩,93,31,夺金
机械公敌,Rumble,黄金,94,41,夜狩
机械公敌,Rumble,棱彩,95,32,海牛阿福的勇士
机械公敌,Rumble,黄金,96,42,生机迸发
机械公敌,Rumble,棱彩,97,33,扳机炼狱
机械公敌,Rumble,棱彩,98,34,神圣雪球
机械公敌,Rumble,白银,99,23,家园卫士
机械公敌,Rumble,白银,100,24,杀意翻涌
机械公敌,Rumble,棱彩,101,35,回归基本功
机械公敌,Rumble,棱彩,102,36,属性叠属性叠属性！
机械公敌,Rumble,黄金,103,43,火上浇油
机械公敌,Rumble,黄金,104,44,高压锅
机械公敌,Rumble,棱彩,105,37,尊我为王
机械公敌,Rumble,黄金,106,45,藏身草丛
机械公敌,Rumble,棱彩,107,38,泰坦的坚决
机械公敌,Rumble,黄金,108,46,星界躯体
机械公敌,Rumble,棱彩,109,39,位面转移
机械公敌,Rumble,黄金,110,47,回力OK镖
机械公敌,Rumble,黄金,111,48,咏叹奏鸣
机械公敌,Rumble,黄金,112,49,钢化你心
机械公敌,Rumble,黄金,113,50,狙神飞星
机械公敌,Rumble,黄金,114,51,过量延伸者
机械公敌,Rumble,白银,115,25,狂热者
机械公敌,Rumble,白银,116,26,吵闹鬼
机械公敌,Rumble,棱彩,117,40,男爵之手
机械公敌,Rumble,白银,118,27,唯快不破
机械公敌,Rumble,黄金,119,52,豪猪
机械公敌,Rumble,棱彩,120,41,魄罗蛮冲
机械公敌,Rumble,黄金,121,53,升级：贪欲九头蛇
机械公敌,Rumble,白银,122,28,山脉龙魂
机械公敌,Rumble,棱彩,123,42,踢踏舞
机械公敌,Rumble,白银,124,29,转得我眩晕了
机械公敌,Rumble,棱彩,125,43,玻璃大炮
机械公敌,Rumble,白银,126,30,海洋龙魂
机械公敌,Rumble,黄金,127,54,缩小射线
机械公敌,Rumble,黄金,128,55,我们的治疗
机械公敌,Rumble,白银,129,31,灵巧
机械公敌,Rumble,棱彩,130,44,舞会女王
机械公敌,Rumble,白银,131,32,重量级打击手
机械公敌,Rumble,棱彩,132,45,软弹啪叽抓
机械公敌,Rumble,黄金,133,56,更万用的瞄准镜
机械公敌,Rumble,白银,134,33,点亮他们！
机械公敌,Rumble,棱彩,135,46,物法皆修
机械公敌,Rumble,黄金,136,57,升级：焚天
机械公敌,Rumble,黄金,137,58,升级：耀光
机械公敌,Rumble,白银,138,34,万用瞄准镜
机械公敌,Rumble,棱彩,139,47,最万用的瞄准镜
机械公敌,Rumble,棱彩,140,48,战争交响乐
机械公敌,Rumble,棱彩,141,49,至高天诺言
机械公敌,Rumble,棱彩,142,50,艾卡西亚的陷落
机械公敌,Rumble,白银,143,35,升级：献祭
机械公敌,Rumble,黄金,144,59,吸血习性
机械公敌,Rumble,黄金,145,60,祖母的辣椒油
机械公敌,Rumble,棱彩,146,51,风语者的祝福
机械公敌,Rumble,黄金,147,61,易损
机械公敌,Rumble,棱彩,148,52,灵魄炸弹
机械公敌,Rumble,白银,149,36,闪光弹
机械公敌,Rumble,黄金,150,62,升级：雪球
机械公敌,Rumble,白银,151,37,闪闪现现
机械公敌,Rumble,棱彩,152,53,小丑学院
机械公敌,Rumble,黄金,153,63,雪球扭蛋机
机械公敌,Rumble,黄金,154,64,关键暴击
机械公敌,Rumble,黄金,155,65,灵魂虹吸
机械公敌,Rumble,黄金,156,66,最终都市列车
机械公敌,Rumble,棱彩,157,54,量子计算
机械公敌,Rumble,黄金,158,67,魄罗爆破手
机械公敌,Rumble,白银,159,38,会心防御
机械公敌,Rumble,黄金,160,68,坚韧
机械公敌,Rumble,棱彩,161,55,卡皮巴拉空投
机械公敌,Rumble,黄金,162,69,会心治疗
机械公敌,Rumble,棱彩,163,56,你肩上的恶魔
机械公敌,Rumble,白银,164,39,虹吸
机械公敌,Rumble,白银,165,40,急救用具
机械公敌,Rumble,黄金,166,70,仁慈打击
机械公敌,Rumble,棱彩,167,57,死亡之环
机械公敌,Rumble,棱彩,168,58,连拨击锤
机械公敌,Rumble,棱彩,169,59,双刀流
机械公敌,Rumble,黄金,170,71,暴击律动
机械公敌,Rumble,白银,171,41,叠角龙
机械公敌,Rumble,白银,172,42,由暴生急
机械公敌,Rumble,棱彩,173,60,回响施放
机械公敌,Rumble,白银,174,43,主玩辅助
符文法师,Ryze,黄金,1,1,溢流
符文法师,Ryze,黄金,2,2,术士果汁盒
符文法师,Ryze,白银,3,1,由心及物
符文法师,Ryze,棱彩,4,1,回归基本功
符文法师,Ryze,棱彩,5,2,大法师
符文法师,Ryze,黄金,6,3,超凡邪恶
符文法师,Ryze,棱彩,7,3,尤里卡
符文法师,Ryze,黄金,8,4,魔法飞弹
符文法师,Ryze,白银,9,2,巫师式思考
符文法师,Ryze,黄金,10,5,超强大脑
符文法师,Ryze,棱彩,11,4,超负荷
符文法师,Ryze,黄金,12,6,急急小子
符文法师,Ryze,白银,13,3,物理转魔法
符文法师,Ryze,棱彩,14,5,沃格勒特的巫师帽
符文法师,Ryze,黄金,15,7,质变：棱彩阶
符文法师,Ryze,白银,16,4,注魔
符文法师,Ryze,白银,17,5,纯粹主义者 - 术师
符文法师,Ryze,黄金,18,8,牙仙子
符文法师,Ryze,黄金,19,9,虚幻武器
符文法师,Ryze,棱彩,20,6,无限循环往复
符文法师,Ryze,棱彩,21,7,不祥契约
符文法师,Ryze,白银,22,6,虹吸
符文法师,Ryze,黄金,23,10,威能之追求
符文法师,Ryze,黄金,24,11,循环往复
符文法师,Ryze,棱彩,25,8,炼狱导管
符文法师,Ryze,黄金,26,12,急速之追求
符文法师,Ryze,白银,27,7,渴血
符文法师,Ryze,黄金,28,13,缩小引擎
符文法师,Ryze,白银,29,8,质变：黄金阶
符文法师,Ryze,棱彩,30,9,三重射击
符文法师,Ryze,黄金,31,14,面包和奶酪
符文法师,Ryze,棱彩,32,10,掷骰狂人
符文法师,Ryze,棱彩,33,11,珠光护手
符文法师,Ryze,白银,34,9,升级：中娅
符文法师,Ryze,棱彩,35,12,质变：混沌
符文法师,Ryze,黄金,36,15,坦克引擎
符文法师,Ryze,白银,37,10,双生火焰
符文法师,Ryze,黄金,38,16,捐赠
符文法师,Ryze,黄金,39,17,属性叠属性！
符文法师,Ryze,白银,40,11,海洋龙魂
符文法师,Ryze,棱彩,41,13,巨人杀手
符文法师,Ryze,棱彩,42,14,歌利亚巨人
符文法师,Ryze,白银,43,12,逃跑计划
符文法师,Ryze,白银,44,13,练腿日
符文法师,Ryze,棱彩,45,15,科学狂人
符文法师,Ryze,白银,46,14,家园卫士
符文法师,Ryze,白银,47,15,可靠武器
符文法师,Ryze,黄金,48,18,神射法师
符文法师,Ryze,黄金,49,19,穿针引线
符文法师,Ryze,黄金,50,20,面包和黄油
符文法师,Ryze,黄金,51,21,面包和果酱
符文法师,Ryze,棱彩,52,16,飞身踢
符文法师,Ryze,白银,53,16,扇巴掌
符文法师,Ryze,棱彩,54,17,残忍
符文法师,Ryze,白银,55,17,侵蚀
符文法师,Ryze,白银,56,18,大师铸就
符文法师,Ryze,白银,57,19,海克斯科技龙魂
符文法师,Ryze,黄金,58,22,尖端发明家
符文法师,Ryze,黄金,59,23,有始有终
符文法师,Ryze,棱彩,60,18,潘朵拉的盒子
符文法师,Ryze,棱彩,61,19,巨像的勇气
符文法师,Ryze,白银,62,20,炼狱龙魂
符文法师,Ryze,黄金,63,24,黎明使者的坚决
符文法师,Ryze,棱彩,64,20,尊我为王
符文法师,Ryze,黄金,65,25,轻拍背部
符文法师,Ryze,黄金,66,26,狙神飞星
符文法师,Ryze,黄金,67,27,吞噬灵魂
符文法师,Ryze,棱彩,68,21,玻璃大炮
符文法师,Ryze,白银,69,21,火狐
符文法师,Ryze,白银,70,22,冰寒
符文法师,Ryze,黄金,71,28,心灵净化
符文法师,Ryze,棱彩,72,22,全能龙魂
符文法师,Ryze,黄金,73,29,不动如山
符文法师,Ryze,棱彩,74,23,属性叠属性叠属性！
符文法师,Ryze,黄金,75,30,星界躯体
符文法师,Ryze,黄金,76,31,哎哟，我的硬币！
符文法师,Ryze,黄金,77,32,老练狙神
符文法师,Ryze,黄金,78,33,闪现向前
符文法师,Ryze,白银,79,23,属性！
符文法师,Ryze,棱彩,80,24,终极唤醒
符文法师,Ryze,黄金,81,34,夜狩
符文法师,Ryze,棱彩,82,25,史上最大雪球
符文法师,Ryze,黄金,83,35,炽烈黎明
符文法师,Ryze,棱彩,84,26,海牛阿福的勇士
符文法师,Ryze,黄金,85,36,自然即是治愈
符文法师,Ryze,棱彩,86,27,秘术冲拳
符文法师,Ryze,黄金,87,37,罪恶快感
符文法师,Ryze,黄金,88,38,神圣干预
符文法师,Ryze,棱彩,89,28,男爵之手
符文法师,Ryze,黄金,90,39,生机迸发
符文法师,Ryze,白银,91,24,吵闹鬼
符文法师,Ryze,棱彩,92,29,扳机炼狱
符文法师,Ryze,棱彩,93,30,吃过路兵
符文法师,Ryze,棱彩,94,31,夺金
符文法师,Ryze,白银,95,25,防护面纱
符文法师,Ryze,黄金,96,40,咏叹奏鸣
符文法师,Ryze,黄金,97,41,回力OK镖
符文法师,Ryze,棱彩,98,32,电涌力场
符文法师,Ryze,白银,99,26,杀意翻涌
符文法师,Ryze,棱彩,100,33,泰坦的坚决
符文法师,Ryze,黄金,101,42,钢化你心
符文法师,Ryze,白银,102,27,山脉龙魂
符文法师,Ryze,棱彩,103,34,你摸不到
符文法师,Ryze,白银,104,28,唯快不破
符文法师,Ryze,白银,105,29,终极不可阻挡
符文法师,Ryze,棱彩,106,35,空投熊
符文法师,Ryze,黄金,107,43,弹球
符文法师,Ryze,黄金,108,44,我们的治疗
符文法师,Ryze,黄金,109,45,鲨鱼暴风
符文法师,Ryze,黄金,110,46,冰雪爆裂
符文法师,Ryze,棱彩,111,36,神圣雪球
符文法师,Ryze,白银,112,30,俯冲轰炸
符文法师,Ryze,棱彩,113,37,物法皆修
符文法师,Ryze,黄金,114,47,鲨鱼诱饵
符文法师,Ryze,黄金,115,48,藏身草丛
符文法师,Ryze,黄金,116,49,过量延伸者
符文法师,Ryze,黄金,117,50,杀戮时间到了
符文法师,Ryze,黄金,118,51,火上浇油
符文法师,Ryze,白银,119,31,下雪天
符文法师,Ryze,棱彩,120,38,战争交响乐
符文法师,Ryze,棱彩,121,39,终极刷新
符文法师,Ryze,黄金,122,52,缩小射线
符文法师,Ryze,棱彩,123,40,濒死悟道
符文法师,Ryze,棱彩,124,41,软弹啪叽抓
符文法师,Ryze,棱彩,125,42,位面转移
符文法师,Ryze,白银,126,32,重量级打击手
符文法师,Ryze,黄金,127,53,高压锅
符文法师,Ryze,白银,128,33,转得我眩晕了
符文法师,Ryze,棱彩,129,43,魄罗蛮冲
符文法师,Ryze,棱彩,130,44,飞升仪式
符文法师,Ryze,棱彩,131,45,最终形态
符文法师,Ryze,黄金,132,54,无尽大杀四方
符文法师,Ryze,黄金,133,55,活力焕发
符文法师,Ryze,黄金,134,56,豪猪
符文法师,Ryze,棱彩,135,46,利刃华尔兹
符文法师,Ryze,黄金,136,57,吸血习性
符文法师,Ryze,黄金,137,58,更万用的瞄准镜
符文法师,Ryze,白银,138,34,灵巧
符文法师,Ryze,白银,139,35,点亮他们！
符文法师,Ryze,棱彩,140,47,踢踏舞
符文法师,Ryze,黄金,141,59,升级：耀光
符文法师,Ryze,白银,142,36,万用瞄准镜
符文法师,Ryze,棱彩,143,48,最万用的瞄准镜
符文法师,Ryze,棱彩,144,49,大招工具人
符文法师,Ryze,黄金,145,60,祖母的辣椒油
符文法师,Ryze,白银,146,37,坚若磐石
符文法师,Ryze,黄金,147,61,关键暴击
符文法师,Ryze,黄金,148,62,易损
符文法师,Ryze,白银,149,38,闪闪现现
符文法师,Ryze,黄金,150,63,雪球扭蛋机
符文法师,Ryze,黄金,151,64,灵魂虹吸
符文法师,Ryze,白银,152,39,会心防御
符文法师,Ryze,棱彩,153,50,量子计算
符文法师,Ryze,黄金,154,65,升级：雪球
符文法师,Ryze,黄金,155,66,暴击飞弹
符文法师,Ryze,黄金,156,67,会心治疗
符文法师,Ryze,白银,157,40,闪光弹
符文法师,Ryze,黄金,158,68,坚韧
符文法师,Ryze,棱彩,159,51,至高天诺言
符文法师,Ryze,棱彩,160,52,连拨击锤
符文法师,Ryze,黄金,161,69,魄罗爆破手
符文法师,Ryze,黄金,162,70,贪欲束缚
符文法师,Ryze,棱彩,163,53,双刀流
符文法师,Ryze,棱彩,164,54,小丑学院
符文法师,Ryze,黄金,165,71,最终都市列车
符文法师,Ryze,棱彩,166,55,？？？
符文法师,Ryze,棱彩,167,56,你肩上的恶魔
符文法师,Ryze,白银,168,41,狂热者
符文法师,Ryze,白银,169,42,自适应防护
符文法师,Ryze,白银,170,43,急救用具
符文法师,Ryze,白银,171,44,台风
符文法师,Ryze,白银,172,45,叠角龙
符文法师,Ryze,白银,173,46,魔法转物理
符文法师,Ryze,白银,174,47,强力护盾
符文法师,Ryze,棱彩,175,57,王中王，靴中靴
符文法师,Ryze,棱彩,176,58,双发快射
符文法师,Ryze,棱彩,177,59,灵魄炸弹
沙漠玫瑰,Samira,黄金,1,1,灵魂虹吸
沙漠玫瑰,Samira,黄金,2,2,升级：无尽之刃
沙漠玫瑰,Samira,棱彩,3,1,亮出你的剑
沙漠玫瑰,Samira,黄金,4,3,暴击飞弹
沙漠玫瑰,Samira,棱彩,5,2,最终形态
沙漠玫瑰,Samira,白银,6,1,渴血
沙漠玫瑰,Samira,白银,7,2,升级：收集者
沙漠玫瑰,Samira,黄金,8,4,杀戮时间到了
沙漠玫瑰,Samira,白银,9,3,大力
沙漠玫瑰,Samira,棱彩,10,3,双发快射
沙漠玫瑰,Samira,白银,11,4,终极不可阻挡
沙漠玫瑰,Samira,棱彩,12,4,利刃华尔兹
沙漠玫瑰,Samira,黄金,13,5,罪恶快感
沙漠玫瑰,Samira,白银,14,5,会心防御
沙漠玫瑰,Samira,棱彩,15,5,巨人杀手
沙漠玫瑰,Samira,棱彩,16,6,你摸不到
沙漠玫瑰,Samira,棱彩,17,7,珠光护手
沙漠玫瑰,Samira,棱彩,18,8,精怪魔法
沙漠玫瑰,Samira,黄金,19,6,关键暴击
沙漠玫瑰,Samira,黄金,20,7,质变：棱彩阶
沙漠玫瑰,Samira,黄金,21,8,暴击律动
沙漠玫瑰,Samira,黄金,22,9,无尽大杀四方
沙漠玫瑰,Samira,白银,23,6,魔法转物理
沙漠玫瑰,Samira,黄金,24,10,狂徒豪气
沙漠玫瑰,Samira,白银,25,7,旋转至胜
沙漠玫瑰,Samira,黄金,26,11,心灵净化
沙漠玫瑰,Samira,黄金,27,12,夜狩
沙漠玫瑰,Samira,棱彩,28,9,濒死悟道
沙漠玫瑰,Samira,黄金,29,13,穿针引线
沙漠玫瑰,Samira,黄金,30,14,升级：贪欲九头蛇
沙漠玫瑰,Samira,白银,31,8,逃跑计划
沙漠玫瑰,Samira,棱彩,32,10,吃过路兵
沙漠玫瑰,Samira,黄金,33,15,牙仙子
沙漠玫瑰,Samira,白银,34,9,质变：黄金阶
沙漠玫瑰,Samira,黄金,35,16,捐赠
沙漠玫瑰,Samira,黄金,36,17,属性叠属性！
沙漠玫瑰,Samira,白银,37,10,快中求稳
沙漠玫瑰,Samira,棱彩,38,11,质变：混沌
沙漠玫瑰,Samira,棱彩,39,12,掷骰狂人
沙漠玫瑰,Samira,黄金,40,18,更万用的瞄准镜
沙漠玫瑰,Samira,棱彩,41,13,飞升仪式
沙漠玫瑰,Samira,棱彩,42,14,扳机炼狱
沙漠玫瑰,Samira,黄金,43,19,易损
沙漠玫瑰,Samira,白银,44,11,由暴生急
沙漠玫瑰,Samira,黄金,45,20,威能之追求
沙漠玫瑰,Samira,白银,46,12,虹吸
沙漠玫瑰,Samira,白银,47,13,灵巧
沙漠玫瑰,Samira,黄金,48,21,急速之追求
沙漠玫瑰,Samira,黄金,49,22,闪现向前
沙漠玫瑰,Samira,棱彩,50,15,连拨击锤
沙漠玫瑰,Samira,黄金,51,23,生机迸发
沙漠玫瑰,Samira,棱彩,52,16,最万用的瞄准镜
沙漠玫瑰,Samira,白银,53,14,万用瞄准镜
沙漠玫瑰,Samira,棱彩,54,17,双刀流
沙漠玫瑰,Samira,黄金,55,24,缩小引擎
沙漠玫瑰,Samira,白银,56,15,暗影疾奔
沙漠玫瑰,Samira,棱彩,57,18,踢踏舞
沙漠玫瑰,Samira,白银,58,16,台风
沙漠玫瑰,Samira,黄金,59,25,面包和果酱
沙漠玫瑰,Samira,黄金,60,26,有始有终
沙漠玫瑰,Samira,棱彩,61,19,秘术冲拳
沙漠玫瑰,Samira,棱彩,62,20,和我一起困在这里
沙漠玫瑰,Samira,棱彩,63,21,全凭身法
沙漠玫瑰,Samira,白银,64,17,可靠武器
沙漠玫瑰,Samira,黄金,65,27,面包和黄油
沙漠玫瑰,Samira,棱彩,66,22,战争交响乐
沙漠玫瑰,Samira,黄金,67,28,循环往复
沙漠玫瑰,Samira,白银,68,18,练腿日
沙漠玫瑰,Samira,棱彩,69,23,潘朵拉的盒子
沙漠玫瑰,Samira,棱彩,70,24,终极九头蛇
沙漠玫瑰,Samira,棱彩,71,25,史上最大雪球
沙漠玫瑰,Samira,黄金,72,29,缩小射线
沙漠玫瑰,Samira,黄金,73,30,术士果汁盒
沙漠玫瑰,Samira,白银,74,19,大师铸就
沙漠玫瑰,Samira,棱彩,75,26,神圣雪球
沙漠玫瑰,Samira,黄金,76,31,冰雪爆裂
沙漠玫瑰,Samira,白银,77,20,点亮他们！
沙漠玫瑰,Samira,白银,78,21,防护面纱
沙漠玫瑰,Samira,棱彩,79,27,海牛阿福的勇士
沙漠玫瑰,Samira,棱彩,80,28,飞身踢
沙漠玫瑰,Samira,黄金,81,32,面包和奶酪
沙漠玫瑰,Samira,白银,82,22,杀意翻涌
沙漠玫瑰,Samira,黄金,83,33,自然即是治愈
沙漠玫瑰,Samira,棱彩,84,29,终极唤醒
沙漠玫瑰,Samira,白银,85,23,双生火焰
沙漠玫瑰,Samira,白银,86,24,炼狱龙魂
沙漠玫瑰,Samira,黄金,87,34,弹球
沙漠玫瑰,Samira,棱彩,88,30,科学狂人
沙漠玫瑰,Samira,黄金,89,35,魔法飞弹
沙漠玫瑰,Samira,黄金,90,36,哎哟，我的硬币！
沙漠玫瑰,Samira,白银,91,25,家园卫士
沙漠玫瑰,Samira,黄金,92,37,黎明使者的坚决
沙漠玫瑰,Samira,黄金,93,38,神圣干预
沙漠玫瑰,Samira,黄金,94,39,虚幻武器
沙漠玫瑰,Samira,白银,95,26,俯冲轰炸
沙漠玫瑰,Samira,棱彩,96,31,玻璃大炮
沙漠玫瑰,Samira,棱彩,97,32,大地苏醒
沙漠玫瑰,Samira,棱彩,98,33,全能龙魂
沙漠玫瑰,Samira,白银,99,27,海克斯科技龙魂
沙漠玫瑰,Samira,棱彩,100,34,电涌力场
沙漠玫瑰,Samira,黄金,101,40,鲨鱼暴风
沙漠玫瑰,Samira,黄金,102,41,我们的治疗
沙漠玫瑰,Samira,棱彩,103,35,属性叠属性叠属性！
沙漠玫瑰,Samira,棱彩,104,36,尊我为王
沙漠玫瑰,Samira,白银,105,28,下雪天
沙漠玫瑰,Samira,白银,106,29,狂热者
沙漠玫瑰,Samira,棱彩,107,37,大法师
沙漠玫瑰,Samira,白银,108,30,属性！
沙漠玫瑰,Samira,白银,109,31,侵蚀
沙漠玫瑰,Samira,白银,110,32,海洋龙魂
沙漠玫瑰,Samira,黄金,111,42,鲨鱼诱饵
沙漠玫瑰,Samira,黄金,112,43,坦克引擎
沙漠玫瑰,Samira,棱彩,113,38,夺金
沙漠玫瑰,Samira,黄金,114,44,过量延伸者
沙漠玫瑰,Samira,棱彩,115,39,歌利亚巨人
沙漠玫瑰,Samira,棱彩,116,40,无限循环往复
沙漠玫瑰,Samira,白银,117,33,注魔
沙漠玫瑰,Samira,黄金,118,45,升级：焚天
沙漠玫瑰,Samira,棱彩,119,41,位面转移
沙漠玫瑰,Samira,黄金,120,46,火上浇油
沙漠玫瑰,Samira,黄金,121,47,回力OK镖
沙漠玫瑰,Samira,棱彩,122,42,回归基本功
沙漠玫瑰,Samira,黄金,123,48,星界躯体
沙漠玫瑰,Samira,白银,124,34,转得我眩晕了
沙漠玫瑰,Samira,白银,125,35,纯粹主义者 - 术师
沙漠玫瑰,Samira,黄金,126,49,尖端发明家
沙漠玫瑰,Samira,黄金,127,50,轻拍背部
沙漠玫瑰,Samira,黄金,128,51,狙神飞星
沙漠玫瑰,Samira,白银,129,36,山脉龙魂
沙漠玫瑰,Samira,棱彩,130,43,泰坦的坚决
沙漠玫瑰,Samira,白银,131,37,唯快不破
沙漠玫瑰,Samira,黄金,132,52,藏身草丛
沙漠玫瑰,Samira,黄金,133,53,急急小子
沙漠玫瑰,Samira,棱彩,134,44,舞会女王
沙漠玫瑰,Samira,棱彩,135,45,空投熊
沙漠玫瑰,Samira,棱彩,136,46,男爵之手
沙漠玫瑰,Samira,黄金,137,54,吸血习性
沙漠玫瑰,Samira,棱彩,138,47,死亡之环
沙漠玫瑰,Samira,黄金,139,55,炽烈黎明
沙漠玫瑰,Samira,黄金,140,56,钢化你心
沙漠玫瑰,Samira,黄金,141,57,升级：耀光
沙漠玫瑰,Samira,黄金,142,58,咏叹奏鸣
沙漠玫瑰,Samira,黄金,143,59,溢流
沙漠玫瑰,Samira,黄金,144,60,豪猪
沙漠玫瑰,Samira,白银,145,38,重量级打击手
沙漠玫瑰,Samira,白银,146,39,火狐
沙漠玫瑰,Samira,白银,147,40,吵闹鬼
沙漠玫瑰,Samira,棱彩,148,48,炼狱导管
沙漠玫瑰,Samira,棱彩,149,49,魄罗蛮冲
沙漠玫瑰,Samira,棱彩,150,50,大招工具人
沙漠玫瑰,Samira,棱彩,151,51,软弹啪叽抓
沙漠玫瑰,Samira,棱彩,152,52,风语者的祝福
沙漠玫瑰,Samira,白银,153,41,闪光弹
沙漠玫瑰,Samira,黄金,154,61,会心治疗
沙漠玫瑰,Samira,黄金,155,62,高压锅
沙漠玫瑰,Samira,棱彩,156,53,小丑学院
沙漠玫瑰,Samira,白银,157,42,闪闪现现
沙漠玫瑰,Samira,白银,158,43,由心及物
沙漠玫瑰,Samira,棱彩,159,54,艾卡西亚的陷落
沙漠玫瑰,Samira,白银,160,44,冰寒
沙漠玫瑰,Samira,白银,161,45,升级：献祭
沙漠玫瑰,Samira,黄金,162,63,雪球扭蛋机
沙漠玫瑰,Samira,棱彩,163,55,量子计算
沙漠玫瑰,Samira,黄金,164,64,活力焕发
沙漠玫瑰,Samira,黄金,165,65,升级：雪球
沙漠玫瑰,Samira,黄金,166,66,虚空冲刺
沙漠玫瑰,Samira,棱彩,167,56,蛋白粉奶昔
沙漠玫瑰,Samira,黄金,168,67,坚韧
沙漠玫瑰,Samira,棱彩,169,57,王中王，靴中靴
沙漠玫瑰,Samira,黄金,170,68,最终都市列车
沙漠玫瑰,Samira,棱彩,171,58,你肩上的恶魔
沙漠玫瑰,Samira,黄金,172,69,快步
沙漠玫瑰,Samira,黄金,173,70,神射法师
沙漠玫瑰,Samira,棱彩,174,59,升级：花晓之剑
沙漠玫瑰,Samira,棱彩,175,60,卡皮巴拉空投
沙漠玫瑰,Samira,棱彩,176,61,？？？
沙漠玫瑰,Samira,棱彩,177,62,回响施放
沙漠玫瑰,Samira,白银,178,46,自适应防护
北地之怒,Sejuani,黄金,1,1,坦克引擎
北地之怒,Sejuani,白银,2,1,重量级打击手
北地之怒,Sejuani,棱彩,3,1,飞身踢
北地之怒,Sejuani,黄金,4,2,钢化你心
北地之怒,Sejuani,黄金,5,3,星界躯体
北地之怒,Sejuani,棱彩,6,2,歌利亚巨人
北地之怒,Sejuani,白银,7,2,升级：献祭
北地之怒,Sejuani,黄金,8,4,高压锅
北地之怒,Sejuani,棱彩,9,3,巨像的勇气
北地之怒,Sejuani,白银,10,3,扇巴掌
北地之怒,Sejuani,黄金,11,5,吞噬灵魂
北地之怒,Sejuani,棱彩,12,4,艾卡西亚的陷落
北地之怒,Sejuani,黄金,13,6,不动如山
北地之怒,Sejuani,黄金,14,7,质变：棱彩阶
北地之怒,Sejuani,黄金,15,8,贪欲束缚
北地之怒,Sejuani,黄金,16,9,黎明使者的坚决
北地之怒,Sejuani,白银,17,4,质变：黄金阶
北地之怒,Sejuani,黄金,18,10,生机迸发
北地之怒,Sejuani,白银,19,5,逃跑计划
北地之怒,Sejuani,黄金,20,11,豪猪
北地之怒,Sejuani,白银,21,6,练腿日
北地之怒,Sejuani,白银,22,7,大师铸就
北地之怒,Sejuani,黄金,23,12,面包和黄油
北地之怒,Sejuani,黄金,24,13,循环往复
北地之怒,Sejuani,黄金,25,14,无尽大杀四方
北地之怒,Sejuani,白银,26,8,海洋龙魂
北地之怒,Sejuani,黄金,27,15,尖端发明家
北地之怒,Sejuani,黄金,28,16,虚幻武器
北地之怒,Sejuani,棱彩,29,5,最终形态
北地之怒,Sejuani,棱彩,30,6,科学狂人
北地之怒,Sejuani,白银,31,9,暗影疾奔
北地之怒,Sejuani,棱彩,32,7,残忍
北地之怒,Sejuani,白银,33,10,俯冲轰炸
北地之怒,Sejuani,棱彩,34,8,咒语裂变
北地之怒,Sejuani,棱彩,35,9,终极刷新
北地之怒,Sejuani,棱彩,36,10,和我一起困在这里
北地之怒,Sejuani,棱彩,37,11,泰坦的坚决
北地之怒,Sejuani,白银,38,11,由心及物
北地之怒,Sejuani,白银,39,12,快中求稳
北地之怒,Sejuani,棱彩,40,12,史上最大雪球
北地之怒,Sejuani,棱彩,41,13,终极唤醒
北地之怒,Sejuani,棱彩,42,14,质变：混沌
北地之怒,Sejuani,黄金,43,17,面包和果酱
北地之怒,Sejuani,黄金,44,18,神圣干预
北地之怒,Sejuani,黄金,45,19,属性叠属性！
北地之怒,Sejuani,黄金,46,20,捐赠
北地之怒,Sejuani,白银,47,13,下雪天
北地之怒,Sejuani,白银,48,14,冰寒
北地之怒,Sejuani,黄金,49,21,自然即是治愈
北地之怒,Sejuani,棱彩,50,15,多重射击
北地之怒,Sejuani,棱彩,51,16,掷骰狂人
北地之怒,Sejuani,黄金,52,22,冰雪爆裂
北地之怒,Sejuani,黄金,53,23,弹球
北地之怒,Sejuani,黄金,54,24,急速之追求
北地之怒,Sejuani,黄金,55,25,狂徒豪气
北地之怒,Sejuani,白银,56,15,侵蚀
北地之怒,Sejuani,白银,57,16,山脉龙魂
北地之怒,Sejuani,白银,58,17,终极不可阻挡
北地之怒,Sejuani,黄金,59,26,威能之追求
北地之怒,Sejuani,黄金,60,27,我们的治疗
北地之怒,Sejuani,棱彩,61,17,超负荷
北地之怒,Sejuani,棱彩,62,18,空投熊
北地之怒,Sejuani,棱彩,63,19,潘朵拉的盒子
北地之怒,Sejuani,棱彩,64,20,精怪魔法
北地之怒,Sejuani,棱彩,65,21,软弹啪叽抓
北地之怒,Sejuani,黄金,66,28,闪现向前
北地之怒,Sejuani,白银,67,18,属性！
北地之怒,Sejuani,棱彩,68,22,神圣雪球
北地之怒,Sejuani,黄金,69,29,鲨鱼暴风
北地之怒,Sejuani,棱彩,70,23,大地苏醒
北地之怒,Sejuani,黄金,71,30,鲨鱼诱饵
北地之怒,Sejuani,棱彩,72,24,舞会女王
北地之怒,Sejuani,黄金,73,31,缩小射线
北地之怒,Sejuani,棱彩,74,25,无限循环往复
北地之怒,Sejuani,棱彩,75,26,回归基本功
北地之怒,Sejuani,黄金,76,32,杀戮时间到了
北地之怒,Sejuani,黄金,77,33,缩小引擎
北地之怒,Sejuani,白银,78,19,杀意翻涌
北地之怒,Sejuani,棱彩,79,27,全凭身法
北地之怒,Sejuani,黄金,80,34,心灵净化
北地之怒,Sejuani,黄金,81,35,哎哟，我的硬币！
北地之怒,Sejuani,棱彩,82,28,你摸不到
北地之怒,Sejuani,棱彩,83,29,全能龙魂
北地之怒,Sejuani,棱彩,84,30,大法师
北地之怒,Sejuani,黄金,85,36,术士果汁盒
北地之怒,Sejuani,黄金,86,37,咏叹奏鸣
北地之怒,Sejuani,白银,87,20,转得我眩晕了
北地之怒,Sejuani,白银,88,21,火狐
北地之怒,Sejuani,棱彩,89,31,尊我为王
北地之怒,Sejuani,黄金,90,38,超凡邪恶
北地之怒,Sejuani,棱彩,91,32,大招工具人
北地之怒,Sejuani,黄金,92,39,火上浇油
北地之怒,Sejuani,白银,93,22,防护面纱
北地之怒,Sejuani,黄金,94,40,过量延伸者
北地之怒,Sejuani,黄金,95,41,轻拍背部
北地之怒,Sejuani,棱彩,96,33,吃过路兵
北地之怒,Sejuani,白银,97,23,炼狱龙魂
北地之怒,Sejuani,白银,98,24,海克斯科技龙魂
北地之怒,Sejuani,白银,99,25,物理转魔法
北地之怒,Sejuani,棱彩,100,34,属性叠属性叠属性！
北地之怒,Sejuani,棱彩,101,35,扳机炼狱
北地之怒,Sejuani,白银,102,26,家园卫士
北地之怒,Sejuani,黄金,103,42,更万用的瞄准镜
北地之怒,Sejuani,棱彩,104,36,秘术冲拳
北地之怒,Sejuani,白银,105,27,纯粹主义者 - 术师
北地之怒,Sejuani,棱彩,106,37,濒死悟道
北地之怒,Sejuani,白银,107,28,渴血
北地之怒,Sejuani,棱彩,108,38,海牛阿福的勇士
北地之怒,Sejuani,白银,109,29,万用瞄准镜
北地之怒,Sejuani,白银,110,30,巫师式思考
北地之怒,Sejuani,黄金,111,43,急急小子
北地之怒,Sejuani,黄金,112,44,回力OK镖
北地之怒,Sejuani,棱彩,113,39,飞升仪式
北地之怒,Sejuani,黄金,114,45,炽烈黎明
北地之怒,Sejuani,黄金,115,46,罪恶快感
北地之怒,Sejuani,黄金,116,47,升级：焚天
北地之怒,Sejuani,白银,117,31,双生火焰
北地之怒,Sejuani,棱彩,118,40,利刃华尔兹
北地之怒,Sejuani,白银,119,32,灵巧
北地之怒,Sejuani,棱彩,120,41,炼狱导管
北地之怒,Sejuani,棱彩,121,42,夺金
北地之怒,Sejuani,棱彩,122,43,尤里卡
北地之怒,Sejuani,棱彩,123,44,魄罗蛮冲
北地之怒,Sejuani,棱彩,124,45,不祥契约
北地之怒,Sejuani,黄金,125,48,溢流
北地之怒,Sejuani,棱彩,126,46,男爵之手
北地之怒,Sejuani,棱彩,127,47,最万用的瞄准镜
北地之怒,Sejuani,黄金,128,49,穿针引线
北地之怒,Sejuani,棱彩,129,48,位面转移
北地之怒,Sejuani,黄金,130,50,神射法师
北地之怒,Sejuani,黄金,131,51,超强大脑
北地之怒,Sejuani,黄金,132,52,升级：贪欲九头蛇
北地之怒,Sejuani,棱彩,133,49,珠光护手
北地之怒,Sejuani,白银,134,33,吵闹鬼
北地之怒,Sejuani,棱彩,135,50,巨人杀手
北地之怒,Sejuani,黄金,136,53,魔法飞弹
北地之怒,Sejuani,棱彩,137,51,电涌力场
北地之怒,Sejuani,白银,138,34,注魔
北地之怒,Sejuani,黄金,139,54,升级：耀光
北地之怒,Sejuani,黄金,140,55,夜狩
北地之怒,Sejuani,黄金,141,56,有始有终
北地之怒,Sejuani,棱彩,142,52,物法皆修
北地之怒,Sejuani,棱彩,143,53,战争交响乐
北地之怒,Sejuani,棱彩,144,54,沃格勒特的巫师帽
北地之怒,Sejuani,白银,145,35,狂热者
北地之怒,Sejuani,白银,146,36,升级：中娅
北地之怒,Sejuani,黄金,147,57,藏身草丛
北地之怒,Sejuani,白银,148,37,唯快不破
北地之怒,Sejuani,黄金,149,58,坚韧
北地之怒,Sejuani,棱彩,150,55,踢踏舞
北地之怒,Sejuani,白银,151,38,点亮他们！
北地之怒,Sejuani,黄金,152,59,牙仙子
北地之怒,Sejuani,白银,153,39,坚若磐石
北地之怒,Sejuani,黄金,154,60,活力焕发
北地之怒,Sejuani,棱彩,155,56,连拨击锤
北地之怒,Sejuani,棱彩,156,57,双刀流
北地之怒,Sejuani,白银,157,40,闪光弹
北地之怒,Sejuani,棱彩,158,58,玻璃大炮
北地之怒,Sejuani,白银,159,41,闪闪现现
北地之怒,Sejuani,黄金,160,61,会心治疗
北地之怒,Sejuani,黄金,161,62,升级：雪球
北地之怒,Sejuani,黄金,162,63,祖母的辣椒油
北地之怒,Sejuani,棱彩,163,59,量子计算
北地之怒,Sejuani,白银,164,42,会心防御
北地之怒,Sejuani,棱彩,165,60,蛋白粉奶昔
北地之怒,Sejuani,黄金,166,64,最终都市列车
北地之怒,Sejuani,黄金,167,65,关键暴击
北地之怒,Sejuani,黄金,168,66,雪球扭蛋机
北地之怒,Sejuani,黄金,169,67,虚空冲刺
北地之怒,Sejuani,黄金,170,68,易损
北地之怒,Sejuani,棱彩,171,61,小丑学院
北地之怒,Sejuani,白银,172,43,虹吸
北地之怒,Sejuani,黄金,173,69,灵魂虹吸
北地之怒,Sejuani,白银,174,44,叠角龙
北地之怒,Sejuani,棱彩,175,62,激光治疗
北地之怒,Sejuani,黄金,176,70,喂呜喂呜
北地之怒,Sejuani,白银,177,45,急救用具
北地之怒,Sejuani,白银,178,46,天音爆
北地之怒,Sejuani,白银,179,47,强力护盾
北地之怒,Sejuani,黄金,180,71,吸血习性
北地之怒,Sejuani,黄金,181,72,魄罗爆破手
北地之怒,Sejuani,棱彩,182,63,？？？
北地之怒,Sejuani,棱彩,183,64,魄罗之王的弹跳
北地之怒,Sejuani,棱彩,184,65,回响施放
北地之怒,Sejuani,棱彩,185,66,灵魄炸弹
北地之怒,Sejuani,白银,186,48,自适应防护
涤魂圣枪,Senna,黄金,1,1,暴击飞弹
涤魂圣枪,Senna,黄金,2,2,更万用的瞄准镜
涤魂圣枪,Senna,棱彩,3,1,最万用的瞄准镜
涤魂圣枪,Senna,棱彩,4,2,双发快射
涤魂圣枪,Senna,黄金,5,3,仁慈打击
涤魂圣枪,Senna,黄金,6,4,升级：无尽之刃
涤魂圣枪,Senna,白银,7,1,灵巧
涤魂圣枪,Senna,黄金,8,5,灵魂虹吸
涤魂圣枪,Senna,白银,9,2,万用瞄准镜
涤魂圣枪,Senna,黄金,10,6,暴击律动
涤魂圣枪,Senna,棱彩,11,3,巨人杀手
涤魂圣枪,Senna,棱彩,12,4,双刀流
涤魂圣枪,Senna,白银,13,3,狂热者
涤魂圣枪,Senna,棱彩,14,5,连拨击锤
涤魂圣枪,Senna,棱彩,15,6,掷骰狂人
涤魂圣枪,Senna,白银,16,4,升级：收集者
涤魂圣枪,Senna,黄金,17,7,虚幻武器
涤魂圣枪,Senna,白银,18,5,台风
涤魂圣枪,Senna,黄金,19,8,会心治疗
涤魂圣枪,Senna,白银,20,6,大力
涤魂圣枪,Senna,黄金,21,9,关键暴击
涤魂圣枪,Senna,棱彩,22,7,升级：花晓之剑
涤魂圣枪,Senna,白银,23,7,点亮他们！
涤魂圣枪,Senna,白银,24,8,由暴生急
涤魂圣枪,Senna,黄金,25,10,质变：棱彩阶
涤魂圣枪,Senna,白银,26,9,急救用具
涤魂圣枪,Senna,黄金,27,11,急速之追求
涤魂圣枪,Senna,棱彩,28,8,灵魄炸弹
涤魂圣枪,Senna,白银,29,10,会心防御
涤魂圣枪,Senna,黄金,30,12,老练狙神
涤魂圣枪,Senna,棱彩,31,9,信念者的强化
涤魂圣枪,Senna,棱彩,32,10,踢踏舞
涤魂圣枪,Senna,黄金,33,13,全心为你
涤魂圣枪,Senna,黄金,34,14,魔法飞弹
涤魂圣枪,Senna,白银,35,11,魔法转物理
涤魂圣枪,Senna,黄金,36,15,喂呜喂呜
涤魂圣枪,Senna,棱彩,37,11,无限循环往复
涤魂圣枪,Senna,黄金,38,16,易损
涤魂圣枪,Senna,棱彩,39,12,回归基本功
涤魂圣枪,Senna,棱彩,40,13,亮出你的剑
涤魂圣枪,Senna,黄金,41,17,缩小引擎
涤魂圣枪,Senna,白银,42,12,天音爆
涤魂圣枪,Senna,黄金,43,18,咏叹奏鸣
涤魂圣枪,Senna,白银,44,13,叠角龙
涤魂圣枪,Senna,白银,45,14,质变：黄金阶
涤魂圣枪,Senna,白银,46,15,家园卫士
涤魂圣枪,Senna,黄金,47,19,火上浇油
涤魂圣枪,Senna,棱彩,48,14,风语者的祝福
涤魂圣枪,Senna,棱彩,49,15,蛋白粉奶昔
涤魂圣枪,Senna,黄金,50,20,罪恶快感
涤魂圣枪,Senna,棱彩,51,16,物法皆修
涤魂圣枪,Senna,棱彩,52,17,大法师
涤魂圣枪,Senna,黄金,53,21,威能之追求
涤魂圣枪,Senna,白银,54,16,双生火焰
涤魂圣枪,Senna,棱彩,55,18,秘术冲拳
涤魂圣枪,Senna,棱彩,56,19,咒语裂变
涤魂圣枪,Senna,黄金,57,22,缩小射线
涤魂圣枪,Senna,白银,58,17,注魔
涤魂圣枪,Senna,黄金,59,23,面包和黄油
涤魂圣枪,Senna,棱彩,60,20,战争交响乐
涤魂圣枪,Senna,棱彩,61,21,死亡之环
涤魂圣枪,Senna,棱彩,62,22,珠光护手
涤魂圣枪,Senna,黄金,63,24,炽烈黎明
涤魂圣枪,Senna,棱彩,64,23,质变：混沌
涤魂圣枪,Senna,黄金,65,25,穿针引线
涤魂圣枪,Senna,黄金,66,26,神圣干预
涤魂圣枪,Senna,黄金,67,27,超凡邪恶
涤魂圣枪,Senna,棱彩,68,24,多重射击
涤魂圣枪,Senna,黄金,69,28,升级：耀光
涤魂圣枪,Senna,棱彩,70,25,精怪魔法
涤魂圣枪,Senna,棱彩,71,26,至高天诺言
涤魂圣枪,Senna,黄金,72,29,狙神飞星
涤魂圣枪,Senna,黄金,73,30,急急小子
涤魂圣枪,Senna,白银,74,18,海克斯科技龙魂
涤魂圣枪,Senna,棱彩,75,27,终极刷新
涤魂圣枪,Senna,黄金,76,31,回力OK镖
涤魂圣枪,Senna,黄金,77,32,有始有终
涤魂圣枪,Senna,黄金,78,33,循环往复
涤魂圣枪,Senna,棱彩,79,28,玻璃大炮
涤魂圣枪,Senna,黄金,80,34,贪欲束缚
涤魂圣枪,Senna,棱彩,81,29,终极唤醒
涤魂圣枪,Senna,黄金,82,35,捐赠
涤魂圣枪,Senna,白银,83,19,大师铸就
涤魂圣枪,Senna,棱彩,84,30,潘朵拉的盒子
涤魂圣枪,Senna,黄金,85,36,属性叠属性！
涤魂圣枪,Senna,棱彩,86,31,海牛阿福的勇士
涤魂圣枪,Senna,黄金,87,37,坦克引擎
涤魂圣枪,Senna,白银,88,20,侵蚀
涤魂圣枪,Senna,棱彩,89,32,科学狂人
涤魂圣枪,Senna,棱彩,90,33,全能龙魂
涤魂圣枪,Senna,白银,91,21,炼狱龙魂
涤魂圣枪,Senna,棱彩,92,34,飞身踢
涤魂圣枪,Senna,黄金,93,38,牙仙子
涤魂圣枪,Senna,白银,94,22,练腿日
涤魂圣枪,Senna,棱彩,95,35,夺金
涤魂圣枪,Senna,黄金,96,39,术士果汁盒
涤魂圣枪,Senna,白银,97,23,纯粹主义者 - 术师
涤魂圣枪,Senna,白银,98,24,海洋龙魂
涤魂圣枪,Senna,棱彩,99,36,终极九头蛇
涤魂圣枪,Senna,白银,100,25,渴血
涤魂圣枪,Senna,棱彩,101,37,属性叠属性叠属性！
涤魂圣枪,Senna,黄金,102,40,哎哟，我的硬币！
涤魂圣枪,Senna,白银,103,26,逃跑计划
涤魂圣枪,Senna,棱彩,104,38,尤里卡
涤魂圣枪,Senna,白银,105,27,扇巴掌
涤魂圣枪,Senna,黄金,106,41,自然即是治愈
涤魂圣枪,Senna,黄金,107,42,面包和果酱
涤魂圣枪,Senna,棱彩,108,39,残忍
涤魂圣枪,Senna,黄金,109,43,心灵净化
涤魂圣枪,Senna,黄金,110,44,杀戮时间到了
涤魂圣枪,Senna,棱彩,111,40,尊我为王
涤魂圣枪,Senna,黄金,112,45,升级：贪欲九头蛇
涤魂圣枪,Senna,黄金,113,46,神射法师
涤魂圣枪,Senna,黄金,114,47,夜狩
涤魂圣枪,Senna,棱彩,115,41,史上最大雪球
涤魂圣枪,Senna,白银,116,28,巫师式思考
涤魂圣枪,Senna,棱彩,117,42,你摸不到
涤魂圣枪,Senna,棱彩,118,43,吃过路兵
涤魂圣枪,Senna,白银,119,29,属性！
涤魂圣枪,Senna,黄金,120,48,尖端发明家
涤魂圣枪,Senna,黄金,121,49,吞噬灵魂
涤魂圣枪,Senna,棱彩,122,44,歌利亚巨人
涤魂圣枪,Senna,棱彩,123,45,男爵之手
涤魂圣枪,Senna,棱彩,124,46,大招工具人
涤魂圣枪,Senna,白银,125,30,火狐
涤魂圣枪,Senna,棱彩,126,47,巨像的勇气
涤魂圣枪,Senna,黄金,127,50,溢流
涤魂圣枪,Senna,黄金,128,51,闪现向前
涤魂圣枪,Senna,黄金,129,52,不动如山
涤魂圣枪,Senna,棱彩,130,48,不祥契约
涤魂圣枪,Senna,白银,131,31,防护面纱
涤魂圣枪,Senna,棱彩,132,49,扳机炼狱
涤魂圣枪,Senna,白银,133,32,唯快不破
涤魂圣枪,Senna,棱彩,134,50,炼狱导管
涤魂圣枪,Senna,黄金,135,53,生机迸发
涤魂圣枪,Senna,白银,136,33,吵闹鬼
涤魂圣枪,Senna,白银,137,34,重量级打击手
涤魂圣枪,Senna,白银,138,35,转得我眩晕了
涤魂圣枪,Senna,棱彩,139,51,沃格勒特的巫师帽
涤魂圣枪,Senna,白银,140,36,冰寒
涤魂圣枪,Senna,棱彩,141,52,魄罗蛮冲
涤魂圣枪,Senna,棱彩,142,53,泰坦的坚决
涤魂圣枪,Senna,黄金,143,54,我们的治疗
涤魂圣枪,Senna,棱彩,144,54,电涌力场
涤魂圣枪,Senna,黄金,145,55,钢化你心
涤魂圣枪,Senna,白银,146,37,山脉龙魂
涤魂圣枪,Senna,黄金,147,56,面包和奶酪
涤魂圣枪,Senna,棱彩,148,55,最终形态
涤魂圣枪,Senna,白银,149,38,杀意翻涌
涤魂圣枪,Senna,棱彩,150,56,空投熊
涤魂圣枪,Senna,棱彩,151,57,濒死悟道
涤魂圣枪,Senna,白银,152,39,由心及物
涤魂圣枪,Senna,白银,153,40,终极不可阻挡
涤魂圣枪,Senna,白银,154,41,物理转魔法
涤魂圣枪,Senna,黄金,155,57,超强大脑
涤魂圣枪,Senna,黄金,156,58,黎明使者的坚决
涤魂圣枪,Senna,黄金,157,59,轻拍背部
涤魂圣枪,Senna,棱彩,158,58,神圣雪球
涤魂圣枪,Senna,黄金,159,60,星界躯体
涤魂圣枪,Senna,黄金,160,61,鲨鱼暴风
涤魂圣枪,Senna,棱彩,161,59,利刃华尔兹
涤魂圣枪,Senna,棱彩,162,60,位面转移
涤魂圣枪,Senna,棱彩,163,61,飞升仪式
涤魂圣枪,Senna,黄金,164,62,弹球
涤魂圣枪,Senna,黄金,165,63,藏身草丛
涤魂圣枪,Senna,棱彩,166,62,软弹啪叽抓
涤魂圣枪,Senna,黄金,167,64,冰雪爆裂
涤魂圣枪,Senna,白银,168,42,俯冲轰炸
涤魂圣枪,Senna,黄金,169,65,鲨鱼诱饵
涤魂圣枪,Senna,黄金,170,66,过量延伸者
涤魂圣枪,Senna,白银,171,43,下雪天
涤魂圣枪,Senna,黄金,172,67,豪猪
涤魂圣枪,Senna,白银,173,44,升级：中娅
涤魂圣枪,Senna,黄金,174,68,吸血习性
涤魂圣枪,Senna,黄金,175,69,高压锅
涤魂圣枪,Senna,棱彩,176,63,小猫咪找妈妈
涤魂圣枪,Senna,棱彩,177,64,激光治疗
涤魂圣枪,Senna,黄金,178,70,活力焕发
涤魂圣枪,Senna,白银,179,45,坚若磐石
涤魂圣枪,Senna,黄金,180,71,魄罗爆破手
涤魂圣枪,Senna,黄金,181,72,坚韧
涤魂圣枪,Senna,黄金,182,73,升级：焚天
涤魂圣枪,Senna,黄金,183,74,无尽大杀四方
涤魂圣枪,Senna,黄金,184,75,祖母的辣椒油
涤魂圣枪,Senna,黄金,185,76,升级：雪球
涤魂圣枪,Senna,黄金,186,77,雪球扭蛋机
涤魂圣枪,Senna,白银,187,46,强力护盾
涤魂圣枪,Senna,棱彩,188,65,超负荷
涤魂圣枪,Senna,棱彩,189,66,量子计算
涤魂圣枪,Senna,白银,190,47,闪闪现现
涤魂圣枪,Senna,棱彩,191,67,小丑学院
涤魂圣枪,Senna,棱彩,192,68,和我一起困在这里
涤魂圣枪,Senna,棱彩,193,69,？？？
涤魂圣枪,Senna,棱彩,194,70,魄罗之王的弹跳
涤魂圣枪,Senna,棱彩,195,71,你肩上的恶魔
涤魂圣枪,Senna,棱彩,196,72,艾卡西亚的陷落
涤魂圣枪,Senna,棱彩,197,73,卡皮巴拉空投
涤魂圣枪,Senna,白银,198,48,升级：献祭
涤魂圣枪,Senna,棱彩,199,74,王中王，靴中靴
涤魂圣枪,Senna,棱彩,200,75,舞会女王
涤魂圣枪,Senna,白银,201,49,主玩辅助
星籁歌姬,Seraphine,黄金,1,1,老练狙神
星籁歌姬,Seraphine,黄金,2,2,魔法飞弹
星籁歌姬,Seraphine,棱彩,3,1,尤里卡
星籁歌姬,Seraphine,白银,4,1,巫师式思考
星籁歌姬,Seraphine,棱彩,5,2,大法师
星籁歌姬,Seraphine,黄金,6,3,超凡邪恶
星籁歌姬,Seraphine,黄金,7,4,狙神飞星
星籁歌姬,Seraphine,白银,8,2,纯粹主义者 - 术师
星籁歌姬,Seraphine,黄金,9,5,咏叹奏鸣
星籁歌姬,Seraphine,白银,10,3,急救用具
星籁歌姬,Seraphine,白银,11,4,天音爆
星籁歌姬,Seraphine,棱彩,12,3,无限循环往复
星籁歌姬,Seraphine,黄金,13,6,全心为你
星籁歌姬,Seraphine,黄金,14,7,炽烈黎明
星籁歌姬,Seraphine,黄金,15,8,急急小子
星籁歌姬,Seraphine,黄金,16,9,喂呜喂呜
星籁歌姬,Seraphine,白银,17,5,扇巴掌
星籁歌姬,Seraphine,黄金,18,10,急速之追求
星籁歌姬,Seraphine,棱彩,19,4,残忍
星籁歌姬,Seraphine,黄金,20,11,循环往复
星籁歌姬,Seraphine,黄金,21,12,缩小引擎
星籁歌姬,Seraphine,棱彩,22,5,信念者的强化
星籁歌姬,Seraphine,棱彩,23,6,灵魄炸弹
星籁歌姬,Seraphine,棱彩,24,7,终极刷新
星籁歌姬,Seraphine,黄金,25,13,质变：棱彩阶
星籁歌姬,Seraphine,黄金,26,14,虚幻武器
星籁歌姬,Seraphine,黄金,27,15,神圣干预
星籁歌姬,Seraphine,棱彩,28,8,终极唤醒
星籁歌姬,Seraphine,白银,29,6,双生火焰
星籁歌姬,Seraphine,黄金,30,16,贪欲束缚
星籁歌姬,Seraphine,棱彩,31,9,沃格勒特的巫师帽
星籁歌姬,Seraphine,黄金,32,17,超强大脑
星籁歌姬,Seraphine,白银,33,7,质变：黄金阶
星籁歌姬,Seraphine,棱彩,34,10,精怪魔法
星籁歌姬,Seraphine,白银,35,8,家园卫士
星籁歌姬,Seraphine,白银,36,9,加固护盾
星籁歌姬,Seraphine,白银,37,10,强力护盾
星籁歌姬,Seraphine,白银,38,11,冰寒
星籁歌姬,Seraphine,黄金,39,18,面包和奶酪
星籁歌姬,Seraphine,棱彩,40,11,超负荷
星籁歌姬,Seraphine,棱彩,41,12,风语者的祝福
星籁歌姬,Seraphine,白银,42,12,海克斯科技龙魂
星籁歌姬,Seraphine,黄金,43,19,术士果汁盒
星籁歌姬,Seraphine,黄金,44,20,杀戮时间到了
星籁歌姬,Seraphine,黄金,45,21,面包和黄油
星籁歌姬,Seraphine,棱彩,46,13,至高天诺言
星籁歌姬,Seraphine,棱彩,47,14,炼狱导管
星籁歌姬,Seraphine,黄金,48,22,威能之追求
星籁歌姬,Seraphine,棱彩,49,15,珠光护手
星籁歌姬,Seraphine,白银,50,13,大师铸就
星籁歌姬,Seraphine,黄金,51,23,回力OK镖
星籁歌姬,Seraphine,白银,52,14,物理转魔法
星籁歌姬,Seraphine,黄金,53,24,面包和果酱
星籁歌姬,Seraphine,白银,54,15,海洋龙魂
星籁歌姬,Seraphine,白银,55,16,侵蚀
星籁歌姬,Seraphine,白银,56,17,炼狱龙魂
星籁歌姬,Seraphine,棱彩,57,16,质变：混沌
星籁歌姬,Seraphine,黄金,58,25,穿针引线
星籁歌姬,Seraphine,棱彩,59,17,掷骰狂人
星籁歌姬,Seraphine,黄金,60,26,捐赠
星籁歌姬,Seraphine,白银,61,18,练腿日
星籁歌姬,Seraphine,白银,62,19,升级：中娅
星籁歌姬,Seraphine,棱彩,63,18,巨人杀手
星籁歌姬,Seraphine,黄金,64,27,属性叠属性！
星籁歌姬,Seraphine,棱彩,65,19,死亡之环
星籁歌姬,Seraphine,棱彩,66,20,蛋白粉奶昔
星籁歌姬,Seraphine,棱彩,67,21,玻璃大炮
星籁歌姬,Seraphine,棱彩,68,22,大招工具人
星籁歌姬,Seraphine,黄金,69,28,有始有终
星籁歌姬,Seraphine,黄金,70,29,炽燃利息
星籁歌姬,Seraphine,黄金,71,30,自然即是治愈
星籁歌姬,Seraphine,黄金,72,31,神射法师
星籁歌姬,Seraphine,白银,73,20,火狐
星籁歌姬,Seraphine,棱彩,74,23,潘朵拉的盒子
星籁歌姬,Seraphine,黄金,75,32,不动如山
星籁歌姬,Seraphine,黄金,76,33,会心治疗
星籁歌姬,Seraphine,黄金,77,34,吞噬灵魂
星籁歌姬,Seraphine,白银,78,21,由心及物
星籁歌姬,Seraphine,棱彩,79,24,巨像的勇气
星籁歌姬,Seraphine,白银,80,22,逃跑计划
星籁歌姬,Seraphine,黄金,81,35,溢流
星籁歌姬,Seraphine,棱彩,82,25,科学狂人
星籁歌姬,Seraphine,棱彩,83,26,回归基本功
星籁歌姬,Seraphine,白银,84,23,终极不可阻挡
星籁歌姬,Seraphine,黄金,85,36,哎哟，我的硬币！
星籁歌姬,Seraphine,棱彩,86,27,史上最大雪球
星籁歌姬,Seraphine,黄金,87,37,牙仙子
星籁歌姬,Seraphine,棱彩,88,28,升级：花晓之剑
星籁歌姬,Seraphine,棱彩,89,29,全能龙魂
星籁歌姬,Seraphine,白银,90,24,防护面纱
星籁歌姬,Seraphine,白银,91,25,属性！
星籁歌姬,Seraphine,棱彩,92,30,你摸不到
星籁歌姬,Seraphine,棱彩,93,31,飞身踢
星籁歌姬,Seraphine,棱彩,94,32,夺金
星籁歌姬,Seraphine,黄金,95,38,闪现向前
星籁歌姬,Seraphine,黄金,96,39,尖端发明家
星籁歌姬,Seraphine,棱彩,97,33,海牛阿福的勇士
星籁歌姬,Seraphine,棱彩,98,34,秘术冲拳
星籁歌姬,Seraphine,白银,99,26,渴血
星籁歌姬,Seraphine,棱彩,100,35,属性叠属性叠属性！
星籁歌姬,Seraphine,白银,101,27,注魔
星籁歌姬,Seraphine,黄金,102,40,心灵净化
星籁歌姬,Seraphine,棱彩,103,36,男爵之手
星籁歌姬,Seraphine,棱彩,104,37,不祥契约
星籁歌姬,Seraphine,黄金,105,41,生机迸发
星籁歌姬,Seraphine,黄金,106,42,坦克引擎
星籁歌姬,Seraphine,棱彩,107,38,尊我为王
星籁歌姬,Seraphine,白银,108,28,山脉龙魂
星籁歌姬,Seraphine,黄金,109,43,轻拍背部
星籁歌姬,Seraphine,黄金,110,44,我们的治疗
星籁歌姬,Seraphine,棱彩,111,39,电涌力场
星籁歌姬,Seraphine,黄金,112,45,火上浇油
星籁歌姬,Seraphine,黄金,113,46,鲨鱼暴风
星籁歌姬,Seraphine,白银,114,29,吵闹鬼
星籁歌姬,Seraphine,棱彩,115,40,空投熊
星籁歌姬,Seraphine,白银,116,30,杀意翻涌
星籁歌姬,Seraphine,棱彩,117,41,魄罗蛮冲
星籁歌姬,Seraphine,黄金,118,47,弹球
星籁歌姬,Seraphine,白银,119,31,下雪天
星籁歌姬,Seraphine,白银,120,32,唯快不破
星籁歌姬,Seraphine,棱彩,121,42,最终形态
星籁歌姬,Seraphine,黄金,122,48,黎明使者的坚决
星籁歌姬,Seraphine,棱彩,123,43,歌利亚巨人
星籁歌姬,Seraphine,白银,124,33,俯冲轰炸
星籁歌姬,Seraphine,棱彩,125,44,物法皆修
星籁歌姬,Seraphine,棱彩,126,45,扳机炼狱
星籁歌姬,Seraphine,棱彩,127,46,吃过路兵
星籁歌姬,Seraphine,白银,128,34,点亮他们！
星籁歌姬,Seraphine,黄金,129,49,缩小射线
星籁歌姬,Seraphine,黄金,130,50,冰雪爆裂
星籁歌姬,Seraphine,黄金,131,51,鲨鱼诱饵
星籁歌姬,Seraphine,白银,132,35,灵巧
星籁歌姬,Seraphine,白银,133,36,转得我眩晕了
星籁歌姬,Seraphine,黄金,134,52,更万用的瞄准镜
星籁歌姬,Seraphine,黄金,135,53,罪恶快感
星籁歌姬,Seraphine,白银,136,37,万用瞄准镜
星籁歌姬,Seraphine,黄金,137,54,星界躯体
星籁歌姬,Seraphine,棱彩,138,47,位面转移
星籁歌姬,Seraphine,黄金,139,55,藏身草丛
星籁歌姬,Seraphine,棱彩,140,48,神圣雪球
星籁歌姬,Seraphine,棱彩,141,49,软弹啪叽抓
星籁歌姬,Seraphine,黄金,142,56,夜狩
星籁歌姬,Seraphine,棱彩,143,50,泰坦的坚决
星籁歌姬,Seraphine,棱彩,144,51,最万用的瞄准镜
星籁歌姬,Seraphine,黄金,145,57,升级：耀光
星籁歌姬,Seraphine,黄金,146,58,过量延伸者
星籁歌姬,Seraphine,黄金,147,59,豪猪
星籁歌姬,Seraphine,棱彩,148,52,踢踏舞
星籁歌姬,Seraphine,黄金,149,60,高压锅
星籁歌姬,Seraphine,白银,150,38,重量级打击手
星籁歌姬,Seraphine,黄金,151,61,钢化你心
星籁歌姬,Seraphine,棱彩,152,53,战争交响乐
星籁歌姬,Seraphine,棱彩,153,54,利刃华尔兹
星籁歌姬,Seraphine,黄金,154,62,祖母的辣椒油
星籁歌姬,Seraphine,棱彩,155,55,激光治疗
星籁歌姬,Seraphine,棱彩,156,56,小猫咪找妈妈
星籁歌姬,Seraphine,黄金,157,63,魄罗爆破手
星籁歌姬,Seraphine,白银,158,39,闪闪现现
星籁歌姬,Seraphine,黄金,159,64,坚韧
星籁歌姬,Seraphine,黄金,160,65,活力焕发
星籁歌姬,Seraphine,黄金,161,66,易损
星籁歌姬,Seraphine,黄金,162,67,关键暴击
星籁歌姬,Seraphine,白银,163,40,坚若磐石
星籁歌姬,Seraphine,黄金,164,68,吸血习性
星籁歌姬,Seraphine,黄金,165,69,灵魂虹吸
星籁歌姬,Seraphine,黄金,166,70,暴击飞弹
星籁歌姬,Seraphine,黄金,167,71,雪球扭蛋机
星籁歌姬,Seraphine,白银,168,41,闪光弹
星籁歌姬,Seraphine,黄金,169,72,升级：雪球
星籁歌姬,Seraphine,黄金,170,73,仁慈打击
星籁歌姬,Seraphine,棱彩,171,57,量子计算
星籁歌姬,Seraphine,棱彩,172,58,小丑学院
星籁歌姬,Seraphine,棱彩,173,59,卡皮巴拉空投
星籁歌姬,Seraphine,白银,174,42,会心防御
星籁歌姬,Seraphine,黄金,175,74,最终都市列车
星籁歌姬,Seraphine,白银,176,43,台风
星籁歌姬,Seraphine,棱彩,177,60,？？？
星籁歌姬,Seraphine,棱彩,178,61,双发快射
星籁歌姬,Seraphine,白银,179,44,叠角龙
星籁歌姬,Seraphine,棱彩,180,62,魄罗之王的弹跳
星籁歌姬,Seraphine,白银,181,45,狂热者
星籁歌姬,Seraphine,白银,182,46,由暴生急
星籁歌姬,Seraphine,白银,183,47,主玩辅助
星籁歌姬,Seraphine,棱彩,184,63,连拨击锤
星籁歌姬,Seraphine,棱彩,185,64,双刀流
星籁歌姬,Seraphine,黄金,186,75,暴击律动
星籁歌姬,Seraphine,白银,187,48,可靠武器
星籁歌姬,Seraphine,白银,188,49,自适应防护
腕豪,Sett,黄金,1,1,坦克引擎
腕豪,Sett,白银,2,1,重量级打击手
腕豪,Sett,棱彩,3,1,飞身踢
腕豪,Sett,黄金,4,2,钢化你心
腕豪,Sett,黄金,5,3,星界躯体
腕豪,Sett,棱彩,6,2,歌利亚巨人
腕豪,Sett,白银,7,2,大力
腕豪,Sett,黄金,8,4,黎明使者的坚决
腕豪,Sett,棱彩,9,3,泰坦的坚决
腕豪,Sett,黄金,10,5,质变：棱彩阶
腕豪,Sett,黄金,11,6,高压锅
腕豪,Sett,白银,12,3,渴血
腕豪,Sett,黄金,13,7,吞噬灵魂
腕豪,Sett,棱彩,14,4,艾卡西亚的陷落
腕豪,Sett,棱彩,15,5,最终形态
腕豪,Sett,黄金,16,8,快步
腕豪,Sett,黄金,17,9,面包和果酱
腕豪,Sett,白银,18,4,升级：献祭
腕豪,Sett,棱彩,19,6,和我一起困在这里
腕豪,Sett,黄金,20,10,杀戮时间到了
腕豪,Sett,棱彩,21,7,秘术冲拳
腕豪,Sett,白银,22,5,质变：黄金阶
腕豪,Sett,棱彩,23,8,终极刷新
腕豪,Sett,白银,24,6,魔法转物理
腕豪,Sett,白银,25,7,练腿日
腕豪,Sett,白银,26,8,扇巴掌
腕豪,Sett,黄金,27,11,威能之追求
腕豪,Sett,白银,28,9,加固护盾
腕豪,Sett,黄金,29,12,循环往复
腕豪,Sett,白银,30,10,逃跑计划
腕豪,Sett,棱彩,31,9,回响施放
腕豪,Sett,黄金,32,13,闪现向前
腕豪,Sett,黄金,33,14,生机迸发
腕豪,Sett,黄金,34,15,无尽大杀四方
腕豪,Sett,黄金,35,16,小小的额外帮助
腕豪,Sett,黄金,36,17,不动如山
腕豪,Sett,黄金,37,18,贪欲束缚
腕豪,Sett,棱彩,38,10,巨像的勇气
腕豪,Sett,棱彩,39,11,终极唤醒
腕豪,Sett,黄金,40,19,急速之追求
腕豪,Sett,白银,41,11,终极不可阻挡
腕豪,Sett,黄金,42,20,捐赠
腕豪,Sett,黄金,43,21,尖端发明家
腕豪,Sett,白银,44,12,前进时间到
腕豪,Sett,白银,45,13,大师铸就
腕豪,Sett,棱彩,46,12,质变：混沌
腕豪,Sett,黄金,47,22,升级：焚天
腕豪,Sett,棱彩,48,13,史上最大雪球
腕豪,Sett,黄金,49,23,属性叠属性！
腕豪,Sett,黄金,50,24,豪猪
腕豪,Sett,棱彩,51,14,珠光护手
腕豪,Sett,棱彩,52,15,科学狂人
腕豪,Sett,白银,53,14,俯冲轰炸
腕豪,Sett,棱彩,54,16,掷骰狂人
腕豪,Sett,黄金,55,25,弹球
腕豪,Sett,黄金,56,26,更万用的瞄准镜
腕豪,Sett,黄金,57,27,面包和奶酪
腕豪,Sett,黄金,58,28,自然即是治愈
腕豪,Sett,白银,59,15,下雪天
腕豪,Sett,黄金,60,29,心灵净化
腕豪,Sett,棱彩,61,17,终极九头蛇
腕豪,Sett,棱彩,62,18,你摸不到
腕豪,Sett,棱彩,63,19,精怪魔法
腕豪,Sett,黄金,64,30,冰雪爆裂
腕豪,Sett,黄金,65,31,升级：贪欲九头蛇
腕豪,Sett,黄金,66,32,轻拍背部
腕豪,Sett,白银,67,16,升级：死亡之舞
腕豪,Sett,黄金,68,33,神圣干预
腕豪,Sett,棱彩,69,20,潘朵拉的盒子
腕豪,Sett,白银,70,17,杀意翻涌
腕豪,Sett,黄金,71,34,罪恶快感
腕豪,Sett,黄金,72,35,面包和黄油
腕豪,Sett,棱彩,73,21,回归基本功
腕豪,Sett,棱彩,74,22,神圣雪球
腕豪,Sett,白银,75,18,万用瞄准镜
腕豪,Sett,黄金,76,36,升级：无尽之刃
腕豪,Sett,黄金,77,37,缩小引擎
腕豪,Sett,黄金,78,38,牙仙子
腕豪,Sett,黄金,79,39,我们的治疗
腕豪,Sett,黄金,80,40,鲨鱼暴风
腕豪,Sett,棱彩,81,23,无限循环往复
腕豪,Sett,黄金,82,41,虚幻武器
腕豪,Sett,白银,83,19,灵巧
腕豪,Sett,棱彩,84,24,飞升仪式
腕豪,Sett,棱彩,85,25,利刃华尔兹
腕豪,Sett,白银,86,20,转得我眩晕了
腕豪,Sett,白银,87,21,属性！
腕豪,Sett,黄金,88,42,过量延伸者
腕豪,Sett,黄金,89,43,鲨鱼诱饵
腕豪,Sett,黄金,90,44,灵魂虹吸
腕豪,Sett,棱彩,91,26,海牛阿福的勇士
腕豪,Sett,棱彩,92,27,尊我为王
腕豪,Sett,棱彩,93,28,扳机炼狱
腕豪,Sett,黄金,94,45,哎哟，我的硬币！
腕豪,Sett,棱彩,95,29,战争交响乐
腕豪,Sett,棱彩,96,30,最万用的瞄准镜
腕豪,Sett,黄金,97,46,缩小射线
腕豪,Sett,棱彩,98,31,大法师
腕豪,Sett,棱彩,99,32,大招工具人
腕豪,Sett,棱彩,100,33,双刀流
腕豪,Sett,棱彩,101,34,软弹啪叽抓
腕豪,Sett,棱彩,102,35,针插垫
腕豪,Sett,棱彩,103,36,濒死悟道
腕豪,Sett,棱彩,104,37,全能龙魂
腕豪,Sett,白银,105,22,台风
腕豪,Sett,棱彩,106,38,属性叠属性叠属性！
腕豪,Sett,白银,107,23,家园卫士
腕豪,Sett,黄金,108,47,夜狩
腕豪,Sett,白银,109,24,山脉龙魂
腕豪,Sett,黄金,110,48,火上浇油
腕豪,Sett,棱彩,111,39,吃过路兵
腕豪,Sett,白银,112,25,炼狱龙魂
腕豪,Sett,白银,113,26,升级：收集者
腕豪,Sett,黄金,114,49,易损
腕豪,Sett,棱彩,115,40,舞会女王
腕豪,Sett,黄金,116,50,穿针引线
腕豪,Sett,黄金,117,51,关键暴击
腕豪,Sett,白银,118,27,侵蚀
腕豪,Sett,黄金,119,52,急急小子
腕豪,Sett,棱彩,120,41,巨人杀手
腕豪,Sett,白银,121,28,会心防御
腕豪,Sett,黄金,122,53,术士果汁盒
腕豪,Sett,白银,123,29,防护面纱
腕豪,Sett,黄金,124,54,咏叹奏鸣
腕豪,Sett,黄金,125,55,有始有终
腕豪,Sett,白银,126,30,海洋龙魂
腕豪,Sett,白银,127,31,海克斯科技龙魂
腕豪,Sett,棱彩,128,42,连拨击锤
腕豪,Sett,棱彩,129,43,空投熊
腕豪,Sett,白银,130,32,暗影疾奔
腕豪,Sett,棱彩,131,44,踢踏舞
腕豪,Sett,棱彩,132,45,男爵之手
腕豪,Sett,黄金,133,56,回力OK镖
腕豪,Sett,白银,134,33,纯粹主义者 - 术师
腕豪,Sett,棱彩,135,46,大地苏醒
腕豪,Sett,白银,136,34,快中求稳
腕豪,Sett,棱彩,137,47,双发快射
腕豪,Sett,棱彩,138,48,全凭身法
腕豪,Sett,棱彩,139,49,电涌力场
腕豪,Sett,棱彩,140,50,夺金
腕豪,Sett,棱彩,141,51,位面转移
腕豪,Sett,白银,142,35,吵闹鬼
腕豪,Sett,白银,143,36,火狐
腕豪,Sett,棱彩,144,52,残忍
腕豪,Sett,黄金,145,57,藏身草丛
腕豪,Sett,黄金,146,58,狂徒豪气
腕豪,Sett,棱彩,147,53,魄罗蛮冲
腕豪,Sett,黄金,148,59,暴击律动
腕豪,Sett,棱彩,149,54,至高天诺言
腕豪,Sett,白银,150,37,冰寒
腕豪,Sett,黄金,151,60,升级：耀光
腕豪,Sett,黄金,152,61,炽烈黎明
腕豪,Sett,白银,153,38,唯快不破
腕豪,Sett,白银,154,39,双生火焰
腕豪,Sett,棱彩,155,55,炼狱导管
腕豪,Sett,白银,156,40,由暴生急
腕豪,Sett,白银,157,41,闪闪现现
腕豪,Sett,白银,158,42,闪光弹
腕豪,Sett,棱彩,159,56,玻璃大炮
腕豪,Sett,黄金,160,62,魔法飞弹
腕豪,Sett,白银,161,43,点亮他们！
腕豪,Sett,黄金,162,63,坚韧
腕豪,Sett,黄金,163,64,会心治疗
腕豪,Sett,白银,164,44,强力护盾
腕豪,Sett,黄金,165,65,吸血习性
腕豪,Sett,白银,166,45,急救用具
腕豪,Sett,棱彩,167,57,灵魄炸弹
腕豪,Sett,棱彩,168,58,蛋白粉奶昔
腕豪,Sett,白银,169,46,坚若磐石
腕豪,Sett,黄金,170,66,活力焕发
腕豪,Sett,棱彩,171,59,量子计算
腕豪,Sett,黄金,172,67,升级：雪球
腕豪,Sett,黄金,173,68,雪球扭蛋机
腕豪,Sett,黄金,174,69,最终都市列车
腕豪,Sett,棱彩,175,60,小丑学院
腕豪,Sett,棱彩,176,61,风语者的祝福
腕豪,Sett,棱彩,177,62,超负荷
腕豪,Sett,白银,178,47,虹吸
腕豪,Sett,白银,179,48,叠角龙
腕豪,Sett,黄金,180,70,魄罗爆破手
腕豪,Sett,黄金,181,71,喂呜喂呜
腕豪,Sett,棱彩,182,63,卡皮巴拉空投
腕豪,Sett,棱彩,183,64,升级：花晓之剑
腕豪,Sett,棱彩,184,65,魄罗之王的弹跳
腕豪,Sett,黄金,185,72,神射法师
腕豪,Sett,棱彩,186,66,激光治疗
腕豪,Sett,棱彩,187,67,？？？
腕豪,Sett,棱彩,188,68,你肩上的恶魔
腕豪,Sett,白银,189,49,可靠武器
腕豪,Sett,白银,190,50,自适应防护
恶魔小丑,Shaco,白银,1,1,暗影疾奔
恶魔小丑,Shaco,黄金,2,1,夜狩
恶魔小丑,Shaco,棱彩,3,1,全凭身法
恶魔小丑,Shaco,黄金,4,2,牙仙子
恶魔小丑,Shaco,棱彩,5,2,尤里卡
恶魔小丑,Shaco,棱彩,6,3,无限循环往复
恶魔小丑,Shaco,黄金,7,3,藏身草丛
恶魔小丑,Shaco,黄金,8,4,升级：无尽之刃
恶魔小丑,Shaco,白银,9,2,升级：收集者
恶魔小丑,Shaco,黄金,10,5,魔法飞弹
恶魔小丑,Shaco,黄金,11,6,罪恶快感
恶魔小丑,Shaco,黄金,12,7,超凡邪恶
恶魔小丑,Shaco,棱彩,13,4,飞升仪式
恶魔小丑,Shaco,棱彩,14,5,大法师
恶魔小丑,Shaco,黄金,15,8,质变：棱彩阶
恶魔小丑,Shaco,黄金,16,9,急急小子
恶魔小丑,Shaco,棱彩,17,6,利刃华尔兹
恶魔小丑,Shaco,白银,18,3,巫师式思考
恶魔小丑,Shaco,黄金,19,10,虚幻武器
恶魔小丑,Shaco,白银,20,4,纯粹主义者 - 术师
恶魔小丑,Shaco,黄金,21,11,缩小引擎
恶魔小丑,Shaco,黄金,22,12,循环往复
恶魔小丑,Shaco,白银,23,5,大力
恶魔小丑,Shaco,黄金,24,13,急速之追求
恶魔小丑,Shaco,黄金,25,14,易损
恶魔小丑,Shaco,黄金,26,15,贪欲束缚
恶魔小丑,Shaco,黄金,27,16,面包和果酱
恶魔小丑,Shaco,黄金,28,17,有始有终
恶魔小丑,Shaco,棱彩,29,7,沃格勒特的巫师帽
恶魔小丑,Shaco,白银,30,6,扇巴掌
恶魔小丑,Shaco,棱彩,31,8,掷骰狂人
恶魔小丑,Shaco,棱彩,32,9,残忍
恶魔小丑,Shaco,黄金,33,18,狙神飞星
恶魔小丑,Shaco,棱彩,34,10,炼狱导管
恶魔小丑,Shaco,黄金,35,19,仆从大师
恶魔小丑,Shaco,黄金,36,20,炽燃利息
恶魔小丑,Shaco,棱彩,37,11,科学狂人
恶魔小丑,Shaco,白银,38,7,杀意翻涌
恶魔小丑,Shaco,棱彩,39,12,吃过路兵
恶魔小丑,Shaco,黄金,40,21,面包和黄油
恶魔小丑,Shaco,黄金,41,22,升级：耀光
恶魔小丑,Shaco,黄金,42,23,穿针引线
恶魔小丑,Shaco,棱彩,43,13,珠光护手
恶魔小丑,Shaco,棱彩,44,14,玻璃大炮
恶魔小丑,Shaco,棱彩,45,15,三重射击
恶魔小丑,Shaco,黄金,46,24,威能之追求
恶魔小丑,Shaco,黄金,47,25,关键暴击
恶魔小丑,Shaco,白银,48,8,质变：黄金阶
恶魔小丑,Shaco,棱彩,49,16,终极唤醒
恶魔小丑,Shaco,白银,50,9,魔法转物理
恶魔小丑,Shaco,黄金,51,26,灵魂虹吸
恶魔小丑,Shaco,黄金,52,27,杀戮时间到了
恶魔小丑,Shaco,白银,53,10,双生火焰
恶魔小丑,Shaco,白银,54,11,大师铸就
恶魔小丑,Shaco,黄金,55,28,面包和奶酪
恶魔小丑,Shaco,黄金,56,29,捐赠
恶魔小丑,Shaco,棱彩,57,17,巨人杀手
恶魔小丑,Shaco,棱彩,58,18,质变：混沌
恶魔小丑,Shaco,白银,59,12,逃跑计划
恶魔小丑,Shaco,棱彩,60,19,终极刷新
恶魔小丑,Shaco,白银,61,13,狂热者
恶魔小丑,Shaco,白银,62,14,俯冲轰炸
恶魔小丑,Shaco,黄金,63,30,无尽大杀四方
恶魔小丑,Shaco,黄金,64,31,属性叠属性！
恶魔小丑,Shaco,黄金,65,32,闪现向前
恶魔小丑,Shaco,黄金,66,33,神射法师
恶魔小丑,Shaco,白银,67,15,炼狱龙魂
恶魔小丑,Shaco,白银,68,16,物理转魔法
恶魔小丑,Shaco,黄金,69,34,术士果汁盒
恶魔小丑,Shaco,白银,70,17,快中求稳
恶魔小丑,Shaco,白银,71,18,家园卫士
恶魔小丑,Shaco,棱彩,72,20,最终形态
恶魔小丑,Shaco,黄金,73,35,暴击飞弹
恶魔小丑,Shaco,棱彩,74,21,史上最大雪球
恶魔小丑,Shaco,黄金,75,36,回力OK镖
恶魔小丑,Shaco,黄金,76,37,心灵净化
恶魔小丑,Shaco,白银,77,19,渴血
恶魔小丑,Shaco,棱彩,78,22,空投熊
恶魔小丑,Shaco,棱彩,79,23,回归基本功
恶魔小丑,Shaco,棱彩,80,24,双发快射
恶魔小丑,Shaco,棱彩,81,25,连拨击锤
恶魔小丑,Shaco,棱彩,82,26,双刀流
恶魔小丑,Shaco,白银,83,20,由暴生急
恶魔小丑,Shaco,棱彩,84,27,潘朵拉的盒子
恶魔小丑,Shaco,黄金,85,38,升级：贪欲九头蛇
恶魔小丑,Shaco,棱彩,86,28,尊我为王
恶魔小丑,Shaco,白银,87,21,会心防御
恶魔小丑,Shaco,白银,88,22,防护面纱
恶魔小丑,Shaco,黄金,89,39,哎哟，我的硬币！
恶魔小丑,Shaco,棱彩,90,29,海牛阿福的勇士
恶魔小丑,Shaco,白银,91,23,练腿日
恶魔小丑,Shaco,黄金,92,40,更万用的瞄准镜
恶魔小丑,Shaco,黄金,93,41,鲨鱼诱饵
恶魔小丑,Shaco,棱彩,94,30,终极九头蛇
恶魔小丑,Shaco,棱彩,95,31,飞身踢
恶魔小丑,Shaco,棱彩,96,32,秘术冲拳
恶魔小丑,Shaco,黄金,97,42,弹球
恶魔小丑,Shaco,棱彩,98,33,物法皆修
恶魔小丑,Shaco,棱彩,99,34,全能龙魂
恶魔小丑,Shaco,棱彩,100,35,和我一起困在这里
恶魔小丑,Shaco,白银,101,24,台风
恶魔小丑,Shaco,棱彩,102,36,神圣雪球
恶魔小丑,Shaco,白银,103,25,侵蚀
恶魔小丑,Shaco,黄金,104,43,暴击律动
恶魔小丑,Shaco,棱彩,105,37,属性叠属性叠属性！
恶魔小丑,Shaco,黄金,106,44,冰雪爆裂
恶魔小丑,Shaco,白银,107,26,海克斯科技龙魂
恶魔小丑,Shaco,棱彩,108,38,你摸不到
恶魔小丑,Shaco,棱彩,109,39,位面转移
恶魔小丑,Shaco,黄金,110,45,鲨鱼暴风
恶魔小丑,Shaco,白银,111,27,升级：中娅
恶魔小丑,Shaco,黄金,112,46,尖端发明家
恶魔小丑,Shaco,棱彩,113,40,歌利亚巨人
恶魔小丑,Shaco,白银,114,28,冰寒
恶魔小丑,Shaco,黄金,115,47,吞噬灵魂
恶魔小丑,Shaco,白银,116,29,属性！
恶魔小丑,Shaco,白银,117,30,火狐
恶魔小丑,Shaco,黄金,118,48,狂徒豪气
恶魔小丑,Shaco,棱彩,119,41,夺金
恶魔小丑,Shaco,黄金,120,49,神圣干预
恶魔小丑,Shaco,白银,121,31,海洋龙魂
恶魔小丑,Shaco,白银,122,32,终极不可阻挡
恶魔小丑,Shaco,黄金,123,50,自然即是治愈
恶魔小丑,Shaco,白银,124,33,下雪天
恶魔小丑,Shaco,白银,125,34,唯快不破
恶魔小丑,Shaco,黄金,126,51,升级：焚天
恶魔小丑,Shaco,黄金,127,52,不动如山
恶魔小丑,Shaco,黄金,128,53,超强大脑
恶魔小丑,Shaco,棱彩,129,42,大招工具人
恶魔小丑,Shaco,棱彩,130,43,不祥契约
恶魔小丑,Shaco,棱彩,131,44,最万用的瞄准镜
恶魔小丑,Shaco,黄金,132,54,炽烈黎明
恶魔小丑,Shaco,白银,133,35,注魔
恶魔小丑,Shaco,黄金,134,55,轻拍背部
恶魔小丑,Shaco,黄金,135,56,生机迸发
恶魔小丑,Shaco,棱彩,136,45,舞会女王
恶魔小丑,Shaco,棱彩,137,46,大地苏醒
恶魔小丑,Shaco,白银,138,36,灵巧
恶魔小丑,Shaco,黄金,139,57,火上浇油
恶魔小丑,Shaco,黄金,140,58,坦克引擎
恶魔小丑,Shaco,棱彩,141,47,扳机炼狱
恶魔小丑,Shaco,白银,142,37,万用瞄准镜
恶魔小丑,Shaco,黄金,143,59,过量延伸者
恶魔小丑,Shaco,黄金,144,60,缩小射线
恶魔小丑,Shaco,白银,145,38,升级：死亡之舞
恶魔小丑,Shaco,棱彩,146,48,男爵之手
恶魔小丑,Shaco,棱彩,147,49,巨像的勇气
恶魔小丑,Shaco,黄金,148,61,溢流
恶魔小丑,Shaco,黄金,149,62,黎明使者的坚决
恶魔小丑,Shaco,棱彩,150,50,濒死悟道
恶魔小丑,Shaco,棱彩,151,51,魄罗蛮冲
恶魔小丑,Shaco,白银,152,39,山脉龙魂
恶魔小丑,Shaco,黄金,153,63,咏叹奏鸣
恶魔小丑,Shaco,白银,154,40,转得我眩晕了
恶魔小丑,Shaco,黄金,155,64,钢化你心
恶魔小丑,Shaco,棱彩,156,52,电涌力场
恶魔小丑,Shaco,白银,157,41,重量级打击手
恶魔小丑,Shaco,棱彩,158,53,战争交响乐
恶魔小丑,Shaco,棱彩,159,54,泰坦的坚决
恶魔小丑,Shaco,黄金,160,65,豪猪
恶魔小丑,Shaco,白银,161,42,吵闹鬼
恶魔小丑,Shaco,棱彩,162,55,踢踏舞
恶魔小丑,Shaco,黄金,163,66,星界躯体
恶魔小丑,Shaco,黄金,164,67,高压锅
恶魔小丑,Shaco,棱彩,165,56,软弹啪叽抓
恶魔小丑,Shaco,黄金,166,68,我们的治疗
恶魔小丑,Shaco,白银,167,43,由心及物
恶魔小丑,Shaco,白银,168,44,点亮他们！
恶魔小丑,Shaco,棱彩,169,57,小丑学院
恶魔小丑,Shaco,白银,170,45,升级：献祭
恶魔小丑,Shaco,棱彩,171,58,艾卡西亚的陷落
恶魔小丑,Shaco,黄金,172,69,吸血习性
恶魔小丑,Shaco,白银,173,46,闪闪现现
恶魔小丑,Shaco,白银,174,47,闪光弹
恶魔小丑,Shaco,黄金,175,70,升级：雪球
恶魔小丑,Shaco,黄金,176,71,魄罗爆破手
恶魔小丑,Shaco,黄金,177,72,祖母的辣椒油
恶魔小丑,Shaco,黄金,178,73,最终都市列车
恶魔小丑,Shaco,棱彩,179,59,量子计算
恶魔小丑,Shaco,黄金,180,74,活力焕发
恶魔小丑,Shaco,黄金,181,75,会心治疗
恶魔小丑,Shaco,黄金,182,76,雪球扭蛋机
恶魔小丑,Shaco,棱彩,183,60,超负荷
恶魔小丑,Shaco,白银,184,48,坚若磐石
恶魔小丑,Shaco,黄金,185,77,虚空冲刺
恶魔小丑,Shaco,黄金,186,78,坚韧
恶魔小丑,Shaco,棱彩,187,61,回响施放
恶魔小丑,Shaco,白银,188,49,可靠武器
恶魔小丑,Shaco,棱彩,189,62,卡皮巴拉空投
恶魔小丑,Shaco,棱彩,190,63,魄罗之王的弹跳
恶魔小丑,Shaco,白银,191,50,叠角龙
恶魔小丑,Shaco,棱彩,192,64,王中王，靴中靴
恶魔小丑,Shaco,棱彩,193,65,？？？
恶魔小丑,Shaco,棱彩,194,66,你肩上的恶魔
恶魔小丑,Shaco,白银,195,51,虹吸
恶魔小丑,Shaco,白银,196,52,强力护盾
恶魔小丑,Shaco,白银,197,53,自适应防护
暮光之眼,Shen,黄金,1,1,坦克引擎
暮光之眼,Shen,白银,2,1,重量级打击手
暮光之眼,Shen,黄金,3,2,钢化你心
暮光之眼,Shen,棱彩,4,1,歌利亚巨人
暮光之眼,Shen,黄金,5,3,星界躯体
暮光之眼,Shen,黄金,6,4,黎明使者的坚决
暮光之眼,Shen,棱彩,7,2,泰坦的坚决
暮光之眼,Shen,黄金,8,5,高压锅
暮光之眼,Shen,白银,9,2,扇巴掌
暮光之眼,Shen,棱彩,10,3,巨像的勇气
暮光之眼,Shen,黄金,11,6,吞噬灵魂
暮光之眼,Shen,棱彩,12,4,艾卡西亚的陷落
暮光之眼,Shen,棱彩,13,5,秘术冲拳
暮光之眼,Shen,棱彩,14,6,飞身踢
暮光之眼,Shen,黄金,15,7,不动如山
暮光之眼,Shen,黄金,16,8,质变：棱彩阶
暮光之眼,Shen,黄金,17,9,神圣干预
暮光之眼,Shen,黄金,18,10,贪欲束缚
暮光之眼,Shen,白银,19,3,质变：黄金阶
暮光之眼,Shen,白银,20,4,逃跑计划
暮光之眼,Shen,白银,21,5,渴血
暮光之眼,Shen,黄金,22,11,面包和奶酪
暮光之眼,Shen,白银,23,6,练腿日
暮光之眼,Shen,白银,24,7,大力
暮光之眼,Shen,白银,25,8,升级：献祭
暮光之眼,Shen,棱彩,26,7,回归基本功
暮光之眼,Shen,白银,27,9,防护面纱
暮光之眼,Shen,黄金,28,12,豪猪
暮光之眼,Shen,黄金,29,13,无尽大杀四方
暮光之眼,Shen,黄金,30,14,生机迸发
暮光之眼,Shen,白银,31,10,大师铸就
暮光之眼,Shen,白银,32,11,快中求稳
暮光之眼,Shen,黄金,33,15,我们的治疗
暮光之眼,Shen,黄金,34,16,循环往复
暮光之眼,Shen,棱彩,35,8,残忍
暮光之眼,Shen,黄金,36,17,尖端发明家
暮光之眼,Shen,棱彩,37,9,史上最大雪球
暮光之眼,Shen,棱彩,38,10,质变：混沌
暮光之眼,Shen,棱彩,39,11,全凭身法
暮光之眼,Shen,白银,40,12,暗影疾奔
暮光之眼,Shen,棱彩,41,12,掷骰狂人
暮光之眼,Shen,白银,42,13,台风
暮光之眼,Shen,黄金,43,18,捐赠
暮光之眼,Shen,黄金,44,19,属性叠属性！
暮光之眼,Shen,棱彩,45,13,科学狂人
暮光之眼,Shen,黄金,46,20,狂徒豪气
暮光之眼,Shen,棱彩,47,14,蛋白粉奶昔
暮光之眼,Shen,黄金,48,21,快步
暮光之眼,Shen,棱彩,49,15,回响施放
暮光之眼,Shen,白银,50,14,俯冲轰炸
暮光之眼,Shen,黄金,51,22,升级：耀光
暮光之眼,Shen,白银,52,15,下雪天
暮光之眼,Shen,黄金,53,23,闪现向前
暮光之眼,Shen,黄金,54,24,弹球
暮光之眼,Shen,黄金,55,25,自然即是治愈
暮光之眼,Shen,黄金,56,26,轻拍背部
暮光之眼,Shen,黄金,57,27,冰雪爆裂
暮光之眼,Shen,黄金,58,28,更万用的瞄准镜
暮光之眼,Shen,棱彩,59,16,和我一起困在这里
暮光之眼,Shen,棱彩,60,17,最终形态
暮光之眼,Shen,白银,61,16,侵蚀
暮光之眼,Shen,白银,62,17,万用瞄准镜
暮光之眼,Shen,棱彩,63,18,终极唤醒
暮光之眼,Shen,棱彩,64,19,潘朵拉的盒子
暮光之眼,Shen,棱彩,65,20,双刀流
暮光之眼,Shen,黄金,66,29,缩小射线
暮光之眼,Shen,棱彩,67,21,神圣雪球
暮光之眼,Shen,棱彩,68,22,舞会女王
暮光之眼,Shen,棱彩,69,23,终极刷新
暮光之眼,Shen,白银,70,18,山脉龙魂
暮光之眼,Shen,白银,71,19,灵巧
暮光之眼,Shen,黄金,72,30,面包和黄油
暮光之眼,Shen,黄金,73,31,火上浇油
暮光之眼,Shen,棱彩,74,24,软弹啪叽抓
暮光之眼,Shen,棱彩,75,25,空投熊
暮光之眼,Shen,黄金,76,32,面包和果酱
暮光之眼,Shen,黄金,77,33,升级：贪欲九头蛇
暮光之眼,Shen,白银,78,20,杀意翻涌
暮光之眼,Shen,白银,79,21,强力护盾
暮光之眼,Shen,黄金,80,34,咏叹奏鸣
暮光之眼,Shen,黄金,81,35,升级：焚天
暮光之眼,Shen,黄金,82,36,虚幻武器
暮光之眼,Shen,白银,83,22,属性！
暮光之眼,Shen,黄金,84,37,缩小引擎
暮光之眼,Shen,棱彩,85,26,吃过路兵
暮光之眼,Shen,棱彩,86,27,全能龙魂
暮光之眼,Shen,棱彩,87,28,利刃华尔兹
暮光之眼,Shen,棱彩,88,29,超负荷
暮光之眼,Shen,棱彩,89,30,物法皆修
暮光之眼,Shen,棱彩,90,31,无限循环往复
暮光之眼,Shen,白银,91,23,魔法转物理
暮光之眼,Shen,棱彩,92,32,最万用的瞄准镜
暮光之眼,Shen,棱彩,93,33,至高天诺言
暮光之眼,Shen,棱彩,94,34,尊我为王
暮光之眼,Shen,白银,95,24,火狐
暮光之眼,Shen,白银,96,25,转得我眩晕了
暮光之眼,Shen,黄金,97,38,鲨鱼诱饵
暮光之眼,Shen,白银,98,26,炼狱龙魂
暮光之眼,Shen,棱彩,99,35,海牛阿福的勇士
暮光之眼,Shen,白银,100,27,终极不可阻挡
暮光之眼,Shen,棱彩,101,36,扳机炼狱
暮光之眼,Shen,棱彩,102,37,濒死悟道
暮光之眼,Shen,棱彩,103,38,终极九头蛇
暮光之眼,Shen,黄金,104,39,哎哟，我的硬币！
暮光之眼,Shen,黄金,105,40,过量延伸者
暮光之眼,Shen,黄金,106,41,鲨鱼暴风
暮光之眼,Shen,棱彩,107,39,属性叠属性叠属性！
暮光之眼,Shen,棱彩,108,40,大法师
暮光之眼,Shen,棱彩,109,41,飞升仪式
暮光之眼,Shen,棱彩,110,42,大地苏醒
暮光之眼,Shen,白银,111,28,海洋龙魂
暮光之眼,Shen,白银,112,29,家园卫士
暮光之眼,Shen,棱彩,113,43,你摸不到
暮光之眼,Shen,棱彩,114,44,战争交响乐
暮光之眼,Shen,黄金,115,42,会心治疗
暮光之眼,Shen,白银,116,30,海克斯科技龙魂
暮光之眼,Shen,黄金,117,43,罪恶快感
暮光之眼,Shen,黄金,118,44,术士果汁盒
暮光之眼,Shen,棱彩,119,45,连拨击锤
暮光之眼,Shen,黄金,120,45,心灵净化
暮光之眼,Shen,棱彩,121,46,巨人杀手
暮光之眼,Shen,棱彩,122,47,踢踏舞
暮光之眼,Shen,黄金,123,46,急急小子
暮光之眼,Shen,白银,124,31,纯粹主义者 - 术师
暮光之眼,Shen,白银,125,32,吵闹鬼
暮光之眼,Shen,白银,126,33,物理转魔法
暮光之眼,Shen,白银,127,34,冰寒
暮光之眼,Shen,棱彩,128,48,夺金
暮光之眼,Shen,棱彩,129,49,位面转移
暮光之眼,Shen,黄金,130,47,喂呜喂呜
暮光之眼,Shen,黄金,131,48,神射法师
暮光之眼,Shen,黄金,132,49,升级：无尽之刃
暮光之眼,Shen,棱彩,133,50,风语者的祝福
暮光之眼,Shen,棱彩,134,51,炼狱导管
暮光之眼,Shen,白银,135,35,狂热者
暮光之眼,Shen,棱彩,136,52,魄罗蛮冲
暮光之眼,Shen,棱彩,137,53,男爵之手
暮光之眼,Shen,黄金,138,50,炽烈黎明
暮光之眼,Shen,黄金,139,51,回力OK镖
暮光之眼,Shen,棱彩,140,54,不祥契约
暮光之眼,Shen,白银,141,36,双生火焰
暮光之眼,Shen,黄金,142,52,超凡邪恶
暮光之眼,Shen,黄金,143,53,全心为你
暮光之眼,Shen,黄金,144,54,穿针引线
暮光之眼,Shen,棱彩,145,55,大招工具人
暮光之眼,Shen,白银,146,37,巫师式思考
暮光之眼,Shen,白银,147,38,升级：收集者
暮光之眼,Shen,棱彩,148,56,灵魄炸弹
暮光之眼,Shen,黄金,149,55,杀戮时间到了
暮光之眼,Shen,白银,150,39,点亮他们！
暮光之眼,Shen,黄金,151,56,夜狩
暮光之眼,Shen,黄金,152,57,牙仙子
暮光之眼,Shen,黄金,153,58,有始有终
暮光之眼,Shen,白银,154,40,唯快不破
暮光之眼,Shen,黄金,155,59,暴击律动
暮光之眼,Shen,棱彩,156,57,信念者的强化
暮光之眼,Shen,棱彩,157,58,电涌力场
暮光之眼,Shen,黄金,158,60,坚韧
暮光之眼,Shen,棱彩,159,59,尤里卡
暮光之眼,Shen,棱彩,160,60,珠光护手
暮光之眼,Shen,黄金,161,61,魔法飞弹
暮光之眼,Shen,黄金,162,62,藏身草丛
暮光之眼,Shen,黄金,163,63,超强大脑
暮光之眼,Shen,白银,164,41,闪光弹
暮光之眼,Shen,白银,165,42,升级：中娅
暮光之眼,Shen,棱彩,166,61,沃格勒特的巫师帽
暮光之眼,Shen,白银,167,43,闪闪现现
暮光之眼,Shen,白银,168,44,坚若磐石
暮光之眼,Shen,黄金,169,64,活力焕发
暮光之眼,Shen,棱彩,170,62,玻璃大炮
暮光之眼,Shen,黄金,171,65,升级：雪球
暮光之眼,Shen,棱彩,172,63,量子计算
暮光之眼,Shen,白银,173,45,急救用具
暮光之眼,Shen,黄金,174,66,雪球扭蛋机
暮光之眼,Shen,黄金,175,67,祖母的辣椒油
暮光之眼,Shen,黄金,176,68,最终都市列车
暮光之眼,Shen,棱彩,177,64,小丑学院
暮光之眼,Shen,黄金,178,69,灵魂虹吸
暮光之眼,Shen,黄金,179,70,吸血习性
暮光之眼,Shen,棱彩,180,65,卡皮巴拉空投
暮光之眼,Shen,黄金,181,71,关键暴击
暮光之眼,Shen,白银,182,46,天音爆
暮光之眼,Shen,白银,183,47,会心防御
暮光之眼,Shen,黄金,184,72,易损
暮光之眼,Shen,白银,185,48,叠角龙
暮光之眼,Shen,黄金,186,73,虚空冲刺
暮光之眼,Shen,棱彩,187,66,？？？
暮光之眼,Shen,白银,188,49,虹吸
暮光之眼,Shen,黄金,189,74,急速之追求
暮光之眼,Shen,黄金,190,75,魄罗爆破手
暮光之眼,Shen,棱彩,191,67,激光治疗
暮光之眼,Shen,棱彩,192,68,王中王，靴中靴
暮光之眼,Shen,棱彩,193,69,升级：花晓之剑
暮光之眼,Shen,棱彩,194,70,魄罗之王的弹跳
暮光之眼,Shen,白银,195,50,自适应防护
龙血武姬,Shyvana,黄金,1,1,术士果汁盒
龙血武姬,Shyvana,白银,2,1,渴血
龙血武姬,Shyvana,黄金,3,2,虚幻武器
龙血武姬,Shyvana,黄金,4,3,升级：耀光
龙血武姬,Shyvana,白银,5,2,重量级打击手
龙血武姬,Shyvana,棱彩,6,1,珠光护手
龙血武姬,Shyvana,黄金,7,4,炽燃利息
龙血武姬,Shyvana,棱彩,8,2,最终形态
龙血武姬,Shyvana,棱彩,9,3,秘术冲拳
龙血武姬,Shyvana,黄金,10,5,穿针引线
龙血武姬,Shyvana,白银,11,3,巫师式思考
龙血武姬,Shyvana,黄金,12,6,超凡邪恶
龙血武姬,Shyvana,黄金,13,7,无尽大杀四方
龙血武姬,Shyvana,黄金,14,8,急速之追求
龙血武姬,Shyvana,棱彩,15,4,尤里卡
龙血武姬,Shyvana,棱彩,16,5,无限循环往复
龙血武姬,Shyvana,黄金,17,9,邦！
龙血武姬,Shyvana,黄金,18,10,黎明使者的坚决
龙血武姬,Shyvana,棱彩,19,6,大法师
龙血武姬,Shyvana,白银,20,4,大力
龙血武姬,Shyvana,白银,21,5,纯粹主义者 - 术师
龙血武姬,Shyvana,黄金,22,11,质变：棱彩阶
龙血武姬,Shyvana,棱彩,23,7,泰坦的坚决
龙血武姬,Shyvana,黄金,24,12,杀戮时间到了
龙血武姬,Shyvana,黄金,25,13,魔法飞弹
龙血武姬,Shyvana,黄金,26,14,牙仙子
龙血武姬,Shyvana,黄金,27,15,高压锅
龙血武姬,Shyvana,棱彩,28,8,终极唤醒
龙血武姬,Shyvana,棱彩,29,9,扳机炼狱
龙血武姬,Shyvana,棱彩,30,10,飞身踢
龙血武姬,Shyvana,黄金,31,16,罪恶快感
龙血武姬,Shyvana,白银,32,6,质变：黄金阶
龙血武姬,Shyvana,黄金,33,17,威能之追求
龙血武姬,Shyvana,黄金,34,18,坦克引擎
龙血武姬,Shyvana,棱彩,35,11,物法皆修
龙血武姬,Shyvana,黄金,36,19,循环往复
龙血武姬,Shyvana,白银,37,7,狂热者
龙血武姬,Shyvana,黄金,38,20,神射法师
龙血武姬,Shyvana,黄金,39,21,升级：焚天
龙血武姬,Shyvana,棱彩,40,12,战争交响乐
龙血武姬,Shyvana,白银,41,8,逃跑计划
龙血武姬,Shyvana,棱彩,42,13,超负荷
龙血武姬,Shyvana,棱彩,43,14,濒死悟道
龙血武姬,Shyvana,黄金,44,22,面包和奶酪
龙血武姬,Shyvana,棱彩,45,15,歌利亚巨人
龙血武姬,Shyvana,黄金,46,23,钢化你心
龙血武姬,Shyvana,黄金,47,24,升级：贪欲九头蛇
龙血武姬,Shyvana,白银,48,9,物理转魔法
龙血武姬,Shyvana,白银,49,10,大师铸就
龙血武姬,Shyvana,棱彩,50,16,吃过路兵
龙血武姬,Shyvana,白银,51,11,双生火焰
龙血武姬,Shyvana,棱彩,52,17,沃格勒特的巫师帽
龙血武姬,Shyvana,白银,53,12,台风
龙血武姬,Shyvana,黄金,54,25,超强大脑
龙血武姬,Shyvana,棱彩,55,18,艾卡西亚的陷落
龙血武姬,Shyvana,棱彩,56,19,掷骰狂人
龙血武姬,Shyvana,白银,57,13,练腿日
龙血武姬,Shyvana,棱彩,58,20,和我一起困在这里
龙血武姬,Shyvana,白银,59,14,炼狱龙魂
龙血武姬,Shyvana,黄金,60,26,生机迸发
龙血武姬,Shyvana,白银,61,15,升级：中娅
龙血武姬,Shyvana,黄金,62,27,星界躯体
龙血武姬,Shyvana,白银,63,16,侵蚀
龙血武姬,Shyvana,黄金,64,28,更万用的瞄准镜
龙血武姬,Shyvana,棱彩,65,21,双刀流
龙血武姬,Shyvana,黄金,66,29,缩小引擎
龙血武姬,Shyvana,白银,67,17,升级：死亡之舞
龙血武姬,Shyvana,黄金,68,30,火上浇油
龙血武姬,Shyvana,白银,69,18,灵巧
龙血武姬,Shyvana,棱彩,70,22,炼狱导管
龙血武姬,Shyvana,棱彩,71,23,质变：混沌
龙血武姬,Shyvana,黄金,72,31,属性叠属性！
龙血武姬,Shyvana,棱彩,73,24,终极九头蛇
龙血武姬,Shyvana,白银,74,19,万用瞄准镜
龙血武姬,Shyvana,白银,75,20,终极不可阻挡
龙血武姬,Shyvana,黄金,76,32,快步
龙血武姬,Shyvana,黄金,77,33,心灵净化
龙血武姬,Shyvana,棱彩,78,25,飞升仪式
龙血武姬,Shyvana,黄金,79,34,自然即是治愈
龙血武姬,Shyvana,白银,80,21,魔法转物理
龙血武姬,Shyvana,棱彩,81,26,利刃华尔兹
龙血武姬,Shyvana,黄金,82,35,我们的治疗
龙血武姬,Shyvana,黄金,83,36,夜狩
龙血武姬,Shyvana,棱彩,84,27,你摸不到
龙血武姬,Shyvana,白银,85,22,叠角龙
龙血武姬,Shyvana,黄金,86,37,狙神飞星
龙血武姬,Shyvana,棱彩,87,28,精怪魔法
龙血武姬,Shyvana,黄金,88,38,面包和果酱
龙血武姬,Shyvana,黄金,89,39,面包和黄油
龙血武姬,Shyvana,黄金,90,40,捐赠
龙血武姬,Shyvana,白银,91,23,俯冲轰炸
龙血武姬,Shyvana,白银,92,24,火狐
龙血武姬,Shyvana,棱彩,93,29,科学狂人
龙血武姬,Shyvana,黄金,94,41,有始有终
龙血武姬,Shyvana,黄金,95,42,神圣干预
龙血武姬,Shyvana,黄金,96,43,易损
龙血武姬,Shyvana,棱彩,97,30,史上最大雪球
龙血武姬,Shyvana,黄金,98,44,尖端发明家
龙血武姬,Shyvana,棱彩,99,31,软弹啪叽抓
龙血武姬,Shyvana,黄金,100,45,豪猪
龙血武姬,Shyvana,白银,101,25,海克斯科技龙魂
龙血武姬,Shyvana,棱彩,102,32,潘朵拉的盒子
龙血武姬,Shyvana,黄金,103,46,灵魂虹吸
龙血武姬,Shyvana,黄金,104,47,轻拍背部
龙血武姬,Shyvana,白银,105,26,升级：献祭
龙血武姬,Shyvana,黄金,106,48,缩小射线
龙血武姬,Shyvana,黄金,107,49,狂徒豪气
龙血武姬,Shyvana,黄金,108,50,炽烈黎明
龙血武姬,Shyvana,白银,109,27,下雪天
龙血武姬,Shyvana,白银,110,28,杀意翻涌
龙血武姬,Shyvana,棱彩,111,33,海牛阿福的勇士
龙血武姬,Shyvana,棱彩,112,34,最万用的瞄准镜
龙血武姬,Shyvana,黄金,113,51,冰雪爆裂
龙血武姬,Shyvana,棱彩,114,35,全能龙魂
龙血武姬,Shyvana,白银,115,29,家园卫士
龙血武姬,Shyvana,黄金,116,52,弹球
龙血武姬,Shyvana,棱彩,117,36,不祥契约
龙血武姬,Shyvana,白银,118,30,冰寒
龙血武姬,Shyvana,黄金,119,53,闪现向前
龙血武姬,Shyvana,白银,120,31,属性！
龙血武姬,Shyvana,黄金,121,54,急急小子
龙血武姬,Shyvana,黄金,122,55,升级：无尽之刃
龙血武姬,Shyvana,白银,123,32,升级：收集者
龙血武姬,Shyvana,棱彩,124,37,连拨击锤
龙血武姬,Shyvana,棱彩,125,38,位面转移
龙血武姬,Shyvana,棱彩,126,39,巨人杀手
龙血武姬,Shyvana,白银,127,33,防护面纱
龙血武姬,Shyvana,棱彩,128,40,玻璃大炮
龙血武姬,Shyvana,棱彩,129,41,空投熊
龙血武姬,Shyvana,白银,130,34,强力护盾
龙血武姬,Shyvana,黄金,131,56,鲨鱼暴风
龙血武姬,Shyvana,白银,132,35,山脉龙魂
龙血武姬,Shyvana,黄金,133,57,哎哟，我的硬币！
龙血武姬,Shyvana,黄金,134,58,鲨鱼诱饵
龙血武姬,Shyvana,白银,135,36,会心防御
龙血武姬,Shyvana,棱彩,136,42,属性叠属性叠属性！
龙血武姬,Shyvana,黄金,137,59,关键暴击
龙血武姬,Shyvana,棱彩,138,43,大地苏醒
龙血武姬,Shyvana,棱彩,139,44,尊我为王
龙血武姬,Shyvana,白银,140,37,海洋龙魂
龙血武姬,Shyvana,棱彩,141,45,神圣雪球
龙血武姬,Shyvana,棱彩,142,46,大招工具人
龙血武姬,Shyvana,白银,143,38,转得我眩晕了
龙血武姬,Shyvana,棱彩,144,47,夺金
龙血武姬,Shyvana,白银,145,39,吵闹鬼
龙血武姬,Shyvana,棱彩,146,48,电涌力场
龙血武姬,Shyvana,棱彩,147,49,踢踏舞
龙血武姬,Shyvana,棱彩,148,50,舞会女王
龙血武姬,Shyvana,白银,149,40,唯快不破
龙血武姬,Shyvana,棱彩,150,51,双发快射
龙血武姬,Shyvana,黄金,151,60,暴击律动
龙血武姬,Shyvana,黄金,152,61,咏叹奏鸣
龙血武姬,Shyvana,白银,153,41,暗影疾奔
龙血武姬,Shyvana,白银,154,42,点亮他们！
龙血武姬,Shyvana,黄金,155,62,过量延伸者
龙血武姬,Shyvana,白银,156,43,快中求稳
龙血武姬,Shyvana,棱彩,157,52,男爵之手
龙血武姬,Shyvana,黄金,158,63,回力OK镖
龙血武姬,Shyvana,白银,159,44,由暴生急
龙血武姬,Shyvana,黄金,160,64,藏身草丛
龙血武姬,Shyvana,棱彩,161,53,魄罗蛮冲
龙血武姬,Shyvana,棱彩,162,54,回归基本功
龙血武姬,Shyvana,黄金,163,65,吸血习性
龙血武姬,Shyvana,棱彩,164,55,风语者的祝福
龙血武姬,Shyvana,黄金,165,66,坚韧
龙血武姬,Shyvana,黄金,166,67,活力焕发
龙血武姬,Shyvana,白银,167,45,闪光弹
龙血武姬,Shyvana,黄金,168,68,祖母的辣椒油
龙血武姬,Shyvana,白银,169,46,闪闪现现
龙血武姬,Shyvana,黄金,170,69,会心治疗
龙血武姬,Shyvana,黄金,171,70,升级：雪球
龙血武姬,Shyvana,棱彩,172,56,量子计算
龙血武姬,Shyvana,棱彩,173,57,小丑学院
龙血武姬,Shyvana,黄金,174,71,雪球扭蛋机
龙血武姬,Shyvana,黄金,175,72,最终都市列车
龙血武姬,Shyvana,黄金,176,73,魄罗爆破手
龙血武姬,Shyvana,棱彩,177,58,卡皮巴拉空投
龙血武姬,Shyvana,棱彩,178,59,升级：花晓之剑
龙血武姬,Shyvana,棱彩,179,60,魄罗之王的弹跳
龙血武姬,Shyvana,白银,180,47,急救用具
龙血武姬,Shyvana,棱彩,181,61,蛋白粉奶昔
龙血武姬,Shyvana,棱彩,182,62,激光治疗
龙血武姬,Shyvana,棱彩,183,63,？？？
龙血武姬,Shyvana,棱彩,184,64,你肩上的恶魔
龙血武姬,Shyvana,白银,185,48,虹吸
炼金术士,Singed,棱彩,1,1,炼狱导管
炼金术士,Singed,黄金,2,1,术士果汁盒
炼金术士,Singed,白银,3,1,冰寒
炼金术士,Singed,黄金,4,2,坦克引擎
炼金术士,Singed,黄金,5,3,虚幻武器
炼金术士,Singed,棱彩,6,2,歌利亚巨人
炼金术士,Singed,黄金,7,4,超凡邪恶
炼金术士,Singed,黄金,8,5,星界躯体
炼金术士,Singed,白银,9,2,扇巴掌
炼金术士,Singed,棱彩,10,3,不祥契约
炼金术士,Singed,黄金,11,6,轻拍背部
炼金术士,Singed,黄金,12,7,炽燃利息
炼金术士,Singed,白银,13,3,由心及物
炼金术士,Singed,黄金,14,8,吞噬灵魂
炼金术士,Singed,棱彩,15,4,残忍
炼金术士,Singed,棱彩,16,5,最终形态
炼金术士,Singed,黄金,17,9,钢化你心
炼金术士,Singed,黄金,18,10,魔法飞弹
炼金术士,Singed,黄金,19,11,高压锅
炼金术士,Singed,棱彩,20,6,巨像的勇气
炼金术士,Singed,黄金,21,12,质变：棱彩阶
炼金术士,Singed,白银,22,4,练腿日
炼金术士,Singed,黄金,23,13,神圣干预
炼金术士,Singed,棱彩,24,7,飞身踢
炼金术士,Singed,白银,25,5,升级：中娅
炼金术士,Singed,黄金,26,14,急急小子
炼金术士,Singed,白银,27,6,逃跑计划
炼金术士,Singed,白银,28,7,巫师式思考
炼金术士,Singed,黄金,29,15,缩小引擎
炼金术士,Singed,棱彩,30,8,和我一起困在这里
炼金术士,Singed,黄金,31,16,连锁反应
炼金术士,Singed,黄金,32,17,贪欲束缚
炼金术士,Singed,黄金,33,18,不动如山
炼金术士,Singed,白银,34,8,渴血
炼金术士,Singed,白银,35,9,质变：黄金阶
炼金术士,Singed,白银,36,10,侵蚀
炼金术士,Singed,棱彩,37,9,巨人杀手
炼金术士,Singed,黄金,38,19,我们的治疗
炼金术士,Singed,黄金,39,20,黎明使者的坚决
炼金术士,Singed,黄金,40,21,超强大脑
炼金术士,Singed,黄金,41,22,溢流
炼金术士,Singed,白银,42,11,终极不可阻挡
炼金术士,Singed,白银,43,12,大师铸就
炼金术士,Singed,棱彩,44,10,沃格勒特的巫师帽
炼金术士,Singed,棱彩,45,11,无限循环往复
炼金术士,Singed,棱彩,46,12,掷骰狂人
炼金术士,Singed,白银,47,13,唯快不破
炼金术士,Singed,棱彩,48,13,质变：混沌
炼金术士,Singed,棱彩,49,14,史上最大雪球
炼金术士,Singed,白银,50,14,海洋龙魂
炼金术士,Singed,棱彩,51,15,科学狂人
炼金术士,Singed,白银,52,15,杀意翻涌
炼金术士,Singed,白银,53,16,家园卫士
炼金术士,Singed,白银,54,17,双生火焰
炼金术士,Singed,黄金,55,23,闪现向前
炼金术士,Singed,棱彩,56,16,舞会女王
炼金术士,Singed,白银,57,18,火狐
炼金术士,Singed,黄金,58,24,自然即是治愈
炼金术士,Singed,黄金,59,25,生机迸发
炼金术士,Singed,黄金,60,26,属性叠属性！
炼金术士,Singed,棱彩,61,17,珠光护手
炼金术士,Singed,黄金,62,27,捐赠
炼金术士,Singed,黄金,63,28,无尽大杀四方
炼金术士,Singed,黄金,64,29,弹球
炼金术士,Singed,棱彩,65,18,吃过路兵
炼金术士,Singed,黄金,66,30,循环往复
炼金术士,Singed,棱彩,67,19,空投熊
炼金术士,Singed,黄金,68,31,炽烈黎明
炼金术士,Singed,白银,69,19,重量级打击手
炼金术士,Singed,棱彩,70,20,泰坦的坚决
炼金术士,Singed,棱彩,71,21,你摸不到
炼金术士,Singed,白银,72,20,防护面纱
炼金术士,Singed,黄金,73,32,急速之追求
炼金术士,Singed,黄金,74,33,面包和奶酪
炼金术士,Singed,棱彩,75,22,终极唤醒
炼金术士,Singed,黄金,76,34,冰雪爆裂
炼金术士,Singed,白银,77,21,俯冲轰炸
炼金术士,Singed,棱彩,78,23,回归基本功
炼金术士,Singed,棱彩,79,24,大法师
炼金术士,Singed,白银,80,22,纯粹主义者 - 术师
炼金术士,Singed,棱彩,81,25,潘朵拉的盒子
炼金术士,Singed,白银,82,23,下雪天
炼金术士,Singed,白银,83,24,注魔
炼金术士,Singed,黄金,84,35,面包和果酱
炼金术士,Singed,黄金,85,36,豪猪
炼金术士,Singed,黄金,86,37,神射法师
炼金术士,Singed,白银,87,25,物理转魔法
炼金术士,Singed,棱彩,88,26,终极刷新
炼金术士,Singed,黄金,89,38,杀戮时间到了
炼金术士,Singed,棱彩,90,27,神圣雪球
炼金术士,Singed,白银,91,26,升级：献祭
炼金术士,Singed,白银,92,27,吵闹鬼
炼金术士,Singed,白银,93,28,炼狱龙魂
炼金术士,Singed,黄金,94,39,尖端发明家
炼金术士,Singed,棱彩,95,28,夺金
炼金术士,Singed,黄金,96,40,夜狩
炼金术士,Singed,棱彩,97,29,全能龙魂
炼金术士,Singed,棱彩,98,30,尊我为王
炼金术士,Singed,黄金,99,41,咏叹奏鸣
炼金术士,Singed,棱彩,100,31,利刃华尔兹
炼金术士,Singed,棱彩,101,32,电涌力场
炼金术士,Singed,白银,102,29,海克斯科技龙魂
炼金术士,Singed,棱彩,103,33,海牛阿福的勇士
炼金术士,Singed,黄金,104,42,鲨鱼诱饵
炼金术士,Singed,棱彩,105,34,大招工具人
炼金术士,Singed,黄金,106,43,哎哟，我的硬币！
炼金术士,Singed,黄金,107,44,过量延伸者
炼金术士,Singed,黄金,108,45,鲨鱼暴风
炼金术士,Singed,黄金,109,46,罪恶快感
炼金术士,Singed,白银,110,30,转得我眩晕了
炼金术士,Singed,棱彩,111,35,尤里卡
炼金术士,Singed,棱彩,112,36,濒死悟道
炼金术士,Singed,棱彩,113,37,属性叠属性叠属性！
炼金术士,Singed,棱彩,114,38,扳机炼狱
炼金术士,Singed,棱彩,115,39,软弹啪叽抓
炼金术士,Singed,棱彩,116,40,飞升仪式
炼金术士,Singed,黄金,117,47,穿针引线
炼金术士,Singed,棱彩,118,41,艾卡西亚的陷落
炼金术士,Singed,黄金,119,48,火上浇油
炼金术士,Singed,白银,120,31,属性！
炼金术士,Singed,黄金,121,49,心灵净化
炼金术士,Singed,棱彩,122,42,秘术冲拳
炼金术士,Singed,黄金,123,50,有始有终
炼金术士,Singed,黄金,124,51,升级：贪欲九头蛇
炼金术士,Singed,白银,125,32,山脉龙魂
炼金术士,Singed,棱彩,126,43,男爵之手
炼金术士,Singed,棱彩,127,44,踢踏舞
炼金术士,Singed,黄金,128,52,缩小射线
炼金术士,Singed,棱彩,129,45,魄罗蛮冲
炼金术士,Singed,黄金,130,53,回力OK镖
炼金术士,Singed,棱彩,131,46,物法皆修
炼金术士,Singed,棱彩,132,47,位面转移
炼金术士,Singed,黄金,133,54,升级：焚天
炼金术士,Singed,黄金,134,55,藏身草丛
炼金术士,Singed,黄金,135,56,牙仙子
炼金术士,Singed,棱彩,136,48,战争交响乐
炼金术士,Singed,黄金,137,57,升级：耀光
炼金术士,Singed,棱彩,138,49,玻璃大炮
炼金术士,Singed,黄金,139,58,坚韧
炼金术士,Singed,白银,140,33,点亮他们！
炼金术士,Singed,黄金,141,59,更万用的瞄准镜
炼金术士,Singed,白银,142,34,万用瞄准镜
炼金术士,Singed,白银,143,35,闪闪现现
炼金术士,Singed,黄金,144,60,活力焕发
炼金术士,Singed,棱彩,145,50,最万用的瞄准镜
炼金术士,Singed,白银,146,36,闪光弹
炼金术士,Singed,黄金,147,61,吸血习性
炼金术士,Singed,黄金,148,62,易损
炼金术士,Singed,白银,149,37,灵巧
炼金术士,Singed,黄金,150,63,祖母的辣椒油
炼金术士,Singed,白银,151,38,坚若磐石
炼金术士,Singed,黄金,152,64,升级：雪球
炼金术士,Singed,黄金,153,65,会心治疗
炼金术士,Singed,棱彩,154,51,量子计算
炼金术士,Singed,棱彩,155,52,小丑学院
炼金术士,Singed,黄金,156,66,最终都市列车
炼金术士,Singed,黄金,157,67,雪球扭蛋机
炼金术士,Singed,黄金,158,68,灵魂虹吸
炼金术士,Singed,棱彩,159,53,蛋白粉奶昔
炼金术士,Singed,黄金,160,69,魄罗爆破手
炼金术士,Singed,黄金,161,70,关键暴击
炼金术士,Singed,白银,162,39,会心防御
炼金术士,Singed,白银,163,40,叠角龙
炼金术士,Singed,白银,164,41,强力护盾
炼金术士,Singed,棱彩,165,54,王中王，靴中靴
炼金术士,Singed,棱彩,166,55,魄罗之王的弹跳
炼金术士,Singed,棱彩,167,56,你肩上的恶魔
炼金术士,Singed,棱彩,168,57,风语者的祝福
炼金术士,Singed,棱彩,169,58,连拨击锤
炼金术士,Singed,棱彩,170,59,双刀流
炼金术士,Singed,棱彩,171,60,超负荷
炼金术士,Singed,棱彩,172,61,死亡之环
炼金术士,Singed,白银,173,42,急救用具
炼金术士,Singed,白银,174,43,台风
炼金术士,Singed,棱彩,175,62,升级：花晓之剑
炼金术士,Singed,白银,176,44,狂热者
炼金术士,Singed,黄金,177,71,喂呜喂呜
炼金术士,Singed,白银,178,45,天音爆
炼金术士,Singed,黄金,179,72,全心为你
炼金术士,Singed,黄金,180,73,暴击律动
炼金术士,Singed,棱彩,181,63,至高天诺言
炼金术士,Singed,棱彩,182,64,卡皮巴拉空投
炼金术士,Singed,棱彩,183,65,？？？
炼金术士,Singed,棱彩,184,66,信念者的强化
炼金术士,Singed,棱彩,185,67,双发快射
炼金术士,Singed,棱彩,186,68,灵魄炸弹
炼金术士,Singed,黄金,187,74,威能之追求
亡灵战神,Sion,黄金,1,1,坦克引擎
亡灵战神,Sion,白银,2,1,重量级打击手
亡灵战神,Sion,棱彩,3,1,飞身踢
亡灵战神,Sion,黄金,4,2,钢化你心
亡灵战神,Sion,黄金,5,3,星界躯体
亡灵战神,Sion,棱彩,6,2,歌利亚巨人
亡灵战神,Sion,黄金,7,4,黎明使者的坚决
亡灵战神,Sion,白银,8,2,升级：献祭
亡灵战神,Sion,黄金,9,5,高压锅
亡灵战神,Sion,棱彩,10,3,泰坦的坚决
亡灵战神,Sion,黄金,11,6,质变：棱彩阶
亡灵战神,Sion,棱彩,12,4,艾卡西亚的陷落
亡灵战神,Sion,白银,13,3,大力
亡灵战神,Sion,黄金,14,7,吞噬灵魂
亡灵战神,Sion,黄金,15,8,不动如山
亡灵战神,Sion,棱彩,16,5,巨像的勇气
亡灵战神,Sion,白银,17,4,俯冲轰炸
亡灵战神,Sion,黄金,18,9,豪猪
亡灵战神,Sion,黄金,19,10,生机迸发
亡灵战神,Sion,白银,20,5,质变：黄金阶
亡灵战神,Sion,白银,21,6,扇巴掌
亡灵战神,Sion,黄金,22,11,贪欲束缚
亡灵战神,Sion,黄金,23,12,无尽大杀四方
亡灵战神,Sion,棱彩,24,6,和我一起困在这里
亡灵战神,Sion,黄金,25,13,尖端发明家
亡灵战神,Sion,白银,26,7,练腿日
亡灵战神,Sion,白银,27,8,逃跑计划
亡灵战神,Sion,白银,28,9,大师铸就
亡灵战神,Sion,白银,29,10,渴血
亡灵战神,Sion,棱彩,30,7,最终形态
亡灵战神,Sion,棱彩,31,8,质变：混沌
亡灵战神,Sion,棱彩,32,9,掷骰狂人
亡灵战神,Sion,棱彩,33,10,科学狂人
亡灵战神,Sion,黄金,34,14,属性叠属性！
亡灵战神,Sion,黄金,35,15,捐赠
亡灵战神,Sion,白银,36,11,加固护盾
亡灵战神,Sion,棱彩,37,11,史上最大雪球
亡灵战神,Sion,黄金,38,16,面包和果酱
亡灵战神,Sion,黄金,39,17,更万用的瞄准镜
亡灵战神,Sion,白银,40,12,杀意翻涌
亡灵战神,Sion,黄金,41,18,循环往复
亡灵战神,Sion,黄金,42,19,神圣干预
亡灵战神,Sion,白银,43,13,海洋龙魂
亡灵战神,Sion,白银,44,14,别停止引导
亡灵战神,Sion,棱彩,45,12,软弹啪叽抓
亡灵战神,Sion,棱彩,46,13,空投熊
亡灵战神,Sion,黄金,47,20,自然即是治愈
亡灵战神,Sion,黄金,48,21,冰雪爆裂
亡灵战神,Sion,黄金,49,22,弹球
亡灵战神,Sion,白银,50,15,叠角龙
亡灵战神,Sion,黄金,51,23,威能之追求
亡灵战神,Sion,黄金,52,24,轻拍背部
亡灵战神,Sion,黄金,53,25,急速之追求
亡灵战神,Sion,黄金,54,26,虚幻武器
亡灵战神,Sion,白银,55,16,下雪天
亡灵战神,Sion,黄金,56,27,面包和黄油
亡灵战神,Sion,白银,57,17,魔法转物理
亡灵战神,Sion,棱彩,58,14,回归基本功
亡灵战神,Sion,棱彩,59,15,终极唤醒
亡灵战神,Sion,黄金,60,28,我们的治疗
亡灵战神,Sion,黄金,61,29,罪恶快感
亡灵战神,Sion,棱彩,62,16,潘朵拉的盒子
亡灵战神,Sion,白银,63,18,万用瞄准镜
亡灵战神,Sion,黄金,64,30,鲨鱼暴风
亡灵战神,Sion,棱彩,65,17,秘术冲拳
亡灵战神,Sion,棱彩,66,18,尊我为王
亡灵战神,Sion,棱彩,67,19,终极九头蛇
亡灵战神,Sion,棱彩,68,20,利刃华尔兹
亡灵战神,Sion,白银,69,19,由心及物
亡灵战神,Sion,棱彩,70,21,全能龙魂
亡灵战神,Sion,黄金,71,31,闪现向前
亡灵战神,Sion,黄金,72,32,升级：无尽之刃
亡灵战神,Sion,黄金,73,33,升级：焚天
亡灵战神,Sion,黄金,74,34,升级：贪欲九头蛇
亡灵战神,Sion,棱彩,75,22,连拨击锤
亡灵战神,Sion,棱彩,76,23,舞会女王
亡灵战神,Sion,棱彩,77,24,神圣雪球
亡灵战神,Sion,黄金,78,35,过量延伸者
亡灵战神,Sion,黄金,79,36,哎哟，我的硬币！
亡灵战神,Sion,棱彩,80,25,最万用的瞄准镜
亡灵战神,Sion,白银,81,20,山脉龙魂
亡灵战神,Sion,白银,82,21,属性！
亡灵战神,Sion,白银,83,22,转得我眩晕了
亡灵战神,Sion,白银,84,23,侵蚀
亡灵战神,Sion,棱彩,85,26,双刀流
亡灵战神,Sion,黄金,86,37,易损
亡灵战神,Sion,黄金,87,38,心灵净化
亡灵战神,Sion,黄金,88,39,杀戮时间到了
亡灵战神,Sion,黄金,89,40,火上浇油
亡灵战神,Sion,黄金,90,41,缩小射线
亡灵战神,Sion,棱彩,91,27,你摸不到
亡灵战神,Sion,棱彩,92,28,濒死悟道
亡灵战神,Sion,黄金,93,42,穿针引线
亡灵战神,Sion,棱彩,94,29,属性叠属性叠属性！
亡灵战神,Sion,黄金,95,43,缩小引擎
亡灵战神,Sion,白银,96,24,升级：收集者
亡灵战神,Sion,棱彩,97,30,海牛阿福的勇士
亡灵战神,Sion,棱彩,98,31,扳机炼狱
亡灵战神,Sion,棱彩,99,32,精怪魔法
亡灵战神,Sion,白银,100,25,台风
亡灵战神,Sion,棱彩,101,33,珠光护手
亡灵战神,Sion,白银,102,26,会心防御
亡灵战神,Sion,黄金,103,44,灵魂虹吸
亡灵战神,Sion,白银,104,27,强力护盾
亡灵战神,Sion,黄金,105,45,咏叹奏鸣
亡灵战神,Sion,白银,106,28,炼狱龙魂
亡灵战神,Sion,黄金,107,46,牙仙子
亡灵战神,Sion,黄金,108,47,关键暴击
亡灵战神,Sion,白银,109,29,升级：死亡之舞
亡灵战神,Sion,棱彩,110,34,无限循环往复
亡灵战神,Sion,棱彩,111,35,吃过路兵
亡灵战神,Sion,白银,112,30,海克斯科技龙魂
亡灵战神,Sion,黄金,113,48,面包和奶酪
亡灵战神,Sion,棱彩,114,36,飞升仪式
亡灵战神,Sion,白银,115,31,灵巧
亡灵战神,Sion,棱彩,116,37,大招工具人
亡灵战神,Sion,黄金,117,49,急急小子
亡灵战神,Sion,白银,118,32,防护面纱
亡灵战神,Sion,棱彩,119,38,残忍
亡灵战神,Sion,白银,120,33,家园卫士
亡灵战神,Sion,白银,121,34,冰寒
亡灵战神,Sion,棱彩,122,39,大法师
亡灵战神,Sion,白银,123,35,吵闹鬼
亡灵战神,Sion,黄金,124,50,有始有终
亡灵战神,Sion,棱彩,125,40,巨人杀手
亡灵战神,Sion,黄金,126,51,回力OK镖
亡灵战神,Sion,棱彩,127,41,夺金
亡灵战神,Sion,棱彩,128,42,男爵之手
亡灵战神,Sion,棱彩,129,43,战争交响乐
亡灵战神,Sion,黄金,130,52,夜狩
亡灵战神,Sion,棱彩,131,44,风语者的祝福
亡灵战神,Sion,黄金,132,53,术士果汁盒
亡灵战神,Sion,棱彩,133,45,位面转移
亡灵战神,Sion,棱彩,134,46,至高天诺言
亡灵战神,Sion,白银,135,36,火狐
亡灵战神,Sion,棱彩,136,47,魄罗蛮冲
亡灵战神,Sion,棱彩,137,48,双发快射
亡灵战神,Sion,黄金,138,54,藏身草丛
亡灵战神,Sion,棱彩,139,49,炼狱导管
亡灵战神,Sion,白银,140,37,纯粹主义者 - 术师
亡灵战神,Sion,黄金,141,55,炽烈黎明
亡灵战神,Sion,棱彩,142,50,踢踏舞
亡灵战神,Sion,白银,143,38,唯快不破
亡灵战神,Sion,黄金,144,56,溢流
亡灵战神,Sion,黄金,145,57,升级：耀光
亡灵战神,Sion,白银,146,39,注魔
亡灵战神,Sion,棱彩,147,51,电涌力场
亡灵战神,Sion,黄金,148,58,魔法飞弹
亡灵战神,Sion,白银,149,40,双生火焰
亡灵战神,Sion,黄金,150,59,超凡邪恶
亡灵战神,Sion,棱彩,151,52,玻璃大炮
亡灵战神,Sion,黄金,152,60,坚韧
亡灵战神,Sion,白银,153,41,点亮他们！
亡灵战神,Sion,白银,154,42,由暴生急
亡灵战神,Sion,棱彩,155,53,蛋白粉奶昔
亡灵战神,Sion,棱彩,156,54,灵魄炸弹
亡灵战神,Sion,黄金,157,61,会心治疗
亡灵战神,Sion,黄金,158,62,活力焕发
亡灵战神,Sion,白银,159,43,坚若磐石
亡灵战神,Sion,白银,160,44,急救用具
亡灵战神,Sion,白银,161,45,闪光弹
亡灵战神,Sion,白银,162,46,闪闪现现
亡灵战神,Sion,黄金,163,63,升级：雪球
亡灵战神,Sion,黄金,164,64,吸血习性
亡灵战神,Sion,棱彩,165,55,量子计算
亡灵战神,Sion,棱彩,166,56,小丑学院
亡灵战神,Sion,黄金,167,65,雪球扭蛋机
亡灵战神,Sion,棱彩,168,57,终极刷新
亡灵战神,Sion,黄金,169,66,最终都市列车
亡灵战神,Sion,黄金,170,67,魄罗爆破手
亡灵战神,Sion,棱彩,171,58,激光治疗
亡灵战神,Sion,棱彩,172,59,魄罗之王的弹跳
亡灵战神,Sion,白银,173,47,自适应防护
亡灵战神,Sion,棱彩,174,60,卡皮巴拉空投
亡灵战神,Sion,白银,175,48,天音爆
亡灵战神,Sion,黄金,176,68,暴击律动
亡灵战神,Sion,棱彩,177,61,多重射击
亡灵战神,Sion,棱彩,178,62,超负荷
亡灵战神,Sion,白银,179,49,可靠武器
亡灵战神,Sion,黄金,180,69,喂呜喂呜
亡灵战神,Sion,黄金,181,70,全心为你
亡灵战神,Sion,棱彩,182,63,？？？
亡灵战神,Sion,棱彩,183,64,你肩上的恶魔
战争女神,Sivir,黄金,1,1,暴击飞弹
战争女神,Sivir,黄金,2,2,升级：无尽之刃
战争女神,Sivir,棱彩,3,1,双刀流
战争女神,Sivir,黄金,4,3,更万用的瞄准镜
战争女神,Sivir,白银,5,1,灵巧
战争女神,Sivir,黄金,6,4,灵魂虹吸
战争女神,Sivir,棱彩,7,2,双发快射
战争女神,Sivir,黄金,8,5,暴击律动
战争女神,Sivir,棱彩,9,3,最万用的瞄准镜
战争女神,Sivir,白银,10,2,台风
战争女神,Sivir,棱彩,11,4,踢踏舞
战争女神,Sivir,棱彩,12,5,连拨击锤
战争女神,Sivir,棱彩,13,6,巨人杀手
战争女神,Sivir,白银,14,3,万用瞄准镜
战争女神,Sivir,白银,15,4,大力
战争女神,Sivir,棱彩,16,7,掷骰狂人
战争女神,Sivir,白银,17,5,升级：收集者
战争女神,Sivir,白银,18,6,点亮他们！
战争女神,Sivir,棱彩,19,8,珠光护手
战争女神,Sivir,黄金,20,6,小小的额外帮助
战争女神,Sivir,黄金,21,7,质变：棱彩阶
战争女神,Sivir,黄金,22,8,关键暴击
战争女神,Sivir,白银,23,7,会心防御
战争女神,Sivir,黄金,24,9,易损
战争女神,Sivir,白银,25,8,由暴生急
战争女神,Sivir,黄金,26,10,火上浇油
战争女神,Sivir,黄金,27,11,罪恶快感
战争女神,Sivir,黄金,28,12,缩小引擎
战争女神,Sivir,白银,29,9,质变：黄金阶
战争女神,Sivir,棱彩,30,9,回归基本功
战争女神,Sivir,白银,31,10,渴血
战争女神,Sivir,棱彩,32,10,秘术冲拳
战争女神,Sivir,白银,33,11,魔法转物理
战争女神,Sivir,白银,34,12,家园卫士
战争女神,Sivir,黄金,35,13,捐赠
战争女神,Sivir,白银,36,13,狂热者
战争女神,Sivir,黄金,37,14,属性叠属性！
战争女神,Sivir,黄金,38,15,老练狙神
战争女神,Sivir,棱彩,39,11,针插垫
战争女神,Sivir,棱彩,40,12,咒语裂变
战争女神,Sivir,棱彩,41,13,多重射击
战争女神,Sivir,棱彩,42,14,亮出你的剑
战争女神,Sivir,黄金,43,16,缩小射线
战争女神,Sivir,黄金,44,17,威能之追求
战争女神,Sivir,棱彩,45,15,战争交响乐
战争女神,Sivir,黄金,46,18,急速之追求
战争女神,Sivir,黄金,47,19,穿针引线
战争女神,Sivir,黄金,48,20,面包和果酱
战争女神,Sivir,棱彩,49,16,质变：混沌
战争女神,Sivir,白银,50,14,双生火焰
战争女神,Sivir,黄金,51,21,狙神飞星
战争女神,Sivir,白银,52,15,前进时间到
战争女神,Sivir,黄金,53,22,魔法飞弹
战争女神,Sivir,黄金,54,23,面包和黄油
战争女神,Sivir,白银,55,16,侵蚀
战争女神,Sivir,黄金,56,24,回力OK镖
战争女神,Sivir,黄金,57,25,循环往复
战争女神,Sivir,白银,58,17,大师铸就
战争女神,Sivir,白银,59,18,注魔
战争女神,Sivir,白银,60,19,海克斯科技龙魂
战争女神,Sivir,棱彩,61,17,潘朵拉的盒子
战争女神,Sivir,白银,62,20,逃跑计划
战争女神,Sivir,黄金,63,26,面包和奶酪
战争女神,Sivir,白银,64,21,炼狱龙魂
战争女神,Sivir,棱彩,65,18,飞身踢
战争女神,Sivir,棱彩,66,19,海牛阿福的勇士
战争女神,Sivir,黄金,67,27,有始有终
战争女神,Sivir,黄金,68,28,虚幻武器
战争女神,Sivir,白银,69,22,练腿日
战争女神,Sivir,白银,70,23,纯粹主义者 - 术师
战争女神,Sivir,棱彩,71,20,夺金
战争女神,Sivir,棱彩,72,21,终极唤醒
战争女神,Sivir,棱彩,73,22,你摸不到
战争女神,Sivir,白银,74,24,海洋龙魂
战争女神,Sivir,棱彩,75,23,全能龙魂
战争女神,Sivir,棱彩,76,24,终极九头蛇
战争女神,Sivir,棱彩,77,25,玻璃大炮
战争女神,Sivir,黄金,78,29,牙仙子
战争女神,Sivir,黄金,79,30,夜狩
战争女神,Sivir,黄金,80,31,术士果汁盒
战争女神,Sivir,黄金,81,32,哎哟，我的硬币！
战争女神,Sivir,棱彩,82,26,属性叠属性叠属性！
战争女神,Sivir,棱彩,83,27,科学狂人
战争女神,Sivir,黄金,84,33,心灵净化
战争女神,Sivir,黄金,85,34,升级：耀光
战争女神,Sivir,黄金,86,35,升级：贪欲九头蛇
战争女神,Sivir,棱彩,87,28,无限循环往复
战争女神,Sivir,棱彩,88,29,大法师
战争女神,Sivir,白银,89,25,终极不可阻挡
战争女神,Sivir,棱彩,90,30,吃过路兵
战争女神,Sivir,黄金,91,36,坦克引擎
战争女神,Sivir,黄金,92,37,杀戮时间到了
战争女神,Sivir,白银,93,26,唯快不破
战争女神,Sivir,黄金,94,38,生机迸发
战争女神,Sivir,黄金,95,39,闪现向前
战争女神,Sivir,黄金,96,40,急急小子
战争女神,Sivir,棱彩,97,31,尊我为王
战争女神,Sivir,白银,98,27,属性！
战争女神,Sivir,棱彩,99,32,终极刷新
战争女神,Sivir,棱彩,100,33,最终形态
战争女神,Sivir,黄金,101,41,神圣干预
战争女神,Sivir,白银,102,28,防护面纱
战争女神,Sivir,棱彩,103,34,男爵之手
战争女神,Sivir,棱彩,104,35,史上最大雪球
战争女神,Sivir,白银,105,29,吵闹鬼
战争女神,Sivir,棱彩,106,36,扳机炼狱
战争女神,Sivir,棱彩,107,37,回响施放
战争女神,Sivir,黄金,108,42,炽烈黎明
战争女神,Sivir,棱彩,109,38,炼狱导管
战争女神,Sivir,黄金,110,43,尖端发明家
战争女神,Sivir,黄金,111,44,黎明使者的坚决
战争女神,Sivir,白银,112,30,杀意翻涌
战争女神,Sivir,黄金,113,45,咏叹奏鸣
战争女神,Sivir,白银,114,31,重量级打击手
战争女神,Sivir,黄金,115,46,轻拍背部
战争女神,Sivir,棱彩,116,39,濒死悟道
战争女神,Sivir,白银,117,32,火狐
战争女神,Sivir,白银,118,33,转得我眩晕了
战争女神,Sivir,棱彩,119,40,歌利亚巨人
战争女神,Sivir,棱彩,120,41,魄罗蛮冲
战争女神,Sivir,黄金,121,47,溢流
战争女神,Sivir,棱彩,122,42,电涌力场
战争女神,Sivir,黄金,123,48,我们的治疗
战争女神,Sivir,棱彩,124,43,泰坦的坚决
战争女神,Sivir,黄金,125,49,鲨鱼暴风
战争女神,Sivir,白银,126,34,山脉龙魂
战争女神,Sivir,黄金,127,50,自然即是治愈
战争女神,Sivir,黄金,128,51,超凡邪恶
战争女神,Sivir,棱彩,129,44,大招工具人
战争女神,Sivir,黄金,130,52,冰雪爆裂
战争女神,Sivir,黄金,131,53,弹球
战争女神,Sivir,黄金,132,54,星界躯体
战争女神,Sivir,黄金,133,55,藏身草丛
战争女神,Sivir,黄金,134,56,鲨鱼诱饵
战争女神,Sivir,黄金,135,57,过量延伸者
战争女神,Sivir,黄金,136,58,豪猪
战争女神,Sivir,棱彩,137,45,神圣雪球
战争女神,Sivir,棱彩,138,46,飞升仪式
战争女神,Sivir,棱彩,139,47,利刃华尔兹
战争女神,Sivir,黄金,140,59,吸血习性
战争女神,Sivir,黄金,141,60,无尽大杀四方
战争女神,Sivir,白银,142,35,俯冲轰炸
战争女神,Sivir,黄金,143,61,钢化你心
战争女神,Sivir,棱彩,144,48,位面转移
战争女神,Sivir,白银,145,36,下雪天
战争女神,Sivir,白银,146,37,由心及物
战争女神,Sivir,棱彩,147,49,软弹啪叽抓
战争女神,Sivir,白银,148,38,冰寒
战争女神,Sivir,黄金,149,62,高压锅
战争女神,Sivir,黄金,150,63,会心治疗
战争女神,Sivir,棱彩,151,50,量子计算
战争女神,Sivir,黄金,152,64,升级：焚天
战争女神,Sivir,黄金,153,65,升级：雪球
战争女神,Sivir,黄金,154,66,魄罗爆破手
战争女神,Sivir,黄金,155,67,活力焕发
战争女神,Sivir,黄金,156,68,坚韧
战争女神,Sivir,棱彩,157,51,小丑学院
战争女神,Sivir,黄金,158,69,雪球扭蛋机
战争女神,Sivir,白银,159,39,闪闪现现
战争女神,Sivir,黄金,160,70,最终都市列车
战争女神,Sivir,黄金,161,71,惊惧
战争女神,Sivir,棱彩,162,52,魄罗之王的弹跳
战争女神,Sivir,棱彩,163,53,你肩上的恶魔
战争女神,Sivir,白银,164,40,急救用具
战争女神,Sivir,黄金,165,72,全心为你
战争女神,Sivir,白银,166,41,升级：献祭
战争女神,Sivir,棱彩,167,54,王中王，靴中靴
战争女神,Sivir,棱彩,168,55,和我一起困在这里
战争女神,Sivir,棱彩,169,56,？？？
战争女神,Sivir,棱彩,170,57,超负荷
上古领主,Skarner,黄金,1,1,坦克引擎
上古领主,Skarner,白银,2,1,重量级打击手
上古领主,Skarner,棱彩,3,1,飞身踢
上古领主,Skarner,黄金,4,2,星界躯体
上古领主,Skarner,黄金,5,3,钢化你心
上古领主,Skarner,棱彩,6,2,歌利亚巨人
上古领主,Skarner,黄金,7,4,黎明使者的坚决
上古领主,Skarner,白银,8,2,升级：献祭
上古领主,Skarner,黄金,9,5,高压锅
上古领主,Skarner,棱彩,10,3,泰坦的坚决
上古领主,Skarner,棱彩,11,4,艾卡西亚的陷落
上古领主,Skarner,黄金,12,6,质变：棱彩阶
上古领主,Skarner,黄金,13,7,不动如山
上古领主,Skarner,棱彩,14,5,巨像的勇气
上古领主,Skarner,黄金,15,8,吞噬灵魂
上古领主,Skarner,白银,16,3,扇巴掌
上古领主,Skarner,白银,17,4,质变：黄金阶
上古领主,Skarner,黄金,18,9,生机迸发
上古领主,Skarner,黄金,19,10,豪猪
上古领主,Skarner,白银,20,5,逃跑计划
上古领主,Skarner,白银,21,6,渴血
上古领主,Skarner,棱彩,22,6,和我一起困在这里
上古领主,Skarner,黄金,23,11,虚幻武器
上古领主,Skarner,黄金,24,12,尖端发明家
上古领主,Skarner,白银,25,7,练腿日
上古领主,Skarner,白银,26,8,大师铸就
上古领主,Skarner,黄金,27,13,急速之追求
上古领主,Skarner,黄金,28,14,无尽大杀四方
上古领主,Skarner,黄金,29,15,面包和果酱
上古领主,Skarner,白银,30,9,海洋龙魂
上古领主,Skarner,棱彩,31,7,回归基本功
上古领主,Skarner,白银,32,10,由心及物
上古领主,Skarner,棱彩,33,8,掷骰狂人
上古领主,Skarner,黄金,34,16,捐赠
上古领主,Skarner,棱彩,35,9,科学狂人
上古领主,Skarner,白银,36,11,侵蚀
上古领主,Skarner,白银,37,12,大力
上古领主,Skarner,白银,38,13,加固护盾
上古领主,Skarner,黄金,39,17,循环往复
上古领主,Skarner,白银,40,14,俯冲轰炸
上古领主,Skarner,棱彩,41,10,秘术冲拳
上古领主,Skarner,棱彩,42,11,史上最大雪球
上古领主,Skarner,棱彩,43,12,终极刷新
上古领主,Skarner,白银,44,15,终极不可阻挡
上古领主,Skarner,棱彩,45,13,质变：混沌
上古领主,Skarner,黄金,46,18,自然即是治愈
上古领主,Skarner,棱彩,47,14,最终形态
上古领主,Skarner,棱彩,48,15,超负荷
上古领主,Skarner,黄金,49,19,属性叠属性！
上古领主,Skarner,黄金,50,20,神圣干预
上古领主,Skarner,黄金,51,21,冰雪爆裂
上古领主,Skarner,白银,52,16,下雪天
上古领主,Skarner,黄金,53,22,炽燃利息
上古领主,Skarner,黄金,54,23,弹球
上古领主,Skarner,棱彩,55,16,残忍
上古领主,Skarner,棱彩,56,17,终极唤醒
上古领主,Skarner,黄金,57,24,面包和黄油
上古领主,Skarner,黄金,58,25,轻拍背部
上古领主,Skarner,棱彩,59,18,你摸不到
上古领主,Skarner,黄金,60,26,面包和奶酪
上古领主,Skarner,黄金,61,27,升级：耀光
上古领主,Skarner,黄金,62,28,我们的治疗
上古领主,Skarner,黄金,63,29,闪现向前
上古领主,Skarner,白银,64,17,山脉龙魂
上古领主,Skarner,棱彩,65,19,潘朵拉的盒子
上古领主,Skarner,棱彩,66,20,舞会女王
上古领主,Skarner,棱彩,67,21,软弹啪叽抓
上古领主,Skarner,棱彩,68,22,空投熊
上古领主,Skarner,黄金,69,30,升级：焚天
上古领主,Skarner,白银,70,18,魔法转物理
上古领主,Skarner,白银,71,19,转得我眩晕了
上古领主,Skarner,黄金,72,31,鲨鱼诱饵
上古领主,Skarner,棱彩,73,23,神圣雪球
上古领主,Skarner,黄金,74,32,缩小引擎
上古领主,Skarner,黄金,75,33,鲨鱼暴风
上古领主,Skarner,白银,76,20,属性！
上古领主,Skarner,棱彩,77,24,无限循环往复
上古领主,Skarner,白银,78,21,冰寒
上古领主,Skarner,棱彩,79,25,全能龙魂
上古领主,Skarner,黄金,80,34,升级：贪欲九头蛇
上古领主,Skarner,黄金,81,35,缩小射线
上古领主,Skarner,黄金,82,36,过量延伸者
上古领主,Skarner,棱彩,83,26,终极九头蛇
上古领主,Skarner,白银,84,22,杀意翻涌
上古领主,Skarner,黄金,85,37,哎哟，我的硬币！
上古领主,Skarner,白银,86,23,炼狱龙魂
上古领主,Skarner,黄金,87,38,更万用的瞄准镜
上古领主,Skarner,棱彩,88,27,大法师
上古领主,Skarner,黄金,89,39,火上浇油
上古领主,Skarner,白银,90,24,火狐
上古领主,Skarner,黄金,91,40,杀戮时间到了
上古领主,Skarner,白银,92,25,海克斯科技龙魂
上古领主,Skarner,棱彩,93,28,尊我为王
上古领主,Skarner,黄金,94,41,咏叹奏鸣
上古领主,Skarner,白银,95,26,强力护盾
上古领主,Skarner,棱彩,96,29,扳机炼狱
上古领主,Skarner,棱彩,97,30,吃过路兵
上古领主,Skarner,棱彩,98,31,属性叠属性叠属性！
上古领主,Skarner,白银,99,27,万用瞄准镜
上古领主,Skarner,棱彩,100,32,利刃华尔兹
上古领主,Skarner,白银,101,28,防护面纱
上古领主,Skarner,黄金,102,42,心灵净化
上古领主,Skarner,白银,103,29,家园卫士
上古领主,Skarner,棱彩,104,33,海牛阿福的勇士
上古领主,Skarner,白银,105,30,台风
上古领主,Skarner,白银,106,31,升级：死亡之舞
上古领主,Skarner,棱彩,107,34,濒死悟道
上古领主,Skarner,棱彩,108,35,飞升仪式
上古领主,Skarner,黄金,109,43,急急小子
上古领主,Skarner,棱彩,110,36,最万用的瞄准镜
上古领主,Skarner,黄金,111,44,罪恶快感
上古领主,Skarner,白银,112,32,双生火焰
上古领主,Skarner,棱彩,113,37,大招工具人
上古领主,Skarner,黄金,114,45,溢流
上古领主,Skarner,棱彩,115,38,物法皆修
上古领主,Skarner,白银,116,33,纯粹主义者 - 术师
上古领主,Skarner,棱彩,117,39,双刀流
上古领主,Skarner,黄金,118,46,回力OK镖
上古领主,Skarner,棱彩,119,40,夺金
上古领主,Skarner,黄金,120,47,炽烈黎明
上古领主,Skarner,黄金,121,48,升级：无尽之刃
上古领主,Skarner,棱彩,122,41,炼狱导管
上古领主,Skarner,黄金,123,49,魔法飞弹
上古领主,Skarner,棱彩,124,42,精怪魔法
上古领主,Skarner,黄金,125,50,术士果汁盒
上古领主,Skarner,棱彩,126,43,连拨击锤
上古领主,Skarner,棱彩,127,44,至高天诺言
上古领主,Skarner,白银,128,34,吵闹鬼
上古领主,Skarner,黄金,129,51,穿针引线
上古领主,Skarner,白银,130,35,灵巧
上古领主,Skarner,棱彩,131,45,战争交响乐
上古领主,Skarner,棱彩,132,46,巨人杀手
上古领主,Skarner,棱彩,133,47,魄罗蛮冲
上古领主,Skarner,棱彩,134,48,珠光护手
上古领主,Skarner,棱彩,135,49,位面转移
上古领主,Skarner,黄金,136,52,有始有终
上古领主,Skarner,白银,137,36,升级：收集者
上古领主,Skarner,棱彩,138,50,男爵之手
上古领主,Skarner,棱彩,139,51,风语者的祝福
上古领主,Skarner,黄金,140,53,超凡邪恶
上古领主,Skarner,棱彩,141,52,电涌力场
上古领主,Skarner,白银,142,37,注魔
上古领主,Skarner,黄金,143,54,夜狩
上古领主,Skarner,黄金,144,55,藏身草丛
上古领主,Skarner,白银,145,38,物理转魔法
上古领主,Skarner,白银,146,39,唯快不破
上古领主,Skarner,棱彩,147,53,不祥契约
上古领主,Skarner,黄金,148,56,牙仙子
上古领主,Skarner,白银,149,40,巫师式思考
上古领主,Skarner,白银,150,41,点亮他们！
上古领主,Skarner,黄金,151,57,狙神飞星
上古领主,Skarner,棱彩,152,54,踢踏舞
上古领主,Skarner,黄金,153,58,神射法师
上古领主,Skarner,黄金,154,59,坚韧
上古领主,Skarner,棱彩,155,55,灵魄炸弹
上古领主,Skarner,棱彩,156,56,尤里卡
上古领主,Skarner,黄金,157,60,超强大脑
上古领主,Skarner,棱彩,158,57,蛋白粉奶昔
上古领主,Skarner,白银,159,42,升级：中娅
上古领主,Skarner,白银,160,43,坚若磐石
上古领主,Skarner,棱彩,161,58,玻璃大炮
上古领主,Skarner,黄金,162,61,活力焕发
上古领主,Skarner,白银,163,44,闪光弹
上古领主,Skarner,白银,164,45,闪闪现现
上古领主,Skarner,黄金,165,62,会心治疗
上古领主,Skarner,棱彩,166,59,沃格勒特的巫师帽
上古领主,Skarner,白银,167,46,急救用具
上古领主,Skarner,黄金,168,63,升级：雪球
上古领主,Skarner,黄金,169,64,祖母的辣椒油
上古领主,Skarner,棱彩,170,60,量子计算
上古领主,Skarner,棱彩,171,61,小丑学院
上古领主,Skarner,黄金,172,65,雪球扭蛋机
上古领主,Skarner,黄金,173,66,吸血习性
上古领主,Skarner,黄金,174,67,魄罗爆破手
上古领主,Skarner,黄金,175,68,易损
上古领主,Skarner,黄金,176,69,最终都市列车
上古领主,Skarner,白银,177,47,会心防御
上古领主,Skarner,棱彩,178,62,升级：花晓之剑
上古领主,Skarner,白银,179,48,天音爆
上古领主,Skarner,棱彩,180,63,？？？
上古领主,Skarner,白银,181,49,虹吸
上古领主,Skarner,白银,182,50,可靠武器
上古领主,Skarner,黄金,183,70,灵魂虹吸
上古领主,Skarner,白银,184,51,叠角龙
上古领主,Skarner,棱彩,185,64,卡皮巴拉空投
上古领主,Skarner,棱彩,186,65,魄罗之王的弹跳
上古领主,Skarner,白银,187,52,狂热者
上古领主,Skarner,白银,188,53,由暴生急
上古领主,Skarner,黄金,189,71,威能之追求
炽炎雏龙,Smolder,黄金,1,1,暴击飞弹
炽炎雏龙,Smolder,棱彩,2,1,珠光护手
炽炎雏龙,Smolder,白银,3,1,双生火焰
炽炎雏龙,Smolder,黄金,4,2,更万用的瞄准镜
炽炎雏龙,Smolder,黄金,5,3,老练狙神
炽炎雏龙,Smolder,黄金,6,4,升级：无尽之刃
炽炎雏龙,Smolder,黄金,7,5,魔法飞弹
炽炎雏龙,Smolder,棱彩,8,2,最万用的瞄准镜
炽炎雏龙,Smolder,棱彩,9,3,双发快射
炽炎雏龙,Smolder,黄金,10,6,升级：耀光
炽炎雏龙,Smolder,棱彩,11,4,巨人杀手
炽炎雏龙,Smolder,白银,12,2,由暴生急
炽炎雏龙,Smolder,白银,13,3,万用瞄准镜
炽炎雏龙,Smolder,棱彩,14,5,无限循环往复
炽炎雏龙,Smolder,黄金,15,7,虚幻武器
炽炎雏龙,Smolder,白银,16,4,大力
炽炎雏龙,Smolder,棱彩,17,6,大法师
炽炎雏龙,Smolder,黄金,18,8,关键暴击
炽炎雏龙,Smolder,黄金,19,9,易损
炽炎雏龙,Smolder,黄金,20,10,急速之追求
炽炎雏龙,Smolder,黄金,21,11,质变：棱彩阶
炽炎雏龙,Smolder,白银,22,5,升级：收集者
炽炎雏龙,Smolder,棱彩,23,7,回归基本功
炽炎雏龙,Smolder,白银,24,6,狂热者
炽炎雏龙,Smolder,白银,25,7,虹吸
炽炎雏龙,Smolder,白银,26,8,纯粹主义者 - 术师
炽炎雏龙,Smolder,黄金,27,12,循环往复
炽炎雏龙,Smolder,黄金,28,13,超凡邪恶
炽炎雏龙,Smolder,黄金,29,14,灵魂虹吸
炽炎雏龙,Smolder,黄金,30,15,缩小引擎
炽炎雏龙,Smolder,黄金,31,16,威能之追求
炽炎雏龙,Smolder,黄金,32,17,面包和黄油
炽炎雏龙,Smolder,黄金,33,18,急急小子
炽炎雏龙,Smolder,棱彩,34,8,多重射击
炽炎雏龙,Smolder,白银,35,9,魔法转物理
炽炎雏龙,Smolder,棱彩,36,9,亮出你的剑
炽炎雏龙,Smolder,白银,37,10,叠角龙
炽炎雏龙,Smolder,黄金,38,19,狙神飞星
炽炎雏龙,Smolder,棱彩,39,10,掷骰狂人
炽炎雏龙,Smolder,棱彩,40,11,秘术冲拳
炽炎雏龙,Smolder,白银,41,11,渴血
炽炎雏龙,Smolder,白银,42,12,家园卫士
炽炎雏龙,Smolder,棱彩,43,12,连拨击锤
炽炎雏龙,Smolder,棱彩,44,13,咒语裂变
炽炎雏龙,Smolder,黄金,45,20,暴击律动
炽炎雏龙,Smolder,棱彩,46,14,超负荷
炽炎雏龙,Smolder,棱彩,47,15,双刀流
炽炎雏龙,Smolder,白银,48,13,质变：黄金阶
炽炎雏龙,Smolder,白银,49,14,台风
炽炎雏龙,Smolder,黄金,50,21,面包和果酱
炽炎雏龙,Smolder,白银,51,15,灵巧
炽炎雏龙,Smolder,棱彩,52,16,质变：混沌
炽炎雏龙,Smolder,黄金,53,22,穿针引线
炽炎雏龙,Smolder,棱彩,54,17,物法皆修
炽炎雏龙,Smolder,棱彩,55,18,终极唤醒
炽炎雏龙,Smolder,黄金,56,23,炽燃利息
炽炎雏龙,Smolder,白银,57,16,海克斯科技龙魂
炽炎雏龙,Smolder,棱彩,58,19,终极刷新
炽炎雏龙,Smolder,黄金,59,24,有始有终
炽炎雏龙,Smolder,白银,60,17,大师铸就
炽炎雏龙,Smolder,白银,61,18,炼狱龙魂
炽炎雏龙,Smolder,棱彩,62,20,炼狱导管
炽炎雏龙,Smolder,白银,63,19,会心防御
炽炎雏龙,Smolder,黄金,64,25,捐赠
炽炎雏龙,Smolder,黄金,65,26,属性叠属性！
炽炎雏龙,Smolder,黄金,66,27,神射法师
炽炎雏龙,Smolder,棱彩,67,21,精怪魔法
炽炎雏龙,Smolder,黄金,68,28,回力OK镖
炽炎雏龙,Smolder,棱彩,69,22,尤里卡
炽炎雏龙,Smolder,棱彩,70,23,玻璃大炮
炽炎雏龙,Smolder,黄金,71,29,牙仙子
炽炎雏龙,Smolder,棱彩,72,24,潘朵拉的盒子
炽炎雏龙,Smolder,黄金,73,30,缩小射线
炽炎雏龙,Smolder,黄金,74,31,罪恶快感
炽炎雏龙,Smolder,棱彩,75,25,踢踏舞
炽炎雏龙,Smolder,棱彩,76,26,科学狂人
炽炎雏龙,Smolder,白银,77,20,侵蚀
炽炎雏龙,Smolder,棱彩,78,27,海牛阿福的勇士
炽炎雏龙,Smolder,黄金,79,32,面包和奶酪
炽炎雏龙,Smolder,白银,80,21,注魔
炽炎雏龙,Smolder,黄金,81,33,杀戮时间到了
炽炎雏龙,Smolder,黄金,82,34,溢流
炽炎雏龙,Smolder,棱彩,83,28,全能龙魂
炽炎雏龙,Smolder,白银,84,22,逃跑计划
炽炎雏龙,Smolder,白银,85,23,海洋龙魂
炽炎雏龙,Smolder,棱彩,86,29,飞身踢
炽炎雏龙,Smolder,白银,87,24,练腿日
炽炎雏龙,Smolder,黄金,88,35,坦克引擎
炽炎雏龙,Smolder,棱彩,89,30,终极九头蛇
炽炎雏龙,Smolder,棱彩,90,31,战争交响乐
炽炎雏龙,Smolder,黄金,91,36,火上浇油
炽炎雏龙,Smolder,棱彩,92,32,夺金
炽炎雏龙,Smolder,白银,93,25,巫师式思考
炽炎雏龙,Smolder,黄金,94,37,升级：贪欲九头蛇
炽炎雏龙,Smolder,黄金,95,38,术士果汁盒
炽炎雏龙,Smolder,棱彩,96,33,属性叠属性叠属性！
炽炎雏龙,Smolder,白银,97,26,点亮他们！
炽炎雏龙,Smolder,棱彩,98,34,吃过路兵
炽炎雏龙,Smolder,黄金,99,39,哎哟，我的硬币！
炽炎雏龙,Smolder,黄金,100,40,心灵净化
炽炎雏龙,Smolder,棱彩,101,35,尊我为王
炽炎雏龙,Smolder,棱彩,102,36,你摸不到
炽炎雏龙,Smolder,白银,103,27,属性！
炽炎雏龙,Smolder,黄金,104,41,夜狩
炽炎雏龙,Smolder,黄金,105,42,生机迸发
炽炎雏龙,Smolder,棱彩,106,37,史上最大雪球
炽炎雏龙,Smolder,黄金,107,43,闪现向前
炽炎雏龙,Smolder,白银,108,28,火狐
炽炎雏龙,Smolder,白银,109,29,防护面纱
炽炎雏龙,Smolder,黄金,110,44,尖端发明家
炽炎雏龙,Smolder,棱彩,111,38,男爵之手
炽炎雏龙,Smolder,棱彩,112,39,大招工具人
炽炎雏龙,Smolder,黄金,113,45,炽烈黎明
炽炎雏龙,Smolder,棱彩,114,40,沃格勒特的巫师帽
炽炎雏龙,Smolder,棱彩,115,41,扳机炼狱
炽炎雏龙,Smolder,棱彩,116,42,最终形态
炽炎雏龙,Smolder,白银,117,30,由心及物
炽炎雏龙,Smolder,白银,118,31,终极不可阻挡
炽炎雏龙,Smolder,棱彩,119,43,歌利亚巨人
炽炎雏龙,Smolder,白银,120,32,吵闹鬼
炽炎雏龙,Smolder,黄金,121,46,神圣干预
炽炎雏龙,Smolder,白银,122,33,山脉龙魂
炽炎雏龙,Smolder,黄金,123,47,黎明使者的坚决
炽炎雏龙,Smolder,黄金,124,48,星界躯体
炽炎雏龙,Smolder,黄金,125,49,自然即是治愈
炽炎雏龙,Smolder,黄金,126,50,钢化你心
炽炎雏龙,Smolder,白银,127,34,冰寒
炽炎雏龙,Smolder,黄金,128,51,咏叹奏鸣
炽炎雏龙,Smolder,白银,129,35,唯快不破
炽炎雏龙,Smolder,白银,130,36,杀意翻涌
炽炎雏龙,Smolder,棱彩,131,44,魄罗蛮冲
炽炎雏龙,Smolder,棱彩,132,45,濒死悟道
炽炎雏龙,Smolder,棱彩,133,46,电涌力场
炽炎雏龙,Smolder,白银,134,37,重量级打击手
炽炎雏龙,Smolder,白银,135,38,转得我眩晕了
炽炎雏龙,Smolder,黄金,136,52,鲨鱼暴风
炽炎雏龙,Smolder,棱彩,137,47,空投熊
炽炎雏龙,Smolder,棱彩,138,48,不祥契约
炽炎雏龙,Smolder,黄金,139,53,轻拍背部
炽炎雏龙,Smolder,白银,140,39,物理转魔法
炽炎雏龙,Smolder,棱彩,141,49,神圣雪球
炽炎雏龙,Smolder,棱彩,142,50,泰坦的坚决
炽炎雏龙,Smolder,黄金,143,54,我们的治疗
炽炎雏龙,Smolder,黄金,144,55,藏身草丛
炽炎雏龙,Smolder,黄金,145,56,弹球
炽炎雏龙,Smolder,棱彩,146,51,飞升仪式
炽炎雏龙,Smolder,黄金,147,57,鲨鱼诱饵
炽炎雏龙,Smolder,黄金,148,58,冰雪爆裂
炽炎雏龙,Smolder,白银,149,40,俯冲轰炸
炽炎雏龙,Smolder,黄金,150,59,无尽大杀四方
炽炎雏龙,Smolder,棱彩,151,52,利刃华尔兹
炽炎雏龙,Smolder,黄金,152,60,过量延伸者
炽炎雏龙,Smolder,棱彩,153,53,位面转移
炽炎雏龙,Smolder,白银,154,41,升级：中娅
炽炎雏龙,Smolder,黄金,155,61,吸血习性
炽炎雏龙,Smolder,白银,156,42,下雪天
炽炎雏龙,Smolder,黄金,157,62,豪猪
炽炎雏龙,Smolder,黄金,158,63,超强大脑
炽炎雏龙,Smolder,黄金,159,64,高压锅
炽炎雏龙,Smolder,棱彩,160,54,软弹啪叽抓
炽炎雏龙,Smolder,黄金,161,65,活力焕发
炽炎雏龙,Smolder,黄金,162,66,会心治疗
炽炎雏龙,Smolder,黄金,163,67,升级：焚天
炽炎雏龙,Smolder,黄金,164,68,魄罗爆破手
炽炎雏龙,Smolder,白银,165,43,闪闪现现
炽炎雏龙,Smolder,棱彩,166,55,小丑学院
炽炎雏龙,Smolder,黄金,167,69,升级：雪球
炽炎雏龙,Smolder,黄金,168,70,坚韧
炽炎雏龙,Smolder,黄金,169,71,雪球扭蛋机
炽炎雏龙,Smolder,黄金,170,72,祖母的辣椒油
炽炎雏龙,Smolder,棱彩,171,56,量子计算
炽炎雏龙,Smolder,棱彩,172,57,和我一起困在这里
炽炎雏龙,Smolder,白银,173,44,自适应防护
炽炎雏龙,Smolder,白银,174,45,闪光弹
炽炎雏龙,Smolder,棱彩,175,58,升级：花晓之剑
炽炎雏龙,Smolder,黄金,176,73,最终都市列车
炽炎雏龙,Smolder,棱彩,177,59,至高天诺言
炽炎雏龙,Smolder,棱彩,178,60,？？？
炽炎雏龙,Smolder,棱彩,179,61,魄罗之王的弹跳
炽炎雏龙,Smolder,棱彩,180,62,你肩上的恶魔
炽炎雏龙,Smolder,棱彩,181,63,死亡之环
炽炎雏龙,Smolder,棱彩,182,64,蛋白粉奶昔
炽炎雏龙,Smolder,棱彩,183,65,激光治疗
炽炎雏龙,Smolder,棱彩,184,66,王中王，靴中靴
炽炎雏龙,Smolder,棱彩,185,67,卡皮巴拉空投
炽炎雏龙,Smolder,棱彩,186,68,舞会女王
琴瑟仙女,Sona,白银,1,1,急救用具
琴瑟仙女,Sona,黄金,2,1,咏叹奏鸣
琴瑟仙女,Sona,黄金,3,2,全心为你
琴瑟仙女,Sona,黄金,4,3,喂呜喂呜
琴瑟仙女,Sona,白银,5,2,天音爆
琴瑟仙女,Sona,黄金,6,4,仁慈打击
琴瑟仙女,Sona,棱彩,7,1,灵魄炸弹
琴瑟仙女,Sona,棱彩,8,2,信念者的强化
琴瑟仙女,Sona,棱彩,9,3,大法师
琴瑟仙女,Sona,黄金,10,5,神圣干预
琴瑟仙女,Sona,白银,11,3,纯粹主义者 - 术师
琴瑟仙女,Sona,棱彩,12,4,风语者的祝福
琴瑟仙女,Sona,黄金,13,6,超凡邪恶
琴瑟仙女,Sona,黄金,14,7,溢流
琴瑟仙女,Sona,棱彩,15,5,至高天诺言
琴瑟仙女,Sona,棱彩,16,6,尤里卡
琴瑟仙女,Sona,棱彩,17,7,无限循环往复
琴瑟仙女,Sona,黄金,18,8,急急小子
琴瑟仙女,Sona,黄金,19,9,缩小引擎
琴瑟仙女,Sona,黄金,20,10,魔法飞弹
琴瑟仙女,Sona,白银,21,4,巫师式思考
琴瑟仙女,Sona,黄金,22,11,质变：棱彩阶
琴瑟仙女,Sona,棱彩,23,8,蛋白粉奶昔
琴瑟仙女,Sona,棱彩,24,9,死亡之环
琴瑟仙女,Sona,黄金,25,12,循环往复
琴瑟仙女,Sona,白银,26,5,由心及物
琴瑟仙女,Sona,黄金,27,13,虚幻武器
琴瑟仙女,Sona,黄金,28,14,面包和果酱
琴瑟仙女,Sona,黄金,29,15,会心治疗
琴瑟仙女,Sona,黄金,30,16,炽烈黎明
琴瑟仙女,Sona,白银,31,6,质变：黄金阶
琴瑟仙女,Sona,白银,32,7,强力护盾
琴瑟仙女,Sona,棱彩,33,10,超负荷
琴瑟仙女,Sona,白银,34,8,家园卫士
琴瑟仙女,Sona,黄金,35,17,回力OK镖
琴瑟仙女,Sona,黄金,36,18,术士果汁盒
琴瑟仙女,Sona,棱彩,37,11,升级：花晓之剑
琴瑟仙女,Sona,棱彩,38,12,终极唤醒
琴瑟仙女,Sona,棱彩,39,13,回归基本功
琴瑟仙女,Sona,白银,40,9,海洋龙魂
琴瑟仙女,Sona,黄金,41,19,超强大脑
琴瑟仙女,Sona,棱彩,42,14,沃格勒特的巫师帽
琴瑟仙女,Sona,白银,43,10,双生火焰
琴瑟仙女,Sona,白银,44,11,练腿日
琴瑟仙女,Sona,白银,45,12,升级：中娅
琴瑟仙女,Sona,棱彩,46,15,质变：混沌
琴瑟仙女,Sona,黄金,47,20,自然即是治愈
琴瑟仙女,Sona,棱彩,48,16,掷骰狂人
琴瑟仙女,Sona,白银,49,13,物理转魔法
琴瑟仙女,Sona,黄金,50,21,神射法师
琴瑟仙女,Sona,黄金,51,22,老练狙神
琴瑟仙女,Sona,棱彩,52,17,终极刷新
琴瑟仙女,Sona,黄金,53,23,快步
琴瑟仙女,Sona,棱彩,54,18,多重射击
琴瑟仙女,Sona,黄金,55,24,狙神飞星
琴瑟仙女,Sona,黄金,56,25,面包和黄油
琴瑟仙女,Sona,白银,57,14,海克斯科技龙魂
琴瑟仙女,Sona,棱彩,58,19,精怪魔法
琴瑟仙女,Sona,白银,59,15,火狐
琴瑟仙女,Sona,黄金,60,26,捐赠
琴瑟仙女,Sona,黄金,61,27,属性叠属性！
琴瑟仙女,Sona,白银,62,16,大师铸就
琴瑟仙女,Sona,黄金,63,28,牙仙子
琴瑟仙女,Sona,黄金,64,29,哎哟，我的硬币！
琴瑟仙女,Sona,黄金,65,30,尖端发明家
琴瑟仙女,Sona,棱彩,66,20,潘朵拉的盒子
琴瑟仙女,Sona,棱彩,67,21,珠光护手
琴瑟仙女,Sona,白银,68,17,侵蚀
琴瑟仙女,Sona,白银,69,18,炼狱龙魂
琴瑟仙女,Sona,黄金,70,31,轻拍背部
琴瑟仙女,Sona,黄金,71,32,我们的治疗
琴瑟仙女,Sona,棱彩,72,22,巨人杀手
琴瑟仙女,Sona,白银,73,19,属性！
琴瑟仙女,Sona,白银,74,20,逃跑计划
琴瑟仙女,Sona,黄金,75,33,面包和奶酪
琴瑟仙女,Sona,白银,76,21,注魔
琴瑟仙女,Sona,黄金,77,34,升级：耀光
琴瑟仙女,Sona,棱彩,78,23,科学狂人
琴瑟仙女,Sona,黄金,79,35,坦克引擎
琴瑟仙女,Sona,黄金,80,36,杀戮时间到了
琴瑟仙女,Sona,棱彩,81,24,史上最大雪球
琴瑟仙女,Sona,棱彩,82,25,海牛阿福的勇士
琴瑟仙女,Sona,棱彩,83,26,回响施放
琴瑟仙女,Sona,黄金,84,37,有始有终
琴瑟仙女,Sona,白银,85,22,终极不可阻挡
琴瑟仙女,Sona,棱彩,86,27,全能龙魂
琴瑟仙女,Sona,黄金,87,38,生机迸发
琴瑟仙女,Sona,白银,88,23,防护面纱
琴瑟仙女,Sona,棱彩,89,28,属性叠属性叠属性！
琴瑟仙女,Sona,黄金,90,39,星界躯体
琴瑟仙女,Sona,棱彩,91,29,大招工具人
琴瑟仙女,Sona,白银,92,24,吵闹鬼
琴瑟仙女,Sona,棱彩,93,30,秘术冲拳
琴瑟仙女,Sona,棱彩,94,31,飞身踢
琴瑟仙女,Sona,白银,95,25,冰寒
琴瑟仙女,Sona,黄金,96,40,心灵净化
琴瑟仙女,Sona,棱彩,97,32,玻璃大炮
琴瑟仙女,Sona,白银,98,26,山脉龙魂
琴瑟仙女,Sona,白银,99,27,唯快不破
琴瑟仙女,Sona,黄金,100,41,缩小射线
琴瑟仙女,Sona,棱彩,101,33,你摸不到
琴瑟仙女,Sona,白银,102,28,杀意翻涌
琴瑟仙女,Sona,棱彩,103,34,夺金
琴瑟仙女,Sona,黄金,104,42,黎明使者的坚决
琴瑟仙女,Sona,棱彩,105,35,男爵之手
琴瑟仙女,Sona,棱彩,106,36,炼狱导管
琴瑟仙女,Sona,棱彩,107,37,尊我为王
琴瑟仙女,Sona,黄金,108,43,穿针引线
琴瑟仙女,Sona,黄金,109,44,闪现向前
琴瑟仙女,Sona,黄金,110,45,弹球
琴瑟仙女,Sona,黄金,111,46,更万用的瞄准镜
琴瑟仙女,Sona,棱彩,112,38,魄罗蛮冲
琴瑟仙女,Sona,白银,113,29,俯冲轰炸
琴瑟仙女,Sona,黄金,114,47,鲨鱼暴风
琴瑟仙女,Sona,棱彩,115,39,不祥契约
琴瑟仙女,Sona,棱彩,116,40,吃过路兵
琴瑟仙女,Sona,棱彩,117,41,歌利亚巨人
琴瑟仙女,Sona,黄金,118,48,火上浇油
琴瑟仙女,Sona,黄金,119,49,冰雪爆裂
琴瑟仙女,Sona,白银,120,30,万用瞄准镜
琴瑟仙女,Sona,棱彩,121,42,物法皆修
琴瑟仙女,Sona,白银,122,31,灵巧
琴瑟仙女,Sona,白银,123,32,下雪天
琴瑟仙女,Sona,棱彩,124,43,电涌力场
琴瑟仙女,Sona,棱彩,125,44,扳机炼狱
琴瑟仙女,Sona,棱彩,126,45,空投熊
琴瑟仙女,Sona,白银,127,33,渴血
琴瑟仙女,Sona,白银,128,34,转得我眩晕了
琴瑟仙女,Sona,黄金,129,50,鲨鱼诱饵
琴瑟仙女,Sona,黄金,130,51,夜狩
琴瑟仙女,Sona,棱彩,131,46,最万用的瞄准镜
琴瑟仙女,Sona,棱彩,132,47,位面转移
琴瑟仙女,Sona,黄金,133,52,钢化你心
琴瑟仙女,Sona,白银,134,35,点亮他们！
琴瑟仙女,Sona,棱彩,135,48,最终形态
琴瑟仙女,Sona,黄金,136,53,罪恶快感
琴瑟仙女,Sona,棱彩,137,49,神圣雪球
琴瑟仙女,Sona,棱彩,138,50,踢踏舞
琴瑟仙女,Sona,黄金,139,54,豪猪
琴瑟仙女,Sona,白银,140,36,重量级打击手
琴瑟仙女,Sona,棱彩,141,51,泰坦的坚决
琴瑟仙女,Sona,黄金,142,55,过量延伸者
琴瑟仙女,Sona,黄金,143,56,藏身草丛
琴瑟仙女,Sona,黄金,144,57,高压锅
琴瑟仙女,Sona,棱彩,145,52,软弹啪叽抓
琴瑟仙女,Sona,黄金,146,58,活力焕发
琴瑟仙女,Sona,棱彩,147,53,小猫咪找妈妈
琴瑟仙女,Sona,棱彩,148,54,利刃华尔兹
琴瑟仙女,Sona,棱彩,149,55,战争交响乐
琴瑟仙女,Sona,棱彩,150,56,激光治疗
琴瑟仙女,Sona,黄金,151,59,坚韧
琴瑟仙女,Sona,黄金,152,60,祖母的辣椒油
琴瑟仙女,Sona,黄金,153,61,魄罗爆破手
琴瑟仙女,Sona,白银,154,37,会心防御
琴瑟仙女,Sona,黄金,155,62,关键暴击
琴瑟仙女,Sona,黄金,156,63,灵魂虹吸
琴瑟仙女,Sona,黄金,157,64,升级：雪球
琴瑟仙女,Sona,黄金,158,65,吸血习性
琴瑟仙女,Sona,棱彩,159,57,量子计算
琴瑟仙女,Sona,黄金,160,66,雪球扭蛋机
琴瑟仙女,Sona,白银,161,38,闪闪现现
琴瑟仙女,Sona,黄金,162,67,暴击飞弹
琴瑟仙女,Sona,黄金,163,68,最终都市列车
琴瑟仙女,Sona,白银,164,39,台风
琴瑟仙女,Sona,黄金,165,69,易损
琴瑟仙女,Sona,棱彩,166,58,连拨击锤
琴瑟仙女,Sona,棱彩,167,59,双刀流
琴瑟仙女,Sona,棱彩,168,60,小丑学院
琴瑟仙女,Sona,棱彩,169,61,魄罗之王的弹跳
琴瑟仙女,Sona,白银,170,40,狂热者
琴瑟仙女,Sona,棱彩,171,62,咒语裂变
琴瑟仙女,Sona,白银,172,41,保持坚定
琴瑟仙女,Sona,白银,173,42,主玩辅助
琴瑟仙女,Sona,棱彩,174,63,卡皮巴拉空投
琴瑟仙女,Sona,棱彩,175,64,？？？
琴瑟仙女,Sona,棱彩,176,65,你肩上的恶魔
琴瑟仙女,Sona,棱彩,177,66,双发快射
众星之子,Soraka,白银,1,1,急救用具
众星之子,Soraka,黄金,2,1,全心为你
众星之子,Soraka,黄金,3,2,喂呜喂呜
众星之子,Soraka,黄金,4,3,咏叹奏鸣
众星之子,Soraka,棱彩,5,1,灵魄炸弹
众星之子,Soraka,白银,6,2,天音爆
众星之子,Soraka,棱彩,7,2,信念者的强化
众星之子,Soraka,黄金,8,4,活力焕发
众星之子,Soraka,黄金,9,5,仁慈打击
众星之子,Soraka,棱彩,10,3,至高天诺言
众星之子,Soraka,棱彩,11,4,风语者的祝福
众星之子,Soraka,黄金,12,6,神圣干预
众星之子,Soraka,黄金,13,7,自然即是治愈
众星之子,Soraka,棱彩,14,5,蛋白粉奶昔
众星之子,Soraka,棱彩,15,6,死亡之环
众星之子,Soraka,白银,16,3,纯粹主义者 - 术师
众星之子,Soraka,棱彩,17,7,大法师
众星之子,Soraka,棱彩,18,8,无限循环往复
众星之子,Soraka,黄金,19,8,质变：棱彩阶
众星之子,Soraka,黄金,20,9,超凡邪恶
众星之子,Soraka,黄金,21,10,星界躯体
众星之子,Soraka,白银,22,4,由心及物
众星之子,Soraka,白银,23,5,巫师式思考
众星之子,Soraka,白银,24,6,家园卫士
众星之子,Soraka,黄金,25,11,贪欲束缚
众星之子,Soraka,黄金,26,12,缩小引擎
众星之子,Soraka,黄金,27,13,急急小子
众星之子,Soraka,白银,28,7,质变：黄金阶
众星之子,Soraka,黄金,29,14,坦克引擎
众星之子,Soraka,黄金,30,15,急速之追求
众星之子,Soraka,棱彩,31,9,终极刷新
众星之子,Soraka,黄金,32,16,循环往复
众星之子,Soraka,白银,33,8,海洋龙魂
众星之子,Soraka,棱彩,34,10,回归基本功
众星之子,Soraka,黄金,35,17,我们的治疗
众星之子,Soraka,黄金,36,18,老练狙神
众星之子,Soraka,黄金,37,19,会心治疗
众星之子,Soraka,棱彩,38,11,尤里卡
众星之子,Soraka,黄金,39,20,面包和果酱
众星之子,Soraka,棱彩,40,12,终极唤醒
众星之子,Soraka,棱彩,41,13,升级：花晓之剑
众星之子,Soraka,黄金,42,21,黎明使者的坚决
众星之子,Soraka,棱彩,43,14,回响施放
众星之子,Soraka,黄金,44,22,魔法飞弹
众星之子,Soraka,黄金,45,23,炽烈黎明
众星之子,Soraka,黄金,46,24,面包和奶酪
众星之子,Soraka,黄金,47,25,溢流
众星之子,Soraka,棱彩,48,15,歌利亚巨人
众星之子,Soraka,黄金,49,26,虚幻武器
众星之子,Soraka,黄金,50,27,回力OK镖
众星之子,Soraka,棱彩,51,16,质变：混沌
众星之子,Soraka,棱彩,52,17,超负荷
众星之子,Soraka,白银,53,9,逃跑计划
众星之子,Soraka,棱彩,54,18,掷骰狂人
众星之子,Soraka,白银,55,10,练腿日
众星之子,Soraka,黄金,56,28,捐赠
众星之子,Soraka,黄金,57,29,超强大脑
众星之子,Soraka,黄金,58,30,狙神飞星
众星之子,Soraka,黄金,59,31,面包和黄油
众星之子,Soraka,黄金,60,32,属性叠属性！
众星之子,Soraka,白银,61,11,属性！
众星之子,Soraka,黄金,62,33,哎哟，我的硬币！
众星之子,Soraka,棱彩,63,19,飞身踢
众星之子,Soraka,棱彩,64,20,大招工具人
众星之子,Soraka,白银,65,12,物理转魔法
众星之子,Soraka,黄金,66,34,尖端发明家
众星之子,Soraka,棱彩,67,21,沃格勒特的巫师帽
众星之子,Soraka,棱彩,68,22,潘朵拉的盒子
众星之子,Soraka,黄金,69,35,威能之追求
众星之子,Soraka,白银,70,13,扇巴掌
众星之子,Soraka,白银,71,14,冰寒
众星之子,Soraka,白银,72,15,大师铸就
众星之子,Soraka,黄金,73,36,钢化你心
众星之子,Soraka,棱彩,74,23,科学狂人
众星之子,Soraka,白银,75,16,防护面纱
众星之子,Soraka,白银,76,17,山脉龙魂
众星之子,Soraka,黄金,77,37,生机迸发
众星之子,Soraka,白银,78,18,双生火焰
众星之子,Soraka,白银,79,19,海克斯科技龙魂
众星之子,Soraka,白银,80,20,火狐
众星之子,Soraka,白银,81,21,终极不可阻挡
众星之子,Soraka,黄金,82,38,吞噬灵魂
众星之子,Soraka,白银,83,22,侵蚀
众星之子,Soraka,棱彩,84,24,全能龙魂
众星之子,Soraka,黄金,85,39,轻拍背部
众星之子,Soraka,棱彩,86,25,史上最大雪球
众星之子,Soraka,白银,87,23,重量级打击手
众星之子,Soraka,黄金,88,40,术士果汁盒
众星之子,Soraka,白银,89,24,炼狱龙魂
众星之子,Soraka,黄金,90,41,不动如山
众星之子,Soraka,棱彩,91,26,海牛阿福的勇士
众星之子,Soraka,棱彩,92,27,你摸不到
众星之子,Soraka,白银,93,25,升级：中娅
众星之子,Soraka,棱彩,94,28,属性叠属性叠属性！
众星之子,Soraka,棱彩,95,29,残忍
众星之子,Soraka,黄金,96,42,心灵净化
众星之子,Soraka,黄金,97,43,闪现向前
众星之子,Soraka,白银,98,26,吵闹鬼
众星之子,Soraka,白银,99,27,俯冲轰炸
众星之子,Soraka,棱彩,100,30,巨人杀手
众星之子,Soraka,棱彩,101,31,珠光护手
众星之子,Soraka,棱彩,102,32,夺金
众星之子,Soraka,棱彩,103,33,巨像的勇气
众星之子,Soraka,棱彩,104,34,尊我为王
众星之子,Soraka,白银,105,28,转得我眩晕了
众星之子,Soraka,棱彩,106,35,魄罗蛮冲
众星之子,Soraka,棱彩,107,36,男爵之手
众星之子,Soraka,白银,108,29,杀意翻涌
众星之子,Soraka,棱彩,109,37,秘术冲拳
众星之子,Soraka,白银,110,30,注魔
众星之子,Soraka,黄金,111,44,高压锅
众星之子,Soraka,黄金,112,45,杀戮时间到了
众星之子,Soraka,黄金,113,46,缩小射线
众星之子,Soraka,白银,114,31,渴血
众星之子,Soraka,白银,115,32,灵巧
众星之子,Soraka,白银,116,33,下雪天
众星之子,Soraka,棱彩,117,38,不祥契约
众星之子,Soraka,黄金,118,47,神射法师
众星之子,Soraka,黄金,119,48,鲨鱼暴风
众星之子,Soraka,棱彩,120,39,位面转移
众星之子,Soraka,棱彩,121,40,电涌力场
众星之子,Soraka,棱彩,122,41,炼狱导管
众星之子,Soraka,黄金,123,49,弹球
众星之子,Soraka,棱彩,124,42,软弹啪叽抓
众星之子,Soraka,黄金,125,50,鲨鱼诱饵
众星之子,Soraka,黄金,126,51,冰雪爆裂
众星之子,Soraka,棱彩,127,43,最终形态
众星之子,Soraka,棱彩,128,44,玻璃大炮
众星之子,Soraka,棱彩,129,45,空投熊
众星之子,Soraka,黄金,130,52,有始有终
众星之子,Soraka,棱彩,131,46,物法皆修
众星之子,Soraka,黄金,132,53,更万用的瞄准镜
众星之子,Soraka,白银,133,34,唯快不破
众星之子,Soraka,黄金,134,54,火上浇油
众星之子,Soraka,黄金,135,55,罪恶快感
众星之子,Soraka,白银,136,35,万用瞄准镜
众星之子,Soraka,棱彩,137,47,扳机炼狱
众星之子,Soraka,黄金,138,56,豪猪
众星之子,Soraka,棱彩,139,48,泰坦的坚决
众星之子,Soraka,黄金,140,57,过量延伸者
众星之子,Soraka,棱彩,141,49,神圣雪球
众星之子,Soraka,黄金,142,58,夜狩
众星之子,Soraka,白银,143,36,点亮他们！
众星之子,Soraka,棱彩,144,50,吃过路兵
众星之子,Soraka,黄金,145,59,穿针引线
众星之子,Soraka,黄金,146,60,坚韧
众星之子,Soraka,棱彩,147,51,踢踏舞
众星之子,Soraka,黄金,148,61,升级：耀光
众星之子,Soraka,棱彩,149,52,最万用的瞄准镜
众星之子,Soraka,棱彩,150,53,小猫咪找妈妈
众星之子,Soraka,棱彩,151,54,激光治疗
众星之子,Soraka,黄金,152,62,藏身草丛
众星之子,Soraka,黄金,153,63,牙仙子
众星之子,Soraka,棱彩,154,55,利刃华尔兹
众星之子,Soraka,棱彩,155,56,战争交响乐
众星之子,Soraka,黄金,156,64,祖母的辣椒油
众星之子,Soraka,白银,157,37,坚若磐石
众星之子,Soraka,黄金,158,65,关键暴击
众星之子,Soraka,白银,159,38,闪闪现现
众星之子,Soraka,黄金,160,66,魄罗爆破手
众星之子,Soraka,棱彩,161,57,量子计算
众星之子,Soraka,黄金,162,67,吸血习性
众星之子,Soraka,白银,163,39,台风
众星之子,Soraka,白银,164,40,主玩辅助
众星之子,Soraka,黄金,165,68,灵魂虹吸
众星之子,Soraka,白银,166,41,会心防御
众星之子,Soraka,黄金,167,69,易损
众星之子,Soraka,黄金,168,70,升级：雪球
众星之子,Soraka,黄金,169,71,雪球扭蛋机
众星之子,Soraka,黄金,170,72,最终都市列车
众星之子,Soraka,棱彩,171,58,？？？
众星之子,Soraka,棱彩,172,59,双刀流
众星之子,Soraka,白银,173,42,强力护盾
众星之子,Soraka,白银,174,43,可靠武器
众星之子,Soraka,白银,175,44,闪光弹
众星之子,Soraka,棱彩,176,60,连拨击锤
众星之子,Soraka,棱彩,177,61,小丑学院
众星之子,Soraka,黄金,178,73,暴击飞弹
众星之子,Soraka,棱彩,179,62,卡皮巴拉空投
众星之子,Soraka,白银,180,45,狂热者
众星之子,Soraka,黄金,181,74,快步
诺克萨斯统领,Swain,黄金,1,1,术士果汁盒
诺克萨斯统领,Swain,棱彩,2,1,炼狱导管
诺克萨斯统领,Swain,黄金,3,2,超凡邪恶
诺克萨斯统领,Swain,白银,4,1,冰寒
诺克萨斯统领,Swain,黄金,5,3,魔法飞弹
诺克萨斯统领,Swain,黄金,6,4,贪欲束缚
诺克萨斯统领,Swain,白银,7,2,由心及物
诺克萨斯统领,Swain,棱彩,8,2,尤里卡
诺克萨斯统领,Swain,白银,9,3,升级：中娅
诺克萨斯统领,Swain,棱彩,10,3,无限循环往复
诺克萨斯统领,Swain,黄金,11,5,虚幻武器
诺克萨斯统领,Swain,黄金,12,6,坦克引擎
诺克萨斯统领,Swain,棱彩,13,4,大法师
诺克萨斯统领,Swain,黄金,14,7,吞噬灵魂
诺克萨斯统领,Swain,白银,15,4,巫师式思考
诺克萨斯统领,Swain,黄金,16,8,杀戮时间到了
诺克萨斯统领,Swain,黄金,17,9,质变：棱彩阶
诺克萨斯统领,Swain,棱彩,18,5,不祥契约
诺克萨斯统领,Swain,白银,19,5,扇巴掌
诺克萨斯统领,Swain,白银,20,6,渴血
诺克萨斯统领,Swain,棱彩,21,6,精怪魔法
诺克萨斯统领,Swain,棱彩,22,7,飞身踢
诺克萨斯统领,Swain,黄金,23,10,溢流
诺克萨斯统领,Swain,棱彩,24,8,终极唤醒
诺克萨斯统领,Swain,棱彩,25,9,残忍
诺克萨斯统领,Swain,黄金,26,11,超强大脑
诺克萨斯统领,Swain,黄金,27,12,循环往复
诺克萨斯统领,Swain,白银,28,7,终极不可阻挡
诺克萨斯统领,Swain,黄金,29,13,急速之追求
诺克萨斯统领,Swain,白银,30,8,纯粹主义者 - 术师
诺克萨斯统领,Swain,黄金,31,14,急急小子
诺克萨斯统领,Swain,棱彩,32,10,沃格勒特的巫师帽
诺克萨斯统领,Swain,棱彩,33,11,歌利亚巨人
诺克萨斯统领,Swain,白银,34,9,质变：黄金阶
诺克萨斯统领,Swain,黄金,35,15,黎明使者的坚决
诺克萨斯统领,Swain,黄金,36,16,钢化你心
诺克萨斯统领,Swain,白银,37,10,逃跑计划
诺克萨斯统领,Swain,黄金,38,17,面包和奶酪
诺克萨斯统领,Swain,白银,39,11,海洋龙魂
诺克萨斯统领,Swain,黄金,40,18,缩小引擎
诺克萨斯统领,Swain,白银,41,12,侵蚀
诺克萨斯统领,Swain,黄金,42,19,炽燃利息
诺克萨斯统领,Swain,白银,43,13,练腿日
诺克萨斯统领,Swain,棱彩,44,12,掷骰狂人
诺克萨斯统领,Swain,白银,45,14,叠角龙
诺克萨斯统领,Swain,棱彩,46,13,死亡之环
诺克萨斯统领,Swain,白银,47,15,大师铸就
诺克萨斯统领,Swain,黄金,48,20,星界躯体
诺克萨斯统领,Swain,棱彩,49,14,巨像的勇气
诺克萨斯统领,Swain,棱彩,50,15,你摸不到
诺克萨斯统领,Swain,黄金,51,21,不动如山
诺克萨斯统领,Swain,黄金,52,22,面包和黄油
诺克萨斯统领,Swain,黄金,53,23,生机迸发
诺克萨斯统领,Swain,棱彩,54,16,泰坦的坚决
诺克萨斯统领,Swain,黄金,55,24,神射法师
诺克萨斯统领,Swain,棱彩,56,17,电涌力场
诺克萨斯统领,Swain,黄金,57,25,高压锅
诺克萨斯统领,Swain,棱彩,58,18,终极刷新
诺克萨斯统领,Swain,白银,59,16,双生火焰
诺克萨斯统领,Swain,黄金,60,26,牙仙子
诺克萨斯统领,Swain,棱彩,61,19,质变：混沌
诺克萨斯统领,Swain,黄金,62,27,威能之追求
诺克萨斯统领,Swain,白银,63,17,物理转魔法
诺克萨斯统领,Swain,棱彩,64,20,回响施放
诺克萨斯统领,Swain,棱彩,65,21,最终形态
诺克萨斯统领,Swain,黄金,66,28,我们的治疗
诺克萨斯统领,Swain,黄金,67,29,属性叠属性！
诺克萨斯统领,Swain,黄金,68,30,捐赠
诺克萨斯统领,Swain,黄金,69,31,豪猪
诺克萨斯统领,Swain,白银,70,18,重量级打击手
诺克萨斯统领,Swain,黄金,71,32,面包和果酱
诺克萨斯统领,Swain,白银,72,19,海克斯科技龙魂
诺克萨斯统领,Swain,黄金,73,33,狙神飞星
诺克萨斯统领,Swain,黄金,74,34,尖端发明家
诺克萨斯统领,Swain,黄金,75,35,老练狙神
诺克萨斯统领,Swain,白银,76,20,炼狱龙魂
诺克萨斯统领,Swain,黄金,77,36,穿针引线
诺克萨斯统领,Swain,棱彩,78,22,科学狂人
诺克萨斯统领,Swain,黄金,79,37,轻拍背部
诺克萨斯统领,Swain,棱彩,80,23,史上最大雪球
诺克萨斯统领,Swain,黄金,81,38,神圣干预
诺克萨斯统领,Swain,棱彩,82,24,潘朵拉的盒子
诺克萨斯统领,Swain,黄金,83,39,自然即是治愈
诺克萨斯统领,Swain,棱彩,84,25,吃过路兵
诺克萨斯统领,Swain,白银,85,21,俯冲轰炸
诺克萨斯统领,Swain,棱彩,86,26,和我一起困在这里
诺克萨斯统领,Swain,棱彩,87,27,扳机炼狱
诺克萨斯统领,Swain,棱彩,88,28,珠光护手
诺克萨斯统领,Swain,白银,89,22,火狐
诺克萨斯统领,Swain,白银,90,23,注魔
诺克萨斯统领,Swain,黄金,91,40,冰雪爆裂
诺克萨斯统领,Swain,黄金,92,41,闪现向前
诺克萨斯统领,Swain,黄金,93,42,无尽大杀四方
诺克萨斯统领,Swain,棱彩,94,29,大招工具人
诺克萨斯统领,Swain,黄金,95,43,弹球
诺克萨斯统领,Swain,白银,96,24,杀意翻涌
诺克萨斯统领,Swain,棱彩,97,30,全能龙魂
诺克萨斯统领,Swain,黄金,98,44,咏叹奏鸣
诺克萨斯统领,Swain,白银,99,25,下雪天
诺克萨斯统领,Swain,黄金,100,45,哎哟，我的硬币！
诺克萨斯统领,Swain,黄金,101,46,心灵净化
诺克萨斯统领,Swain,黄金,102,47,有始有终
诺克萨斯统领,Swain,棱彩,103,31,海牛阿福的勇士
诺克萨斯统领,Swain,黄金,104,48,鲨鱼暴风
诺克萨斯统领,Swain,白银,105,26,家园卫士
诺克萨斯统领,Swain,黄金,106,49,炽烈黎明
诺克萨斯统领,Swain,棱彩,107,32,巨人杀手
诺克萨斯统领,Swain,白银,108,27,属性！
诺克萨斯统领,Swain,棱彩,109,33,空投熊
诺克萨斯统领,Swain,棱彩,110,34,尊我为王
诺克萨斯统领,Swain,黄金,111,50,鲨鱼诱饵
诺克萨斯统领,Swain,黄金,112,51,火上浇油
诺克萨斯统领,Swain,白银,113,28,升级：献祭
诺克萨斯统领,Swain,棱彩,114,35,属性叠属性叠属性！
诺克萨斯统领,Swain,棱彩,115,36,软弹啪叽抓
诺克萨斯统领,Swain,棱彩,116,37,秘术冲拳
诺克萨斯统领,Swain,棱彩,117,38,夺金
诺克萨斯统领,Swain,黄金,118,52,回力OK镖
诺克萨斯统领,Swain,棱彩,119,39,神圣雪球
诺克萨斯统领,Swain,白银,120,29,吵闹鬼
诺克萨斯统领,Swain,白银,121,30,转得我眩晕了
诺克萨斯统领,Swain,白银,122,31,山脉龙魂
诺克萨斯统领,Swain,棱彩,123,40,至高天诺言
诺克萨斯统领,Swain,黄金,124,53,缩小射线
诺克萨斯统领,Swain,黄金,125,54,夜狩
诺克萨斯统领,Swain,棱彩,126,41,濒死悟道
诺克萨斯统领,Swain,黄金,127,55,过量延伸者
诺克萨斯统领,Swain,棱彩,128,42,男爵之手
诺克萨斯统领,Swain,白银,129,32,防护面纱
诺克萨斯统领,Swain,黄金,130,56,罪恶快感
诺克萨斯统领,Swain,棱彩,131,43,风语者的祝福
诺克萨斯统领,Swain,白银,132,33,唯快不破
诺克萨斯统领,Swain,棱彩,133,44,利刃华尔兹
诺克萨斯统领,Swain,棱彩,134,45,回归基本功
诺克萨斯统领,Swain,棱彩,135,46,飞升仪式
诺克萨斯统领,Swain,棱彩,136,47,玻璃大炮
诺克萨斯统领,Swain,棱彩,137,48,魄罗蛮冲
诺克萨斯统领,Swain,棱彩,138,49,物法皆修
诺克萨斯统领,Swain,棱彩,139,50,战争交响乐
诺克萨斯统领,Swain,棱彩,140,51,舞会女王
诺克萨斯统领,Swain,棱彩,141,52,位面转移
诺克萨斯统领,Swain,黄金,142,57,藏身草丛
诺克萨斯统领,Swain,黄金,143,58,更万用的瞄准镜
诺克萨斯统领,Swain,棱彩,144,53,踢踏舞
诺克萨斯统领,Swain,棱彩,145,54,灵魄炸弹
诺克萨斯统领,Swain,白银,146,34,点亮他们！
诺克萨斯统领,Swain,白银,147,35,万用瞄准镜
诺克萨斯统领,Swain,黄金,148,59,坚韧
诺克萨斯统领,Swain,白银,149,36,灵巧
诺克萨斯统领,Swain,黄金,150,60,活力焕发
诺克萨斯统领,Swain,黄金,151,61,会心治疗
诺克萨斯统领,Swain,黄金,152,62,吸血习性
诺克萨斯统领,Swain,白银,153,37,急救用具
诺克萨斯统领,Swain,棱彩,154,55,最万用的瞄准镜
诺克萨斯统领,Swain,白银,155,38,坚若磐石
诺克萨斯统领,Swain,棱彩,156,56,蛋白粉奶昔
诺克萨斯统领,Swain,黄金,157,63,祖母的辣椒油
诺克萨斯统领,Swain,黄金,158,64,升级：雪球
诺克萨斯统领,Swain,白银,159,39,闪光弹
诺克萨斯统领,Swain,黄金,160,65,易损
诺克萨斯统领,Swain,白银,161,40,闪闪现现
诺克萨斯统领,Swain,棱彩,162,57,量子计算
诺克萨斯统领,Swain,黄金,163,66,雪球扭蛋机
诺克萨斯统领,Swain,黄金,164,67,灵魂虹吸
诺克萨斯统领,Swain,棱彩,165,58,超负荷
诺克萨斯统领,Swain,黄金,166,68,关键暴击
诺克萨斯统领,Swain,白银,167,41,会心防御
诺克萨斯统领,Swain,白银,168,42,强力护盾
诺克萨斯统领,Swain,白银,169,43,虹吸
诺克萨斯统领,Swain,黄金,170,69,暴击飞弹
诺克萨斯统领,Swain,棱彩,171,59,小丑学院
诺克萨斯统领,Swain,黄金,172,70,最终都市列车
诺克萨斯统领,Swain,黄金,173,71,魄罗爆破手
诺克萨斯统领,Swain,黄金,174,72,喂呜喂呜
诺克萨斯统领,Swain,棱彩,175,60,连拨击锤
诺克萨斯统领,Swain,白银,176,44,可靠武器
诺克萨斯统领,Swain,棱彩,177,61,双刀流
诺克萨斯统领,Swain,棱彩,178,62,激光治疗
诺克萨斯统领,Swain,白银,179,45,天音爆
诺克萨斯统领,Swain,白银,180,46,台风
诺克萨斯统领,Swain,黄金,181,73,全心为你
诺克萨斯统领,Swain,白银,182,47,魔法转物理
诺克萨斯统领,Swain,棱彩,183,63,？？？
诺克萨斯统领,Swain,棱彩,184,64,魄罗之王的弹跳
诺克萨斯统领,Swain,白银,185,48,自适应防护
诺克萨斯统领,Swain,棱彩,186,65,王中王，靴中靴
诺克萨斯统领,Swain,棱彩,187,66,艾卡西亚的陷落
诺克萨斯统领,Swain,棱彩,188,67,信念者的强化
诺克萨斯统领,Swain,白银,189,49,由暴生急
解脱者,Sylas,黄金,1,1,术士果汁盒
解脱者,Sylas,黄金,2,2,神射法师
解脱者,Sylas,白银,3,1,渴血
解脱者,Sylas,棱彩,4,1,全凭身法
解脱者,Sylas,黄金,5,3,狂徒豪气
解脱者,Sylas,白银,6,2,旋转至胜
解脱者,Sylas,棱彩,7,2,尤里卡
解脱者,Sylas,黄金,8,4,虚幻武器
解脱者,Sylas,黄金,9,5,超凡邪恶
解脱者,Sylas,棱彩,10,3,秘术冲拳
解脱者,Sylas,白银,11,3,巫师式思考
解脱者,Sylas,棱彩,12,4,大法师
解脱者,Sylas,白银,13,4,升级：中娅
解脱者,Sylas,黄金,14,6,贪欲束缚
解脱者,Sylas,黄金,15,7,无尽大杀四方
解脱者,Sylas,白银,16,5,由心及物
解脱者,Sylas,黄金,17,8,牙仙子
解脱者,Sylas,棱彩,18,5,无限循环往复
解脱者,Sylas,黄金,19,9,质变：棱彩阶
解脱者,Sylas,棱彩,20,6,扳机炼狱
解脱者,Sylas,黄金,21,10,循环往复
解脱者,Sylas,黄金,22,11,黎明使者的坚决
解脱者,Sylas,黄金,23,12,急速之追求
解脱者,Sylas,黄金,24,13,溢流
解脱者,Sylas,棱彩,25,7,最终形态
解脱者,Sylas,棱彩,26,8,飞升仪式
解脱者,Sylas,黄金,27,14,超强大脑
解脱者,Sylas,白银,28,6,纯粹主义者 - 术师
解脱者,Sylas,棱彩,29,9,不祥契约
解脱者,Sylas,棱彩,30,10,沃格勒特的巫师帽
解脱者,Sylas,黄金,31,15,面包和果酱
解脱者,Sylas,白银,32,7,快中求稳
解脱者,Sylas,白银,33,8,暗影疾奔
解脱者,Sylas,白银,34,9,质变：黄金阶
解脱者,Sylas,棱彩,35,11,回归基本功
解脱者,Sylas,白银,36,10,逃跑计划
解脱者,Sylas,黄金,37,16,急急小子
解脱者,Sylas,白银,38,11,物理转魔法
解脱者,Sylas,棱彩,39,12,吃过路兵
解脱者,Sylas,棱彩,40,13,濒死悟道
解脱者,Sylas,棱彩,41,14,飞身踢
解脱者,Sylas,黄金,42,17,面包和奶酪
解脱者,Sylas,黄金,43,18,坦克引擎
解脱者,Sylas,黄金,44,19,钢化你心
解脱者,Sylas,黄金,45,20,缩小引擎
解脱者,Sylas,白银,46,12,练腿日
解脱者,Sylas,白银,47,13,重量级打击手
解脱者,Sylas,棱彩,48,15,掷骰狂人
解脱者,Sylas,黄金,49,21,有始有终
解脱者,Sylas,黄金,50,22,属性叠属性！
解脱者,Sylas,棱彩,51,16,超负荷
解脱者,Sylas,黄金,52,23,魔法飞弹
解脱者,Sylas,黄金,53,24,我们的治疗
解脱者,Sylas,黄金,54,25,威能之追求
解脱者,Sylas,黄金,55,26,心灵净化
解脱者,Sylas,棱彩,56,17,终极唤醒
解脱者,Sylas,白银,57,14,注魔
解脱者,Sylas,黄金,58,27,罪恶快感
解脱者,Sylas,黄金,59,28,自然即是治愈
解脱者,Sylas,黄金,60,29,穿针引线
解脱者,Sylas,棱彩,61,18,珠光护手
解脱者,Sylas,黄金,62,30,生机迸发
解脱者,Sylas,棱彩,63,19,炼狱导管
解脱者,Sylas,白银,64,15,扇巴掌
解脱者,Sylas,棱彩,65,20,利刃华尔兹
解脱者,Sylas,黄金,66,31,杀戮时间到了
解脱者,Sylas,白银,67,16,终极不可阻挡
解脱者,Sylas,黄金,68,32,吞噬灵魂
解脱者,Sylas,棱彩,69,21,歌利亚巨人
解脱者,Sylas,棱彩,70,22,质变：混沌
解脱者,Sylas,黄金,71,33,捐赠
解脱者,Sylas,白银,72,17,海洋龙魂
解脱者,Sylas,棱彩,73,23,史上最大雪球
解脱者,Sylas,白银,74,18,大师铸就
解脱者,Sylas,棱彩,75,24,巨像的勇气
解脱者,Sylas,黄金,76,34,闪现向前
解脱者,Sylas,黄金,77,35,不动如山
解脱者,Sylas,黄金,78,36,星界躯体
解脱者,Sylas,白银,79,19,火狐
解脱者,Sylas,棱彩,80,25,残忍
解脱者,Sylas,棱彩,81,26,潘朵拉的盒子
解脱者,Sylas,黄金,82,37,夜狩
解脱者,Sylas,黄金,83,38,升级：耀光
解脱者,Sylas,白银,84,20,俯冲轰炸
解脱者,Sylas,黄金,85,39,弹球
解脱者,Sylas,黄金,86,40,冰雪爆裂
解脱者,Sylas,白银,87,21,双生火焰
解脱者,Sylas,白银,88,22,下雪天
解脱者,Sylas,黄金,89,41,尖端发明家
解脱者,Sylas,棱彩,90,27,科学狂人
解脱者,Sylas,棱彩,91,28,泰坦的坚决
解脱者,Sylas,白银,92,23,侵蚀
解脱者,Sylas,白银,93,24,炼狱龙魂
解脱者,Sylas,棱彩,94,29,终极刷新
解脱者,Sylas,黄金,95,42,神圣干预
解脱者,Sylas,黄金,96,43,高压锅
解脱者,Sylas,棱彩,97,30,你摸不到
解脱者,Sylas,棱彩,98,31,死亡之环
解脱者,Sylas,棱彩,99,32,软弹啪叽抓
解脱者,Sylas,黄金,100,44,面包和黄油
解脱者,Sylas,棱彩,101,33,海牛阿福的勇士
解脱者,Sylas,黄金,102,45,升级：焚天
解脱者,Sylas,白银,103,25,狂热者
解脱者,Sylas,白银,104,26,防护面纱
解脱者,Sylas,棱彩,105,34,大地苏醒
解脱者,Sylas,棱彩,106,35,神圣雪球
解脱者,Sylas,黄金,107,46,鲨鱼暴风
解脱者,Sylas,棱彩,108,36,巨人杀手
解脱者,Sylas,白银,109,27,杀意翻涌
解脱者,Sylas,棱彩,110,37,位面转移
解脱者,Sylas,棱彩,111,38,和我一起困在这里
解脱者,Sylas,黄金,112,47,轻拍背部
解脱者,Sylas,棱彩,113,39,物法皆修
解脱者,Sylas,白银,114,28,属性！
解脱者,Sylas,棱彩,115,40,空投熊
解脱者,Sylas,白银,116,29,海克斯科技龙魂
解脱者,Sylas,棱彩,117,41,电涌力场
解脱者,Sylas,黄金,118,48,升级：贪欲九头蛇
解脱者,Sylas,棱彩,119,42,尊我为王
解脱者,Sylas,棱彩,120,43,全能龙魂
解脱者,Sylas,黄金,121,49,哎哟，我的硬币！
解脱者,Sylas,黄金,122,50,鲨鱼诱饵
解脱者,Sylas,黄金,123,51,豪猪
解脱者,Sylas,棱彩,124,44,属性叠属性叠属性！
解脱者,Sylas,黄金,125,52,过量延伸者
解脱者,Sylas,棱彩,126,45,舞会女王
解脱者,Sylas,黄金,127,53,火上浇油
解脱者,Sylas,白银,128,30,冰寒
解脱者,Sylas,黄金,129,54,缩小射线
解脱者,Sylas,黄金,130,55,炽烈黎明
解脱者,Sylas,棱彩,131,46,踢踏舞
解脱者,Sylas,棱彩,132,47,夺金
解脱者,Sylas,白银,133,31,升级：献祭
解脱者,Sylas,白银,134,32,家园卫士
解脱者,Sylas,白银,135,33,转得我眩晕了
解脱者,Sylas,白银,136,34,山脉龙魂
解脱者,Sylas,棱彩,137,48,玻璃大炮
解脱者,Sylas,黄金,138,56,狙神飞星
解脱者,Sylas,黄金,139,57,咏叹奏鸣
解脱者,Sylas,棱彩,140,49,战争交响乐
解脱者,Sylas,棱彩,141,50,男爵之手
解脱者,Sylas,黄金,142,58,更万用的瞄准镜
解脱者,Sylas,棱彩,143,51,大招工具人
解脱者,Sylas,白银,144,35,灵巧
解脱者,Sylas,棱彩,145,52,至高天诺言
解脱者,Sylas,白银,146,36,万用瞄准镜
解脱者,Sylas,黄金,147,59,藏身草丛
解脱者,Sylas,黄金,148,60,回力OK镖
解脱者,Sylas,白银,149,37,点亮他们！
解脱者,Sylas,棱彩,150,53,风语者的祝福
解脱者,Sylas,棱彩,151,54,艾卡西亚的陷落
解脱者,Sylas,棱彩,152,55,魄罗蛮冲
解脱者,Sylas,白银,153,38,吵闹鬼
解脱者,Sylas,白银,154,39,唯快不破
解脱者,Sylas,黄金,155,61,吸血习性
解脱者,Sylas,黄金,156,62,活力焕发
解脱者,Sylas,棱彩,157,56,最万用的瞄准镜
解脱者,Sylas,白银,158,40,闪光弹
解脱者,Sylas,白银,159,41,闪闪现现
解脱者,Sylas,白银,160,42,急救用具
解脱者,Sylas,黄金,161,63,会心治疗
解脱者,Sylas,棱彩,162,57,小丑学院
解脱者,Sylas,黄金,163,64,灵魂虹吸
解脱者,Sylas,黄金,164,65,升级：雪球
解脱者,Sylas,白银,165,43,坚若磐石
解脱者,Sylas,棱彩,166,58,灵魄炸弹
解脱者,Sylas,黄金,167,66,坚韧
解脱者,Sylas,黄金,168,67,雪球扭蛋机
解脱者,Sylas,黄金,169,68,关键暴击
解脱者,Sylas,白银,170,44,强力护盾
解脱者,Sylas,棱彩,171,59,量子计算
解脱者,Sylas,黄金,172,69,最终都市列车
解脱者,Sylas,黄金,173,70,祖母的辣椒油
解脱者,Sylas,棱彩,174,60,蛋白粉奶昔
解脱者,Sylas,黄金,175,71,易损
解脱者,Sylas,黄金,176,72,虚空冲刺
解脱者,Sylas,白银,177,45,会心防御
解脱者,Sylas,棱彩,178,61,魄罗之王的弹跳
解脱者,Sylas,白银,179,46,台风
解脱者,Sylas,白银,180,47,虹吸
解脱者,Sylas,白银,181,48,魔法转物理
解脱者,Sylas,黄金,182,73,魄罗爆破手
解脱者,Sylas,棱彩,183,62,连拨击锤
解脱者,Sylas,棱彩,184,63,卡皮巴拉空投
解脱者,Sylas,棱彩,185,64,你肩上的恶魔
解脱者,Sylas,白银,186,49,叠角龙
解脱者,Sylas,棱彩,187,65,双刀流
解脱者,Sylas,黄金,188,74,暴击律动
解脱者,Sylas,棱彩,189,66,升级：花晓之剑
解脱者,Sylas,黄金,190,75,喂呜喂呜
解脱者,Sylas,黄金,191,76,全心为你
解脱者,Sylas,棱彩,192,67,王中王，靴中靴
解脱者,Sylas,棱彩,193,68,信念者的强化
解脱者,Sylas,棱彩,194,69,双发快射
解脱者,Sylas,白银,195,50,由暴生急
暗黑元首,Syndra,棱彩,1,1,尤里卡
暗黑元首,Syndra,黄金,2,1,魔法飞弹
暗黑元首,Syndra,黄金,3,2,术士果汁盒
暗黑元首,Syndra,白银,4,1,巫师式思考
暗黑元首,Syndra,黄金,5,3,超凡邪恶
暗黑元首,Syndra,棱彩,6,2,大法师
暗黑元首,Syndra,黄金,7,4,老练狙神
暗黑元首,Syndra,白银,8,2,纯粹主义者 - 术师
暗黑元首,Syndra,白银,9,3,升级：中娅
暗黑元首,Syndra,黄金,10,5,牙仙子
暗黑元首,Syndra,棱彩,11,3,无限循环往复
暗黑元首,Syndra,黄金,12,6,连锁反应
暗黑元首,Syndra,黄金,13,7,急急小子
暗黑元首,Syndra,黄金,14,8,超强大脑
暗黑元首,Syndra,棱彩,15,4,沃格勒特的巫师帽
暗黑元首,Syndra,黄金,16,9,狙神飞星
暗黑元首,Syndra,黄金,17,10,质变：棱彩阶
暗黑元首,Syndra,白银,18,4,扇巴掌
暗黑元首,Syndra,白银,19,5,家园卫士
暗黑元首,Syndra,棱彩,20,5,炼狱导管
暗黑元首,Syndra,黄金,21,11,循环往复
暗黑元首,Syndra,黄金,22,12,贪欲束缚
暗黑元首,Syndra,棱彩,23,6,残忍
暗黑元首,Syndra,黄金,24,13,缩小引擎
暗黑元首,Syndra,黄金,25,14,面包和奶酪
暗黑元首,Syndra,黄金,26,15,急速之追求
暗黑元首,Syndra,白银,27,6,质变：黄金阶
暗黑元首,Syndra,白银,28,7,双生火焰
暗黑元首,Syndra,棱彩,29,7,终极刷新
暗黑元首,Syndra,白银,30,8,物理转魔法
暗黑元首,Syndra,棱彩,31,8,珠光护手
暗黑元首,Syndra,棱彩,32,9,终极唤醒
暗黑元首,Syndra,黄金,33,16,虚幻武器
暗黑元首,Syndra,黄金,34,17,穿针引线
暗黑元首,Syndra,白银,35,9,海克斯科技龙魂
暗黑元首,Syndra,黄金,36,18,面包和黄油
暗黑元首,Syndra,白银,37,10,由心及物
暗黑元首,Syndra,黄金,38,19,溢流
暗黑元首,Syndra,棱彩,39,10,掷骰狂人
暗黑元首,Syndra,白银,40,11,炼狱龙魂
暗黑元首,Syndra,棱彩,41,11,巨人杀手
暗黑元首,Syndra,棱彩,42,12,不祥契约
暗黑元首,Syndra,黄金,43,20,有始有终
暗黑元首,Syndra,白银,44,12,练腿日
暗黑元首,Syndra,棱彩,45,13,质变：混沌
暗黑元首,Syndra,白银,46,13,大师铸就
暗黑元首,Syndra,白银,47,14,渴血
暗黑元首,Syndra,棱彩,48,14,回归基本功
暗黑元首,Syndra,白银,49,15,海洋龙魂
暗黑元首,Syndra,黄金,50,21,回力OK镖
暗黑元首,Syndra,黄金,51,22,捐赠
暗黑元首,Syndra,白银,52,16,火狐
暗黑元首,Syndra,黄金,53,23,属性叠属性！
暗黑元首,Syndra,白银,54,17,逃跑计划
暗黑元首,Syndra,棱彩,55,15,科学狂人
暗黑元首,Syndra,白银,56,18,防护面纱
暗黑元首,Syndra,棱彩,57,16,超负荷
暗黑元首,Syndra,黄金,58,24,杀戮时间到了
暗黑元首,Syndra,棱彩,59,17,玻璃大炮
暗黑元首,Syndra,白银,60,19,冰寒
暗黑元首,Syndra,白银,61,20,侵蚀
暗黑元首,Syndra,棱彩,62,18,潘朵拉的盒子
暗黑元首,Syndra,黄金,63,25,面包和果酱
暗黑元首,Syndra,棱彩,64,19,史上最大雪球
暗黑元首,Syndra,黄金,65,26,心灵净化
暗黑元首,Syndra,棱彩,66,20,全能龙魂
暗黑元首,Syndra,黄金,67,27,吞噬灵魂
暗黑元首,Syndra,白银,68,21,吵闹鬼
暗黑元首,Syndra,棱彩,69,21,你摸不到
暗黑元首,Syndra,棱彩,70,22,巨像的勇气
暗黑元首,Syndra,白银,71,22,属性！
暗黑元首,Syndra,棱彩,72,23,电涌力场
暗黑元首,Syndra,白银,73,23,终极不可阻挡
暗黑元首,Syndra,黄金,74,28,哎哟，我的硬币！
暗黑元首,Syndra,黄金,75,29,尖端发明家
暗黑元首,Syndra,棱彩,76,24,飞身踢
暗黑元首,Syndra,棱彩,77,25,夺金
暗黑元首,Syndra,棱彩,78,26,属性叠属性叠属性！
暗黑元首,Syndra,黄金,79,30,闪现向前
暗黑元首,Syndra,棱彩,80,27,海牛阿福的勇士
暗黑元首,Syndra,黄金,81,31,神射法师
暗黑元首,Syndra,黄金,82,32,不动如山
暗黑元首,Syndra,黄金,83,33,炽燃利息
暗黑元首,Syndra,棱彩,84,28,大招工具人
暗黑元首,Syndra,棱彩,85,29,精怪魔法
暗黑元首,Syndra,白银,86,24,注魔
暗黑元首,Syndra,黄金,87,34,炽烈黎明
暗黑元首,Syndra,白银,88,25,唯快不破
暗黑元首,Syndra,棱彩,89,30,男爵之手
暗黑元首,Syndra,黄金,90,35,生机迸发
暗黑元首,Syndra,棱彩,91,31,尊我为王
暗黑元首,Syndra,白银,92,26,杀意翻涌
暗黑元首,Syndra,黄金,93,36,神圣干预
暗黑元首,Syndra,黄金,94,37,咏叹奏鸣
暗黑元首,Syndra,黄金,95,38,夜狩
暗黑元首,Syndra,白银,96,27,山脉龙魂
暗黑元首,Syndra,黄金,97,39,坦克引擎
暗黑元首,Syndra,棱彩,98,32,吃过路兵
暗黑元首,Syndra,棱彩,99,33,秘术冲拳
暗黑元首,Syndra,黄金,100,40,鲨鱼暴风
暗黑元首,Syndra,棱彩,101,34,空投熊
暗黑元首,Syndra,黄金,102,41,罪恶快感
暗黑元首,Syndra,棱彩,103,35,歌利亚巨人
暗黑元首,Syndra,黄金,104,42,弹球
暗黑元首,Syndra,白银,105,28,俯冲轰炸
暗黑元首,Syndra,黄金,106,43,藏身草丛
暗黑元首,Syndra,黄金,107,44,自然即是治愈
暗黑元首,Syndra,棱彩,108,36,最终形态
暗黑元首,Syndra,黄金,109,45,鲨鱼诱饵
暗黑元首,Syndra,白银,110,29,下雪天
暗黑元首,Syndra,黄金,111,46,轻拍背部
暗黑元首,Syndra,黄金,112,47,黎明使者的坚决
暗黑元首,Syndra,棱彩,113,37,魄罗蛮冲
暗黑元首,Syndra,黄金,114,48,火上浇油
暗黑元首,Syndra,棱彩,115,38,扳机炼狱
暗黑元首,Syndra,黄金,116,49,冰雪爆裂
暗黑元首,Syndra,棱彩,117,39,神圣雪球
暗黑元首,Syndra,白银,118,30,转得我眩晕了
暗黑元首,Syndra,黄金,119,50,缩小射线
暗黑元首,Syndra,黄金,120,51,我们的治疗
暗黑元首,Syndra,棱彩,121,40,物法皆修
暗黑元首,Syndra,白银,122,31,灵巧
暗黑元首,Syndra,白银,123,32,点亮他们！
暗黑元首,Syndra,黄金,124,52,更万用的瞄准镜
暗黑元首,Syndra,黄金,125,53,过量延伸者
暗黑元首,Syndra,棱彩,126,41,飞升仪式
暗黑元首,Syndra,白银,127,33,万用瞄准镜
暗黑元首,Syndra,棱彩,128,42,濒死悟道
暗黑元首,Syndra,黄金,129,54,豪猪
暗黑元首,Syndra,黄金,130,55,星界躯体
暗黑元首,Syndra,棱彩,131,43,泰坦的坚决
暗黑元首,Syndra,棱彩,132,44,位面转移
暗黑元首,Syndra,黄金,133,56,升级：耀光
暗黑元首,Syndra,棱彩,134,45,利刃华尔兹
暗黑元首,Syndra,棱彩,135,46,最万用的瞄准镜
暗黑元首,Syndra,棱彩,136,47,软弹啪叽抓
暗黑元首,Syndra,棱彩,137,48,踢踏舞
暗黑元首,Syndra,黄金,138,57,高压锅
暗黑元首,Syndra,棱彩,139,49,战争交响乐
暗黑元首,Syndra,黄金,140,58,钢化你心
暗黑元首,Syndra,白银,141,34,重量级打击手
暗黑元首,Syndra,黄金,142,59,无尽大杀四方
暗黑元首,Syndra,黄金,143,60,活力焕发
暗黑元首,Syndra,黄金,144,61,魄罗爆破手
暗黑元首,Syndra,黄金,145,62,吸血习性
暗黑元首,Syndra,黄金,146,63,祖母的辣椒油
暗黑元首,Syndra,白银,147,35,坚若磐石
暗黑元首,Syndra,白银,148,36,闪闪现现
暗黑元首,Syndra,黄金,149,64,易损
暗黑元首,Syndra,黄金,150,65,升级：雪球
暗黑元首,Syndra,黄金,151,66,关键暴击
暗黑元首,Syndra,黄金,152,67,灵魂虹吸
暗黑元首,Syndra,白银,153,37,会心防御
暗黑元首,Syndra,白银,154,38,闪光弹
暗黑元首,Syndra,黄金,155,68,暴击飞弹
暗黑元首,Syndra,黄金,156,69,坚韧
暗黑元首,Syndra,棱彩,157,50,量子计算
暗黑元首,Syndra,黄金,158,70,会心治疗
暗黑元首,Syndra,白银,159,39,狂热者
暗黑元首,Syndra,白银,160,40,可靠武器
暗黑元首,Syndra,棱彩,161,51,魄罗之王的弹跳
暗黑元首,Syndra,白银,162,41,叠角龙
暗黑元首,Syndra,棱彩,163,52,双刀流
暗黑元首,Syndra,棱彩,164,53,小丑学院
暗黑元首,Syndra,白银,165,42,虹吸
暗黑元首,Syndra,白银,166,43,急救用具
暗黑元首,Syndra,棱彩,167,54,连拨击锤
暗黑元首,Syndra,黄金,168,71,暴击律动
暗黑元首,Syndra,黄金,169,72,雪球扭蛋机
暗黑元首,Syndra,棱彩,170,55,王中王，靴中靴
暗黑元首,Syndra,黄金,171,73,最终都市列车
暗黑元首,Syndra,棱彩,172,56,卡皮巴拉空投
暗黑元首,Syndra,棱彩,173,57,？？？
暗黑元首,Syndra,白银,174,44,由暴生急
暗黑元首,Syndra,黄金,175,74,威能之追求
暗黑元首,Syndra,白银,176,45,天音爆
暗黑元首,Syndra,黄金,177,75,全心为你
暗黑元首,Syndra,白银,178,46,强力护盾
暗黑元首,Syndra,棱彩,179,58,激光治疗
暗黑元首,Syndra,棱彩,180,59,你肩上的恶魔
暗黑元首,Syndra,棱彩,181,60,双发快射
河流之王,TahmKench,黄金,1,1,坦克引擎
河流之王,TahmKench,棱彩,2,1,歌利亚巨人
河流之王,TahmKench,白银,3,1,重量级打击手
河流之王,TahmKench,黄金,4,2,星界躯体
河流之王,TahmKench,黄金,5,3,钢化你心
河流之王,TahmKench,黄金,6,4,虚幻武器
河流之王,TahmKench,棱彩,7,2,回归基本功
河流之王,TahmKench,黄金,8,5,高压锅
河流之王,TahmKench,棱彩,9,3,飞身踢
河流之王,TahmKench,棱彩,10,4,巨像的勇气
河流之王,TahmKench,黄金,11,6,质变：棱彩阶
河流之王,TahmKench,棱彩,12,5,无限循环往复
河流之王,TahmKench,白银,13,2,扇巴掌
河流之王,TahmKench,白银,14,3,质变：黄金阶
河流之王,TahmKench,黄金,15,7,神圣干预
河流之王,TahmKench,白银,16,4,纯粹主义者 - 术师
河流之王,TahmKench,白银,17,5,巫师式思考
河流之王,TahmKench,黄金,18,8,面包和黄油
河流之王,TahmKench,黄金,19,9,不动如山
河流之王,TahmKench,白银,20,6,逃跑计划
河流之王,TahmKench,黄金,21,10,吞噬灵魂
河流之王,TahmKench,棱彩,22,6,尤里卡
河流之王,TahmKench,白银,23,7,练腿日
河流之王,TahmKench,黄金,24,11,黎明使者的坚决
河流之王,TahmKench,黄金,25,12,超凡邪恶
河流之王,TahmKench,棱彩,26,7,掷骰狂人
河流之王,TahmKench,黄金,27,13,急速之追求
河流之王,TahmKench,黄金,28,14,生机迸发
河流之王,TahmKench,棱彩,29,8,科学狂人
河流之王,TahmKench,白银,30,8,大师铸就
河流之王,TahmKench,白银,31,9,海洋龙魂
河流之王,TahmKench,黄金,32,15,魔法飞弹
河流之王,TahmKench,黄金,33,16,循环往复
河流之王,TahmKench,棱彩,34,9,质变：混沌
河流之王,TahmKench,白银,35,10,升级：献祭
河流之王,TahmKench,棱彩,36,10,泰坦的坚决
河流之王,TahmKench,黄金,37,17,尖端发明家
河流之王,TahmKench,白银,38,11,物理转魔法
河流之王,TahmKench,黄金,39,18,无尽大杀四方
河流之王,TahmKench,黄金,40,19,捐赠
河流之王,TahmKench,白银,41,12,炼狱龙魂
河流之王,TahmKench,棱彩,42,11,全能龙魂
河流之王,TahmKench,棱彩,43,12,大法师
河流之王,TahmKench,黄金,44,20,活力焕发
河流之王,TahmKench,黄金,45,21,我们的治疗
河流之王,TahmKench,黄金,46,22,贪欲束缚
河流之王,TahmKench,棱彩,47,13,史上最大雪球
河流之王,TahmKench,白银,48,13,防护面纱
河流之王,TahmKench,黄金,49,23,豪猪
河流之王,TahmKench,白银,50,14,加固护盾
河流之王,TahmKench,白银,51,15,冰寒
河流之王,TahmKench,棱彩,52,14,残忍
河流之王,TahmKench,棱彩,53,15,和我一起困在这里
河流之王,TahmKench,黄金,54,24,威能之追求
河流之王,TahmKench,白银,55,16,下雪天
河流之王,TahmKench,白银,56,17,由心及物
河流之王,TahmKench,黄金,57,25,自然即是治愈
河流之王,TahmKench,棱彩,58,16,最终形态
河流之王,TahmKench,黄金,59,26,属性叠属性！
河流之王,TahmKench,黄金,60,27,急急小子
河流之王,TahmKench,白银,61,18,渴血
河流之王,TahmKench,棱彩,62,17,沃格勒特的巫师帽
河流之王,TahmKench,黄金,63,28,快步
河流之王,TahmKench,棱彩,64,18,终极刷新
河流之王,TahmKench,棱彩,65,19,终极唤醒
河流之王,TahmKench,棱彩,66,20,秘术冲拳
河流之王,TahmKench,黄金,67,29,回力OK镖
河流之王,TahmKench,棱彩,68,21,软弹啪叽抓
河流之王,TahmKench,白银,69,19,俯冲轰炸
河流之王,TahmKench,棱彩,70,22,你摸不到
河流之王,TahmKench,黄金,71,30,弹球
河流之王,TahmKench,黄金,72,31,术士果汁盒
河流之王,TahmKench,白银,73,20,属性！
河流之王,TahmKench,黄金,74,32,狙神飞星
河流之王,TahmKench,黄金,75,33,冰雪爆裂
河流之王,TahmKench,白银,76,21,海克斯科技龙魂
河流之王,TahmKench,棱彩,77,23,潘朵拉的盒子
河流之王,TahmKench,棱彩,78,24,神圣雪球
河流之王,TahmKench,白银,79,22,山脉龙魂
河流之王,TahmKench,白银,80,23,侵蚀
河流之王,TahmKench,棱彩,81,25,尊我为王
河流之王,TahmKench,棱彩,82,26,舞会女王
河流之王,TahmKench,白银,83,24,杀意翻涌
河流之王,TahmKench,白银,84,25,转得我眩晕了
河流之王,TahmKench,棱彩,85,27,吃过路兵
河流之王,TahmKench,棱彩,86,28,属性叠属性叠属性！
河流之王,TahmKench,棱彩,87,29,利刃华尔兹
河流之王,TahmKench,白银,88,26,双生火焰
河流之王,TahmKench,黄金,89,34,神射法师
河流之王,TahmKench,棱彩,90,30,艾卡西亚的陷落
河流之王,TahmKench,棱彩,91,31,海牛阿福的勇士
河流之王,TahmKench,白银,92,27,家园卫士
河流之王,TahmKench,黄金,93,35,闪现向前
河流之王,TahmKench,白银,94,28,终极不可阻挡
河流之王,TahmKench,白银,95,29,火狐
河流之王,TahmKench,黄金,96,36,面包和奶酪
河流之王,TahmKench,白银,97,30,万用瞄准镜
河流之王,TahmKench,棱彩,98,32,珠光护手
河流之王,TahmKench,白银,99,31,灵巧
河流之王,TahmKench,棱彩,100,33,濒死悟道
河流之王,TahmKench,棱彩,101,34,不祥契约
河流之王,TahmKench,黄金,102,37,哎哟，我的硬币！
河流之王,TahmKench,黄金,103,38,缩小引擎
河流之王,TahmKench,黄金,104,39,面包和果酱
河流之王,TahmKench,棱彩,105,35,最万用的瞄准镜
河流之王,TahmKench,白银,106,32,别停止引导
河流之王,TahmKench,棱彩,107,36,空投熊
河流之王,TahmKench,棱彩,108,37,扳机炼狱
河流之王,TahmKench,黄金,109,40,更万用的瞄准镜
河流之王,TahmKench,黄金,110,41,鲨鱼暴风
河流之王,TahmKench,棱彩,111,38,飞升仪式
河流之王,TahmKench,白银,112,33,快中求稳
河流之王,TahmKench,棱彩,113,39,夺金
河流之王,TahmKench,棱彩,114,40,至高天诺言
河流之王,TahmKench,黄金,115,42,炽烈黎明
河流之王,TahmKench,黄金,116,43,过量延伸者
河流之王,TahmKench,黄金,117,44,咏叹奏鸣
河流之王,TahmKench,黄金,118,45,心灵净化
河流之王,TahmKench,黄金,119,46,溢流
河流之王,TahmKench,白银,120,34,暗影疾奔
河流之王,TahmKench,黄金,121,47,升级：耀光
河流之王,TahmKench,棱彩,122,41,玻璃大炮
河流之王,TahmKench,棱彩,123,42,炼狱导管
河流之王,TahmKench,黄金,124,48,缩小射线
河流之王,TahmKench,白银,125,35,狂热者
河流之王,TahmKench,黄金,126,49,轻拍背部
河流之王,TahmKench,黄金,127,50,有始有终
河流之王,TahmKench,黄金,128,51,火上浇油
河流之王,TahmKench,白银,129,36,注魔
河流之王,TahmKench,黄金,130,52,穿针引线
河流之王,TahmKench,棱彩,131,43,魄罗蛮冲
河流之王,TahmKench,棱彩,132,44,位面转移
河流之王,TahmKench,黄金,133,53,鲨鱼诱饵
河流之王,TahmKench,棱彩,134,45,全凭身法
河流之王,TahmKench,棱彩,135,46,男爵之手
河流之王,TahmKench,黄金,136,54,升级：焚天
河流之王,TahmKench,棱彩,137,47,踢踏舞
河流之王,TahmKench,黄金,138,55,升级：贪欲九头蛇
河流之王,TahmKench,棱彩,139,48,巨人杀手
河流之王,TahmKench,棱彩,140,49,战争交响乐
河流之王,TahmKench,黄金,141,56,牙仙子
河流之王,TahmKench,黄金,142,57,罪恶快感
河流之王,TahmKench,黄金,143,58,狂徒豪气
河流之王,TahmKench,棱彩,144,50,物法皆修
河流之王,TahmKench,黄金,145,59,超强大脑
河流之王,TahmKench,棱彩,146,51,大地苏醒
河流之王,TahmKench,棱彩,147,52,大招工具人
河流之王,TahmKench,白银,148,37,吵闹鬼
河流之王,TahmKench,黄金,149,60,藏身草丛
河流之王,TahmKench,黄金,150,61,杀戮时间到了
河流之王,TahmKench,棱彩,151,53,精怪魔法
河流之王,TahmKench,棱彩,152,54,电涌力场
河流之王,TahmKench,白银,153,38,升级：中娅
河流之王,TahmKench,棱彩,154,55,灵魄炸弹
河流之王,TahmKench,黄金,155,62,夜狩
河流之王,TahmKench,白银,156,39,点亮他们！
河流之王,TahmKench,白银,157,40,唯快不破
河流之王,TahmKench,黄金,158,63,坚韧
河流之王,TahmKench,棱彩,159,56,蛋白粉奶昔
河流之王,TahmKench,白银,160,41,强力护盾
河流之王,TahmKench,黄金,161,64,会心治疗
河流之王,TahmKench,棱彩,162,57,死亡之环
河流之王,TahmKench,白银,163,42,急救用具
河流之王,TahmKench,白银,164,43,闪光弹
河流之王,TahmKench,白银,165,44,坚若磐石
河流之王,TahmKench,白银,166,45,闪闪现现
河流之王,TahmKench,棱彩,167,58,风语者的祝福
河流之王,TahmKench,黄金,168,65,升级：雪球
河流之王,TahmKench,黄金,169,66,祖母的辣椒油
河流之王,TahmKench,棱彩,170,59,量子计算
河流之王,TahmKench,黄金,171,67,雪球扭蛋机
河流之王,TahmKench,黄金,172,68,吸血习性
河流之王,TahmKench,白银,173,46,会心防御
河流之王,TahmKench,黄金,174,69,魄罗爆破手
河流之王,TahmKench,黄金,175,70,易损
河流之王,TahmKench,白银,176,47,叠角龙
河流之王,TahmKench,白银,177,48,虹吸
河流之王,TahmKench,黄金,178,71,最终都市列车
河流之王,TahmKench,棱彩,179,60,小丑学院
河流之王,TahmKench,黄金,180,72,关键暴击
河流之王,TahmKench,黄金,181,73,灵魂虹吸
河流之王,TahmKench,黄金,182,74,喂呜喂呜
河流之王,TahmKench,白银,183,49,天音爆
河流之王,TahmKench,棱彩,184,61,魄罗之王的弹跳
河流之王,TahmKench,棱彩,185,62,你肩上的恶魔
河流之王,TahmKench,棱彩,186,63,超负荷
河流之王,TahmKench,棱彩,187,64,双刀流
河流之王,TahmKench,棱彩,188,65,？？？
河流之王,TahmKench,黄金,189,75,虚空冲刺
河流之王,TahmKench,黄金,190,76,全心为你
河流之王,TahmKench,棱彩,191,66,激光治疗
河流之王,TahmKench,棱彩,192,67,双发快射
河流之王,TahmKench,白银,193,50,自适应防护
河流之王,TahmKench,白银,194,51,台风
河流之王,TahmKench,棱彩,195,68,连拨击锤
河流之王,TahmKench,棱彩,196,69,升级：花晓之剑
河流之王,TahmKench,棱彩,197,70,卡皮巴拉空投
河流之王,TahmKench,棱彩,198,71,信念者的强化
岩雀,Taliyah,黄金,1,1,魔法飞弹
岩雀,Taliyah,黄金,2,2,术士果汁盒
岩雀,Taliyah,黄金,3,3,超凡邪恶
岩雀,Taliyah,棱彩,4,1,尤里卡
岩雀,Taliyah,白银,5,1,巫师式思考
岩雀,Taliyah,棱彩,6,2,回归基本功
岩雀,Taliyah,棱彩,7,3,炼狱导管
岩雀,Taliyah,白银,8,2,冰寒
岩雀,Taliyah,黄金,9,4,急急小子
岩雀,Taliyah,黄金,10,5,超强大脑
岩雀,Taliyah,白银,11,3,升级：中娅
岩雀,Taliyah,棱彩,12,4,无限循环往复
岩雀,Taliyah,棱彩,13,5,大法师
岩雀,Taliyah,黄金,14,6,质变：棱彩阶
岩雀,Taliyah,棱彩,15,6,沃格勒特的巫师帽
岩雀,Taliyah,白银,16,4,纯粹主义者 - 术师
岩雀,Taliyah,黄金,17,7,牙仙子
岩雀,Taliyah,黄金,18,8,狙神飞星
岩雀,Taliyah,黄金,19,9,循环往复
岩雀,Taliyah,黄金,20,10,威能之追求
岩雀,Taliyah,黄金,21,11,急速之追求
岩雀,Taliyah,黄金,22,12,虚幻武器
岩雀,Taliyah,黄金,23,13,连锁反应
岩雀,Taliyah,棱彩,24,7,残忍
岩雀,Taliyah,黄金,25,14,缩小引擎
岩雀,Taliyah,白银,26,5,双生火焰
岩雀,Taliyah,白银,27,6,质变：黄金阶
岩雀,Taliyah,白银,28,7,家园卫士
岩雀,Taliyah,棱彩,29,8,珠光护手
岩雀,Taliyah,黄金,30,15,贪欲束缚
岩雀,Taliyah,黄金,31,16,面包和奶酪
岩雀,Taliyah,白银,32,8,由心及物
岩雀,Taliyah,白银,33,9,扇巴掌
岩雀,Taliyah,白银,34,10,海克斯科技龙魂
岩雀,Taliyah,白银,35,11,侵蚀
岩雀,Taliyah,白银,36,12,物理转魔法
岩雀,Taliyah,白银,37,13,大师铸就
岩雀,Taliyah,棱彩,38,9,巨人杀手
岩雀,Taliyah,棱彩,39,10,质变：混沌
岩雀,Taliyah,棱彩,40,11,掷骰狂人
岩雀,Taliyah,黄金,41,17,有始有终
岩雀,Taliyah,黄金,42,18,捐赠
岩雀,Taliyah,白银,43,14,海洋龙魂
岩雀,Taliyah,白银,44,15,逃跑计划
岩雀,Taliyah,棱彩,45,12,全能龙魂
岩雀,Taliyah,黄金,46,19,穿针引线
岩雀,Taliyah,黄金,47,20,面包和黄油
岩雀,Taliyah,黄金,48,21,老练狙神
岩雀,Taliyah,棱彩,49,13,超负荷
岩雀,Taliyah,棱彩,50,14,不祥契约
岩雀,Taliyah,黄金,51,22,神射法师
岩雀,Taliyah,白银,52,16,炼狱龙魂
岩雀,Taliyah,黄金,53,23,地形专家
岩雀,Taliyah,白银,54,17,渴血
岩雀,Taliyah,黄金,55,24,属性叠属性！
岩雀,Taliyah,黄金,56,25,面包和果酱
岩雀,Taliyah,白银,57,18,注魔
岩雀,Taliyah,白银,58,19,火狐
岩雀,Taliyah,棱彩,59,15,潘朵拉的盒子
岩雀,Taliyah,黄金,60,26,炽烈黎明
岩雀,Taliyah,棱彩,61,16,玻璃大炮
岩雀,Taliyah,白银,62,20,练腿日
岩雀,Taliyah,棱彩,63,17,史上最大雪球
岩雀,Taliyah,棱彩,64,18,科学狂人
岩雀,Taliyah,黄金,65,27,不动如山
岩雀,Taliyah,黄金,66,28,神圣干预
岩雀,Taliyah,棱彩,67,19,尊我为王
岩雀,Taliyah,黄金,68,29,轻拍背部
岩雀,Taliyah,黄金,69,30,哎哟，我的硬币！
岩雀,Taliyah,黄金,70,31,回力OK镖
岩雀,Taliyah,棱彩,71,20,夺金
岩雀,Taliyah,白银,72,21,防护面纱
岩雀,Taliyah,棱彩,73,21,巨像的勇气
岩雀,Taliyah,黄金,74,32,吞噬灵魂
岩雀,Taliyah,棱彩,75,22,飞身踢
岩雀,Taliyah,黄金,76,33,心灵净化
岩雀,Taliyah,黄金,77,34,尖端发明家
岩雀,Taliyah,黄金,78,35,闪现向前
岩雀,Taliyah,白银,79,22,属性！
岩雀,Taliyah,棱彩,80,23,海牛阿福的勇士
岩雀,Taliyah,棱彩,81,24,属性叠属性叠属性！
岩雀,Taliyah,黄金,82,36,生机迸发
岩雀,Taliyah,棱彩,83,25,男爵之手
岩雀,Taliyah,棱彩,84,26,吃过路兵
岩雀,Taliyah,棱彩,85,27,秘术冲拳
岩雀,Taliyah,黄金,86,37,咏叹奏鸣
岩雀,Taliyah,黄金,87,38,鲨鱼暴风
岩雀,Taliyah,白银,88,23,别停止引导
岩雀,Taliyah,白银,89,24,吵闹鬼
岩雀,Taliyah,黄金,90,39,弹球
岩雀,Taliyah,棱彩,91,28,终极唤醒
岩雀,Taliyah,棱彩,92,29,空投熊
岩雀,Taliyah,棱彩,93,30,终极刷新
岩雀,Taliyah,白银,94,25,山脉龙魂
岩雀,Taliyah,黄金,95,40,自然即是治愈
岩雀,Taliyah,黄金,96,41,火上浇油
岩雀,Taliyah,白银,97,26,下雪天
岩雀,Taliyah,棱彩,98,31,扳机炼狱
岩雀,Taliyah,棱彩,99,32,魄罗蛮冲
岩雀,Taliyah,白银,100,27,唯快不破
岩雀,Taliyah,黄金,101,42,鲨鱼诱饵
岩雀,Taliyah,棱彩,102,33,电涌力场
岩雀,Taliyah,黄金,103,43,冰雪爆裂
岩雀,Taliyah,棱彩,104,34,歌利亚巨人
岩雀,Taliyah,黄金,105,44,藏身草丛
岩雀,Taliyah,白银,106,28,杀意翻涌
岩雀,Taliyah,棱彩,107,35,神圣雪球
岩雀,Taliyah,黄金,108,45,黎明使者的坚决
岩雀,Taliyah,白银,109,29,俯冲轰炸
岩雀,Taliyah,棱彩,110,36,你摸不到
岩雀,Taliyah,黄金,111,46,杀戮时间到了
岩雀,Taliyah,黄金,112,47,夜狩
岩雀,Taliyah,黄金,113,48,坦克引擎
岩雀,Taliyah,棱彩,114,37,物法皆修
岩雀,Taliyah,白银,115,30,转得我眩晕了
岩雀,Taliyah,黄金,116,49,罪恶快感
岩雀,Taliyah,白银,117,31,终极不可阻挡
岩雀,Taliyah,黄金,118,50,我们的治疗
岩雀,Taliyah,棱彩,119,38,位面转移
岩雀,Taliyah,黄金,120,51,过量延伸者
岩雀,Taliyah,黄金,121,52,缩小射线
岩雀,Taliyah,棱彩,122,39,软弹啪叽抓
岩雀,Taliyah,黄金,123,53,星界躯体
岩雀,Taliyah,白银,124,32,点亮他们！
岩雀,Taliyah,棱彩,125,40,泰坦的坚决
岩雀,Taliyah,黄金,126,54,更万用的瞄准镜
岩雀,Taliyah,黄金,127,55,豪猪
岩雀,Taliyah,棱彩,128,41,利刃华尔兹
岩雀,Taliyah,棱彩,129,42,最万用的瞄准镜
岩雀,Taliyah,白银,130,33,灵巧
岩雀,Taliyah,棱彩,131,43,大招工具人
岩雀,Taliyah,棱彩,132,44,踢踏舞
岩雀,Taliyah,白银,133,34,万用瞄准镜
岩雀,Taliyah,棱彩,134,45,战争交响乐
岩雀,Taliyah,黄金,135,56,升级：耀光
岩雀,Taliyah,棱彩,136,46,最终形态
岩雀,Taliyah,白银,137,35,重量级打击手
岩雀,Taliyah,黄金,138,57,无尽大杀四方
岩雀,Taliyah,黄金,139,58,活力焕发
岩雀,Taliyah,黄金,140,59,溢流
岩雀,Taliyah,黄金,141,60,祖母的辣椒油
岩雀,Taliyah,黄金,142,61,高压锅
岩雀,Taliyah,黄金,143,62,钢化你心
岩雀,Taliyah,黄金,144,63,吸血习性
岩雀,Taliyah,黄金,145,64,易损
岩雀,Taliyah,白银,146,36,坚若磐石
岩雀,Taliyah,黄金,147,65,关键暴击
岩雀,Taliyah,黄金,148,66,魄罗爆破手
岩雀,Taliyah,黄金,149,67,升级：雪球
岩雀,Taliyah,黄金,150,68,暴击飞弹
岩雀,Taliyah,白银,151,37,闪闪现现
岩雀,Taliyah,白银,152,38,虹吸
岩雀,Taliyah,黄金,153,69,灵魂虹吸
岩雀,Taliyah,白银,154,39,会心防御
岩雀,Taliyah,黄金,155,70,雪球扭蛋机
岩雀,Taliyah,白银,156,40,闪光弹
岩雀,Taliyah,棱彩,157,47,量子计算
岩雀,Taliyah,黄金,158,71,坚韧
岩雀,Taliyah,棱彩,159,48,连拨击锤
岩雀,Taliyah,棱彩,160,49,小丑学院
岩雀,Taliyah,棱彩,161,50,咒语裂变
岩雀,Taliyah,黄金,162,72,会心治疗
岩雀,Taliyah,黄金,163,73,最终都市列车
岩雀,Taliyah,棱彩,164,51,魄罗之王的弹跳
岩雀,Taliyah,棱彩,165,52,你肩上的恶魔
岩雀,Taliyah,白银,166,41,狂热者
岩雀,Taliyah,白银,167,42,可靠武器
岩雀,Taliyah,白银,168,43,天音爆
岩雀,Taliyah,棱彩,169,53,风语者的祝福
岩雀,Taliyah,黄金,170,74,全心为你
岩雀,Taliyah,棱彩,171,54,双刀流
岩雀,Taliyah,黄金,172,75,暴击律动
岩雀,Taliyah,棱彩,173,55,卡皮巴拉空投
岩雀,Taliyah,棱彩,174,56,？？？
岩雀,Taliyah,白银,175,44,由暴生急
岩雀,Taliyah,棱彩,176,57,灵魄炸弹
岩雀,Taliyah,白银,177,45,自适应防护
刀锋之影,Talon,黄金,1,1,夜狩
刀锋之影,Talon,黄金,2,2,穿针引线
刀锋之影,Talon,白银,3,1,大力
刀锋之影,Talon,黄金,4,3,杀戮时间到了
刀锋之影,Talon,黄金,5,4,牙仙子
刀锋之影,Talon,白银,6,2,升级：收集者
刀锋之影,Talon,棱彩,7,1,最终形态
刀锋之影,Talon,白银,8,3,暗影疾奔
刀锋之影,Talon,棱彩,9,2,飞升仪式
刀锋之影,Talon,棱彩,10,3,利刃华尔兹
刀锋之影,Talon,黄金,11,5,质变：棱彩阶
刀锋之影,Talon,白银,12,4,渴血
刀锋之影,Talon,棱彩,13,4,终极刷新
刀锋之影,Talon,棱彩,14,5,终极唤醒
刀锋之影,Talon,黄金,15,6,罪恶快感
刀锋之影,Talon,白银,16,5,魔法转物理
刀锋之影,Talon,黄金,17,7,无尽大杀四方
刀锋之影,Talon,黄金,18,8,威能之追求
刀锋之影,Talon,棱彩,19,6,珠光护手
刀锋之影,Talon,棱彩,20,7,全凭身法
刀锋之影,Talon,黄金,21,9,升级：无尽之刃
刀锋之影,Talon,棱彩,22,8,吃过路兵
刀锋之影,Talon,棱彩,23,9,精怪魔法
刀锋之影,Talon,黄金,24,10,循环往复
刀锋之影,Talon,黄金,25,11,升级：贪欲九头蛇
刀锋之影,Talon,黄金,26,12,心灵净化
刀锋之影,Talon,白银,27,6,终极不可阻挡
刀锋之影,Talon,黄金,28,13,急速之追求
刀锋之影,Talon,白银,29,7,杀意翻涌
刀锋之影,Talon,棱彩,30,10,你摸不到
刀锋之影,Talon,黄金,31,14,缩小引擎
刀锋之影,Talon,黄金,32,15,有始有终
刀锋之影,Talon,白银,33,8,质变：黄金阶
刀锋之影,Talon,黄金,34,16,面包和黄油
刀锋之影,Talon,白银,35,9,逃跑计划
刀锋之影,Talon,黄金,36,17,闪现向前
刀锋之影,Talon,黄金,37,18,捐赠
刀锋之影,Talon,棱彩,38,11,掷骰狂人
刀锋之影,Talon,黄金,39,19,属性叠属性！
刀锋之影,Talon,棱彩,40,12,史上最大雪球
刀锋之影,Talon,棱彩,41,13,巨人杀手
刀锋之影,Talon,棱彩,42,14,终极九头蛇
刀锋之影,Talon,白银,43,10,升级：死亡之舞
刀锋之影,Talon,白银,44,11,练腿日
刀锋之影,Talon,棱彩,45,15,扳机炼狱
刀锋之影,Talon,黄金,46,20,急急小子
刀锋之影,Talon,白银,47,12,快中求稳
刀锋之影,Talon,黄金,48,21,藏身草丛
刀锋之影,Talon,黄金,49,22,升级：焚天
刀锋之影,Talon,黄金,50,23,面包和果酱
刀锋之影,Talon,棱彩,51,16,秘术冲拳
刀锋之影,Talon,棱彩,52,17,质变：混沌
刀锋之影,Talon,黄金,53,24,自然即是治愈
刀锋之影,Talon,黄金,54,25,易损
刀锋之影,Talon,黄金,55,26,狂徒豪气
刀锋之影,Talon,棱彩,56,18,濒死悟道
刀锋之影,Talon,棱彩,57,19,和我一起困在这里
刀锋之影,Talon,棱彩,58,20,战争交响乐
刀锋之影,Talon,棱彩,59,21,无限循环往复
刀锋之影,Talon,黄金,60,27,弹球
刀锋之影,Talon,白银,61,13,俯冲轰炸
刀锋之影,Talon,白银,62,14,大师铸就
刀锋之影,Talon,棱彩,63,22,潘朵拉的盒子
刀锋之影,Talon,黄金,64,28,冰雪爆裂
刀锋之影,Talon,棱彩,65,23,大地苏醒
刀锋之影,Talon,棱彩,66,24,神圣雪球
刀锋之影,Talon,白银,67,15,炼狱龙魂
刀锋之影,Talon,黄金,68,29,关键暴击
刀锋之影,Talon,黄金,69,30,鲨鱼暴风
刀锋之影,Talon,棱彩,70,25,海牛阿福的勇士
刀锋之影,Talon,棱彩,71,26,大招工具人
刀锋之影,Talon,黄金,72,31,虚幻武器
刀锋之影,Talon,黄金,73,32,灵魂虹吸
刀锋之影,Talon,棱彩,74,27,飞身踢
刀锋之影,Talon,白银,75,16,下雪天
刀锋之影,Talon,白银,76,17,防护面纱
刀锋之影,Talon,黄金,77,33,鲨鱼诱饵
刀锋之影,Talon,棱彩,78,28,大法师
刀锋之影,Talon,棱彩,79,29,科学狂人
刀锋之影,Talon,黄金,80,34,哎哟，我的硬币！
刀锋之影,Talon,棱彩,81,30,连拨击锤
刀锋之影,Talon,棱彩,82,31,尊我为王
刀锋之影,Talon,黄金,83,35,神圣干预
刀锋之影,Talon,黄金,84,36,尖端发明家
刀锋之影,Talon,棱彩,85,32,位面转移
刀锋之影,Talon,棱彩,86,33,歌利亚巨人
刀锋之影,Talon,白银,87,18,家园卫士
刀锋之影,Talon,棱彩,88,34,属性叠属性叠属性！
刀锋之影,Talon,棱彩,89,35,夺金
刀锋之影,Talon,白银,90,19,双生火焰
刀锋之影,Talon,黄金,91,37,轻拍背部
刀锋之影,Talon,棱彩,92,36,双发快射
刀锋之影,Talon,棱彩,93,37,全能龙魂
刀锋之影,Talon,黄金,94,38,术士果汁盒
刀锋之影,Talon,黄金,95,39,过量延伸者
刀锋之影,Talon,白银,96,20,纯粹主义者 - 术师
刀锋之影,Talon,白银,97,21,属性！
刀锋之影,Talon,黄金,98,40,生机迸发
刀锋之影,Talon,黄金,99,41,溢流
刀锋之影,Talon,白银,100,22,唯快不破
刀锋之影,Talon,黄金,101,42,黎明使者的坚决
刀锋之影,Talon,棱彩,102,38,双刀流
刀锋之影,Talon,棱彩,103,39,电涌力场
刀锋之影,Talon,棱彩,104,40,回归基本功
刀锋之影,Talon,白银,105,23,海洋龙魂
刀锋之影,Talon,白银,106,24,台风
刀锋之影,Talon,黄金,107,43,升级：耀光
刀锋之影,Talon,白银,108,25,会心防御
刀锋之影,Talon,棱彩,109,41,踢踏舞
刀锋之影,Talon,白银,110,26,侵蚀
刀锋之影,Talon,白银,111,27,海克斯科技龙魂
刀锋之影,Talon,黄金,112,44,更万用的瞄准镜
刀锋之影,Talon,白银,113,28,转得我眩晕了
刀锋之影,Talon,黄金,114,45,魔法飞弹
刀锋之影,Talon,棱彩,115,42,空投熊
刀锋之影,Talon,棱彩,116,43,玻璃大炮
刀锋之影,Talon,黄金,117,46,炽烈黎明
刀锋之影,Talon,棱彩,118,44,男爵之手
刀锋之影,Talon,棱彩,119,45,舞会女王
刀锋之影,Talon,黄金,120,47,缩小射线
刀锋之影,Talon,黄金,121,48,坦克引擎
刀锋之影,Talon,白银,122,29,由暴生急
刀锋之影,Talon,黄金,123,49,火上浇油
刀锋之影,Talon,白银,124,30,火狐
刀锋之影,Talon,黄金,125,50,回力OK镖
刀锋之影,Talon,棱彩,126,46,魄罗蛮冲
刀锋之影,Talon,黄金,127,51,我们的治疗
刀锋之影,Talon,棱彩,128,47,炼狱导管
刀锋之影,Talon,黄金,129,52,钢化你心
刀锋之影,Talon,黄金,130,53,星界躯体
刀锋之影,Talon,白银,131,31,山脉龙魂
刀锋之影,Talon,黄金,132,54,豪猪
刀锋之影,Talon,黄金,133,55,咏叹奏鸣
刀锋之影,Talon,白银,134,32,重量级打击手
刀锋之影,Talon,白银,135,33,注魔
刀锋之影,Talon,白银,136,34,灵巧
刀锋之影,Talon,棱彩,137,48,泰坦的坚决
刀锋之影,Talon,白银,138,35,冰寒
刀锋之影,Talon,棱彩,139,49,最万用的瞄准镜
刀锋之影,Talon,白银,140,36,万用瞄准镜
刀锋之影,Talon,棱彩,141,50,软弹啪叽抓
刀锋之影,Talon,棱彩,142,51,小丑学院
刀锋之影,Talon,白银,143,37,吵闹鬼
刀锋之影,Talon,白银,144,38,闪光弹
刀锋之影,Talon,黄金,145,56,吸血习性
刀锋之影,Talon,黄金,146,57,高压锅
刀锋之影,Talon,白银,147,39,由心及物
刀锋之影,Talon,白银,148,40,闪闪现现
刀锋之影,Talon,白银,149,41,点亮他们！
刀锋之影,Talon,棱彩,150,52,艾卡西亚的陷落
刀锋之影,Talon,黄金,151,58,狙神飞星
刀锋之影,Talon,黄金,152,59,升级：雪球
刀锋之影,Talon,白银,153,42,升级：献祭
刀锋之影,Talon,棱彩,154,53,超负荷
刀锋之影,Talon,黄金,155,60,活力焕发
刀锋之影,Talon,棱彩,156,54,量子计算
刀锋之影,Talon,黄金,157,61,最终都市列车
刀锋之影,Talon,黄金,158,62,魄罗爆破手
刀锋之影,Talon,黄金,159,63,快步
刀锋之影,Talon,黄金,160,64,坚韧
刀锋之影,Talon,黄金,161,65,会心治疗
刀锋之影,Talon,黄金,162,66,雪球扭蛋机
刀锋之影,Talon,黄金,163,67,暴击律动
刀锋之影,Talon,白银,164,43,虹吸
刀锋之影,Talon,白银,165,44,叠角龙
刀锋之影,Talon,棱彩,166,55,魄罗之王的弹跳
刀锋之影,Talon,棱彩,167,56,王中王，靴中靴
刀锋之影,Talon,棱彩,168,57,？？？
刀锋之影,Talon,棱彩,169,58,你肩上的恶魔
刀锋之影,Talon,白银,170,45,可靠武器
刀锋之影,Talon,白银,171,46,自适应防护
瓦洛兰之盾,Taric,黄金,1,1,坦克引擎
瓦洛兰之盾,Taric,白银,2,1,急救用具
瓦洛兰之盾,Taric,白银,3,2,天音爆
瓦洛兰之盾,Taric,黄金,4,2,星界躯体
瓦洛兰之盾,Taric,黄金,5,3,神圣干预
瓦洛兰之盾,Taric,白银,6,3,重量级打击手
瓦洛兰之盾,Taric,棱彩,7,1,蛋白粉奶昔
瓦洛兰之盾,Taric,黄金,8,4,钢化你心
瓦洛兰之盾,Taric,黄金,9,5,全心为你
瓦洛兰之盾,Taric,棱彩,10,2,歌利亚巨人
瓦洛兰之盾,Taric,黄金,11,6,咏叹奏鸣
瓦洛兰之盾,Taric,黄金,12,7,喂呜喂呜
瓦洛兰之盾,Taric,棱彩,13,3,灵魄炸弹
瓦洛兰之盾,Taric,棱彩,14,4,风语者的祝福
瓦洛兰之盾,Taric,棱彩,15,5,信念者的强化
瓦洛兰之盾,Taric,黄金,16,8,活力焕发
瓦洛兰之盾,Taric,黄金,17,9,高压锅
瓦洛兰之盾,Taric,棱彩,18,6,巨像的勇气
瓦洛兰之盾,Taric,黄金,19,10,我们的治疗
瓦洛兰之盾,Taric,黄金,20,11,吞噬灵魂
瓦洛兰之盾,Taric,白银,21,4,扇巴掌
瓦洛兰之盾,Taric,棱彩,22,7,死亡之环
瓦洛兰之盾,Taric,黄金,23,12,不动如山
瓦洛兰之盾,Taric,黄金,24,13,贪欲束缚
瓦洛兰之盾,Taric,棱彩,25,8,至高天诺言
瓦洛兰之盾,Taric,棱彩,26,9,大法师
瓦洛兰之盾,Taric,黄金,27,14,质变：棱彩阶
瓦洛兰之盾,Taric,棱彩,28,10,飞身踢
瓦洛兰之盾,Taric,棱彩,29,11,无限循环往复
瓦洛兰之盾,Taric,黄金,30,15,急速之追求
瓦洛兰之盾,Taric,棱彩,31,12,升级：花晓之剑
瓦洛兰之盾,Taric,棱彩,32,13,终极刷新
瓦洛兰之盾,Taric,白银,33,5,质变：黄金阶
瓦洛兰之盾,Taric,白银,34,6,由心及物
瓦洛兰之盾,Taric,白银,35,7,逃跑计划
瓦洛兰之盾,Taric,黄金,36,16,循环往复
瓦洛兰之盾,Taric,黄金,37,17,黎明使者的坚决
瓦洛兰之盾,Taric,白银,38,8,练腿日
瓦洛兰之盾,Taric,白银,39,9,海洋龙魂
瓦洛兰之盾,Taric,白银,40,10,升级：献祭
瓦洛兰之盾,Taric,黄金,41,18,无尽大杀四方
瓦洛兰之盾,Taric,白银,42,11,大师铸就
瓦洛兰之盾,Taric,黄金,43,19,虚幻武器
瓦洛兰之盾,Taric,白银,44,12,强力护盾
瓦洛兰之盾,Taric,黄金,45,20,快步
瓦洛兰之盾,Taric,黄金,46,21,自然即是治愈
瓦洛兰之盾,Taric,黄金,47,22,面包和奶酪
瓦洛兰之盾,Taric,棱彩,48,14,和我一起困在这里
瓦洛兰之盾,Taric,白银,49,13,防护面纱
瓦洛兰之盾,Taric,黄金,50,23,生机迸发
瓦洛兰之盾,Taric,棱彩,51,15,终极唤醒
瓦洛兰之盾,Taric,黄金,52,24,会心治疗
瓦洛兰之盾,Taric,棱彩,53,16,残忍
瓦洛兰之盾,Taric,黄金,54,25,豪猪
瓦洛兰之盾,Taric,棱彩,55,17,回响施放
瓦洛兰之盾,Taric,棱彩,56,18,泰坦的坚决
瓦洛兰之盾,Taric,黄金,57,26,面包和黄油
瓦洛兰之盾,Taric,黄金,58,27,炽烈黎明
瓦洛兰之盾,Taric,棱彩,59,19,质变：混沌
瓦洛兰之盾,Taric,黄金,60,28,升级：耀光
瓦洛兰之盾,Taric,白银,61,14,台风
瓦洛兰之盾,Taric,黄金,62,29,急急小子
瓦洛兰之盾,Taric,棱彩,63,20,秘术冲拳
瓦洛兰之盾,Taric,白银,64,15,灵巧
瓦洛兰之盾,Taric,棱彩,65,21,掷骰狂人
瓦洛兰之盾,Taric,黄金,66,30,尖端发明家
瓦洛兰之盾,Taric,白银,67,16,终极不可阻挡
瓦洛兰之盾,Taric,棱彩,68,22,史上最大雪球
瓦洛兰之盾,Taric,白银,69,17,下雪天
瓦洛兰之盾,Taric,白银,70,18,侵蚀
瓦洛兰之盾,Taric,黄金,71,31,威能之追求
瓦洛兰之盾,Taric,黄金,72,32,缩小引擎
瓦洛兰之盾,Taric,白银,73,19,万用瞄准镜
瓦洛兰之盾,Taric,棱彩,74,23,你摸不到
瓦洛兰之盾,Taric,棱彩,75,24,回归基本功
瓦洛兰之盾,Taric,棱彩,76,25,潘朵拉的盒子
瓦洛兰之盾,Taric,黄金,77,33,更万用的瞄准镜
瓦洛兰之盾,Taric,黄金,78,34,捐赠
瓦洛兰之盾,Taric,棱彩,79,26,双刀流
瓦洛兰之盾,Taric,黄金,80,35,属性叠属性！
瓦洛兰之盾,Taric,棱彩,81,27,科学狂人
瓦洛兰之盾,Taric,棱彩,82,28,物法皆修
瓦洛兰之盾,Taric,白银,83,20,俯冲轰炸
瓦洛兰之盾,Taric,白银,84,21,纯粹主义者 - 术师
瓦洛兰之盾,Taric,棱彩,85,29,舞会女王
瓦洛兰之盾,Taric,黄金,86,36,缩小射线
瓦洛兰之盾,Taric,白银,87,22,山脉龙魂
瓦洛兰之盾,Taric,黄金,88,37,面包和果酱
瓦洛兰之盾,Taric,黄金,89,38,冰雪爆裂
瓦洛兰之盾,Taric,白银,90,23,渴血
瓦洛兰之盾,Taric,黄金,91,39,弹球
瓦洛兰之盾,Taric,黄金,92,40,溢流
瓦洛兰之盾,Taric,白银,93,24,属性！
瓦洛兰之盾,Taric,棱彩,94,30,软弹啪叽抓
瓦洛兰之盾,Taric,黄金,95,41,闪现向前
瓦洛兰之盾,Taric,黄金,96,42,火上浇油
瓦洛兰之盾,Taric,棱彩,97,31,最终形态
瓦洛兰之盾,Taric,黄金,98,43,轻拍背部
瓦洛兰之盾,Taric,白银,99,25,杀意翻涌
瓦洛兰之盾,Taric,棱彩,100,32,艾卡西亚的陷落
瓦洛兰之盾,Taric,黄金,101,44,哎哟，我的硬币！
瓦洛兰之盾,Taric,棱彩,102,33,大招工具人
瓦洛兰之盾,Taric,白银,103,26,火狐
瓦洛兰之盾,Taric,白银,104,27,大力
瓦洛兰之盾,Taric,白银,105,28,转得我眩晕了
瓦洛兰之盾,Taric,棱彩,106,34,海牛阿福的勇士
瓦洛兰之盾,Taric,棱彩,107,35,最万用的瞄准镜
瓦洛兰之盾,Taric,棱彩,108,36,神圣雪球
瓦洛兰之盾,Taric,黄金,109,45,超强大脑
瓦洛兰之盾,Taric,白银,110,29,炼狱龙魂
瓦洛兰之盾,Taric,棱彩,111,37,全能龙魂
瓦洛兰之盾,Taric,白银,112,30,注魔
瓦洛兰之盾,Taric,黄金,113,46,鲨鱼暴风
瓦洛兰之盾,Taric,白银,114,31,家园卫士
瓦洛兰之盾,Taric,棱彩,115,38,踢踏舞
瓦洛兰之盾,Taric,黄金,116,47,升级：焚天
瓦洛兰之盾,Taric,白银,117,32,双生火焰
瓦洛兰之盾,Taric,黄金,118,48,术士果汁盒
瓦洛兰之盾,Taric,棱彩,119,39,濒死悟道
瓦洛兰之盾,Taric,白银,120,33,海克斯科技龙魂
瓦洛兰之盾,Taric,棱彩,121,40,属性叠属性叠属性！
瓦洛兰之盾,Taric,黄金,122,49,心灵净化
瓦洛兰之盾,Taric,白银,123,34,冰寒
瓦洛兰之盾,Taric,棱彩,124,41,尊我为王
瓦洛兰之盾,Taric,黄金,125,50,罪恶快感
瓦洛兰之盾,Taric,黄金,126,51,超凡邪恶
瓦洛兰之盾,Taric,黄金,127,52,升级：贪欲九头蛇
瓦洛兰之盾,Taric,棱彩,128,42,扳机炼狱
瓦洛兰之盾,Taric,白银,129,35,巫师式思考
瓦洛兰之盾,Taric,黄金,130,53,杀戮时间到了
瓦洛兰之盾,Taric,黄金,131,54,过量延伸者
瓦洛兰之盾,Taric,棱彩,132,43,连拨击锤
瓦洛兰之盾,Taric,棱彩,133,44,空投熊
瓦洛兰之盾,Taric,棱彩,134,45,吃过路兵
瓦洛兰之盾,Taric,白银,135,36,物理转魔法
瓦洛兰之盾,Taric,黄金,136,55,鲨鱼诱饵
瓦洛兰之盾,Taric,棱彩,137,46,战争交响乐
瓦洛兰之盾,Taric,棱彩,138,47,魄罗蛮冲
瓦洛兰之盾,Taric,白银,139,37,魔法转物理
瓦洛兰之盾,Taric,棱彩,140,48,尤里卡
瓦洛兰之盾,Taric,黄金,141,56,回力OK镖
瓦洛兰之盾,Taric,棱彩,142,49,巨人杀手
瓦洛兰之盾,Taric,白银,143,38,吵闹鬼
瓦洛兰之盾,Taric,黄金,144,57,神射法师
瓦洛兰之盾,Taric,黄金,145,58,升级：无尽之刃
瓦洛兰之盾,Taric,棱彩,146,50,飞升仪式
瓦洛兰之盾,Taric,白银,147,39,点亮他们！
瓦洛兰之盾,Taric,棱彩,148,51,利刃华尔兹
瓦洛兰之盾,Taric,棱彩,149,52,夺金
瓦洛兰之盾,Taric,棱彩,150,53,位面转移
瓦洛兰之盾,Taric,棱彩,151,54,炼狱导管
瓦洛兰之盾,Taric,黄金,152,59,暴击律动
瓦洛兰之盾,Taric,棱彩,153,55,男爵之手
瓦洛兰之盾,Taric,棱彩,154,56,不祥契约
瓦洛兰之盾,Taric,棱彩,155,57,电涌力场
瓦洛兰之盾,Taric,白银,156,40,升级：收集者
瓦洛兰之盾,Taric,黄金,157,60,魔法飞弹
瓦洛兰之盾,Taric,黄金,158,61,坚韧
瓦洛兰之盾,Taric,黄金,159,62,夜狩
瓦洛兰之盾,Taric,棱彩,160,58,珠光护手
瓦洛兰之盾,Taric,白银,161,41,升级：中娅
瓦洛兰之盾,Taric,黄金,162,63,穿针引线
瓦洛兰之盾,Taric,白银,163,42,唯快不破
瓦洛兰之盾,Taric,黄金,164,64,有始有终
瓦洛兰之盾,Taric,棱彩,165,59,沃格勒特的巫师帽
瓦洛兰之盾,Taric,白银,166,43,坚若磐石
瓦洛兰之盾,Taric,黄金,167,65,藏身草丛
瓦洛兰之盾,Taric,棱彩,168,60,小猫咪找妈妈
瓦洛兰之盾,Taric,棱彩,169,61,玻璃大炮
瓦洛兰之盾,Taric,棱彩,170,62,激光治疗
瓦洛兰之盾,Taric,黄金,171,66,牙仙子
瓦洛兰之盾,Taric,白银,172,44,闪光弹
瓦洛兰之盾,Taric,黄金,173,67,仁慈打击
瓦洛兰之盾,Taric,黄金,174,68,升级：雪球
瓦洛兰之盾,Taric,白银,175,45,闪闪现现
瓦洛兰之盾,Taric,黄金,176,69,关键暴击
瓦洛兰之盾,Taric,棱彩,177,63,量子计算
瓦洛兰之盾,Taric,白银,178,46,会心防御
瓦洛兰之盾,Taric,黄金,179,70,最终都市列车
瓦洛兰之盾,Taric,黄金,180,71,魄罗爆破手
瓦洛兰之盾,Taric,棱彩,181,64,超负荷
瓦洛兰之盾,Taric,黄金,182,72,灵魂虹吸
瓦洛兰之盾,Taric,黄金,183,73,易损
瓦洛兰之盾,Taric,棱彩,184,65,小丑学院
瓦洛兰之盾,Taric,黄金,185,74,雪球扭蛋机
瓦洛兰之盾,Taric,黄金,186,75,吸血习性
瓦洛兰之盾,Taric,黄金,187,76,祖母的辣椒油
瓦洛兰之盾,Taric,棱彩,188,66,？？？
瓦洛兰之盾,Taric,白银,189,47,主玩辅助
瓦洛兰之盾,Taric,白银,190,48,加固护盾
瓦洛兰之盾,Taric,棱彩,191,67,卡皮巴拉空投
瓦洛兰之盾,Taric,棱彩,192,68,魄罗之王的弹跳
迅捷斥候,Teemo,黄金,1,1,魔法飞弹
迅捷斥候,Teemo,黄金,2,2,虚幻武器
迅捷斥候,Teemo,棱彩,3,1,尤里卡
迅捷斥候,Teemo,白银,4,1,双生火焰
迅捷斥候,Teemo,黄金,5,3,超凡邪恶
迅捷斥候,Teemo,白银,6,2,纯粹主义者 - 术师
迅捷斥候,Teemo,棱彩,7,2,大法师
迅捷斥候,Teemo,黄金,8,4,术士果汁盒
迅捷斥候,Teemo,白银,9,3,巫师式思考
迅捷斥候,Teemo,黄金,10,5,杀戮时间到了
迅捷斥候,Teemo,黄金,11,6,更万用的瞄准镜
迅捷斥候,Teemo,棱彩,12,3,无限循环往复
迅捷斥候,Teemo,黄金,13,7,炽燃利息
迅捷斥候,Teemo,棱彩,14,4,精怪魔法
迅捷斥候,Teemo,黄金,15,8,循环往复
迅捷斥候,Teemo,黄金,16,9,急急小子
迅捷斥候,Teemo,黄金,17,10,质变：棱彩阶
迅捷斥候,Teemo,棱彩,18,5,巨人杀手
迅捷斥候,Teemo,黄金,19,11,缩小引擎
迅捷斥候,Teemo,白银,20,4,灵巧
迅捷斥候,Teemo,黄金,21,12,狙神飞星
迅捷斥候,Teemo,棱彩,22,6,终极唤醒
迅捷斥候,Teemo,黄金,23,13,牙仙子
迅捷斥候,Teemo,黄金,24,14,神射法师
迅捷斥候,Teemo,棱彩,25,7,大招工具人
迅捷斥候,Teemo,棱彩,26,8,炼狱导管
迅捷斥候,Teemo,黄金,27,15,急速之追求
迅捷斥候,Teemo,白银,28,5,万用瞄准镜
迅捷斥候,Teemo,棱彩,29,9,最万用的瞄准镜
迅捷斥候,Teemo,白银,30,6,台风
迅捷斥候,Teemo,棱彩,31,10,沃格勒特的巫师帽
迅捷斥候,Teemo,黄金,32,16,穿针引线
迅捷斥候,Teemo,棱彩,33,11,三重射击
迅捷斥候,Teemo,白银,34,7,虹吸
迅捷斥候,Teemo,黄金,35,17,火上浇油
迅捷斥候,Teemo,白银,36,8,质变：黄金阶
迅捷斥候,Teemo,棱彩,37,12,双刀流
迅捷斥候,Teemo,白银,38,9,物理转魔法
迅捷斥候,Teemo,白银,39,10,大师铸就
迅捷斥候,Teemo,黄金,40,18,超强大脑
迅捷斥候,Teemo,黄金,41,19,面包和黄油
迅捷斥候,Teemo,白银,42,11,点亮他们！
迅捷斥候,Teemo,白银,43,12,侵蚀
迅捷斥候,Teemo,白银,44,13,注魔
迅捷斥候,Teemo,白银,45,14,海克斯科技龙魂
迅捷斥候,Teemo,白银,46,15,家园卫士
迅捷斥候,Teemo,黄金,47,20,有始有终
迅捷斥候,Teemo,黄金,48,21,捐赠
迅捷斥候,Teemo,黄金,49,22,威能之追求
迅捷斥候,Teemo,棱彩,50,13,珠光护手
迅捷斥候,Teemo,黄金,51,23,回力OK镖
迅捷斥候,Teemo,黄金,52,24,属性叠属性！
迅捷斥候,Teemo,白银,53,16,冰寒
迅捷斥候,Teemo,棱彩,54,14,质变：混沌
迅捷斥候,Teemo,棱彩,55,15,掷骰狂人
迅捷斥候,Teemo,白银,56,17,炼狱龙魂
迅捷斥候,Teemo,白银,57,18,狂热者
迅捷斥候,Teemo,棱彩,58,16,秘术冲拳
迅捷斥候,Teemo,黄金,59,25,小小的额外帮助
迅捷斥候,Teemo,棱彩,60,17,踢踏舞
迅捷斥候,Teemo,黄金,61,26,溢流
迅捷斥候,Teemo,白银,62,19,升级：中娅
迅捷斥候,Teemo,棱彩,63,18,连拨击锤
迅捷斥候,Teemo,棱彩,64,19,玻璃大炮
迅捷斥候,Teemo,棱彩,65,20,物法皆修
迅捷斥候,Teemo,黄金,66,27,缩小射线
迅捷斥候,Teemo,棱彩,67,21,潘朵拉的盒子
迅捷斥候,Teemo,黄金,68,28,升级：耀光
迅捷斥候,Teemo,棱彩,69,22,超负荷
迅捷斥候,Teemo,白银,70,20,逃跑计划
迅捷斥候,Teemo,棱彩,71,23,科学狂人
迅捷斥候,Teemo,白银,72,21,终极不可阻挡
迅捷斥候,Teemo,白银,73,22,渴血
迅捷斥候,Teemo,黄金,74,29,哎哟，我的硬币！
迅捷斥候,Teemo,棱彩,75,24,你摸不到
迅捷斥候,Teemo,白银,76,23,由心及物
迅捷斥候,Teemo,白银,77,24,海洋龙魂
迅捷斥候,Teemo,黄金,78,30,尖端发明家
迅捷斥候,Teemo,黄金,79,31,藏身草丛
迅捷斥候,Teemo,白银,80,25,前进时间到
迅捷斥候,Teemo,黄金,81,32,炽烈黎明
迅捷斥候,Teemo,棱彩,82,25,针插垫
迅捷斥候,Teemo,棱彩,83,26,飞身踢
迅捷斥候,Teemo,黄金,84,33,面包和果酱
迅捷斥候,Teemo,黄金,85,34,升级：无尽之刃
迅捷斥候,Teemo,白银,86,26,属性！
迅捷斥候,Teemo,黄金,87,35,罪恶快感
迅捷斥候,Teemo,白银,88,27,练腿日
迅捷斥候,Teemo,黄金,89,36,心灵净化
迅捷斥候,Teemo,棱彩,90,27,全能龙魂
迅捷斥候,Teemo,白银,91,28,防护面纱
迅捷斥候,Teemo,黄金,92,37,闪现向前
迅捷斥候,Teemo,棱彩,93,28,海牛阿福的勇士
迅捷斥候,Teemo,白银,94,29,火狐
迅捷斥候,Teemo,棱彩,95,29,夺金
迅捷斥候,Teemo,棱彩,96,30,属性叠属性叠属性！
迅捷斥候,Teemo,棱彩,97,31,史上最大雪球
迅捷斥候,Teemo,白银,98,30,唯快不破
迅捷斥候,Teemo,黄金,99,38,自然即是治愈
迅捷斥候,Teemo,白银,100,31,升级：收集者
迅捷斥候,Teemo,黄金,101,39,夜狩
迅捷斥候,Teemo,棱彩,102,32,不祥契约
迅捷斥候,Teemo,棱彩,103,33,尊我为王
迅捷斥候,Teemo,棱彩,104,34,电涌力场
迅捷斥候,Teemo,黄金,105,40,坦克引擎
迅捷斥候,Teemo,棱彩,106,35,亮出你的剑
迅捷斥候,Teemo,黄金,107,41,神圣干预
迅捷斥候,Teemo,黄金,108,42,暴击律动
迅捷斥候,Teemo,黄金,109,43,鲨鱼暴风
迅捷斥候,Teemo,棱彩,110,36,最终形态
迅捷斥候,Teemo,白银,111,32,魔法转物理
迅捷斥候,Teemo,棱彩,112,37,战争交响乐
迅捷斥候,Teemo,黄金,113,44,咏叹奏鸣
迅捷斥候,Teemo,黄金,114,45,生机迸发
迅捷斥候,Teemo,黄金,115,46,弹球
迅捷斥候,Teemo,黄金,116,47,鲨鱼诱饵
迅捷斥候,Teemo,棱彩,117,38,男爵之手
迅捷斥候,Teemo,棱彩,118,39,吃过路兵
迅捷斥候,Teemo,白银,119,33,俯冲轰炸
迅捷斥候,Teemo,棱彩,120,40,空投熊
迅捷斥候,Teemo,黄金,121,48,轻拍背部
迅捷斥候,Teemo,白银,122,34,转得我眩晕了
迅捷斥候,Teemo,白银,123,35,大力
迅捷斥候,Teemo,黄金,124,49,冰雪爆裂
迅捷斥候,Teemo,棱彩,125,41,双发快射
迅捷斥候,Teemo,白银,126,36,杀意翻涌
迅捷斥候,Teemo,白银,127,37,吵闹鬼
迅捷斥候,Teemo,白银,128,38,山脉龙魂
迅捷斥候,Teemo,棱彩,129,42,魄罗蛮冲
迅捷斥候,Teemo,白银,130,39,下雪天
迅捷斥候,Teemo,棱彩,131,43,歌利亚巨人
迅捷斥候,Teemo,黄金,132,50,黎明使者的坚决
迅捷斥候,Teemo,黄金,133,51,高压锅
迅捷斥候,Teemo,黄金,134,52,过量延伸者
迅捷斥候,Teemo,棱彩,135,44,利刃华尔兹
迅捷斥候,Teemo,棱彩,136,45,神圣雪球
迅捷斥候,Teemo,黄金,137,53,钢化你心
迅捷斥候,Teemo,棱彩,138,46,扳机炼狱
迅捷斥候,Teemo,棱彩,139,47,回归基本功
迅捷斥候,Teemo,黄金,140,54,我们的治疗
迅捷斥候,Teemo,黄金,141,55,星界躯体
迅捷斥候,Teemo,黄金,142,56,豪猪
迅捷斥候,Teemo,棱彩,143,48,位面转移
迅捷斥候,Teemo,白银,144,40,重量级打击手
迅捷斥候,Teemo,棱彩,145,49,濒死悟道
迅捷斥候,Teemo,棱彩,146,50,泰坦的坚决
迅捷斥候,Teemo,棱彩,147,51,飞升仪式
迅捷斥候,Teemo,棱彩,148,52,软弹啪叽抓
迅捷斥候,Teemo,黄金,149,57,无尽大杀四方
迅捷斥候,Teemo,黄金,150,58,易损
迅捷斥候,Teemo,黄金,151,59,祖母的辣椒油
迅捷斥候,Teemo,黄金,152,60,暴击飞弹
迅捷斥候,Teemo,黄金,153,61,吸血习性
迅捷斥候,Teemo,黄金,154,62,魄罗爆破手
迅捷斥候,Teemo,黄金,155,63,灵魂虹吸
迅捷斥候,Teemo,黄金,156,64,关键暴击
迅捷斥候,Teemo,棱彩,157,53,小丑学院
迅捷斥候,Teemo,黄金,158,65,活力焕发
迅捷斥候,Teemo,白银,159,41,闪闪现现
迅捷斥候,Teemo,白银,160,42,会心防御
迅捷斥候,Teemo,黄金,161,66,升级：雪球
迅捷斥候,Teemo,棱彩,162,54,量子计算
迅捷斥候,Teemo,黄金,163,67,雪球扭蛋机
迅捷斥候,Teemo,黄金,164,68,坚韧
迅捷斥候,Teemo,白银,165,43,闪光弹
迅捷斥候,Teemo,黄金,166,69,最终都市列车
迅捷斥候,Teemo,白银,167,44,由暴生急
迅捷斥候,Teemo,棱彩,168,55,魄罗之王的弹跳
迅捷斥候,Teemo,棱彩,169,56,终极刷新
迅捷斥候,Teemo,棱彩,170,57,你肩上的恶魔
迅捷斥候,Teemo,棱彩,171,58,？？？
迅捷斥候,Teemo,棱彩,172,59,灵魄炸弹
迅捷斥候,Teemo,白银,173,45,急救用具
迅捷斥候,Teemo,白银,174,46,叠角龙
迅捷斥候,Teemo,白银,175,47,升级：献祭
迅捷斥候,Teemo,棱彩,176,60,蛋白粉奶昔
迅捷斥候,Teemo,棱彩,177,61,至高天诺言
迅捷斥候,Teemo,棱彩,178,62,王中王，靴中靴
迅捷斥候,Teemo,棱彩,179,63,升级：花晓之剑
迅捷斥候,Teemo,棱彩,180,64,卡皮巴拉空投
迅捷斥候,Teemo,白银,181,48,可靠武器
迅捷斥候,Teemo,黄金,182,70,升级：贪欲九头蛇
迅捷斥候,Teemo,黄金,183,71,升级：焚天
魂锁典狱长,Thresh,黄金,1,1,坦克引擎
魂锁典狱长,Thresh,黄金,2,2,星界躯体
魂锁典狱长,Thresh,白银,3,1,重量级打击手
魂锁典狱长,Thresh,棱彩,4,1,歌利亚巨人
魂锁典狱长,Thresh,黄金,5,3,钢化你心
魂锁典狱长,Thresh,棱彩,6,2,巨像的勇气
魂锁典狱长,Thresh,白银,7,2,扇巴掌
魂锁典狱长,Thresh,黄金,8,4,不动如山
魂锁典狱长,Thresh,黄金,9,5,吞噬灵魂
魂锁典狱长,Thresh,黄金,10,6,神圣干预
魂锁典狱长,Thresh,棱彩,11,3,蛋白粉奶昔
魂锁典狱长,Thresh,棱彩,12,4,残忍
魂锁典狱长,Thresh,黄金,13,7,高压锅
魂锁典狱长,Thresh,棱彩,14,5,飞身踢
魂锁典狱长,Thresh,黄金,15,8,质变：棱彩阶
魂锁典狱长,Thresh,黄金,16,9,贪欲束缚
魂锁典狱长,Thresh,棱彩,17,6,掷骰狂人
魂锁典狱长,Thresh,黄金,18,10,连锁反应
魂锁典狱长,Thresh,棱彩,19,7,和我一起困在这里
魂锁典狱长,Thresh,白银,20,3,防护面纱
魂锁典狱长,Thresh,棱彩,21,8,软弹啪叽抓
魂锁典狱长,Thresh,白银,22,4,冰寒
魂锁典狱长,Thresh,白银,23,5,质变：黄金阶
魂锁典狱长,Thresh,白银,24,6,逃跑计划
魂锁典狱长,Thresh,黄金,25,11,黎明使者的坚决
魂锁典狱长,Thresh,黄金,26,12,我们的治疗
魂锁典狱长,Thresh,黄金,27,13,循环往复
魂锁典狱长,Thresh,白银,28,7,练腿日
魂锁典狱长,Thresh,黄金,29,14,面包和黄油
魂锁典狱长,Thresh,黄金,30,15,生机迸发
魂锁典狱长,Thresh,黄金,31,16,急速之追求
魂锁典狱长,Thresh,白银,32,8,急救用具
魂锁典狱长,Thresh,棱彩,33,9,史上最大雪球
魂锁典狱长,Thresh,黄金,34,17,豪猪
魂锁典狱长,Thresh,白银,35,9,加固护盾
魂锁典狱长,Thresh,黄金,36,18,炽烈黎明
魂锁典狱长,Thresh,棱彩,37,10,质变：混沌
魂锁典狱长,Thresh,白银,38,10,升级：献祭
魂锁典狱长,Thresh,白银,39,11,俯冲轰炸
魂锁典狱长,Thresh,棱彩,40,11,回归基本功
魂锁典狱长,Thresh,黄金,41,19,轻拍背部
魂锁典狱长,Thresh,棱彩,42,12,泰坦的坚决
魂锁典狱长,Thresh,白银,43,12,海洋龙魂
魂锁典狱长,Thresh,白银,44,13,由心及物
魂锁典狱长,Thresh,白银,45,14,魔法转物理
魂锁典狱长,Thresh,白银,46,15,下雪天
魂锁典狱长,Thresh,白银,47,16,大师铸就
魂锁典狱长,Thresh,黄金,48,20,无尽大杀四方
魂锁典狱长,Thresh,黄金,49,21,尖端发明家
魂锁典狱长,Thresh,白银,50,17,天音爆
魂锁典狱长,Thresh,棱彩,51,13,科学狂人
魂锁典狱长,Thresh,黄金,52,22,弹球
魂锁典狱长,Thresh,黄金,53,23,缩小引擎
魂锁典狱长,Thresh,黄金,54,24,属性叠属性！
魂锁典狱长,Thresh,黄金,55,25,捐赠
魂锁典狱长,Thresh,黄金,56,26,自然即是治愈
魂锁典狱长,Thresh,棱彩,57,14,无限循环往复
魂锁典狱长,Thresh,黄金,58,27,喂呜喂呜
魂锁典狱长,Thresh,黄金,59,28,虚幻武器
魂锁典狱长,Thresh,棱彩,60,15,最终形态
魂锁典狱长,Thresh,白银,61,18,山脉龙魂
魂锁典狱长,Thresh,棱彩,62,16,空投熊
魂锁典狱长,Thresh,白银,63,19,强力护盾
魂锁典狱长,Thresh,棱彩,64,17,精怪魔法
魂锁典狱长,Thresh,黄金,65,29,面包和奶酪
魂锁典狱长,Thresh,黄金,66,30,冰雪爆裂
魂锁典狱长,Thresh,棱彩,67,18,你摸不到
魂锁典狱长,Thresh,白银,68,20,大力
魂锁典狱长,Thresh,棱彩,69,19,潘朵拉的盒子
魂锁典狱长,Thresh,白银,70,21,终极不可阻挡
魂锁典狱长,Thresh,棱彩,71,20,终极唤醒
魂锁典狱长,Thresh,棱彩,72,21,回响施放
魂锁典狱长,Thresh,白银,73,22,台风
魂锁典狱长,Thresh,黄金,74,31,全心为你
魂锁典狱长,Thresh,棱彩,75,22,升级：花晓之剑
魂锁典狱长,Thresh,棱彩,76,23,双刀流
魂锁典狱长,Thresh,棱彩,77,24,神圣雪球
魂锁典狱长,Thresh,黄金,78,32,威能之追求
魂锁典狱长,Thresh,棱彩,79,25,大法师
魂锁典狱长,Thresh,黄金,80,33,闪现向前
魂锁典狱长,Thresh,棱彩,81,26,风语者的祝福
魂锁典狱长,Thresh,黄金,82,34,升级：无尽之刃
魂锁典狱长,Thresh,白银,83,23,侵蚀
魂锁典狱长,Thresh,白银,84,24,家园卫士
魂锁典狱长,Thresh,黄金,85,35,神射法师
魂锁典狱长,Thresh,黄金,86,36,缩小射线
魂锁典狱长,Thresh,黄金,87,37,鲨鱼暴风
魂锁典狱长,Thresh,白银,88,25,属性！
魂锁典狱长,Thresh,黄金,89,38,咏叹奏鸣
魂锁典狱长,Thresh,棱彩,90,27,连拨击锤
魂锁典狱长,Thresh,白银,91,26,转得我眩晕了
魂锁典狱长,Thresh,棱彩,92,28,舞会女王
魂锁典狱长,Thresh,白银,93,27,叠角龙
魂锁典狱长,Thresh,棱彩,94,29,物法皆修
魂锁典狱长,Thresh,白银,95,28,灵巧
魂锁典狱长,Thresh,黄金,96,39,哎哟，我的硬币！
魂锁典狱长,Thresh,白银,97,29,海克斯科技龙魂
魂锁典狱长,Thresh,棱彩,98,30,终极刷新
魂锁典狱长,Thresh,黄金,99,40,鲨鱼诱饵
魂锁典狱长,Thresh,棱彩,100,31,信念者的强化
魂锁典狱长,Thresh,棱彩,101,32,全能龙魂
魂锁典狱长,Thresh,黄金,102,41,升级：耀光
魂锁典狱长,Thresh,白银,103,30,纯粹主义者 - 术师
魂锁典狱长,Thresh,棱彩,104,33,艾卡西亚的陷落
魂锁典狱长,Thresh,白银,105,31,杀意翻涌
魂锁典狱长,Thresh,棱彩,106,34,海牛阿福的勇士
魂锁典狱长,Thresh,黄金,107,42,火上浇油
魂锁典狱长,Thresh,黄金,108,43,面包和果酱
魂锁典狱长,Thresh,黄金,109,44,更万用的瞄准镜
魂锁典狱长,Thresh,白银,110,32,火狐
魂锁典狱长,Thresh,棱彩,111,35,秘术冲拳
魂锁典狱长,Thresh,白银,112,33,炼狱龙魂
魂锁典狱长,Thresh,棱彩,113,36,属性叠属性叠属性！
魂锁典狱长,Thresh,黄金,114,45,术士果汁盒
魂锁典狱长,Thresh,黄金,115,46,心灵净化
魂锁典狱长,Thresh,黄金,116,47,急急小子
魂锁典狱长,Thresh,黄金,117,48,杀戮时间到了
魂锁典狱长,Thresh,棱彩,118,37,吃过路兵
魂锁典狱长,Thresh,黄金,119,49,过量延伸者
魂锁典狱长,Thresh,白银,120,34,双生火焰
魂锁典狱长,Thresh,黄金,121,50,藏身草丛
魂锁典狱长,Thresh,黄金,122,51,超凡邪恶
魂锁典狱长,Thresh,白银,123,35,物理转魔法
魂锁典狱长,Thresh,棱彩,124,38,尊我为王
魂锁典狱长,Thresh,棱彩,125,39,扳机炼狱
魂锁典狱长,Thresh,白银,126,36,升级：收集者
魂锁典狱长,Thresh,黄金,127,52,升级：焚天
魂锁典狱长,Thresh,白银,128,37,万用瞄准镜
魂锁典狱长,Thresh,棱彩,129,40,飞升仪式
魂锁典狱长,Thresh,白银,130,38,巫师式思考
魂锁典狱长,Thresh,黄金,131,53,罪恶快感
魂锁典狱长,Thresh,棱彩,132,41,尤里卡
魂锁典狱长,Thresh,黄金,133,54,升级：贪欲九头蛇
魂锁典狱长,Thresh,棱彩,134,42,濒死悟道
魂锁典狱长,Thresh,棱彩,135,43,最万用的瞄准镜
魂锁典狱长,Thresh,棱彩,136,44,至高天诺言
魂锁典狱长,Thresh,棱彩,137,45,巨人杀手
魂锁典狱长,Thresh,棱彩,138,46,踢踏舞
魂锁典狱长,Thresh,棱彩,139,47,魄罗蛮冲
魂锁典狱长,Thresh,棱彩,140,48,夺金
魂锁典狱长,Thresh,黄金,141,55,回力OK镖
魂锁典狱长,Thresh,棱彩,142,49,珠光护手
魂锁典狱长,Thresh,棱彩,143,50,亮出你的剑
魂锁典狱长,Thresh,黄金,144,56,穿针引线
魂锁典狱长,Thresh,黄金,145,57,超强大脑
魂锁典狱长,Thresh,棱彩,146,51,位面转移
魂锁典狱长,Thresh,白银,147,39,渴血
魂锁典狱长,Thresh,棱彩,148,52,战争交响乐
魂锁典狱长,Thresh,白银,149,40,点亮他们！
魂锁典狱长,Thresh,黄金,150,58,有始有终
魂锁典狱长,Thresh,棱彩,151,53,男爵之手
魂锁典狱长,Thresh,黄金,152,59,暴击飞弹
魂锁典狱长,Thresh,黄金,153,60,暴击律动
魂锁典狱长,Thresh,棱彩,154,54,电涌力场
魂锁典狱长,Thresh,棱彩,155,55,炼狱导管
魂锁典狱长,Thresh,白银,156,41,快中求稳
魂锁典狱长,Thresh,棱彩,157,56,利刃华尔兹
魂锁典狱长,Thresh,白银,158,42,吵闹鬼
魂锁典狱长,Thresh,棱彩,159,57,终极九头蛇
魂锁典狱长,Thresh,白银,160,43,注魔
魂锁典狱长,Thresh,黄金,161,61,魔法飞弹
魂锁典狱长,Thresh,黄金,162,62,牙仙子
魂锁典狱长,Thresh,黄金,163,63,溢流
魂锁典狱长,Thresh,棱彩,164,58,大招工具人
魂锁典狱长,Thresh,黄金,165,64,夜狩
魂锁典狱长,Thresh,棱彩,166,59,不祥契约
魂锁典狱长,Thresh,棱彩,167,60,灵魄炸弹
魂锁典狱长,Thresh,棱彩,168,61,沃格勒特的巫师帽
魂锁典狱长,Thresh,白银,169,44,升级：中娅
魂锁典狱长,Thresh,白银,170,45,暗影疾奔
魂锁典狱长,Thresh,棱彩,171,62,全凭身法
魂锁典狱长,Thresh,黄金,172,65,坚韧
魂锁典狱长,Thresh,棱彩,173,63,玻璃大炮
魂锁典狱长,Thresh,黄金,174,66,狂徒豪气
魂锁典狱长,Thresh,白银,175,46,唯快不破
魂锁典狱长,Thresh,棱彩,176,64,大地苏醒
魂锁典狱长,Thresh,白银,177,47,坚若磐石
魂锁典狱长,Thresh,白银,178,48,闪闪现现
魂锁典狱长,Thresh,白银,179,49,闪光弹
魂锁典狱长,Thresh,棱彩,180,65,死亡之环
魂锁典狱长,Thresh,黄金,181,67,活力焕发
魂锁典狱长,Thresh,黄金,182,68,升级：雪球
魂锁典狱长,Thresh,黄金,183,69,会心治疗
魂锁典狱长,Thresh,棱彩,184,66,激光治疗
魂锁典狱长,Thresh,黄金,185,70,祖母的辣椒油
魂锁典狱长,Thresh,黄金,186,71,雪球扭蛋机
魂锁典狱长,Thresh,黄金,187,72,吸血习性
魂锁典狱长,Thresh,黄金,188,73,关键暴击
魂锁典狱长,Thresh,白银,189,50,会心防御
魂锁典狱长,Thresh,棱彩,190,67,量子计算
魂锁典狱长,Thresh,棱彩,191,68,小丑学院
魂锁典狱长,Thresh,黄金,192,74,最终都市列车
魂锁典狱长,Thresh,黄金,193,75,灵魂虹吸
魂锁典狱长,Thresh,黄金,194,76,易损
魂锁典狱长,Thresh,棱彩,195,69,小猫咪找妈妈
魂锁典狱长,Thresh,棱彩,196,70,魄罗之王的弹跳
魂锁典狱长,Thresh,黄金,197,77,魄罗爆破手
魂锁典狱长,Thresh,棱彩,198,71,双发快射
魂锁典狱长,Thresh,棱彩,199,72,卡皮巴拉空投
魂锁典狱长,Thresh,白银,200,51,自适应防护
魂锁典狱长,Thresh,白银,201,52,虹吸
魂锁典狱长,Thresh,黄金,202,78,仁慈打击
魂锁典狱长,Thresh,白银,203,53,由暴生急
魂锁典狱长,Thresh,黄金,204,79,快步
麦林炮手,Tristana,黄金,1,1,暴击飞弹
麦林炮手,Tristana,黄金,2,2,更万用的瞄准镜
麦林炮手,Tristana,黄金,3,3,升级：无尽之刃
麦林炮手,Tristana,棱彩,4,1,双刀流
麦林炮手,Tristana,棱彩,5,2,双发快射
麦林炮手,Tristana,黄金,6,4,暴击律动
麦林炮手,Tristana,黄金,7,5,灵魂虹吸
麦林炮手,Tristana,白银,8,1,灵巧
麦林炮手,Tristana,棱彩,9,3,最万用的瞄准镜
麦林炮手,Tristana,棱彩,10,4,连拨击锤
麦林炮手,Tristana,白银,11,2,台风
麦林炮手,Tristana,棱彩,12,5,踢踏舞
麦林炮手,Tristana,白银,13,3,万用瞄准镜
麦林炮手,Tristana,黄金,14,6,小小的额外帮助
麦林炮手,Tristana,棱彩,15,6,巨人杀手
麦林炮手,Tristana,白银,16,4,点亮他们！
麦林炮手,Tristana,黄金,17,7,罪恶快感
麦林炮手,Tristana,白银,18,5,升级：收集者
麦林炮手,Tristana,棱彩,19,7,战争交响乐
麦林炮手,Tristana,白银,20,6,狂热者
麦林炮手,Tristana,白银,21,7,渴血
麦林炮手,Tristana,白银,22,8,双生火焰
麦林炮手,Tristana,黄金,23,8,关键暴击
麦林炮手,Tristana,白银,24,9,大力
麦林炮手,Tristana,黄金,25,9,穿针引线
麦林炮手,Tristana,黄金,26,10,质变：棱彩阶
麦林炮手,Tristana,棱彩,27,8,针插垫
麦林炮手,Tristana,棱彩,28,9,亮出你的剑
麦林炮手,Tristana,白银,29,10,会心防御
麦林炮手,Tristana,黄金,30,11,易损
麦林炮手,Tristana,黄金,31,12,火上浇油
麦林炮手,Tristana,白银,32,11,前进时间到
麦林炮手,Tristana,白银,33,12,魔法转物理
麦林炮手,Tristana,棱彩,34,10,掷骰狂人
麦林炮手,Tristana,棱彩,35,11,质变：混沌
麦林炮手,Tristana,白银,36,13,家园卫士
麦林炮手,Tristana,白银,37,14,由暴生急
麦林炮手,Tristana,黄金,38,13,夜狩
麦林炮手,Tristana,黄金,39,14,缩小引擎
麦林炮手,Tristana,白银,40,15,质变：黄金阶
麦林炮手,Tristana,黄金,41,15,缩小射线
麦林炮手,Tristana,棱彩,42,12,三重射击
麦林炮手,Tristana,棱彩,43,13,秘术冲拳
麦林炮手,Tristana,棱彩,44,14,回归基本功
麦林炮手,Tristana,黄金,45,16,连锁反应
麦林炮手,Tristana,黄金,46,17,面包和黄油
麦林炮手,Tristana,棱彩,47,15,吃过路兵
麦林炮手,Tristana,棱彩,48,16,珠光护手
麦林炮手,Tristana,黄金,49,18,捐赠
麦林炮手,Tristana,黄金,50,19,快步
麦林炮手,Tristana,黄金,51,20,威能之追求
麦林炮手,Tristana,黄金,52,21,属性叠属性！
麦林炮手,Tristana,棱彩,53,17,物法皆修
麦林炮手,Tristana,黄金,54,22,牙仙子
麦林炮手,Tristana,白银,55,16,练腿日
麦林炮手,Tristana,棱彩,56,18,潘朵拉的盒子
麦林炮手,Tristana,白银,57,17,大师铸就
麦林炮手,Tristana,黄金,58,23,面包和奶酪
麦林炮手,Tristana,棱彩,59,19,海牛阿福的勇士
麦林炮手,Tristana,黄金,60,24,魔法飞弹
麦林炮手,Tristana,白银,61,18,海克斯科技龙魂
麦林炮手,Tristana,棱彩,62,20,全凭身法
麦林炮手,Tristana,白银,63,19,侵蚀
麦林炮手,Tristana,棱彩,64,21,利刃华尔兹
麦林炮手,Tristana,黄金,65,25,闪现向前
麦林炮手,Tristana,黄金,66,26,循环往复
麦林炮手,Tristana,棱彩,67,22,飞身踢
麦林炮手,Tristana,黄金,68,27,升级：耀光
麦林炮手,Tristana,黄金,69,28,心灵净化
麦林炮手,Tristana,棱彩,70,23,全能龙魂
麦林炮手,Tristana,棱彩,71,24,终极九头蛇
麦林炮手,Tristana,白银,72,20,炼狱龙魂
麦林炮手,Tristana,黄金,73,29,有始有终
麦林炮手,Tristana,棱彩,74,25,科学狂人
麦林炮手,Tristana,棱彩,75,26,属性叠属性叠属性！
麦林炮手,Tristana,白银,76,21,逃跑计划
麦林炮手,Tristana,白银,77,22,注魔
麦林炮手,Tristana,黄金,78,30,轻拍背部
麦林炮手,Tristana,黄金,79,31,杀戮时间到了
麦林炮手,Tristana,棱彩,80,27,终极唤醒
麦林炮手,Tristana,黄金,81,32,神圣干预
麦林炮手,Tristana,黄金,82,33,术士果汁盒
麦林炮手,Tristana,棱彩,83,28,尊我为王
麦林炮手,Tristana,棱彩,84,29,终极刷新
麦林炮手,Tristana,黄金,85,34,狂徒豪气
麦林炮手,Tristana,黄金,86,35,哎哟，我的硬币！
麦林炮手,Tristana,棱彩,87,30,大地苏醒
麦林炮手,Tristana,黄金,88,36,生机迸发
麦林炮手,Tristana,棱彩,89,31,玻璃大炮
麦林炮手,Tristana,棱彩,90,32,夺金
麦林炮手,Tristana,棱彩,91,33,你摸不到
麦林炮手,Tristana,黄金,92,37,面包和果酱
麦林炮手,Tristana,棱彩,93,34,史上最大雪球
麦林炮手,Tristana,棱彩,94,35,无限循环往复
麦林炮手,Tristana,黄金,95,38,回力OK镖
麦林炮手,Tristana,白银,96,23,暗影疾奔
麦林炮手,Tristana,白银,97,24,属性！
麦林炮手,Tristana,白银,98,25,海洋龙魂
麦林炮手,Tristana,黄金,99,39,升级：贪欲九头蛇
麦林炮手,Tristana,棱彩,100,36,大法师
麦林炮手,Tristana,棱彩,101,37,扳机炼狱
麦林炮手,Tristana,白银,102,26,快中求稳
麦林炮手,Tristana,黄金,103,40,虚幻武器
麦林炮手,Tristana,棱彩,104,38,位面转移
麦林炮手,Tristana,棱彩,105,39,濒死悟道
麦林炮手,Tristana,黄金,106,41,急急小子
麦林炮手,Tristana,白银,107,27,杀意翻涌
麦林炮手,Tristana,棱彩,108,40,精怪魔法
麦林炮手,Tristana,白银,109,28,火狐
麦林炮手,Tristana,白银,110,29,防护面纱
麦林炮手,Tristana,黄金,111,42,黎明使者的坚决
麦林炮手,Tristana,棱彩,112,41,飞升仪式
麦林炮手,Tristana,黄金,113,43,狙神飞星
麦林炮手,Tristana,棱彩,114,42,歌利亚巨人
麦林炮手,Tristana,黄金,115,44,尖端发明家
麦林炮手,Tristana,黄金,116,45,坦克引擎
麦林炮手,Tristana,棱彩,117,43,男爵之手
麦林炮手,Tristana,棱彩,118,44,神圣雪球
麦林炮手,Tristana,白银,119,30,唯快不破
麦林炮手,Tristana,黄金,120,46,炽烈黎明
麦林炮手,Tristana,白银,121,31,转得我眩晕了
麦林炮手,Tristana,白银,122,32,吵闹鬼
麦林炮手,Tristana,黄金,123,47,神射法师
麦林炮手,Tristana,黄金,124,48,咏叹奏鸣
麦林炮手,Tristana,黄金,125,49,藏身草丛
麦林炮手,Tristana,白银,126,33,山脉龙魂
麦林炮手,Tristana,棱彩,127,45,魄罗蛮冲
麦林炮手,Tristana,棱彩,128,46,空投熊
麦林炮手,Tristana,白银,129,34,重量级打击手
麦林炮手,Tristana,黄金,130,50,鲨鱼暴风
麦林炮手,Tristana,黄金,131,51,冰雪爆裂
麦林炮手,Tristana,黄金,132,52,弹球
麦林炮手,Tristana,黄金,133,53,自然即是治愈
麦林炮手,Tristana,棱彩,134,47,泰坦的坚决
麦林炮手,Tristana,棱彩,135,48,炼狱导管
麦林炮手,Tristana,黄金,136,54,星界躯体
麦林炮手,Tristana,黄金,137,55,鲨鱼诱饵
麦林炮手,Tristana,黄金,138,56,过量延伸者
麦林炮手,Tristana,黄金,139,57,无尽大杀四方
麦林炮手,Tristana,棱彩,140,49,不祥契约
麦林炮手,Tristana,棱彩,141,50,电涌力场
麦林炮手,Tristana,黄金,142,58,我们的治疗
麦林炮手,Tristana,白银,143,35,终极不可阻挡
麦林炮手,Tristana,棱彩,144,51,软弹啪叽抓
麦林炮手,Tristana,白银,145,36,纯粹主义者 - 术师
麦林炮手,Tristana,黄金,146,59,豪猪
麦林炮手,Tristana,黄金,147,60,钢化你心
麦林炮手,Tristana,黄金,148,61,吸血习性
麦林炮手,Tristana,白银,149,37,俯冲轰炸
麦林炮手,Tristana,黄金,150,62,超凡邪恶
麦林炮手,Tristana,白银,151,38,下雪天
麦林炮手,Tristana,白银,152,39,物理转魔法
麦林炮手,Tristana,黄金,153,63,溢流
麦林炮手,Tristana,棱彩,154,52,大招工具人
麦林炮手,Tristana,黄金,155,64,高压锅
麦林炮手,Tristana,棱彩,156,53,舞会女王
麦林炮手,Tristana,棱彩,157,54,尤里卡
麦林炮手,Tristana,棱彩,158,55,沃格勒特的巫师帽
麦林炮手,Tristana,白银,159,40,巫师式思考
麦林炮手,Tristana,黄金,160,65,超强大脑
麦林炮手,Tristana,白银,161,41,由心及物
麦林炮手,Tristana,棱彩,162,56,最终形态
麦林炮手,Tristana,白银,163,42,冰寒
麦林炮手,Tristana,白银,164,43,闪闪现现
麦林炮手,Tristana,白银,165,44,升级：中娅
麦林炮手,Tristana,白银,166,45,闪光弹
麦林炮手,Tristana,黄金,167,66,会心治疗
麦林炮手,Tristana,棱彩,168,57,量子计算
麦林炮手,Tristana,黄金,169,67,升级：雪球
麦林炮手,Tristana,黄金,170,68,升级：焚天
麦林炮手,Tristana,黄金,171,69,坚韧
麦林炮手,Tristana,黄金,172,70,雪球扭蛋机
麦林炮手,Tristana,黄金,173,71,活力焕发
麦林炮手,Tristana,棱彩,174,58,小丑学院
麦林炮手,Tristana,黄金,175,72,祖母的辣椒油
麦林炮手,Tristana,黄金,176,73,急速之追求
麦林炮手,Tristana,黄金,177,74,最终都市列车
麦林炮手,Tristana,黄金,178,75,魄罗爆破手
麦林炮手,Tristana,棱彩,179,59,和我一起困在这里
麦林炮手,Tristana,棱彩,180,60,卡皮巴拉空投
麦林炮手,Tristana,棱彩,181,61,？？？
麦林炮手,Tristana,棱彩,182,62,超负荷
麦林炮手,Tristana,棱彩,183,63,激光治疗
麦林炮手,Tristana,棱彩,184,64,升级：花晓之剑
麦林炮手,Tristana,黄金,185,76,虚空冲刺
巨魔之王,Trundle,黄金,1,1,地形专家
巨魔之王,Trundle,白银,2,1,重量级打击手
巨魔之王,Trundle,黄金,3,2,炽燃利息
巨魔之王,Trundle,棱彩,4,1,秘术冲拳
巨魔之王,Trundle,棱彩,5,2,残忍
巨魔之王,Trundle,白银,6,2,渴血
巨魔之王,Trundle,黄金,7,3,黎明使者的坚决
巨魔之王,Trundle,棱彩,8,3,最终形态
巨魔之王,Trundle,黄金,9,4,邦！
巨魔之王,Trundle,黄金,10,5,升级：耀光
巨魔之王,Trundle,黄金,11,6,贪欲束缚
巨魔之王,Trundle,黄金,12,7,质变：棱彩阶
巨魔之王,Trundle,白银,13,3,扇巴掌
巨魔之王,Trundle,黄金,14,8,高压锅
巨魔之王,Trundle,棱彩,15,4,泰坦的坚决
巨魔之王,Trundle,白银,16,4,大力
巨魔之王,Trundle,黄金,17,9,升级：焚天
巨魔之王,Trundle,棱彩,18,5,终极唤醒
巨魔之王,Trundle,白银,19,5,质变：黄金阶
巨魔之王,Trundle,黄金,20,10,坦克引擎
巨魔之王,Trundle,白银,21,6,虹吸
巨魔之王,Trundle,黄金,22,11,不动如山
巨魔之王,Trundle,黄金,23,12,自然即是治愈
巨魔之王,Trundle,棱彩,24,6,飞身踢
巨魔之王,Trundle,黄金,25,13,升级：贪欲九头蛇
巨魔之王,Trundle,黄金,26,14,循环往复
巨魔之王,Trundle,棱彩,27,7,艾卡西亚的陷落
巨魔之王,Trundle,黄金,28,15,更万用的瞄准镜
巨魔之王,Trundle,黄金,29,16,我们的治疗
巨魔之王,Trundle,黄金,30,17,快步
巨魔之王,Trundle,黄金,31,18,面包和奶酪
巨魔之王,Trundle,白银,32,7,大师铸就
巨魔之王,Trundle,黄金,33,19,缩小引擎
巨魔之王,Trundle,棱彩,34,8,双刀流
巨魔之王,Trundle,黄金,35,20,钢化你心
巨魔之王,Trundle,棱彩,36,9,歌利亚巨人
巨魔之王,Trundle,白银,37,8,逃跑计划
巨魔之王,Trundle,棱彩,38,10,质变：混沌
巨魔之王,Trundle,白银,39,9,冰寒
巨魔之王,Trundle,白银,40,10,练腿日
巨魔之王,Trundle,黄金,41,21,无尽大杀四方
巨魔之王,Trundle,棱彩,42,11,掷骰狂人
巨魔之王,Trundle,白银,43,11,灵巧
巨魔之王,Trundle,黄金,44,22,面包和黄油
巨魔之王,Trundle,棱彩,45,12,史上最大雪球
巨魔之王,Trundle,白银,46,12,台风
巨魔之王,Trundle,黄金,47,23,捐赠
巨魔之王,Trundle,棱彩,48,13,最万用的瞄准镜
巨魔之王,Trundle,白银,49,13,侵蚀
巨魔之王,Trundle,白银,50,14,万用瞄准镜
巨魔之王,Trundle,黄金,51,24,属性叠属性！
巨魔之王,Trundle,白银,52,15,纯粹主义者 - 术师
巨魔之王,Trundle,黄金,53,25,罪恶快感
巨魔之王,Trundle,棱彩,54,14,科学狂人
巨魔之王,Trundle,棱彩,55,15,大法师
巨魔之王,Trundle,棱彩,56,16,终极九头蛇
巨魔之王,Trundle,棱彩,57,17,战争交响乐
巨魔之王,Trundle,棱彩,58,18,无限循环往复
巨魔之王,Trundle,棱彩,59,19,尤里卡
巨魔之王,Trundle,黄金,60,26,杀戮时间到了
巨魔之王,Trundle,黄金,61,27,心灵净化
巨魔之王,Trundle,黄金,62,28,吞噬灵魂
巨魔之王,Trundle,棱彩,63,20,终极刷新
巨魔之王,Trundle,棱彩,64,21,濒死悟道
巨魔之王,Trundle,棱彩,65,22,扳机炼狱
巨魔之王,Trundle,黄金,66,29,星界躯体
巨魔之王,Trundle,黄金,67,30,威能之追求
巨魔之王,Trundle,黄金,68,31,火上浇油
巨魔之王,Trundle,黄金,69,32,虚幻武器
巨魔之王,Trundle,黄金,70,33,易损
巨魔之王,Trundle,黄金,71,34,生机迸发
巨魔之王,Trundle,白银,72,16,终极不可阻挡
巨魔之王,Trundle,棱彩,73,23,软弹啪叽抓
巨魔之王,Trundle,黄金,74,35,尖端发明家
巨魔之王,Trundle,棱彩,75,24,巨像的勇气
巨魔之王,Trundle,白银,76,17,魔法转物理
巨魔之王,Trundle,棱彩,77,25,回归基本功
巨魔之王,Trundle,黄金,78,36,轻拍背部
巨魔之王,Trundle,棱彩,79,26,和我一起困在这里
巨魔之王,Trundle,棱彩,80,27,潘朵拉的盒子
巨魔之王,Trundle,黄金,81,37,缩小射线
巨魔之王,Trundle,黄金,82,38,冰雪爆裂
巨魔之王,Trundle,棱彩,83,28,珠光护手
巨魔之王,Trundle,黄金,84,39,弹球
巨魔之王,Trundle,黄金,85,40,升级：无尽之刃
巨魔之王,Trundle,白银,86,18,海洋龙魂
巨魔之王,Trundle,白银,87,19,狂热者
巨魔之王,Trundle,黄金,88,41,术士果汁盒
巨魔之王,Trundle,白银,89,20,升级：死亡之舞
巨魔之王,Trundle,黄金,90,42,面包和果酱
巨魔之王,Trundle,黄金,91,43,神圣干预
巨魔之王,Trundle,白银,92,21,俯冲轰炸
巨魔之王,Trundle,白银,93,22,炼狱龙魂
巨魔之王,Trundle,黄金,94,44,哎哟，我的硬币！
巨魔之王,Trundle,白银,95,23,下雪天
巨魔之王,Trundle,黄金,96,45,豪猪
巨魔之王,Trundle,黄金,97,46,灵魂虹吸
巨魔之王,Trundle,棱彩,98,29,物法皆修
巨魔之王,Trundle,白银,99,24,升级：献祭
巨魔之王,Trundle,白银,100,25,双生火焰
巨魔之王,Trundle,黄金,101,47,鲨鱼暴风
巨魔之王,Trundle,棱彩,102,30,你摸不到
巨魔之王,Trundle,黄金,103,48,闪现向前
巨魔之王,Trundle,白银,104,26,海克斯科技龙魂
巨魔之王,Trundle,白银,105,27,物理转魔法
巨魔之王,Trundle,棱彩,106,31,大招工具人
巨魔之王,Trundle,白银,107,28,家园卫士
巨魔之王,Trundle,棱彩,108,32,踢踏舞
巨魔之王,Trundle,棱彩,109,33,巨人杀手
巨魔之王,Trundle,黄金,110,49,炽烈黎明
巨魔之王,Trundle,白银,111,29,杀意翻涌
巨魔之王,Trundle,棱彩,112,34,利刃华尔兹
巨魔之王,Trundle,棱彩,113,35,空投熊
巨魔之王,Trundle,棱彩,114,36,炼狱导管
巨魔之王,Trundle,白银,115,30,属性！
巨魔之王,Trundle,棱彩,116,37,吃过路兵
巨魔之王,Trundle,黄金,117,50,神射法师
巨魔之王,Trundle,棱彩,118,38,海牛阿福的勇士
巨魔之王,Trundle,黄金,119,51,穿针引线
巨魔之王,Trundle,黄金,120,52,急急小子
巨魔之王,Trundle,棱彩,121,39,全能龙魂
巨魔之王,Trundle,黄金,122,53,鲨鱼诱饵
巨魔之王,Trundle,白银,123,31,巫师式思考
巨魔之王,Trundle,白银,124,32,转得我眩晕了
巨魔之王,Trundle,棱彩,125,40,连拨击锤
巨魔之王,Trundle,白银,126,33,火狐
巨魔之王,Trundle,棱彩,127,41,属性叠属性叠属性！
巨魔之王,Trundle,黄金,128,54,关键暴击
巨魔之王,Trundle,棱彩,129,42,尊我为王
巨魔之王,Trundle,棱彩,130,43,神圣雪球
巨魔之王,Trundle,棱彩,131,44,精怪魔法
巨魔之王,Trundle,黄金,132,55,咏叹奏鸣
巨魔之王,Trundle,棱彩,133,45,飞升仪式
巨魔之王,Trundle,黄金,134,56,魔法飞弹
巨魔之王,Trundle,棱彩,135,46,死亡之环
巨魔之王,Trundle,棱彩,136,47,夺金
巨魔之王,Trundle,黄金,137,57,过量延伸者
巨魔之王,Trundle,黄金,138,58,回力OK镖
巨魔之王,Trundle,黄金,139,59,超凡邪恶
巨魔之王,Trundle,白银,140,34,升级：收集者
巨魔之王,Trundle,白银,141,35,唯快不破
巨魔之王,Trundle,白银,142,36,由心及物
巨魔之王,Trundle,棱彩,143,48,双发快射
巨魔之王,Trundle,黄金,144,60,暴击律动
巨魔之王,Trundle,棱彩,145,49,魄罗蛮冲
巨魔之王,Trundle,黄金,146,61,有始有终
巨魔之王,Trundle,白银,147,37,山脉龙魂
巨魔之王,Trundle,白银,148,38,会心防御
巨魔之王,Trundle,棱彩,149,50,不祥契约
巨魔之王,Trundle,白银,150,39,防护面纱
巨魔之王,Trundle,棱彩,151,51,舞会女王
巨魔之王,Trundle,白银,152,40,注魔
巨魔之王,Trundle,黄金,153,62,溢流
巨魔之王,Trundle,棱彩,154,52,男爵之手
巨魔之王,Trundle,黄金,155,63,夜狩
巨魔之王,Trundle,棱彩,156,53,位面转移
巨魔之王,Trundle,黄金,157,64,藏身草丛
巨魔之王,Trundle,白银,158,41,吵闹鬼
巨魔之王,Trundle,棱彩,159,54,电涌力场
巨魔之王,Trundle,黄金,160,65,超强大脑
巨魔之王,Trundle,棱彩,161,55,沃格勒特的巫师帽
巨魔之王,Trundle,黄金,162,66,牙仙子
巨魔之王,Trundle,白银,163,42,升级：中娅
巨魔之王,Trundle,白银,164,43,点亮他们！
巨魔之王,Trundle,棱彩,165,56,玻璃大炮
巨魔之王,Trundle,白银,166,44,由暴生急
巨魔之王,Trundle,棱彩,167,57,风语者的祝福
巨魔之王,Trundle,白银,168,45,闪光弹
巨魔之王,Trundle,黄金,169,67,坚韧
巨魔之王,Trundle,白银,170,46,闪闪现现
巨魔之王,Trundle,黄金,171,68,吸血习性
巨魔之王,Trundle,黄金,172,69,会心治疗
巨魔之王,Trundle,黄金,173,70,活力焕发
巨魔之王,Trundle,黄金,174,71,升级：雪球
巨魔之王,Trundle,棱彩,175,58,量子计算
巨魔之王,Trundle,白银,176,47,坚若磐石
巨魔之王,Trundle,棱彩,177,59,至高天诺言
巨魔之王,Trundle,黄金,178,72,祖母的辣椒油
巨魔之王,Trundle,黄金,179,73,雪球扭蛋机
巨魔之王,Trundle,棱彩,180,60,小丑学院
巨魔之王,Trundle,棱彩,181,61,超负荷
巨魔之王,Trundle,白银,182,48,急救用具
巨魔之王,Trundle,棱彩,183,62,蛋白粉奶昔
巨魔之王,Trundle,黄金,184,74,最终都市列车
巨魔之王,Trundle,黄金,185,75,魄罗爆破手
巨魔之王,Trundle,棱彩,186,63,魄罗之王的弹跳
巨魔之王,Trundle,棱彩,187,64,你肩上的恶魔
巨魔之王,Trundle,黄金,188,76,急速之追求
巨魔之王,Trundle,棱彩,189,65,灵魄炸弹
巨魔之王,Trundle,白银,190,49,自适应防护
巨魔之王,Trundle,白银,191,50,天音爆
巨魔之王,Trundle,黄金,192,77,全心为你
巨魔之王,Trundle,棱彩,193,66,升级：花晓之剑
巨魔之王,Trundle,黄金,194,78,喂呜喂呜
巨魔之王,Trundle,棱彩,195,67,王中王，靴中靴
巨魔之王,Trundle,棱彩,196,68,卡皮巴拉空投
巨魔之王,Trundle,棱彩,197,69,？？？
巨魔之王,Trundle,棱彩,198,70,信念者的强化
巨魔之王,Trundle,白银,199,51,可靠武器
蛮族之王,Tryndamere,黄金,1,1,罪恶快感
蛮族之王,Tryndamere,黄金,2,2,升级：无尽之刃
蛮族之王,Tryndamere,白银,3,1,旋转至胜
蛮族之王,Tryndamere,棱彩,4,1,秘术冲拳
蛮族之王,Tryndamere,白银,5,2,大力
蛮族之王,Tryndamere,黄金,6,3,无尽大杀四方
蛮族之王,Tryndamere,白银,7,3,渴血
蛮族之王,Tryndamere,棱彩,8,2,踢踏舞
蛮族之王,Tryndamere,棱彩,9,3,终极刷新
蛮族之王,Tryndamere,黄金,10,4,小小的额外帮助
蛮族之王,Tryndamere,黄金,11,5,灵魂虹吸
蛮族之王,Tryndamere,黄金,12,6,更万用的瞄准镜
蛮族之王,Tryndamere,棱彩,13,4,双刀流
蛮族之王,Tryndamere,白银,14,4,重量级打击手
蛮族之王,Tryndamere,黄金,15,7,质变：棱彩阶
蛮族之王,Tryndamere,棱彩,16,5,全凭身法
蛮族之王,Tryndamere,黄金,17,8,升级：贪欲九头蛇
蛮族之王,Tryndamere,白银,18,5,终极不可阻挡
蛮族之王,Tryndamere,棱彩,19,6,利刃华尔兹
蛮族之王,Tryndamere,棱彩,20,7,最终形态
蛮族之王,Tryndamere,黄金,21,9,狂徒豪气
蛮族之王,Tryndamere,棱彩,22,8,双发快射
蛮族之王,Tryndamere,黄金,23,10,黎明使者的坚决
蛮族之王,Tryndamere,棱彩,24,9,终极唤醒
蛮族之王,Tryndamere,白银,25,6,灵巧
蛮族之王,Tryndamere,黄金,26,11,急速之追求
蛮族之王,Tryndamere,棱彩,27,10,最万用的瞄准镜
蛮族之王,Tryndamere,黄金,28,12,高压锅
蛮族之王,Tryndamere,黄金,29,13,关键暴击
蛮族之王,Tryndamere,黄金,30,14,惊惧
蛮族之王,Tryndamere,黄金,31,15,易损
蛮族之王,Tryndamere,棱彩,32,11,濒死悟道
蛮族之王,Tryndamere,白银,33,7,万用瞄准镜
蛮族之王,Tryndamere,白银,34,8,升级：收集者
蛮族之王,Tryndamere,黄金,35,16,面包和奶酪
蛮族之王,Tryndamere,白银,36,9,暗影疾奔
蛮族之王,Tryndamere,黄金,37,17,暴击律动
蛮族之王,Tryndamere,白银,38,10,台风
蛮族之王,Tryndamere,棱彩,39,12,吃过路兵
蛮族之王,Tryndamere,棱彩,40,13,泰坦的坚决
蛮族之王,Tryndamere,白银,41,11,魔法转物理
蛮族之王,Tryndamere,白银,42,12,练腿日
蛮族之王,Tryndamere,黄金,43,18,闪现向前
蛮族之王,Tryndamere,棱彩,44,14,飞身踢
蛮族之王,Tryndamere,黄金,45,19,缩小引擎
蛮族之王,Tryndamere,黄金,46,20,捐赠
蛮族之王,Tryndamere,白银,47,13,会心防御
蛮族之王,Tryndamere,白银,48,14,逃跑计划
蛮族之王,Tryndamere,黄金,49,21,坦克引擎
蛮族之王,Tryndamere,黄金,50,22,属性叠属性！
蛮族之王,Tryndamere,棱彩,51,15,战争交响乐
蛮族之王,Tryndamere,棱彩,52,16,连拨击锤
蛮族之王,Tryndamere,黄金,53,23,暴击飞弹
蛮族之王,Tryndamere,白银,54,15,由暴生急
蛮族之王,Tryndamere,棱彩,55,17,掷骰狂人
蛮族之王,Tryndamere,棱彩,56,18,歌利亚巨人
蛮族之王,Tryndamere,棱彩,57,19,艾卡西亚的陷落
蛮族之王,Tryndamere,黄金,58,24,牙仙子
蛮族之王,Tryndamere,棱彩,59,20,终极九头蛇
蛮族之王,Tryndamere,白银,60,16,杀意翻涌
蛮族之王,Tryndamere,棱彩,61,21,史上最大雪球
蛮族之王,Tryndamere,白银,62,17,狂热者
蛮族之王,Tryndamere,棱彩,63,22,巨人杀手
蛮族之王,Tryndamere,棱彩,64,23,飞升仪式
蛮族之王,Tryndamere,黄金,65,25,快步
蛮族之王,Tryndamere,黄金,66,26,心灵净化
蛮族之王,Tryndamere,黄金,67,27,循环往复
蛮族之王,Tryndamere,黄金,68,28,自然即是治愈
蛮族之王,Tryndamere,白银,69,18,质变：黄金阶
蛮族之王,Tryndamere,黄金,70,29,杀戮时间到了
蛮族之王,Tryndamere,黄金,71,30,夜狩
蛮族之王,Tryndamere,黄金,72,31,威能之追求
蛮族之王,Tryndamere,黄金,73,32,钢化你心
蛮族之王,Tryndamere,黄金,74,33,升级：焚天
蛮族之王,Tryndamere,黄金,75,34,穿针引线
蛮族之王,Tryndamere,白银,76,19,前进时间到
蛮族之王,Tryndamere,黄金,77,35,火上浇油
蛮族之王,Tryndamere,棱彩,78,24,超负荷
蛮族之王,Tryndamere,棱彩,79,25,和我一起困在这里
蛮族之王,Tryndamere,黄金,80,36,缩小射线
蛮族之王,Tryndamere,黄金,81,37,虚幻武器
蛮族之王,Tryndamere,棱彩,82,26,质变：混沌
蛮族之王,Tryndamere,黄金,83,38,生机迸发
蛮族之王,Tryndamere,黄金,84,39,神圣干预
蛮族之王,Tryndamere,黄金,85,40,术士果汁盒
蛮族之王,Tryndamere,黄金,86,41,弹球
蛮族之王,Tryndamere,黄金,87,42,星界躯体
蛮族之王,Tryndamere,黄金,88,43,轻拍背部
蛮族之王,Tryndamere,白银,89,20,大师铸就
蛮族之王,Tryndamere,棱彩,90,27,大招工具人
蛮族之王,Tryndamere,黄金,91,44,尖端发明家
蛮族之王,Tryndamere,棱彩,92,28,潘朵拉的盒子
蛮族之王,Tryndamere,黄金,93,45,冰雪爆裂
蛮族之王,Tryndamere,黄金,94,46,面包和黄油
蛮族之王,Tryndamere,白银,95,21,俯冲轰炸
蛮族之王,Tryndamere,白银,96,22,升级：死亡之舞
蛮族之王,Tryndamere,白银,97,23,快中求稳
蛮族之王,Tryndamere,棱彩,98,29,针插垫
蛮族之王,Tryndamere,棱彩,99,30,扳机炼狱
蛮族之王,Tryndamere,棱彩,100,31,珠光护手
蛮族之王,Tryndamere,棱彩,101,32,回响施放
蛮族之王,Tryndamere,棱彩,102,33,科学狂人
蛮族之王,Tryndamere,棱彩,103,34,海牛阿福的勇士
蛮族之王,Tryndamere,棱彩,104,35,无限循环往复
蛮族之王,Tryndamere,黄金,105,47,豪猪
蛮族之王,Tryndamere,黄金,106,48,鲨鱼诱饵
蛮族之王,Tryndamere,棱彩,107,36,神圣雪球
蛮族之王,Tryndamere,棱彩,108,37,尊我为王
蛮族之王,Tryndamere,黄金,109,49,哎哟，我的硬币！
蛮族之王,Tryndamere,黄金,110,50,有始有终
蛮族之王,Tryndamere,黄金,111,51,鲨鱼暴风
蛮族之王,Tryndamere,棱彩,112,38,位面转移
蛮族之王,Tryndamere,黄金,113,52,急急小子
蛮族之王,Tryndamere,黄金,114,53,过量延伸者
蛮族之王,Tryndamere,白银,115,24,下雪天
蛮族之王,Tryndamere,黄金,116,54,我们的治疗
蛮族之王,Tryndamere,黄金,117,55,面包和果酱
蛮族之王,Tryndamere,棱彩,118,39,大法师
蛮族之王,Tryndamere,棱彩,119,40,属性叠属性叠属性！
蛮族之王,Tryndamere,棱彩,120,41,全能龙魂
蛮族之王,Tryndamere,白银,121,25,炼狱龙魂
蛮族之王,Tryndamere,白银,122,26,侵蚀
蛮族之王,Tryndamere,棱彩,123,42,大地苏醒
蛮族之王,Tryndamere,白银,124,27,转得我眩晕了
蛮族之王,Tryndamere,白银,125,28,家园卫士
蛮族之王,Tryndamere,棱彩,126,43,舞会女王
蛮族之王,Tryndamere,白银,127,29,属性！
蛮族之王,Tryndamere,棱彩,128,44,你摸不到
蛮族之王,Tryndamere,白银,129,30,升级：献祭
蛮族之王,Tryndamere,白银,130,31,海克斯科技龙魂
蛮族之王,Tryndamere,白银,131,32,冰寒
蛮族之王,Tryndamere,黄金,132,56,咏叹奏鸣
蛮族之王,Tryndamere,白银,133,33,点亮他们！
蛮族之王,Tryndamere,白银,134,34,防护面纱
蛮族之王,Tryndamere,白银,135,35,双生火焰
蛮族之王,Tryndamere,棱彩,136,45,夺金
蛮族之王,Tryndamere,棱彩,137,46,空投熊
蛮族之王,Tryndamere,白银,138,36,纯粹主义者 - 术师
蛮族之王,Tryndamere,黄金,139,57,回力OK镖
蛮族之王,Tryndamere,白银,140,37,唯快不破
蛮族之王,Tryndamere,黄金,141,58,藏身草丛
蛮族之王,Tryndamere,白银,142,38,吵闹鬼
蛮族之王,Tryndamere,黄金,143,59,升级：耀光
蛮族之王,Tryndamere,棱彩,144,47,软弹啪叽抓
蛮族之王,Tryndamere,棱彩,145,48,玻璃大炮
蛮族之王,Tryndamere,黄金,146,60,炽烈黎明
蛮族之王,Tryndamere,棱彩,147,49,不祥契约
蛮族之王,Tryndamere,棱彩,148,50,电涌力场
蛮族之王,Tryndamere,棱彩,149,51,死亡之环
蛮族之王,Tryndamere,棱彩,150,52,回归基本功
蛮族之王,Tryndamere,棱彩,151,53,物法皆修
蛮族之王,Tryndamere,棱彩,152,54,男爵之手
蛮族之王,Tryndamere,白银,153,39,火狐
蛮族之王,Tryndamere,棱彩,154,55,魄罗蛮冲
蛮族之王,Tryndamere,黄金,155,61,神射法师
蛮族之王,Tryndamere,黄金,156,62,魔法飞弹
蛮族之王,Tryndamere,棱彩,157,56,炼狱导管
蛮族之王,Tryndamere,白银,158,40,山脉龙魂
蛮族之王,Tryndamere,黄金,159,63,吸血习性
蛮族之王,Tryndamere,黄金,160,64,超凡邪恶
蛮族之王,Tryndamere,白银,161,41,海洋龙魂
蛮族之王,Tryndamere,棱彩,162,57,至高天诺言
蛮族之王,Tryndamere,白银,163,42,闪光弹
蛮族之王,Tryndamere,棱彩,164,58,尤里卡
蛮族之王,Tryndamere,白银,165,43,闪闪现现
蛮族之王,Tryndamere,白银,166,44,物理转魔法
蛮族之王,Tryndamere,黄金,167,65,会心治疗
蛮族之王,Tryndamere,棱彩,168,59,风语者的祝福
蛮族之王,Tryndamere,棱彩,169,60,小丑学院
蛮族之王,Tryndamere,棱彩,170,61,灵魄炸弹
蛮族之王,Tryndamere,白银,171,45,巫师式思考
蛮族之王,Tryndamere,黄金,172,66,升级：雪球
蛮族之王,Tryndamere,黄金,173,67,活力焕发
蛮族之王,Tryndamere,棱彩,174,62,沃格勒特的巫师帽
蛮族之王,Tryndamere,白银,175,46,升级：中娅
蛮族之王,Tryndamere,棱彩,176,63,量子计算
蛮族之王,Tryndamere,黄金,177,68,超强大脑
蛮族之王,Tryndamere,黄金,178,69,最终都市列车
蛮族之王,Tryndamere,白银,179,47,急救用具
蛮族之王,Tryndamere,黄金,180,70,雪球扭蛋机
蛮族之王,Tryndamere,黄金,181,71,坚韧
蛮族之王,Tryndamere,黄金,182,72,虚空冲刺
蛮族之王,Tryndamere,白银,183,48,强力护盾
蛮族之王,Tryndamere,棱彩,184,64,魄罗之王的弹跳
蛮族之王,Tryndamere,棱彩,185,65,王中王，靴中靴
蛮族之王,Tryndamere,黄金,186,73,祖母的辣椒油
蛮族之王,Tryndamere,棱彩,187,66,升级：花晓之剑
蛮族之王,Tryndamere,黄金,188,74,仁慈打击
蛮族之王,Tryndamere,黄金,189,75,全心为你
蛮族之王,Tryndamere,黄金,190,76,魄罗爆破手
蛮族之王,Tryndamere,棱彩,191,67,卡皮巴拉空投
蛮族之王,Tryndamere,棱彩,192,68,你肩上的恶魔
蛮族之王,Tryndamere,白银,193,49,主玩辅助
卡牌大师,TwistedFate,黄金,1,1,更万用的瞄准镜
卡牌大师,TwistedFate,棱彩,2,1,珠光护手
卡牌大师,TwistedFate,黄金,3,2,老练狙神
卡牌大师,TwistedFate,黄金,4,3,魔法飞弹
卡牌大师,TwistedFate,白银,5,1,双生火焰
卡牌大师,TwistedFate,棱彩,6,2,最万用的瞄准镜
卡牌大师,TwistedFate,黄金,7,4,超凡邪恶
卡牌大师,TwistedFate,白银,8,2,狂热者
卡牌大师,TwistedFate,白银,9,3,万用瞄准镜
卡牌大师,TwistedFate,黄金,10,5,术士果汁盒
卡牌大师,TwistedFate,棱彩,11,3,尤里卡
卡牌大师,TwistedFate,黄金,12,6,狙神飞星
卡牌大师,TwistedFate,棱彩,13,4,巨人杀手
卡牌大师,TwistedFate,棱彩,14,5,回归基本功
卡牌大师,TwistedFate,白银,15,4,巫师式思考
卡牌大师,TwistedFate,棱彩,16,6,回响施放
卡牌大师,TwistedFate,黄金,17,7,虚幻武器
卡牌大师,TwistedFate,黄金,18,8,质变：棱彩阶
卡牌大师,TwistedFate,黄金,19,9,暴击律动
卡牌大师,TwistedFate,黄金,20,10,关键暴击
卡牌大师,TwistedFate,黄金,21,11,升级：耀光
卡牌大师,TwistedFate,黄金,22,12,神射法师
卡牌大师,TwistedFate,黄金,23,13,急急小子
卡牌大师,TwistedFate,白银,24,5,纯粹主义者 - 术师
卡牌大师,TwistedFate,黄金,25,14,牙仙子
卡牌大师,TwistedFate,棱彩,26,7,双刀流
卡牌大师,TwistedFate,黄金,27,15,升级：无尽之刃
卡牌大师,TwistedFate,白银,28,6,灵巧
卡牌大师,TwistedFate,棱彩,29,8,无限循环往复
卡牌大师,TwistedFate,棱彩,30,9,沃格勒特的巫师帽
卡牌大师,TwistedFate,黄金,31,16,缩小引擎
卡牌大师,TwistedFate,棱彩,32,10,大法师
卡牌大师,TwistedFate,黄金,33,17,循环往复
卡牌大师,TwistedFate,白银,34,7,家园卫士
卡牌大师,TwistedFate,白银,35,8,升级：中娅
卡牌大师,TwistedFate,黄金,36,18,面包和黄油
卡牌大师,TwistedFate,黄金,37,19,超强大脑
卡牌大师,TwistedFate,黄金,38,20,回力OK镖
卡牌大师,TwistedFate,黄金,39,21,暴击飞弹
卡牌大师,TwistedFate,白银,40,9,可靠武器
卡牌大师,TwistedFate,黄金,41,22,易损
卡牌大师,TwistedFate,白银,42,10,质变：黄金阶
卡牌大师,TwistedFate,白银,43,11,物理转魔法
卡牌大师,TwistedFate,黄金,44,23,穿针引线
卡牌大师,TwistedFate,白银,45,12,扇巴掌
卡牌大师,TwistedFate,黄金,46,24,溢流
卡牌大师,TwistedFate,棱彩,47,11,掷骰狂人
卡牌大师,TwistedFate,白银,48,13,注魔
卡牌大师,TwistedFate,白银,49,14,海克斯科技龙魂
卡牌大师,TwistedFate,黄金,50,25,有始有终
卡牌大师,TwistedFate,棱彩,51,12,质变：混沌
卡牌大师,TwistedFate,黄金,52,26,面包和果酱
卡牌大师,TwistedFate,黄金,53,27,捐赠
卡牌大师,TwistedFate,黄金,54,28,属性叠属性！
卡牌大师,TwistedFate,白银,55,15,大师铸就
卡牌大师,TwistedFate,白银,56,16,由心及物
卡牌大师,TwistedFate,白银,57,17,炼狱龙魂
卡牌大师,TwistedFate,棱彩,58,13,踢踏舞
卡牌大师,TwistedFate,棱彩,59,14,连拨击锤
卡牌大师,TwistedFate,白银,60,18,台风
卡牌大师,TwistedFate,白银,61,19,点亮他们！
卡牌大师,TwistedFate,棱彩,62,15,物法皆修
卡牌大师,TwistedFate,棱彩,63,16,残忍
卡牌大师,TwistedFate,棱彩,64,17,超负荷
卡牌大师,TwistedFate,白银,65,20,会心防御
卡牌大师,TwistedFate,棱彩,66,18,双发快射
卡牌大师,TwistedFate,棱彩,67,19,玻璃大炮
卡牌大师,TwistedFate,黄金,68,29,火上浇油
卡牌大师,TwistedFate,黄金,69,30,灵魂虹吸
卡牌大师,TwistedFate,黄金,70,31,罪恶快感
卡牌大师,TwistedFate,棱彩,71,20,潘朵拉的盒子
卡牌大师,TwistedFate,黄金,72,32,炽烈黎明
卡牌大师,TwistedFate,白银,73,21,火狐
卡牌大师,TwistedFate,棱彩,74,21,科学狂人
卡牌大师,TwistedFate,黄金,75,33,缩小射线
卡牌大师,TwistedFate,棱彩,76,22,尊我为王
卡牌大师,TwistedFate,白银,77,22,练腿日
卡牌大师,TwistedFate,白银,78,23,海洋龙魂
卡牌大师,TwistedFate,棱彩,79,23,海牛阿福的勇士
卡牌大师,TwistedFate,黄金,80,34,哎哟，我的硬币！
卡牌大师,TwistedFate,黄金,81,35,吞噬灵魂
卡牌大师,TwistedFate,棱彩,82,24,史上最大雪球
卡牌大师,TwistedFate,棱彩,83,25,秘术冲拳
卡牌大师,TwistedFate,白银,84,24,魔法转物理
卡牌大师,TwistedFate,白银,85,25,大力
卡牌大师,TwistedFate,棱彩,86,26,夺金
卡牌大师,TwistedFate,黄金,87,36,不动如山
卡牌大师,TwistedFate,黄金,88,37,尖端发明家
卡牌大师,TwistedFate,白银,89,26,侵蚀
卡牌大师,TwistedFate,棱彩,90,27,全能龙魂
卡牌大师,TwistedFate,白银,91,27,升级：收集者
卡牌大师,TwistedFate,黄金,92,38,神圣干预
卡牌大师,TwistedFate,黄金,93,39,心灵净化
卡牌大师,TwistedFate,棱彩,94,28,战争交响乐
卡牌大师,TwistedFate,黄金,95,40,闪现向前
卡牌大师,TwistedFate,棱彩,96,29,巨像的勇气
卡牌大师,TwistedFate,棱彩,97,30,亮出你的剑
卡牌大师,TwistedFate,白银,98,28,逃跑计划
卡牌大师,TwistedFate,棱彩,99,31,不祥契约
卡牌大师,TwistedFate,棱彩,100,32,飞身踢
卡牌大师,TwistedFate,棱彩,101,33,属性叠属性叠属性！
卡牌大师,TwistedFate,黄金,102,41,夜狩
卡牌大师,TwistedFate,白银,103,29,属性！
卡牌大师,TwistedFate,白银,104,30,渴血
卡牌大师,TwistedFate,棱彩,105,34,炼狱导管
卡牌大师,TwistedFate,白银,106,31,防护面纱
卡牌大师,TwistedFate,棱彩,107,35,终极唤醒
卡牌大师,TwistedFate,白银,108,32,由暴生急
卡牌大师,TwistedFate,棱彩,109,36,男爵之手
卡牌大师,TwistedFate,黄金,110,42,咏叹奏鸣
卡牌大师,TwistedFate,黄金,111,43,弹球
卡牌大师,TwistedFate,黄金,112,44,鲨鱼暴风
卡牌大师,TwistedFate,黄金,113,45,生机迸发
卡牌大师,TwistedFate,白银,114,33,冰寒
卡牌大师,TwistedFate,黄金,115,46,藏身草丛
卡牌大师,TwistedFate,白银,116,34,杀意翻涌
卡牌大师,TwistedFate,白银,117,35,山脉龙魂
卡牌大师,TwistedFate,白银,118,36,唯快不破
卡牌大师,TwistedFate,黄金,119,47,杀戮时间到了
卡牌大师,TwistedFate,白银,120,37,吵闹鬼
卡牌大师,TwistedFate,棱彩,121,37,魄罗蛮冲
卡牌大师,TwistedFate,棱彩,122,38,你摸不到
卡牌大师,TwistedFate,棱彩,123,39,空投熊
卡牌大师,TwistedFate,黄金,124,48,坦克引擎
卡牌大师,TwistedFate,黄金,125,49,自然即是治愈
卡牌大师,TwistedFate,白银,126,38,转得我眩晕了
卡牌大师,TwistedFate,黄金,127,50,冰雪爆裂
卡牌大师,TwistedFate,黄金,128,51,轻拍背部
卡牌大师,TwistedFate,棱彩,129,40,歌利亚巨人
卡牌大师,TwistedFate,棱彩,130,41,扳机炼狱
卡牌大师,TwistedFate,黄金,131,52,鲨鱼诱饵
卡牌大师,TwistedFate,棱彩,132,42,吃过路兵
卡牌大师,TwistedFate,黄金,133,53,黎明使者的坚决
卡牌大师,TwistedFate,棱彩,134,43,终极刷新
卡牌大师,TwistedFate,白银,135,39,终极不可阻挡
卡牌大师,TwistedFate,棱彩,136,44,神圣雪球
卡牌大师,TwistedFate,白银,137,40,下雪天
卡牌大师,TwistedFate,黄金,138,54,过量延伸者
卡牌大师,TwistedFate,棱彩,139,45,位面转移
卡牌大师,TwistedFate,棱彩,140,46,终极九头蛇
卡牌大师,TwistedFate,白银,141,41,俯冲轰炸
卡牌大师,TwistedFate,黄金,142,55,星界躯体
卡牌大师,TwistedFate,黄金,143,56,升级：贪欲九头蛇
卡牌大师,TwistedFate,棱彩,144,47,濒死悟道
卡牌大师,TwistedFate,棱彩,145,48,飞升仪式
卡牌大师,TwistedFate,棱彩,146,49,软弹啪叽抓
卡牌大师,TwistedFate,棱彩,147,50,电涌力场
卡牌大师,TwistedFate,黄金,148,57,钢化你心
卡牌大师,TwistedFate,黄金,149,58,我们的治疗
卡牌大师,TwistedFate,白银,150,42,重量级打击手
卡牌大师,TwistedFate,棱彩,151,51,利刃华尔兹
卡牌大师,TwistedFate,棱彩,152,52,泰坦的坚决
卡牌大师,TwistedFate,黄金,153,59,豪猪
卡牌大师,TwistedFate,黄金,154,60,吸血习性
卡牌大师,TwistedFate,黄金,155,61,高压锅
卡牌大师,TwistedFate,棱彩,156,53,大招工具人
卡牌大师,TwistedFate,白银,157,43,坚若磐石
卡牌大师,TwistedFate,黄金,158,62,祖母的辣椒油
卡牌大师,TwistedFate,黄金,159,63,活力焕发
卡牌大师,TwistedFate,黄金,160,64,魄罗爆破手
卡牌大师,TwistedFate,白银,161,44,闪闪现现
卡牌大师,TwistedFate,黄金,162,65,升级：雪球
卡牌大师,TwistedFate,棱彩,163,54,小丑学院
卡牌大师,TwistedFate,黄金,164,66,会心治疗
卡牌大师,TwistedFate,棱彩,165,55,量子计算
卡牌大师,TwistedFate,黄金,166,67,雪球扭蛋机
卡牌大师,TwistedFate,黄金,167,68,坚韧
卡牌大师,TwistedFate,黄金,168,69,最终都市列车
卡牌大师,TwistedFate,棱彩,169,56,王中王，靴中靴
卡牌大师,TwistedFate,黄金,170,70,无尽大杀四方
卡牌大师,TwistedFate,白银,171,45,急救用具
卡牌大师,TwistedFate,白银,172,46,闪光弹
卡牌大师,TwistedFate,棱彩,173,57,升级：花晓之剑
卡牌大师,TwistedFate,棱彩,174,58,激光治疗
卡牌大师,TwistedFate,棱彩,175,59,和我一起困在这里
卡牌大师,TwistedFate,棱彩,176,60,卡皮巴拉空投
卡牌大师,TwistedFate,棱彩,177,61,信念者的强化
卡牌大师,TwistedFate,棱彩,178,62,你肩上的恶魔
卡牌大师,TwistedFate,白银,179,47,自适应防护
瘟疫之源,Twitch,黄金,1,1,升级：无尽之刃
瘟疫之源,Twitch,黄金,2,2,更万用的瞄准镜
瘟疫之源,Twitch,黄金,3,3,暴击律动
瘟疫之源,Twitch,棱彩,4,1,双刀流
瘟疫之源,Twitch,白银,5,1,灵巧
瘟疫之源,Twitch,棱彩,6,2,最万用的瞄准镜
瘟疫之源,Twitch,黄金,7,4,罪恶快感
瘟疫之源,Twitch,白银,8,2,台风
瘟疫之源,Twitch,棱彩,9,3,连拨击锤
瘟疫之源,Twitch,黄金,10,5,暴击飞弹
瘟疫之源,Twitch,棱彩,11,4,巨人杀手
瘟疫之源,Twitch,棱彩,12,5,踢踏舞
瘟疫之源,Twitch,白银,13,3,升级：收集者
瘟疫之源,Twitch,白银,14,4,狂热者
瘟疫之源,Twitch,黄金,15,6,小小的额外帮助
瘟疫之源,Twitch,棱彩,16,6,掷骰狂人
瘟疫之源,Twitch,白银,17,5,万用瞄准镜
瘟疫之源,Twitch,黄金,18,7,杀戮时间到了
瘟疫之源,Twitch,黄金,19,8,关键暴击
瘟疫之源,Twitch,黄金,20,9,炽燃利息
瘟疫之源,Twitch,白银,21,6,点亮他们！
瘟疫之源,Twitch,白银,22,7,双生火焰
瘟疫之源,Twitch,黄金,23,10,灵魂虹吸
瘟疫之源,Twitch,黄金,24,11,质变：棱彩阶
瘟疫之源,Twitch,黄金,25,12,易损
瘟疫之源,Twitch,棱彩,26,7,双发快射
瘟疫之源,Twitch,白银,27,8,大力
瘟疫之源,Twitch,黄金,28,13,牙仙子
瘟疫之源,Twitch,棱彩,29,8,精怪魔法
瘟疫之源,Twitch,黄金,30,14,夜狩
瘟疫之源,Twitch,棱彩,31,9,针插垫
瘟疫之源,Twitch,黄金,32,15,火上浇油
瘟疫之源,Twitch,白银,33,9,会心防御
瘟疫之源,Twitch,白银,34,10,魔法转物理
瘟疫之源,Twitch,黄金,35,16,捐赠
瘟疫之源,Twitch,棱彩,36,10,质变：混沌
瘟疫之源,Twitch,白银,37,11,逃跑计划
瘟疫之源,Twitch,黄金,38,17,属性叠属性！
瘟疫之源,Twitch,白银,39,12,家园卫士
瘟疫之源,Twitch,棱彩,40,11,亮出你的剑
瘟疫之源,Twitch,棱彩,41,12,你摸不到
瘟疫之源,Twitch,棱彩,42,13,终极刷新
瘟疫之源,Twitch,黄金,43,18,穿针引线
瘟疫之源,Twitch,棱彩,44,14,物法皆修
瘟疫之源,Twitch,黄金,45,19,缩小引擎
瘟疫之源,Twitch,白银,46,13,终极不可阻挡
瘟疫之源,Twitch,黄金,47,20,威能之追求
瘟疫之源,Twitch,棱彩,48,15,战争交响乐
瘟疫之源,Twitch,黄金,49,21,缩小射线
瘟疫之源,Twitch,白银,50,14,质变：黄金阶
瘟疫之源,Twitch,棱彩,51,16,终极唤醒
瘟疫之源,Twitch,黄金,52,22,藏身草丛
瘟疫之源,Twitch,棱彩,53,17,珠光护手
瘟疫之源,Twitch,白银,54,15,前进时间到
瘟疫之源,Twitch,黄金,55,23,术士果汁盒
瘟疫之源,Twitch,棱彩,56,18,大招工具人
瘟疫之源,Twitch,白银,57,16,侵蚀
瘟疫之源,Twitch,棱彩,58,19,最终形态
瘟疫之源,Twitch,黄金,59,24,急速之追求
瘟疫之源,Twitch,黄金,60,25,神射法师
瘟疫之源,Twitch,棱彩,61,20,回响施放
瘟疫之源,Twitch,黄金,62,26,闪现向前
瘟疫之源,Twitch,棱彩,63,21,吃过路兵
瘟疫之源,Twitch,棱彩,64,22,秘术冲拳
瘟疫之源,Twitch,黄金,65,27,有始有终
瘟疫之源,Twitch,白银,66,17,大师铸就
瘟疫之源,Twitch,黄金,67,28,循环往复
瘟疫之源,Twitch,棱彩,68,23,海牛阿福的勇士
瘟疫之源,Twitch,黄金,69,29,面包和奶酪
瘟疫之源,Twitch,黄金,70,30,魔法飞弹
瘟疫之源,Twitch,棱彩,71,24,潘朵拉的盒子
瘟疫之源,Twitch,白银,72,18,海克斯科技龙魂
瘟疫之源,Twitch,棱彩,73,25,飞身踢
瘟疫之源,Twitch,白银,74,19,由暴生急
瘟疫之源,Twitch,白银,75,20,杀意翻涌
瘟疫之源,Twitch,棱彩,76,26,终极九头蛇
瘟疫之源,Twitch,黄金,77,31,心灵净化
瘟疫之源,Twitch,白银,78,21,渴血
瘟疫之源,Twitch,黄金,79,32,升级：耀光
瘟疫之源,Twitch,白银,80,22,炼狱龙魂
瘟疫之源,Twitch,白银,81,23,注魔
瘟疫之源,Twitch,黄金,82,33,面包和黄油
瘟疫之源,Twitch,黄金,83,34,虚幻武器
瘟疫之源,Twitch,棱彩,84,27,科学狂人
瘟疫之源,Twitch,白银,85,24,防护面纱
瘟疫之源,Twitch,棱彩,86,28,玻璃大炮
瘟疫之源,Twitch,棱彩,87,29,全能龙魂
瘟疫之源,Twitch,棱彩,88,30,属性叠属性叠属性！
瘟疫之源,Twitch,棱彩,89,31,超负荷
瘟疫之源,Twitch,黄金,90,35,面包和果酱
瘟疫之源,Twitch,黄金,91,36,哎哟，我的硬币！
瘟疫之源,Twitch,棱彩,92,32,无限循环往复
瘟疫之源,Twitch,黄金,93,37,生机迸发
瘟疫之源,Twitch,棱彩,94,33,利刃华尔兹
瘟疫之源,Twitch,棱彩,95,34,夺金
瘟疫之源,Twitch,黄金,96,38,坦克引擎
瘟疫之源,Twitch,白银,97,25,练腿日
瘟疫之源,Twitch,棱彩,98,35,尊我为王
瘟疫之源,Twitch,黄金,99,39,神圣干预
瘟疫之源,Twitch,白银,100,26,物理转魔法
瘟疫之源,Twitch,棱彩,101,36,回归基本功
瘟疫之源,Twitch,黄金,102,40,升级：贪欲九头蛇
瘟疫之源,Twitch,白银,103,27,属性！
瘟疫之源,Twitch,棱彩,104,37,电涌力场
瘟疫之源,Twitch,白银,105,28,海洋龙魂
瘟疫之源,Twitch,黄金,106,41,急急小子
瘟疫之源,Twitch,棱彩,107,38,尤里卡
瘟疫之源,Twitch,白银,108,29,冰寒
瘟疫之源,Twitch,白银,109,30,巫师式思考
瘟疫之源,Twitch,黄金,110,42,炽烈黎明
瘟疫之源,Twitch,黄金,111,43,尖端发明家
瘟疫之源,Twitch,黄金,112,44,狙神飞星
瘟疫之源,Twitch,黄金,113,45,轻拍背部
瘟疫之源,Twitch,黄金,114,46,回力OK镖
瘟疫之源,Twitch,黄金,115,47,黎明使者的坚决
瘟疫之源,Twitch,棱彩,116,39,沃格勒特的巫师帽
瘟疫之源,Twitch,棱彩,117,40,大法师
瘟疫之源,Twitch,棱彩,118,41,不祥契约
瘟疫之源,Twitch,棱彩,119,42,史上最大雪球
瘟疫之源,Twitch,白银,120,31,唯快不破
瘟疫之源,Twitch,黄金,121,48,自然即是治愈
瘟疫之源,Twitch,棱彩,122,43,位面转移
瘟疫之源,Twitch,白银,123,32,火狐
瘟疫之源,Twitch,棱彩,124,44,男爵之手
瘟疫之源,Twitch,黄金,125,49,咏叹奏鸣
瘟疫之源,Twitch,白银,126,33,吵闹鬼
瘟疫之源,Twitch,棱彩,127,45,歌利亚巨人
瘟疫之源,Twitch,棱彩,128,46,濒死悟道
瘟疫之源,Twitch,白银,129,34,纯粹主义者 - 术师
瘟疫之源,Twitch,黄金,130,50,鲨鱼诱饵
瘟疫之源,Twitch,白银,131,35,重量级打击手
瘟疫之源,Twitch,白银,132,36,转得我眩晕了
瘟疫之源,Twitch,黄金,133,51,超强大脑
瘟疫之源,Twitch,黄金,134,52,鲨鱼暴风
瘟疫之源,Twitch,黄金,135,53,我们的治疗
瘟疫之源,Twitch,黄金,136,54,溢流
瘟疫之源,Twitch,棱彩,137,47,神圣雪球
瘟疫之源,Twitch,黄金,138,55,星界躯体
瘟疫之源,Twitch,棱彩,139,48,空投熊
瘟疫之源,Twitch,白银,140,37,山脉龙魂
瘟疫之源,Twitch,棱彩,141,49,魄罗蛮冲
瘟疫之源,Twitch,黄金,142,56,豪猪
瘟疫之源,Twitch,棱彩,143,50,泰坦的坚决
瘟疫之源,Twitch,黄金,144,57,弹球
瘟疫之源,Twitch,黄金,145,58,冰雪爆裂
瘟疫之源,Twitch,棱彩,146,51,飞升仪式
瘟疫之源,Twitch,白银,147,38,升级：中娅
瘟疫之源,Twitch,黄金,148,59,过量延伸者
瘟疫之源,Twitch,黄金,149,60,钢化你心
瘟疫之源,Twitch,白银,150,39,俯冲轰炸
瘟疫之源,Twitch,黄金,151,61,吸血习性
瘟疫之源,Twitch,白银,152,40,由心及物
瘟疫之源,Twitch,白银,153,41,下雪天
瘟疫之源,Twitch,黄金,154,62,高压锅
瘟疫之源,Twitch,棱彩,155,52,软弹啪叽抓
瘟疫之源,Twitch,黄金,156,63,会心治疗
瘟疫之源,Twitch,棱彩,157,53,炼狱导管
瘟疫之源,Twitch,黄金,158,64,无尽大杀四方
瘟疫之源,Twitch,黄金,159,65,祖母的辣椒油
瘟疫之源,Twitch,黄金,160,66,惊惧
瘟疫之源,Twitch,白银,161,42,闪闪现现
瘟疫之源,Twitch,黄金,162,67,魄罗爆破手
瘟疫之源,Twitch,棱彩,163,54,和我一起困在这里
瘟疫之源,Twitch,黄金,164,68,活力焕发
瘟疫之源,Twitch,黄金,165,69,超凡邪恶
瘟疫之源,Twitch,黄金,166,70,最终都市列车
瘟疫之源,Twitch,棱彩,167,55,小丑学院
瘟疫之源,Twitch,黄金,168,71,升级：雪球
瘟疫之源,Twitch,黄金,169,72,雪球扭蛋机
瘟疫之源,Twitch,棱彩,170,56,量子计算
瘟疫之源,Twitch,棱彩,171,57,升级：花晓之剑
瘟疫之源,Twitch,黄金,172,73,坚韧
瘟疫之源,Twitch,黄金,173,74,升级：焚天
瘟疫之源,Twitch,白银,174,43,闪光弹
瘟疫之源,Twitch,白银,175,44,强力护盾
瘟疫之源,Twitch,棱彩,176,58,蛋白粉奶昔
瘟疫之源,Twitch,棱彩,177,59,激光治疗
瘟疫之源,Twitch,棱彩,178,60,艾卡西亚的陷落
瘟疫之源,Twitch,棱彩,179,61,？？？
瘟疫之源,Twitch,棱彩,180,62,扳机炼狱
瘟疫之源,Twitch,黄金,181,75,快步
兽灵行者,Udyr,黄金,1,1,炽燃利息
兽灵行者,Udyr,黄金,2,2,杀戮时间到了
兽灵行者,Udyr,棱彩,3,1,最终形态
兽灵行者,Udyr,白银,4,1,渴血
兽灵行者,Udyr,棱彩,5,2,利刃华尔兹
兽灵行者,Udyr,黄金,6,3,牙仙子
兽灵行者,Udyr,棱彩,7,3,空投熊
兽灵行者,Udyr,黄金,8,4,心灵净化
兽灵行者,Udyr,黄金,9,5,质变：棱彩阶
兽灵行者,Udyr,棱彩,10,4,扳机炼狱
兽灵行者,Udyr,黄金,11,6,易损
兽灵行者,Udyr,白银,12,2,杀意翻涌
兽灵行者,Udyr,白银,13,3,冰寒
兽灵行者,Udyr,棱彩,14,5,珠光护手
兽灵行者,Udyr,棱彩,15,6,吃过路兵
兽灵行者,Udyr,黄金,16,7,无尽大杀四方
兽灵行者,Udyr,黄金,17,8,术士果汁盒
兽灵行者,Udyr,黄金,18,9,黎明使者的坚决
兽灵行者,Udyr,白银,19,4,质变：黄金阶
兽灵行者,Udyr,白银,20,5,大师铸就
兽灵行者,Udyr,黄金,21,10,威能之追求
兽灵行者,Udyr,黄金,22,11,藏身草丛
兽灵行者,Udyr,白银,23,6,侵蚀
兽灵行者,Udyr,黄金,24,12,虚幻武器
兽灵行者,Udyr,棱彩,25,7,精怪魔法
兽灵行者,Udyr,白银,26,7,物理转魔法
兽灵行者,Udyr,白银,27,8,重量级打击手
兽灵行者,Udyr,黄金,28,13,穿针引线
兽灵行者,Udyr,黄金,29,14,自然即是治愈
兽灵行者,Udyr,棱彩,30,8,炼狱导管
兽灵行者,Udyr,白银,31,9,逃跑计划
兽灵行者,Udyr,白银,32,10,双生火焰
兽灵行者,Udyr,白银,33,11,俯冲轰炸
兽灵行者,Udyr,黄金,34,15,超凡邪恶
兽灵行者,Udyr,白银,35,12,巫师式思考
兽灵行者,Udyr,白银,36,13,终极不可阻挡
兽灵行者,Udyr,棱彩,37,9,史上最大雪球
兽灵行者,Udyr,白银,38,14,练腿日
兽灵行者,Udyr,棱彩,39,10,掷骰狂人
兽灵行者,Udyr,黄金,40,16,溢流
兽灵行者,Udyr,黄金,41,17,闪现向前
兽灵行者,Udyr,白银,42,15,炼狱龙魂
兽灵行者,Udyr,黄金,43,18,属性叠属性！
兽灵行者,Udyr,黄金,44,19,有始有终
兽灵行者,Udyr,黄金,45,20,缩小引擎
兽灵行者,Udyr,黄金,46,21,鲨鱼诱饵
兽灵行者,Udyr,白银,47,16,升级：中娅
兽灵行者,Udyr,棱彩,48,11,歌利亚巨人
兽灵行者,Udyr,棱彩,49,12,巨人杀手
兽灵行者,Udyr,棱彩,50,13,沃格勒特的巫师帽
兽灵行者,Udyr,棱彩,51,14,科学狂人
兽灵行者,Udyr,黄金,52,22,夜狩
兽灵行者,Udyr,黄金,53,23,罪恶快感
兽灵行者,Udyr,黄金,54,24,高压锅
兽灵行者,Udyr,白银,55,17,虹吸
兽灵行者,Udyr,棱彩,56,15,泰坦的坚决
兽灵行者,Udyr,棱彩,57,16,飞身踢
兽灵行者,Udyr,棱彩,58,17,秘术冲拳
兽灵行者,Udyr,棱彩,59,18,飞升仪式
兽灵行者,Udyr,白银,60,18,升级：收集者
兽灵行者,Udyr,黄金,61,25,活力焕发
兽灵行者,Udyr,白银,62,19,大力
兽灵行者,Udyr,黄金,63,26,升级：耀光
兽灵行者,Udyr,黄金,64,27,升级：无尽之刃
兽灵行者,Udyr,白银,65,20,下雪天
兽灵行者,Udyr,棱彩,66,19,你摸不到
兽灵行者,Udyr,棱彩,67,20,质变：混沌
兽灵行者,Udyr,黄金,68,28,捐赠
兽灵行者,Udyr,黄金,69,29,弹球
兽灵行者,Udyr,白银,70,21,狂热者
兽灵行者,Udyr,黄金,71,30,更万用的瞄准镜
兽灵行者,Udyr,黄金,72,31,我们的治疗
兽灵行者,Udyr,棱彩,73,21,艾卡西亚的陷落
兽灵行者,Udyr,黄金,74,32,轻拍背部
兽灵行者,Udyr,棱彩,75,22,濒死悟道
兽灵行者,Udyr,黄金,76,33,坦克引擎
兽灵行者,Udyr,黄金,77,34,循环往复
兽灵行者,Udyr,黄金,78,35,神射法师
兽灵行者,Udyr,黄金,79,36,冰雪爆裂
兽灵行者,Udyr,黄金,80,37,鲨鱼暴风
兽灵行者,Udyr,棱彩,81,23,软弹啪叽抓
兽灵行者,Udyr,白银,82,22,海克斯科技龙魂
兽灵行者,Udyr,棱彩,83,24,和我一起困在这里
兽灵行者,Udyr,黄金,84,38,急速之追求
兽灵行者,Udyr,棱彩,85,25,神圣雪球
兽灵行者,Udyr,白银,86,23,魔法转物理
兽灵行者,Udyr,棱彩,87,26,双刀流
兽灵行者,Udyr,白银,88,24,火狐
兽灵行者,Udyr,黄金,89,39,不动如山
兽灵行者,Udyr,白银,90,25,扇巴掌
兽灵行者,Udyr,棱彩,91,27,潘朵拉的盒子
兽灵行者,Udyr,黄金,92,40,贪欲束缚
兽灵行者,Udyr,白银,93,26,海洋龙魂
兽灵行者,Udyr,黄金,94,41,超强大脑
兽灵行者,Udyr,黄金,95,42,生机迸发
兽灵行者,Udyr,棱彩,96,28,不祥契约
兽灵行者,Udyr,黄金,97,43,钢化你心
兽灵行者,Udyr,棱彩,98,29,最万用的瞄准镜
兽灵行者,Udyr,黄金,99,44,吞噬灵魂
兽灵行者,Udyr,白银,100,27,万用瞄准镜
兽灵行者,Udyr,黄金,101,45,神圣干预
兽灵行者,Udyr,黄金,102,46,哎哟，我的硬币！
兽灵行者,Udyr,黄金,103,47,魔法飞弹
兽灵行者,Udyr,黄金,104,48,星界躯体
兽灵行者,Udyr,白银,105,28,家园卫士
兽灵行者,Udyr,棱彩,106,30,物法皆修
兽灵行者,Udyr,棱彩,107,31,巨像的勇气
兽灵行者,Udyr,棱彩,108,32,残忍
兽灵行者,Udyr,黄金,109,49,升级：贪欲九头蛇
兽灵行者,Udyr,棱彩,110,33,大招工具人
兽灵行者,Udyr,棱彩,111,34,连拨击锤
兽灵行者,Udyr,白银,112,29,属性！
兽灵行者,Udyr,黄金,113,50,灵魂虹吸
兽灵行者,Udyr,棱彩,114,35,踢踏舞
兽灵行者,Udyr,棱彩,115,36,夺金
兽灵行者,Udyr,黄金,116,51,尖端发明家
兽灵行者,Udyr,棱彩,117,37,电涌力场
兽灵行者,Udyr,黄金,118,52,关键暴击
兽灵行者,Udyr,棱彩,119,38,尤里卡
兽灵行者,Udyr,黄金,120,53,火上浇油
兽灵行者,Udyr,白银,121,30,台风
兽灵行者,Udyr,棱彩,122,39,全能龙魂
兽灵行者,Udyr,棱彩,123,40,海牛阿福的勇士
兽灵行者,Udyr,棱彩,124,41,位面转移
兽灵行者,Udyr,白银,125,31,加固护盾
兽灵行者,Udyr,白银,126,32,由心及物
兽灵行者,Udyr,黄金,127,54,急急小子
兽灵行者,Udyr,黄金,128,55,过量延伸者
兽灵行者,Udyr,棱彩,129,42,属性叠属性叠属性！
兽灵行者,Udyr,棱彩,130,43,回归基本功
兽灵行者,Udyr,棱彩,131,44,终极唤醒
兽灵行者,Udyr,棱彩,132,45,大法师
兽灵行者,Udyr,白银,133,33,唯快不破
兽灵行者,Udyr,白银,134,34,转得我眩晕了
兽灵行者,Udyr,黄金,135,56,炽烈黎明
兽灵行者,Udyr,白银,136,35,纯粹主义者 - 术师
兽灵行者,Udyr,白银,137,36,升级：献祭
兽灵行者,Udyr,棱彩,138,46,尊我为王
兽灵行者,Udyr,黄金,139,57,豪猪
兽灵行者,Udyr,棱彩,140,47,双发快射
兽灵行者,Udyr,白银,141,37,防护面纱
兽灵行者,Udyr,白银,142,38,会心防御
兽灵行者,Udyr,棱彩,143,48,玻璃大炮
兽灵行者,Udyr,黄金,144,58,升级：焚天
兽灵行者,Udyr,棱彩,145,49,舞会女王
兽灵行者,Udyr,黄金,146,59,面包和果酱
兽灵行者,Udyr,黄金,147,60,缩小射线
兽灵行者,Udyr,白银,148,39,强力护盾
兽灵行者,Udyr,棱彩,149,50,终极刷新
兽灵行者,Udyr,白银,150,40,注魔
兽灵行者,Udyr,白银,151,41,灵巧
兽灵行者,Udyr,棱彩,152,51,无限循环往复
兽灵行者,Udyr,白银,153,42,山脉龙魂
兽灵行者,Udyr,黄金,154,61,暴击飞弹
兽灵行者,Udyr,黄金,155,62,咏叹奏鸣
兽灵行者,Udyr,棱彩,156,52,终极九头蛇
兽灵行者,Udyr,黄金,157,63,面包和黄油
兽灵行者,Udyr,棱彩,158,53,战争交响乐
兽灵行者,Udyr,白银,159,43,吵闹鬼
兽灵行者,Udyr,黄金,160,64,回力OK镖
兽灵行者,Udyr,棱彩,161,54,男爵之手
兽灵行者,Udyr,棱彩,162,55,魄罗蛮冲
兽灵行者,Udyr,白银,163,44,升级：死亡之舞
兽灵行者,Udyr,黄金,164,65,面包和奶酪
兽灵行者,Udyr,黄金,165,66,暴击律动
兽灵行者,Udyr,棱彩,166,56,至高天诺言
兽灵行者,Udyr,白银,167,45,由暴生急
兽灵行者,Udyr,棱彩,168,57,死亡之环
兽灵行者,Udyr,白银,169,46,点亮他们！
兽灵行者,Udyr,棱彩,170,58,风语者的祝福
兽灵行者,Udyr,白银,171,47,闪闪现现
兽灵行者,Udyr,棱彩,172,59,灵魄炸弹
兽灵行者,Udyr,白银,173,48,闪光弹
兽灵行者,Udyr,黄金,174,67,吸血习性
兽灵行者,Udyr,黄金,175,68,坚韧
兽灵行者,Udyr,黄金,176,69,会心治疗
兽灵行者,Udyr,黄金,177,70,祖母的辣椒油
兽灵行者,Udyr,黄金,178,71,升级：雪球
兽灵行者,Udyr,棱彩,179,60,小丑学院
兽灵行者,Udyr,黄金,180,72,雪球扭蛋机
兽灵行者,Udyr,棱彩,181,61,蛋白粉奶昔
兽灵行者,Udyr,白银,182,49,急救用具
兽灵行者,Udyr,白银,183,50,坚若磐石
兽灵行者,Udyr,棱彩,184,62,量子计算
兽灵行者,Udyr,棱彩,185,63,超负荷
兽灵行者,Udyr,黄金,186,73,最终都市列车
兽灵行者,Udyr,黄金,187,74,魄罗爆破手
兽灵行者,Udyr,棱彩,188,64,激光治疗
兽灵行者,Udyr,棱彩,189,65,升级：花晓之剑
兽灵行者,Udyr,棱彩,190,66,卡皮巴拉空投
兽灵行者,Udyr,棱彩,191,67,你肩上的恶魔
兽灵行者,Udyr,白银,192,51,天音爆
兽灵行者,Udyr,黄金,193,75,全心为你
兽灵行者,Udyr,棱彩,194,68,魄罗之王的弹跳
兽灵行者,Udyr,白银,195,52,可靠武器
兽灵行者,Udyr,白银,196,53,自适应防护
无畏战车,Urgot,黄金,1,1,更万用的瞄准镜
无畏战车,Urgot,白银,2,1,重量级打击手
无畏战车,Urgot,棱彩,3,1,踢踏舞
无畏战车,Urgot,黄金,4,2,黎明使者的坚决
无畏战车,Urgot,黄金,5,3,高压锅
无畏战车,Urgot,棱彩,6,2,亮出你的剑
无畏战车,Urgot,白银,7,2,台风
无畏战车,Urgot,白银,8,3,渴血
无畏战车,Urgot,黄金,9,4,质变：棱彩阶
无畏战车,Urgot,黄金,10,5,坦克引擎
无畏战车,Urgot,棱彩,11,3,泰坦的坚决
无畏战车,Urgot,白银,12,4,大力
无畏战车,Urgot,黄金,13,6,钢化你心
无畏战车,Urgot,黄金,14,7,暴击律动
无畏战车,Urgot,棱彩,15,4,最万用的瞄准镜
无畏战车,Urgot,黄金,16,8,火上浇油
无畏战车,Urgot,白银,17,5,万用瞄准镜
无畏战车,Urgot,黄金,18,9,星界躯体
无畏战车,Urgot,棱彩,19,5,连拨击锤
无畏战车,Urgot,棱彩,20,6,飞身踢
无畏战车,Urgot,白银,21,6,点亮他们！
无畏战车,Urgot,棱彩,22,7,秘术冲拳
无畏战车,Urgot,棱彩,23,8,巨人杀手
无畏战车,Urgot,黄金,24,10,贪欲束缚
无畏战车,Urgot,黄金,25,11,缩小引擎
无畏战车,Urgot,黄金,26,12,轻拍背部
无畏战车,Urgot,白银,27,7,逃跑计划
无畏战车,Urgot,棱彩,28,9,歌利亚巨人
无畏战车,Urgot,棱彩,29,10,掷骰狂人
无畏战车,Urgot,棱彩,30,11,利刃华尔兹
无畏战车,Urgot,棱彩,31,12,终极九头蛇
无畏战车,Urgot,黄金,32,13,升级：贪欲九头蛇
无畏战车,Urgot,棱彩,33,13,双刀流
无畏战车,Urgot,黄金,34,14,缩小射线
无畏战车,Urgot,黄金,35,15,升级：无尽之刃
无畏战车,Urgot,白银,36,8,质变：黄金阶
无畏战车,Urgot,黄金,37,16,罪恶快感
无畏战车,Urgot,黄金,38,17,生机迸发
无畏战车,Urgot,黄金,39,18,尖端发明家
无畏战车,Urgot,黄金,40,19,虚幻武器
无畏战车,Urgot,黄金,41,20,暴击飞弹
无畏战车,Urgot,黄金,42,21,吞噬灵魂
无畏战车,Urgot,黄金,43,22,捐赠
无畏战车,Urgot,黄金,44,23,豪猪
无畏战车,Urgot,黄金,45,24,属性叠属性！
无畏战车,Urgot,黄金,46,25,不动如山
无畏战车,Urgot,棱彩,47,14,回归基本功
无畏战车,Urgot,黄金,48,26,无尽大杀四方
无畏战车,Urgot,棱彩,49,15,质变：混沌
无畏战车,Urgot,黄金,50,27,面包和奶酪
无畏战车,Urgot,白银,51,9,侵蚀
无畏战车,Urgot,白银,52,10,大师铸就
无畏战车,Urgot,黄金,53,28,自然即是治愈
无畏战车,Urgot,白银,54,11,魔法转物理
无畏战车,Urgot,白银,55,12,升级：死亡之舞
无畏战车,Urgot,黄金,56,29,弹球
无畏战车,Urgot,黄金,57,30,穿针引线
无畏战车,Urgot,黄金,58,31,循环往复
无畏战车,Urgot,黄金,59,32,心灵净化
无畏战车,Urgot,黄金,60,33,冰雪爆裂
无畏战车,Urgot,黄金,61,34,我们的治疗
无畏战车,Urgot,棱彩,62,16,潘朵拉的盒子
无畏战车,Urgot,黄金,63,35,闪现向前
无畏战车,Urgot,黄金,64,36,神圣干预
无畏战车,Urgot,黄金,65,37,术士果汁盒
无畏战车,Urgot,棱彩,66,17,吃过路兵
无畏战车,Urgot,白银,67,13,海洋龙魂
无畏战车,Urgot,黄金,68,38,哎哟，我的硬币！
无畏战车,Urgot,棱彩,69,18,科学狂人
无畏战车,Urgot,棱彩,70,19,史上最大雪球
无畏战车,Urgot,白银,71,14,转得我眩晕了
无畏战车,Urgot,棱彩,72,20,扳机炼狱
无畏战车,Urgot,白银,73,15,俯冲轰炸
无畏战车,Urgot,白银,74,16,杀意翻涌
无畏战车,Urgot,白银,75,17,家园卫士
无畏战车,Urgot,黄金,76,39,易损
无畏战车,Urgot,棱彩,77,21,终极刷新
无畏战车,Urgot,棱彩,78,22,双发快射
无畏战车,Urgot,棱彩,79,23,回响施放
无畏战车,Urgot,黄金,80,40,鲨鱼暴风
无畏战车,Urgot,黄金,81,41,急速之追求
无畏战车,Urgot,棱彩,82,24,咒语裂变
无畏战车,Urgot,棱彩,83,25,终极唤醒
无畏战车,Urgot,黄金,84,42,鲨鱼诱饵
无畏战车,Urgot,棱彩,85,26,战争交响乐
无畏战车,Urgot,黄金,86,43,咏叹奏鸣
无畏战车,Urgot,黄金,87,44,夜狩
无畏战车,Urgot,黄金,88,45,回力OK镖
无畏战车,Urgot,白银,89,18,下雪天
无畏战车,Urgot,白银,90,19,海克斯科技龙魂
无畏战车,Urgot,黄金,91,46,杀戮时间到了
无畏战车,Urgot,白银,92,20,炼狱龙魂
无畏战车,Urgot,白银,93,21,升级：收集者
无畏战车,Urgot,棱彩,94,27,珠光护手
无畏战车,Urgot,棱彩,95,28,巨像的勇气
无畏战车,Urgot,黄金,96,47,升级：焚天
无畏战车,Urgot,黄金,97,48,过量延伸者
无畏战车,Urgot,棱彩,98,29,海牛阿福的勇士
无畏战车,Urgot,黄金,99,49,牙仙子
无畏战车,Urgot,黄金,100,50,狂徒豪气
无畏战车,Urgot,白银,101,22,注魔
无畏战车,Urgot,黄金,102,51,急急小子
无畏战车,Urgot,黄金,103,52,魔法飞弹
无畏战车,Urgot,白银,104,23,扇巴掌
无畏战车,Urgot,棱彩,105,30,全能龙魂
无畏战车,Urgot,棱彩,106,31,神圣雪球
无畏战车,Urgot,白银,107,24,双生火焰
无畏战车,Urgot,黄金,108,53,有始有终
无畏战车,Urgot,白银,109,25,暗影疾奔
无畏战车,Urgot,棱彩,110,32,软弹啪叽抓
无畏战车,Urgot,白银,111,26,升级：献祭
无畏战车,Urgot,白银,112,27,属性！
无畏战车,Urgot,白银,113,28,唯快不破
无畏战车,Urgot,棱彩,114,33,尊我为王
无畏战车,Urgot,棱彩,115,34,属性叠属性叠属性！
无畏战车,Urgot,黄金,116,54,炽烈黎明
无畏战车,Urgot,黄金,117,55,面包和黄油
无畏战车,Urgot,白银,118,29,快中求稳
无畏战车,Urgot,棱彩,119,35,濒死悟道
无畏战车,Urgot,棱彩,120,36,你摸不到
无畏战车,Urgot,棱彩,121,37,大招工具人
无畏战车,Urgot,棱彩,122,38,夺金
无畏战车,Urgot,白银,123,30,终极不可阻挡
无畏战车,Urgot,黄金,124,56,溢流
无畏战车,Urgot,白银,125,31,山脉龙魂
无畏战车,Urgot,棱彩,126,39,无限循环往复
无畏战车,Urgot,棱彩,127,40,最终形态
无畏战车,Urgot,白银,128,32,由心及物
无畏战车,Urgot,白银,129,33,纯粹主义者 - 术师
无畏战车,Urgot,棱彩,130,41,空投熊
无畏战车,Urgot,白银,131,34,防护面纱
无畏战车,Urgot,棱彩,132,42,炼狱导管
无畏战车,Urgot,白银,133,35,火狐
无畏战车,Urgot,棱彩,134,43,大法师
无畏战车,Urgot,黄金,135,57,升级：耀光
无畏战车,Urgot,棱彩,136,44,全凭身法
无畏战车,Urgot,棱彩,137,45,魄罗蛮冲
无畏战车,Urgot,棱彩,138,46,飞升仪式
无畏战车,Urgot,棱彩,139,47,舞会女王
无畏战车,Urgot,黄金,140,58,关键暴击
无畏战车,Urgot,棱彩,141,48,男爵之手
无畏战车,Urgot,白银,142,36,吵闹鬼
无畏战车,Urgot,棱彩,143,49,位面转移
无畏战车,Urgot,黄金,144,59,藏身草丛
无畏战车,Urgot,棱彩,145,50,精怪魔法
无畏战车,Urgot,棱彩,146,51,和我一起困在这里
无畏战车,Urgot,白银,147,37,会心防御
无畏战车,Urgot,白银,148,38,冰寒
无畏战车,Urgot,棱彩,149,52,电涌力场
无畏战车,Urgot,棱彩,150,53,玻璃大炮
无畏战车,Urgot,棱彩,151,54,大地苏醒
无畏战车,Urgot,黄金,152,60,灵魂虹吸
无畏战车,Urgot,白银,153,39,由暴生急
无畏战车,Urgot,黄金,154,61,坚韧
无畏战车,Urgot,白银,155,40,闪光弹
无畏战车,Urgot,黄金,156,62,吸血习性
无畏战车,Urgot,白银,157,41,闪闪现现
无畏战车,Urgot,棱彩,158,55,艾卡西亚的陷落
无畏战车,Urgot,黄金,159,63,会心治疗
无畏战车,Urgot,黄金,160,64,活力焕发
无畏战车,Urgot,棱彩,161,56,量子计算
无畏战车,Urgot,白银,162,42,坚若磐石
无畏战车,Urgot,黄金,163,65,升级：雪球
无畏战车,Urgot,棱彩,164,57,小丑学院
无畏战车,Urgot,黄金,165,66,喂呜喂呜
无畏战车,Urgot,棱彩,166,58,升级：花晓之剑
无畏战车,Urgot,白银,167,43,天音爆
无畏战车,Urgot,黄金,168,67,虚空冲刺
无畏战车,Urgot,黄金,169,68,全心为你
无畏战车,Urgot,黄金,170,69,最终都市列车
无畏战车,Urgot,黄金,171,70,魄罗爆破手
无畏战车,Urgot,棱彩,172,59,风语者的祝福
无畏战车,Urgot,棱彩,173,60,蛋白粉奶昔
无畏战车,Urgot,棱彩,174,61,信念者的强化
无畏战车,Urgot,黄金,175,71,神射法师
无畏战车,Urgot,白银,176,44,叠角龙
无畏战车,Urgot,棱彩,177,62,激光治疗
无畏战车,Urgot,黄金,178,72,雪球扭蛋机
无畏战车,Urgot,棱彩,179,63,卡皮巴拉空投
无畏战车,Urgot,棱彩,180,64,？？？
无畏战车,Urgot,白银,181,45,急救用具
无畏战车,Urgot,棱彩,182,65,至高天诺言
无畏战车,Urgot,棱彩,183,66,你肩上的恶魔
无畏战车,Urgot,棱彩,184,67,灵魄炸弹
无畏战车,Urgot,黄金,185,73,威能之追求
惩戒之箭,Varus,黄金,1,1,暴击飞弹
惩戒之箭,Varus,棱彩,2,1,珠光护手
惩戒之箭,Varus,黄金,3,2,老练狙神
惩戒之箭,Varus,黄金,4,3,更万用的瞄准镜
惩戒之箭,Varus,棱彩,5,2,双刀流
惩戒之箭,Varus,白银,6,1,双生火焰
惩戒之箭,Varus,棱彩,7,3,双发快射
惩戒之箭,Varus,白银,8,2,狂热者
惩戒之箭,Varus,白银,9,3,灵巧
惩戒之箭,Varus,黄金,10,4,暴击律动
惩戒之箭,Varus,黄金,11,5,魔法飞弹
惩戒之箭,Varus,棱彩,12,4,巨人杀手
惩戒之箭,Varus,棱彩,13,5,最万用的瞄准镜
惩戒之箭,Varus,黄金,14,6,升级：无尽之刃
惩戒之箭,Varus,黄金,15,7,灵魂虹吸
惩戒之箭,Varus,棱彩,16,6,踢踏舞
惩戒之箭,Varus,棱彩,17,7,亮出你的剑
惩戒之箭,Varus,棱彩,18,8,连拨击锤
惩戒之箭,Varus,黄金,19,8,虚幻武器
惩戒之箭,Varus,白银,20,4,升级：收集者
惩戒之箭,Varus,黄金,21,9,神射法师
惩戒之箭,Varus,黄金,22,10,急速之追求
惩戒之箭,Varus,白银,23,5,台风
惩戒之箭,Varus,白银,24,6,大力
惩戒之箭,Varus,白银,25,7,万用瞄准镜
惩戒之箭,Varus,黄金,26,11,威能之追求
惩戒之箭,Varus,黄金,27,12,狙神飞星
惩戒之箭,Varus,黄金,28,13,质变：棱彩阶
惩戒之箭,Varus,黄金,29,14,关键暴击
惩戒之箭,Varus,棱彩,30,9,无限循环往复
惩戒之箭,Varus,白银,31,8,点亮他们！
惩戒之箭,Varus,黄金,32,15,缩小引擎
惩戒之箭,Varus,白银,33,9,魔法转物理
惩戒之箭,Varus,白银,34,10,会心防御
惩戒之箭,Varus,棱彩,35,10,回归基本功
惩戒之箭,Varus,白银,36,11,家园卫士
惩戒之箭,Varus,黄金,37,16,术士果汁盒
惩戒之箭,Varus,黄金,38,17,罪恶快感
惩戒之箭,Varus,黄金,39,18,有始有终
惩戒之箭,Varus,棱彩,40,11,掷骰狂人
惩戒之箭,Varus,黄金,41,19,火上浇油
惩戒之箭,Varus,棱彩,42,12,大法师
惩戒之箭,Varus,黄金,43,20,超凡邪恶
惩戒之箭,Varus,棱彩,44,13,物法皆修
惩戒之箭,Varus,黄金,45,21,循环往复
惩戒之箭,Varus,黄金,46,22,面包和黄油
惩戒之箭,Varus,黄金,47,23,急急小子
惩戒之箭,Varus,白银,48,12,纯粹主义者 - 术师
惩戒之箭,Varus,白银,49,13,由暴生急
惩戒之箭,Varus,白银,50,14,质变：黄金阶
惩戒之箭,Varus,棱彩,51,14,尤里卡
惩戒之箭,Varus,黄金,52,24,易损
惩戒之箭,Varus,白银,53,15,巫师式思考
惩戒之箭,Varus,黄金,54,25,牙仙子
惩戒之箭,Varus,棱彩,55,15,玻璃大炮
惩戒之箭,Varus,棱彩,56,16,终极刷新
惩戒之箭,Varus,黄金,57,26,杀戮时间到了
惩戒之箭,Varus,棱彩,58,17,终极唤醒
惩戒之箭,Varus,白银,59,16,海克斯科技龙魂
惩戒之箭,Varus,白银,60,17,注魔
惩戒之箭,Varus,棱彩,61,18,质变：混沌
惩戒之箭,Varus,黄金,62,27,回力OK镖
惩戒之箭,Varus,黄金,63,28,捐赠
惩戒之箭,Varus,黄金,64,29,穿针引线
惩戒之箭,Varus,棱彩,65,19,沃格勒特的巫师帽
惩戒之箭,Varus,黄金,66,30,升级：耀光
惩戒之箭,Varus,黄金,67,31,缩小射线
惩戒之箭,Varus,黄金,68,32,属性叠属性！
惩戒之箭,Varus,棱彩,69,20,秘术冲拳
惩戒之箭,Varus,棱彩,70,21,战争交响乐
惩戒之箭,Varus,黄金,71,33,面包和果酱
惩戒之箭,Varus,白银,72,18,炼狱龙魂
惩戒之箭,Varus,白银,73,19,大师铸就
惩戒之箭,Varus,白银,74,20,物理转魔法
惩戒之箭,Varus,棱彩,75,22,潘朵拉的盒子
惩戒之箭,Varus,黄金,76,34,面包和奶酪
惩戒之箭,Varus,棱彩,77,23,海牛阿福的勇士
惩戒之箭,Varus,白银,78,21,侵蚀
惩戒之箭,Varus,棱彩,79,24,科学狂人
惩戒之箭,Varus,黄金,80,35,夜狩
惩戒之箭,Varus,白银,81,22,别停止引导
惩戒之箭,Varus,棱彩,82,25,精怪魔法
惩戒之箭,Varus,黄金,83,36,心灵净化
惩戒之箭,Varus,棱彩,84,26,全能龙魂
惩戒之箭,Varus,棱彩,85,27,飞身踢
惩戒之箭,Varus,白银,86,23,练腿日
惩戒之箭,Varus,白银,87,24,海洋龙魂
惩戒之箭,Varus,白银,88,25,渴血
惩戒之箭,Varus,黄金,89,37,溢流
惩戒之箭,Varus,白银,90,26,逃跑计划
惩戒之箭,Varus,棱彩,91,28,夺金
惩戒之箭,Varus,黄金,92,38,哎哟，我的硬币！
惩戒之箭,Varus,棱彩,93,29,属性叠属性叠属性！
惩戒之箭,Varus,棱彩,94,30,你摸不到
惩戒之箭,Varus,棱彩,95,31,大招工具人
惩戒之箭,Varus,黄金,96,39,闪现向前
惩戒之箭,Varus,棱彩,97,32,史上最大雪球
惩戒之箭,Varus,白银,98,27,属性！
惩戒之箭,Varus,白银,99,28,终极不可阻挡
惩戒之箭,Varus,棱彩,100,33,终极九头蛇
惩戒之箭,Varus,白银,101,29,火狐
惩戒之箭,Varus,棱彩,102,34,最终形态
惩戒之箭,Varus,黄金,103,40,生机迸发
惩戒之箭,Varus,白银,104,30,防护面纱
惩戒之箭,Varus,棱彩,105,35,尊我为王
惩戒之箭,Varus,棱彩,106,36,不祥契约
惩戒之箭,Varus,白银,107,31,升级：中娅
惩戒之箭,Varus,黄金,108,41,炽烈黎明
惩戒之箭,Varus,黄金,109,42,尖端发明家
惩戒之箭,Varus,黄金,110,43,升级：贪欲九头蛇
惩戒之箭,Varus,黄金,111,44,藏身草丛
惩戒之箭,Varus,黄金,112,45,超强大脑
惩戒之箭,Varus,棱彩,113,37,男爵之手
惩戒之箭,Varus,白银,114,32,吵闹鬼
惩戒之箭,Varus,白银,115,33,山脉龙魂
惩戒之箭,Varus,黄金,116,46,神圣干预
惩戒之箭,Varus,棱彩,117,38,扳机炼狱
惩戒之箭,Varus,白银,118,34,冰寒
惩戒之箭,Varus,棱彩,119,39,炼狱导管
惩戒之箭,Varus,白银,120,35,转得我眩晕了
惩戒之箭,Varus,棱彩,121,40,电涌力场
惩戒之箭,Varus,棱彩,122,41,歌利亚巨人
惩戒之箭,Varus,棱彩,123,42,吃过路兵
惩戒之箭,Varus,黄金,124,47,坦克引擎
惩戒之箭,Varus,白银,125,36,唯快不破
惩戒之箭,Varus,白银,126,37,由心及物
惩戒之箭,Varus,黄金,127,48,黎明使者的坚决
惩戒之箭,Varus,黄金,128,49,鲨鱼暴风
惩戒之箭,Varus,黄金,129,50,咏叹奏鸣
惩戒之箭,Varus,棱彩,130,43,魄罗蛮冲
惩戒之箭,Varus,黄金,131,51,弹球
惩戒之箭,Varus,棱彩,132,44,濒死悟道
惩戒之箭,Varus,白银,133,38,杀意翻涌
惩戒之箭,Varus,黄金,134,52,自然即是治愈
惩戒之箭,Varus,棱彩,135,45,空投熊
惩戒之箭,Varus,棱彩,136,46,飞升仪式
惩戒之箭,Varus,白银,137,39,重量级打击手
惩戒之箭,Varus,黄金,138,53,冰雪爆裂
惩戒之箭,Varus,黄金,139,54,轻拍背部
惩戒之箭,Varus,棱彩,140,47,泰坦的坚决
惩戒之箭,Varus,黄金,141,55,星界躯体
惩戒之箭,Varus,棱彩,142,48,利刃华尔兹
惩戒之箭,Varus,棱彩,143,49,神圣雪球
惩戒之箭,Varus,黄金,144,56,鲨鱼诱饵
惩戒之箭,Varus,白银,145,40,下雪天
惩戒之箭,Varus,黄金,146,57,我们的治疗
惩戒之箭,Varus,白银,147,41,俯冲轰炸
惩戒之箭,Varus,黄金,148,58,过量延伸者
惩戒之箭,Varus,黄金,149,59,豪猪
惩戒之箭,Varus,棱彩,150,50,位面转移
惩戒之箭,Varus,黄金,151,60,钢化你心
惩戒之箭,Varus,棱彩,152,51,软弹啪叽抓
惩戒之箭,Varus,黄金,153,61,吸血习性
惩戒之箭,Varus,黄金,154,62,高压锅
惩戒之箭,Varus,黄金,155,63,魄罗爆破手
惩戒之箭,Varus,黄金,156,64,活力焕发
惩戒之箭,Varus,白银,157,42,闪闪现现
惩戒之箭,Varus,黄金,158,65,升级：焚天
惩戒之箭,Varus,黄金,159,66,会心治疗
惩戒之箭,Varus,黄金,160,67,祖母的辣椒油
惩戒之箭,Varus,黄金,161,68,无尽大杀四方
惩戒之箭,Varus,棱彩,162,52,小丑学院
惩戒之箭,Varus,黄金,163,69,升级：雪球
惩戒之箭,Varus,棱彩,164,53,量子计算
惩戒之箭,Varus,棱彩,165,54,和我一起困在这里
惩戒之箭,Varus,黄金,166,70,雪球扭蛋机
惩戒之箭,Varus,棱彩,167,55,超负荷
惩戒之箭,Varus,棱彩,168,56,升级：花晓之剑
惩戒之箭,Varus,白银,169,43,虹吸
惩戒之箭,Varus,黄金,170,71,坚韧
惩戒之箭,Varus,白银,171,44,闪光弹
惩戒之箭,Varus,黄金,172,72,最终都市列车
惩戒之箭,Varus,棱彩,173,57,卡皮巴拉空投
惩戒之箭,Varus,棱彩,174,58,你肩上的恶魔
惩戒之箭,Varus,白银,175,45,可靠武器
惩戒之箭,Varus,棱彩,176,59,死亡之环
惩戒之箭,Varus,棱彩,177,60,全凭身法
惩戒之箭,Varus,白银,178,46,叠角龙
惩戒之箭,Varus,棱彩,179,61,至高天诺言
惩戒之箭,Varus,棱彩,180,62,舞会女王
惩戒之箭,Varus,棱彩,181,63,？？？
暗夜猎手,Vayne,棱彩,1,1,双发快射
暗夜猎手,Vayne,棱彩,2,2,双刀流
暗夜猎手,Vayne,黄金,3,1,更万用的瞄准镜
暗夜猎手,Vayne,黄金,4,2,暴击飞弹
暗夜猎手,Vayne,棱彩,5,3,连拨击锤
暗夜猎手,Vayne,白银,6,1,灵巧
暗夜猎手,Vayne,黄金,7,3,升级：无尽之刃
暗夜猎手,Vayne,黄金,8,4,暴击律动
暗夜猎手,Vayne,棱彩,9,4,最万用的瞄准镜
暗夜猎手,Vayne,白银,10,2,台风
暗夜猎手,Vayne,黄金,11,5,灵魂虹吸
暗夜猎手,Vayne,白银,12,3,万用瞄准镜
暗夜猎手,Vayne,棱彩,13,5,踢踏舞
暗夜猎手,Vayne,黄金,14,6,邦！
暗夜猎手,Vayne,棱彩,15,6,巨人杀手
暗夜猎手,Vayne,白银,16,4,点亮他们！
暗夜猎手,Vayne,黄金,17,7,关键暴击
暗夜猎手,Vayne,白银,18,5,会心防御
暗夜猎手,Vayne,黄金,19,8,质变：棱彩阶
暗夜猎手,Vayne,白银,20,6,暗影疾奔
暗夜猎手,Vayne,黄金,21,9,小小的额外帮助
暗夜猎手,Vayne,白银,22,7,大力
暗夜猎手,Vayne,白银,23,8,升级：收集者
暗夜猎手,Vayne,黄金,24,10,罪恶快感
暗夜猎手,Vayne,黄金,25,11,易损
暗夜猎手,Vayne,棱彩,26,7,亮出你的剑
暗夜猎手,Vayne,黄金,27,12,缩小引擎
暗夜猎手,Vayne,黄金,28,13,威能之追求
暗夜猎手,Vayne,白银,29,9,虹吸
暗夜猎手,Vayne,白银,30,10,质变：黄金阶
暗夜猎手,Vayne,黄金,31,14,面包和黄油
暗夜猎手,Vayne,黄金,32,15,火上浇油
暗夜猎手,Vayne,棱彩,33,8,掷骰狂人
暗夜猎手,Vayne,棱彩,34,9,战争交响乐
暗夜猎手,Vayne,白银,35,11,练腿日
暗夜猎手,Vayne,棱彩,36,10,质变：混沌
暗夜猎手,Vayne,黄金,37,16,夜狩
暗夜猎手,Vayne,白银,38,12,魔法转物理
暗夜猎手,Vayne,白银,39,13,家园卫士
暗夜猎手,Vayne,黄金,40,17,捐赠
暗夜猎手,Vayne,白银,41,14,狂热者
暗夜猎手,Vayne,黄金,42,18,狂徒豪气
暗夜猎手,Vayne,白银,43,15,前进时间到
暗夜猎手,Vayne,白银,44,16,快中求稳
暗夜猎手,Vayne,棱彩,45,11,针插垫
暗夜猎手,Vayne,白银,46,17,由暴生急
暗夜猎手,Vayne,黄金,47,19,缩小射线
暗夜猎手,Vayne,棱彩,48,12,秘术冲拳
暗夜猎手,Vayne,棱彩,49,13,终极唤醒
暗夜猎手,Vayne,黄金,50,20,连锁反应
暗夜猎手,Vayne,白银,51,18,终极不可阻挡
暗夜猎手,Vayne,棱彩,52,14,全凭身法
暗夜猎手,Vayne,黄金,53,21,属性叠属性！
暗夜猎手,Vayne,白银,54,19,大师铸就
暗夜猎手,Vayne,白银,55,20,逃跑计划
暗夜猎手,Vayne,白银,56,21,渴血
暗夜猎手,Vayne,棱彩,57,15,你摸不到
暗夜猎手,Vayne,黄金,58,22,惊惧
暗夜猎手,Vayne,棱彩,59,16,最终形态
暗夜猎手,Vayne,棱彩,60,17,潘朵拉的盒子
暗夜猎手,Vayne,棱彩,61,18,珠光护手
暗夜猎手,Vayne,棱彩,62,19,终极刷新
暗夜猎手,Vayne,白银,63,22,唯快不破
暗夜猎手,Vayne,白银,64,23,注魔
暗夜猎手,Vayne,黄金,65,23,循环往复
暗夜猎手,Vayne,棱彩,66,20,海牛阿福的勇士
暗夜猎手,Vayne,棱彩,67,21,飞身踢
暗夜猎手,Vayne,黄金,68,24,杀戮时间到了
暗夜猎手,Vayne,白银,69,24,杀意翻涌
暗夜猎手,Vayne,黄金,70,25,闪现向前
暗夜猎手,Vayne,黄金,71,26,牙仙子
暗夜猎手,Vayne,黄金,72,27,坦克引擎
暗夜猎手,Vayne,白银,73,25,海克斯科技龙魂
暗夜猎手,Vayne,棱彩,74,22,吃过路兵
暗夜猎手,Vayne,白银,75,26,吵闹鬼
暗夜猎手,Vayne,黄金,76,28,穿针引线
暗夜猎手,Vayne,黄金,77,29,虚幻武器
暗夜猎手,Vayne,棱彩,78,23,全能龙魂
暗夜猎手,Vayne,白银,79,27,炼狱龙魂
暗夜猎手,Vayne,棱彩,80,24,科学狂人
暗夜猎手,Vayne,黄金,81,30,升级：耀光
暗夜猎手,Vayne,棱彩,82,25,终极九头蛇
暗夜猎手,Vayne,黄金,83,31,术士果汁盒
暗夜猎手,Vayne,黄金,84,32,心灵净化
暗夜猎手,Vayne,黄金,85,33,有始有终
暗夜猎手,Vayne,黄金,86,34,生机迸发
暗夜猎手,Vayne,棱彩,87,26,属性叠属性叠属性！
暗夜猎手,Vayne,黄金,88,35,哎哟，我的硬币！
暗夜猎手,Vayne,黄金,89,36,魔法飞弹
暗夜猎手,Vayne,棱彩,90,27,尊我为王
暗夜猎手,Vayne,黄金,91,37,面包和奶酪
暗夜猎手,Vayne,棱彩,92,28,大招工具人
暗夜猎手,Vayne,白银,93,28,海洋龙魂
暗夜猎手,Vayne,白银,94,29,防护面纱
暗夜猎手,Vayne,白银,95,30,属性！
暗夜猎手,Vayne,棱彩,96,29,夺金
暗夜猎手,Vayne,黄金,97,38,黎明使者的坚决
暗夜猎手,Vayne,黄金,98,39,轻拍背部
暗夜猎手,Vayne,黄金,99,40,星界躯体
暗夜猎手,Vayne,黄金,100,41,神圣干预
暗夜猎手,Vayne,黄金,101,42,尖端发明家
暗夜猎手,Vayne,棱彩,102,30,玻璃大炮
暗夜猎手,Vayne,棱彩,103,31,回归基本功
暗夜猎手,Vayne,黄金,104,43,回力OK镖
暗夜猎手,Vayne,棱彩,105,32,史上最大雪球
暗夜猎手,Vayne,棱彩,106,33,无限循环往复
暗夜猎手,Vayne,黄金,107,44,钢化你心
暗夜猎手,Vayne,白银,108,31,转得我眩晕了
暗夜猎手,Vayne,黄金,109,45,升级：贪欲九头蛇
暗夜猎手,Vayne,棱彩,110,34,歌利亚巨人
暗夜猎手,Vayne,白银,111,32,重量级打击手
暗夜猎手,Vayne,白银,112,33,侵蚀
暗夜猎手,Vayne,棱彩,113,35,扳机炼狱
暗夜猎手,Vayne,棱彩,114,36,濒死悟道
暗夜猎手,Vayne,黄金,115,46,咏叹奏鸣
暗夜猎手,Vayne,黄金,116,47,自然即是治愈
暗夜猎手,Vayne,棱彩,117,37,大地苏醒
暗夜猎手,Vayne,棱彩,118,38,利刃华尔兹
暗夜猎手,Vayne,黄金,119,48,藏身草丛
暗夜猎手,Vayne,黄金,120,49,急急小子
暗夜猎手,Vayne,棱彩,121,39,飞升仪式
暗夜猎手,Vayne,棱彩,122,40,电涌力场
暗夜猎手,Vayne,棱彩,123,41,大法师
暗夜猎手,Vayne,白银,124,34,山脉龙魂
暗夜猎手,Vayne,棱彩,125,42,神圣雪球
暗夜猎手,Vayne,黄金,126,50,炽烈黎明
暗夜猎手,Vayne,棱彩,127,43,男爵之手
暗夜猎手,Vayne,棱彩,128,44,泰坦的坚决
暗夜猎手,Vayne,黄金,129,51,老练狙神
暗夜猎手,Vayne,黄金,130,52,我们的治疗
暗夜猎手,Vayne,黄金,131,53,不动如山
暗夜猎手,Vayne,白银,132,35,火狐
暗夜猎手,Vayne,黄金,133,54,鲨鱼诱饵
暗夜猎手,Vayne,黄金,134,55,鲨鱼暴风
暗夜猎手,Vayne,棱彩,135,45,魄罗蛮冲
暗夜猎手,Vayne,黄金,136,56,冰雪爆裂
暗夜猎手,Vayne,黄金,137,57,吞噬灵魂
暗夜猎手,Vayne,黄金,138,58,过量延伸者
暗夜猎手,Vayne,白银,139,36,扇巴掌
暗夜猎手,Vayne,黄金,140,59,吸血习性
暗夜猎手,Vayne,黄金,141,60,豪猪
暗夜猎手,Vayne,棱彩,142,46,巨像的勇气
暗夜猎手,Vayne,黄金,143,61,弹球
暗夜猎手,Vayne,棱彩,144,47,位面转移
暗夜猎手,Vayne,棱彩,145,48,炼狱导管
暗夜猎手,Vayne,白银,146,37,俯冲轰炸
暗夜猎手,Vayne,黄金,147,62,溢流
暗夜猎手,Vayne,棱彩,148,49,软弹啪叽抓
暗夜猎手,Vayne,白银,149,38,纯粹主义者 - 术师
暗夜猎手,Vayne,黄金,150,63,超凡邪恶
暗夜猎手,Vayne,黄金,151,64,狙神飞星
暗夜猎手,Vayne,白银,152,39,下雪天
暗夜猎手,Vayne,白银,153,40,由心及物
暗夜猎手,Vayne,黄金,154,65,高压锅
暗夜猎手,Vayne,白银,155,41,冰寒
暗夜猎手,Vayne,黄金,156,66,会心治疗
暗夜猎手,Vayne,棱彩,157,50,小丑学院
暗夜猎手,Vayne,白银,158,42,闪闪现现
暗夜猎手,Vayne,黄金,159,67,无尽大杀四方
暗夜猎手,Vayne,黄金,160,68,升级：焚天
暗夜猎手,Vayne,白银,161,43,闪光弹
暗夜猎手,Vayne,黄金,162,69,坚韧
暗夜猎手,Vayne,黄金,163,70,活力焕发
暗夜猎手,Vayne,棱彩,164,51,量子计算
暗夜猎手,Vayne,黄金,165,71,升级：雪球
暗夜猎手,Vayne,棱彩,166,52,升级：花晓之剑
暗夜猎手,Vayne,黄金,167,72,急速之追求
暗夜猎手,Vayne,黄金,168,73,雪球扭蛋机
暗夜猎手,Vayne,棱彩,169,53,和我一起困在这里
暗夜猎手,Vayne,棱彩,170,54,你肩上的恶魔
暗夜猎手,Vayne,黄金,171,74,虚空冲刺
暗夜猎手,Vayne,棱彩,172,55,至高天诺言
暗夜猎手,Vayne,黄金,173,75,魄罗爆破手
暗夜猎手,Vayne,白银,174,44,天音爆
暗夜猎手,Vayne,黄金,175,76,神射法师
暗夜猎手,Vayne,白银,176,45,升级：献祭
暗夜猎手,Vayne,棱彩,177,56,舞会女王
暗夜猎手,Vayne,白银,178,46,急救用具
暗夜猎手,Vayne,白银,179,47,巫师式思考
暗夜猎手,Vayne,棱彩,180,57,艾卡西亚的陷落
暗夜猎手,Vayne,黄金,181,77,最终都市列车
暗夜猎手,Vayne,棱彩,182,58,魄罗之王的弹跳
暗夜猎手,Vayne,黄金,183,78,贪欲束缚
暗夜猎手,Vayne,白银,184,48,可靠武器
邪恶小法师,Veigar,棱彩,1,1,尤里卡
邪恶小法师,Veigar,黄金,2,1,超凡邪恶
邪恶小法师,Veigar,黄金,3,2,术士果汁盒
邪恶小法师,Veigar,白银,4,1,巫师式思考
邪恶小法师,Veigar,黄金,5,3,魔法飞弹
邪恶小法师,Veigar,黄金,6,4,超强大脑
邪恶小法师,Veigar,棱彩,7,2,大法师
邪恶小法师,Veigar,黄金,8,5,老练狙神
邪恶小法师,Veigar,白银,9,2,纯粹主义者 - 术师
邪恶小法师,Veigar,白银,10,3,由心及物
邪恶小法师,Veigar,黄金,11,6,急速之追求
邪恶小法师,Veigar,黄金,12,7,急急小子
邪恶小法师,Veigar,棱彩,13,3,无限循环往复
邪恶小法师,Veigar,棱彩,14,4,咒语裂变
邪恶小法师,Veigar,棱彩,15,5,沃格勒特的巫师帽
邪恶小法师,Veigar,黄金,16,8,循环往复
邪恶小法师,Veigar,黄金,17,9,质变：棱彩阶
邪恶小法师,Veigar,白银,18,4,升级：中娅
邪恶小法师,Veigar,黄金,19,10,牙仙子
邪恶小法师,Veigar,黄金,20,11,缩小引擎
邪恶小法师,Veigar,棱彩,21,6,炼狱导管
邪恶小法师,Veigar,黄金,22,12,贪欲束缚
邪恶小法师,Veigar,黄金,23,13,面包和奶酪
邪恶小法师,Veigar,黄金,24,14,面包和黄油
邪恶小法师,Veigar,白银,25,5,物理转魔法
邪恶小法师,Veigar,白银,26,6,叠角龙
邪恶小法师,Veigar,黄金,27,15,虚幻武器
邪恶小法师,Veigar,黄金,28,16,溢流
邪恶小法师,Veigar,黄金,29,17,威能之追求
邪恶小法师,Veigar,白银,30,7,质变：黄金阶
邪恶小法师,Veigar,黄金,31,18,狙神飞星
邪恶小法师,Veigar,白银,32,8,扇巴掌
邪恶小法师,Veigar,棱彩,33,7,多重射击
邪恶小法师,Veigar,白银,34,9,家园卫士
邪恶小法师,Veigar,棱彩,35,8,终极唤醒
邪恶小法师,Veigar,棱彩,36,9,残忍
邪恶小法师,Veigar,黄金,37,19,穿针引线
邪恶小法师,Veigar,白银,38,10,双生火焰
邪恶小法师,Veigar,棱彩,39,10,掷骰狂人
邪恶小法师,Veigar,棱彩,40,11,珠光护手
邪恶小法师,Veigar,黄金,41,20,回力OK镖
邪恶小法师,Veigar,黄金,42,21,神射法师
邪恶小法师,Veigar,棱彩,43,12,巨人杀手
邪恶小法师,Veigar,白银,44,11,海洋龙魂
邪恶小法师,Veigar,棱彩,45,13,回归基本功
邪恶小法师,Veigar,白银,46,12,火狐
邪恶小法师,Veigar,白银,47,13,练腿日
邪恶小法师,Veigar,白银,48,14,逃跑计划
邪恶小法师,Veigar,棱彩,49,14,科学狂人
邪恶小法师,Veigar,棱彩,50,15,三重射击
邪恶小法师,Veigar,棱彩,51,16,终极刷新
邪恶小法师,Veigar,白银,52,15,可靠武器
邪恶小法师,Veigar,白银,53,16,虹吸
邪恶小法师,Veigar,黄金,54,22,面包和果酱
邪恶小法师,Veigar,棱彩,55,17,超负荷
邪恶小法师,Veigar,白银,56,17,海克斯科技龙魂
邪恶小法师,Veigar,棱彩,57,18,质变：混沌
邪恶小法师,Veigar,棱彩,58,19,不祥契约
邪恶小法师,Veigar,白银,59,18,炼狱龙魂
邪恶小法师,Veigar,白银,60,19,渴血
邪恶小法师,Veigar,黄金,61,23,捐赠
邪恶小法师,Veigar,黄金,62,24,属性叠属性！
邪恶小法师,Veigar,黄金,63,25,有始有终
邪恶小法师,Veigar,黄金,64,26,杀戮时间到了
邪恶小法师,Veigar,白银,65,20,大师铸就
邪恶小法师,Veigar,黄金,66,27,坦克引擎
邪恶小法师,Veigar,棱彩,67,20,玻璃大炮
邪恶小法师,Veigar,黄金,68,28,吞噬灵魂
邪恶小法师,Veigar,白银,69,21,防护面纱
邪恶小法师,Veigar,棱彩,70,21,潘朵拉的盒子
邪恶小法师,Veigar,白银,71,22,侵蚀
邪恶小法师,Veigar,白银,72,23,属性！
邪恶小法师,Veigar,黄金,73,29,心灵净化
邪恶小法师,Veigar,棱彩,74,22,史上最大雪球
邪恶小法师,Veigar,棱彩,75,23,全能龙魂
邪恶小法师,Veigar,棱彩,76,24,飞身踢
邪恶小法师,Veigar,棱彩,77,25,巨像的勇气
邪恶小法师,Veigar,黄金,78,30,哎哟，我的硬币！
邪恶小法师,Veigar,黄金,79,31,尖端发明家
邪恶小法师,Veigar,黄金,80,32,不动如山
邪恶小法师,Veigar,白银,81,24,终极不可阻挡
邪恶小法师,Veigar,棱彩,82,26,属性叠属性叠属性！
邪恶小法师,Veigar,棱彩,83,27,电涌力场
邪恶小法师,Veigar,白银,84,25,注魔
邪恶小法师,Veigar,棱彩,85,28,你摸不到
邪恶小法师,Veigar,棱彩,86,29,大招工具人
邪恶小法师,Veigar,黄金,87,33,神圣干预
邪恶小法师,Veigar,棱彩,88,30,歌利亚巨人
邪恶小法师,Veigar,白银,89,26,冰寒
邪恶小法师,Veigar,棱彩,90,31,海牛阿福的勇士
邪恶小法师,Veigar,棱彩,91,32,精怪魔法
邪恶小法师,Veigar,棱彩,92,33,男爵之手
邪恶小法师,Veigar,黄金,93,34,闪现向前
邪恶小法师,Veigar,黄金,94,35,炽烈黎明
邪恶小法师,Veigar,棱彩,95,34,尊我为王
邪恶小法师,Veigar,黄金,96,36,生机迸发
邪恶小法师,Veigar,黄金,97,37,咏叹奏鸣
邪恶小法师,Veigar,棱彩,98,35,夺金
邪恶小法师,Veigar,棱彩,99,36,空投熊
邪恶小法师,Veigar,白银,100,27,山脉龙魂
邪恶小法师,Veigar,白银,101,28,吵闹鬼
邪恶小法师,Veigar,黄金,102,38,夜狩
邪恶小法师,Veigar,白银,103,29,俯冲轰炸
邪恶小法师,Veigar,黄金,104,39,鲨鱼暴风
邪恶小法师,Veigar,白银,105,30,杀意翻涌
邪恶小法师,Veigar,棱彩,106,37,秘术冲拳
邪恶小法师,Veigar,黄金,107,40,黎明使者的坚决
邪恶小法师,Veigar,黄金,108,41,自然即是治愈
邪恶小法师,Veigar,黄金,109,42,弹球
邪恶小法师,Veigar,白银,110,31,下雪天
邪恶小法师,Veigar,黄金,111,43,罪恶快感
邪恶小法师,Veigar,棱彩,112,38,吃过路兵
邪恶小法师,Veigar,黄金,113,44,鲨鱼诱饵
邪恶小法师,Veigar,黄金,114,45,星界躯体
邪恶小法师,Veigar,黄金,115,46,火上浇油
邪恶小法师,Veigar,白银,116,32,唯快不破
邪恶小法师,Veigar,黄金,117,47,冰雪爆裂
邪恶小法师,Veigar,棱彩,118,39,扳机炼狱
邪恶小法师,Veigar,棱彩,119,40,物法皆修
邪恶小法师,Veigar,棱彩,120,41,最终形态
邪恶小法师,Veigar,白银,121,33,转得我眩晕了
邪恶小法师,Veigar,黄金,122,48,藏身草丛
邪恶小法师,Veigar,黄金,123,49,钢化你心
邪恶小法师,Veigar,黄金,124,50,更万用的瞄准镜
邪恶小法师,Veigar,棱彩,125,42,魄罗蛮冲
邪恶小法师,Veigar,黄金,126,51,缩小射线
邪恶小法师,Veigar,白银,127,34,点亮他们！
邪恶小法师,Veigar,白银,128,35,万用瞄准镜
邪恶小法师,Veigar,黄金,129,52,轻拍背部
邪恶小法师,Veigar,白银,130,36,灵巧
邪恶小法师,Veigar,棱彩,131,43,神圣雪球
邪恶小法师,Veigar,黄金,132,53,我们的治疗
邪恶小法师,Veigar,棱彩,133,44,泰坦的坚决
邪恶小法师,Veigar,黄金,134,54,豪猪
邪恶小法师,Veigar,黄金,135,55,过量延伸者
邪恶小法师,Veigar,棱彩,136,45,最万用的瞄准镜
邪恶小法师,Veigar,棱彩,137,46,位面转移
邪恶小法师,Veigar,棱彩,138,47,软弹啪叽抓
邪恶小法师,Veigar,白银,139,37,重量级打击手
邪恶小法师,Veigar,棱彩,140,48,利刃华尔兹
邪恶小法师,Veigar,棱彩,141,49,濒死悟道
邪恶小法师,Veigar,黄金,142,56,升级：耀光
邪恶小法师,Veigar,棱彩,143,50,飞升仪式
邪恶小法师,Veigar,棱彩,144,51,踢踏舞
邪恶小法师,Veigar,黄金,145,57,高压锅
邪恶小法师,Veigar,棱彩,146,52,战争交响乐
邪恶小法师,Veigar,黄金,147,58,无尽大杀四方
邪恶小法师,Veigar,黄金,148,59,活力焕发
邪恶小法师,Veigar,黄金,149,60,吸血习性
邪恶小法师,Veigar,白银,150,38,坚若磐石
邪恶小法师,Veigar,黄金,151,61,魄罗爆破手
邪恶小法师,Veigar,黄金,152,62,祖母的辣椒油
邪恶小法师,Veigar,黄金,153,63,关键暴击
邪恶小法师,Veigar,黄金,154,64,易损
邪恶小法师,Veigar,白银,155,39,闪闪现现
邪恶小法师,Veigar,黄金,156,65,坚韧
邪恶小法师,Veigar,黄金,157,66,灵魂虹吸
邪恶小法师,Veigar,白银,158,40,会心防御
邪恶小法师,Veigar,黄金,159,67,暴击飞弹
邪恶小法师,Veigar,黄金,160,68,升级：雪球
邪恶小法师,Veigar,棱彩,161,53,小丑学院
邪恶小法师,Veigar,棱彩,162,54,量子计算
邪恶小法师,Veigar,白银,163,41,闪光弹
邪恶小法师,Veigar,黄金,164,69,会心治疗
邪恶小法师,Veigar,棱彩,165,55,连拨击锤
邪恶小法师,Veigar,棱彩,166,56,双刀流
邪恶小法师,Veigar,白银,167,42,狂热者
邪恶小法师,Veigar,黄金,168,70,暴击律动
邪恶小法师,Veigar,黄金,169,71,雪球扭蛋机
邪恶小法师,Veigar,白银,170,43,台风
邪恶小法师,Veigar,黄金,171,72,最终都市列车
邪恶小法师,Veigar,棱彩,172,57,卡皮巴拉空投
邪恶小法师,Veigar,棱彩,173,58,至高天诺言
邪恶小法师,Veigar,棱彩,174,59,双发快射
邪恶小法师,Veigar,白银,175,44,魔法转物理
邪恶小法师,Veigar,棱彩,176,60,？？？
邪恶小法师,Veigar,黄金,177,73,喂呜喂呜
邪恶小法师,Veigar,白银,178,45,天音爆
邪恶小法师,Veigar,白银,179,46,强力护盾
邪恶小法师,Veigar,棱彩,180,61,蛋白粉奶昔
邪恶小法师,Veigar,棱彩,181,62,激光治疗
邪恶小法师,Veigar,棱彩,182,63,魄罗之王的弹跳
邪恶小法师,Veigar,棱彩,183,64,信念者的强化
邪恶小法师,Veigar,棱彩,184,65,你肩上的恶魔
虚空之眼,Velkoz,黄金,1,1,魔法飞弹
虚空之眼,Velkoz,黄金,2,2,老练狙神
虚空之眼,Velkoz,棱彩,3,1,尤里卡
虚空之眼,Velkoz,白银,4,1,巫师式思考
虚空之眼,Velkoz,黄金,5,3,超凡邪恶
虚空之眼,Velkoz,棱彩,6,2,炼狱导管
虚空之眼,Velkoz,黄金,7,4,术士果汁盒
虚空之眼,Velkoz,黄金,8,5,狙神飞星
虚空之眼,Velkoz,白银,9,2,纯粹主义者 - 术师
虚空之眼,Velkoz,棱彩,10,3,大法师
虚空之眼,Velkoz,棱彩,11,4,精怪魔法
虚空之眼,Velkoz,白银,12,3,冰寒
虚空之眼,Velkoz,黄金,13,6,超强大脑
虚空之眼,Velkoz,棱彩,14,5,无限循环往复
虚空之眼,Velkoz,棱彩,15,6,多重射击
虚空之眼,Velkoz,白银,16,4,升级：中娅
虚空之眼,Velkoz,黄金,17,7,质变：棱彩阶
虚空之眼,Velkoz,黄金,18,8,杀戮时间到了
虚空之眼,Velkoz,黄金,19,9,循环往复
虚空之眼,Velkoz,棱彩,20,7,沃格勒特的巫师帽
虚空之眼,Velkoz,黄金,21,10,急速之追求
虚空之眼,Velkoz,白银,22,5,双生火焰
虚空之眼,Velkoz,黄金,23,11,急急小子
虚空之眼,Velkoz,黄金,24,12,牙仙子
虚空之眼,Velkoz,黄金,25,13,缩小引擎
虚空之眼,Velkoz,黄金,26,14,虚幻武器
虚空之眼,Velkoz,黄金,27,15,面包和黄油
虚空之眼,Velkoz,棱彩,28,8,终极刷新
虚空之眼,Velkoz,白银,29,6,质变：黄金阶
虚空之眼,Velkoz,白银,30,7,终极不可阻挡
虚空之眼,Velkoz,白银,31,8,家园卫士
虚空之眼,Velkoz,白银,32,9,海克斯科技龙魂
虚空之眼,Velkoz,黄金,33,16,回力OK镖
虚空之眼,Velkoz,黄金,34,17,威能之追求
虚空之眼,Velkoz,黄金,35,18,穿针引线
虚空之眼,Velkoz,棱彩,36,9,珠光护手
虚空之眼,Velkoz,白银,37,10,物理转魔法
虚空之眼,Velkoz,白银,38,11,大师铸就
虚空之眼,Velkoz,黄金,39,19,贪欲束缚
虚空之眼,Velkoz,白银,40,12,炼狱龙魂
虚空之眼,Velkoz,白银,41,13,由心及物
虚空之眼,Velkoz,棱彩,42,10,质变：混沌
虚空之眼,Velkoz,白银,43,14,侵蚀
虚空之眼,Velkoz,棱彩,44,11,巨人杀手
虚空之眼,Velkoz,白银,45,15,海洋龙魂
虚空之眼,Velkoz,白银,46,16,渴血
虚空之眼,Velkoz,棱彩,47,12,掷骰狂人
虚空之眼,Velkoz,黄金,48,20,捐赠
虚空之眼,Velkoz,黄金,49,21,有始有终
虚空之眼,Velkoz,黄金,50,22,炽燃利息
虚空之眼,Velkoz,白银,51,17,逃跑计划
虚空之眼,Velkoz,白银,52,18,火狐
虚空之眼,Velkoz,白银,53,19,练腿日
虚空之眼,Velkoz,棱彩,54,13,终极唤醒
虚空之眼,Velkoz,棱彩,55,14,你摸不到
虚空之眼,Velkoz,黄金,56,23,溢流
虚空之眼,Velkoz,黄金,57,24,面包和果酱
虚空之眼,Velkoz,棱彩,58,15,玻璃大炮
虚空之眼,Velkoz,黄金,59,25,面包和奶酪
虚空之眼,Velkoz,黄金,60,26,属性叠属性！
虚空之眼,Velkoz,白银,61,20,扇巴掌
虚空之眼,Velkoz,棱彩,62,16,不祥契约
虚空之眼,Velkoz,棱彩,63,17,潘朵拉的盒子
虚空之眼,Velkoz,棱彩,64,18,电涌力场
虚空之眼,Velkoz,棱彩,65,19,大招工具人
虚空之眼,Velkoz,白银,66,21,防护面纱
虚空之眼,Velkoz,棱彩,67,20,残忍
虚空之眼,Velkoz,棱彩,68,21,科学狂人
虚空之眼,Velkoz,黄金,69,27,心灵净化
虚空之眼,Velkoz,棱彩,70,22,史上最大雪球
虚空之眼,Velkoz,白银,71,22,别停止引导
虚空之眼,Velkoz,棱彩,72,23,全能龙魂
虚空之眼,Velkoz,黄金,73,28,哎哟，我的硬币！
虚空之眼,Velkoz,白银,74,23,属性！
虚空之眼,Velkoz,黄金,75,29,炽烈黎明
虚空之眼,Velkoz,棱彩,76,24,飞身踢
虚空之眼,Velkoz,黄金,77,30,尖端发明家
虚空之眼,Velkoz,白银,78,24,注魔
虚空之眼,Velkoz,棱彩,79,25,回归基本功
虚空之眼,Velkoz,黄金,80,31,神射法师
虚空之眼,Velkoz,棱彩,81,26,属性叠属性叠属性！
虚空之眼,Velkoz,黄金,82,32,神圣干预
虚空之眼,Velkoz,棱彩,83,27,海牛阿福的勇士
虚空之眼,Velkoz,棱彩,84,28,夺金
虚空之眼,Velkoz,黄金,85,33,闪现向前
虚空之眼,Velkoz,黄金,86,34,不动如山
虚空之眼,Velkoz,黄金,87,35,咏叹奏鸣
虚空之眼,Velkoz,棱彩,88,29,男爵之手
虚空之眼,Velkoz,黄金,89,36,生机迸发
虚空之眼,Velkoz,白银,90,25,山脉龙魂
虚空之眼,Velkoz,黄金,91,37,火上浇油
虚空之眼,Velkoz,棱彩,92,30,吃过路兵
虚空之眼,Velkoz,棱彩,93,31,尊我为王
虚空之眼,Velkoz,黄金,94,38,鲨鱼暴风
虚空之眼,Velkoz,白银,95,26,吵闹鬼
虚空之眼,Velkoz,白银,96,27,俯冲轰炸
虚空之眼,Velkoz,棱彩,97,32,空投熊
虚空之眼,Velkoz,黄金,98,39,坦克引擎
虚空之眼,Velkoz,黄金,99,40,弹球
虚空之眼,Velkoz,棱彩,100,33,秘术冲拳
虚空之眼,Velkoz,黄金,101,41,自然即是治愈
虚空之眼,Velkoz,黄金,102,42,鲨鱼诱饵
虚空之眼,Velkoz,白银,103,28,下雪天
虚空之眼,Velkoz,棱彩,104,34,最终形态
虚空之眼,Velkoz,黄金,105,43,藏身草丛
虚空之眼,Velkoz,黄金,106,44,吞噬灵魂
虚空之眼,Velkoz,黄金,107,45,夜狩
虚空之眼,Velkoz,黄金,108,46,黎明使者的坚决
虚空之眼,Velkoz,棱彩,109,35,歌利亚巨人
虚空之眼,Velkoz,白银,110,29,唯快不破
虚空之眼,Velkoz,棱彩,111,36,巨像的勇气
虚空之眼,Velkoz,棱彩,112,37,魄罗蛮冲
虚空之眼,Velkoz,白银,113,30,转得我眩晕了
虚空之眼,Velkoz,棱彩,114,38,扳机炼狱
虚空之眼,Velkoz,黄金,115,47,缩小射线
虚空之眼,Velkoz,白银,116,31,点亮他们！
虚空之眼,Velkoz,黄金,117,48,更万用的瞄准镜
虚空之眼,Velkoz,黄金,118,49,冰雪爆裂
虚空之眼,Velkoz,白银,119,32,万用瞄准镜
虚空之眼,Velkoz,白银,120,33,杀意翻涌
虚空之眼,Velkoz,棱彩,121,39,物法皆修
虚空之眼,Velkoz,白银,122,34,灵巧
虚空之眼,Velkoz,黄金,123,50,轻拍背部
虚空之眼,Velkoz,黄金,124,51,罪恶快感
虚空之眼,Velkoz,黄金,125,52,我们的治疗
虚空之眼,Velkoz,黄金,126,53,豪猪
虚空之眼,Velkoz,黄金,127,54,过量延伸者
虚空之眼,Velkoz,棱彩,128,40,神圣雪球
虚空之眼,Velkoz,黄金,129,55,星界躯体
虚空之眼,Velkoz,棱彩,130,41,濒死悟道
虚空之眼,Velkoz,棱彩,131,42,最万用的瞄准镜
虚空之眼,Velkoz,棱彩,132,43,泰坦的坚决
虚空之眼,Velkoz,棱彩,133,44,位面转移
虚空之眼,Velkoz,棱彩,134,45,飞升仪式
虚空之眼,Velkoz,黄金,135,56,高压锅
虚空之眼,Velkoz,棱彩,136,46,踢踏舞
虚空之眼,Velkoz,棱彩,137,47,利刃华尔兹
虚空之眼,Velkoz,黄金,138,57,无尽大杀四方
虚空之眼,Velkoz,棱彩,139,48,战争交响乐
虚空之眼,Velkoz,棱彩,140,49,软弹啪叽抓
虚空之眼,Velkoz,白银,141,35,重量级打击手
虚空之眼,Velkoz,黄金,142,58,升级：耀光
虚空之眼,Velkoz,黄金,143,59,钢化你心
虚空之眼,Velkoz,黄金,144,60,祖母的辣椒油
虚空之眼,Velkoz,黄金,145,61,活力焕发
虚空之眼,Velkoz,黄金,146,62,魄罗爆破手
虚空之眼,Velkoz,黄金,147,63,易损
虚空之眼,Velkoz,黄金,148,64,吸血习性
虚空之眼,Velkoz,白银,149,36,闪闪现现
虚空之眼,Velkoz,黄金,150,65,暴击飞弹
虚空之眼,Velkoz,黄金,151,66,关键暴击
虚空之眼,Velkoz,白银,152,37,坚若磐石
虚空之眼,Velkoz,黄金,153,67,灵魂虹吸
虚空之眼,Velkoz,黄金,154,68,升级：雪球
虚空之眼,Velkoz,白银,155,38,会心防御
虚空之眼,Velkoz,黄金,156,69,雪球扭蛋机
虚空之眼,Velkoz,白银,157,39,虹吸
虚空之眼,Velkoz,白银,158,40,闪光弹
虚空之眼,Velkoz,白银,159,41,狂热者
虚空之眼,Velkoz,白银,160,42,可靠武器
虚空之眼,Velkoz,黄金,161,70,坚韧
虚空之眼,Velkoz,黄金,162,71,会心治疗
虚空之眼,Velkoz,棱彩,163,50,？？？
虚空之眼,Velkoz,棱彩,164,51,量子计算
虚空之眼,Velkoz,棱彩,165,52,王中王，靴中靴
虚空之眼,Velkoz,棱彩,166,53,超负荷
虚空之眼,Velkoz,棱彩,167,54,连拨击锤
虚空之眼,Velkoz,棱彩,168,55,双刀流
虚空之眼,Velkoz,棱彩,169,56,小丑学院
虚空之眼,Velkoz,棱彩,170,57,激光治疗
虚空之眼,Velkoz,黄金,171,72,最终都市列车
虚空之眼,Velkoz,白银,172,43,自适应防护
虚空之眼,Velkoz,白银,173,44,天音爆
虚空之眼,Velkoz,黄金,174,73,全心为你
虚空之眼,Velkoz,白银,175,45,叠角龙
虚空之眼,Velkoz,棱彩,176,58,卡皮巴拉空投
虚空之眼,Velkoz,棱彩,177,59,魄罗之王的弹跳
虚空之眼,Velkoz,棱彩,178,60,你肩上的恶魔
虚空之眼,Velkoz,白银,179,46,由暴生急
愁云使者,Vex,黄金,1,1,魔法飞弹
愁云使者,Vex,棱彩,2,1,尤里卡
愁云使者,Vex,黄金,3,2,术士果汁盒
愁云使者,Vex,白银,4,1,巫师式思考
愁云使者,Vex,黄金,5,3,穿针引线
愁云使者,Vex,黄金,6,4,超凡邪恶
愁云使者,Vex,黄金,7,5,老练狙神
愁云使者,Vex,棱彩,8,2,大法师
愁云使者,Vex,白银,9,2,升级：中娅
愁云使者,Vex,白银,10,3,渴血
愁云使者,Vex,黄金,11,6,超强大脑
愁云使者,Vex,棱彩,12,3,沃格勒特的巫师帽
愁云使者,Vex,棱彩,13,4,无限循环往复
愁云使者,Vex,白银,14,4,纯粹主义者 - 术师
愁云使者,Vex,黄金,15,7,狙神飞星
愁云使者,Vex,黄金,16,8,牙仙子
愁云使者,Vex,黄金,17,9,质变：棱彩阶
愁云使者,Vex,黄金,18,10,虚幻武器
愁云使者,Vex,黄金,19,11,循环往复
愁云使者,Vex,黄金,20,12,杀戮时间到了
愁云使者,Vex,棱彩,21,5,终极唤醒
愁云使者,Vex,黄金,22,13,急速之追求
愁云使者,Vex,白银,23,5,双生火焰
愁云使者,Vex,黄金,24,14,急急小子
愁云使者,Vex,棱彩,25,6,你摸不到
愁云使者,Vex,棱彩,26,7,残忍
愁云使者,Vex,黄金,27,15,威能之追求
愁云使者,Vex,白银,28,6,质变：黄金阶
愁云使者,Vex,黄金,29,16,缩小引擎
愁云使者,Vex,黄金,30,17,面包和黄油
愁云使者,Vex,白银,31,7,扇巴掌
愁云使者,Vex,棱彩,32,8,珠光护手
愁云使者,Vex,黄金,33,18,回力OK镖
愁云使者,Vex,白银,34,8,海克斯科技龙魂
愁云使者,Vex,白银,35,9,物理转魔法
愁云使者,Vex,棱彩,36,9,史上最大雪球
愁云使者,Vex,白银,37,10,由心及物
愁云使者,Vex,棱彩,38,10,吃过路兵
愁云使者,Vex,白银,39,11,家园卫士
愁云使者,Vex,白银,40,12,大师铸就
愁云使者,Vex,棱彩,41,11,巨人杀手
愁云使者,Vex,棱彩,42,12,回归基本功
愁云使者,Vex,黄金,43,19,有始有终
愁云使者,Vex,白银,44,13,火狐
愁云使者,Vex,棱彩,45,13,掷骰狂人
愁云使者,Vex,白银,46,14,海洋龙魂
愁云使者,Vex,棱彩,47,14,科学狂人
愁云使者,Vex,棱彩,48,15,精怪魔法
愁云使者,Vex,黄金,49,20,夜狩
愁云使者,Vex,棱彩,50,16,超负荷
愁云使者,Vex,白银,51,15,终极不可阻挡
愁云使者,Vex,黄金,52,21,溢流
愁云使者,Vex,棱彩,53,17,质变：混沌
愁云使者,Vex,白银,54,16,炼狱龙魂
愁云使者,Vex,黄金,55,22,面包和果酱
愁云使者,Vex,棱彩,56,18,终极刷新
愁云使者,Vex,棱彩,57,19,玻璃大炮
愁云使者,Vex,黄金,58,23,面包和奶酪
愁云使者,Vex,黄金,59,24,捐赠
愁云使者,Vex,白银,60,17,练腿日
愁云使者,Vex,白银,61,18,下雪天
愁云使者,Vex,白银,62,19,侵蚀
愁云使者,Vex,棱彩,63,20,潘朵拉的盒子
愁云使者,Vex,黄金,64,25,属性叠属性！
愁云使者,Vex,黄金,65,26,弹球
愁云使者,Vex,黄金,66,27,神射法师
愁云使者,Vex,黄金,67,28,心灵净化
愁云使者,Vex,棱彩,68,21,巨像的勇气
愁云使者,Vex,白银,69,20,逃跑计划
愁云使者,Vex,黄金,70,29,冰雪爆裂
愁云使者,Vex,黄金,71,30,闪现向前
愁云使者,Vex,棱彩,72,22,利刃华尔兹
愁云使者,Vex,白银,73,21,俯冲轰炸
愁云使者,Vex,棱彩,74,23,炼狱导管
愁云使者,Vex,棱彩,75,24,全能龙魂
愁云使者,Vex,棱彩,76,25,神圣雪球
愁云使者,Vex,棱彩,77,26,飞身踢
愁云使者,Vex,白银,78,22,防护面纱
愁云使者,Vex,棱彩,79,27,空投熊
愁云使者,Vex,黄金,80,31,罪恶快感
愁云使者,Vex,黄金,81,32,尖端发明家
愁云使者,Vex,白银,82,23,属性！
愁云使者,Vex,棱彩,83,28,最终形态
愁云使者,Vex,黄金,84,33,吞噬灵魂
愁云使者,Vex,棱彩,85,29,海牛阿福的勇士
愁云使者,Vex,棱彩,86,30,不祥契约
愁云使者,Vex,黄金,87,34,鲨鱼暴风
愁云使者,Vex,棱彩,88,31,属性叠属性叠属性！
愁云使者,Vex,黄金,89,35,轻拍背部
愁云使者,Vex,黄金,90,36,不动如山
愁云使者,Vex,白银,91,24,注魔
愁云使者,Vex,棱彩,92,32,尊我为王
愁云使者,Vex,黄金,93,37,哎哟，我的硬币！
愁云使者,Vex,棱彩,94,33,位面转移
愁云使者,Vex,黄金,95,38,炽烈黎明
愁云使者,Vex,黄金,96,39,生机迸发
愁云使者,Vex,白银,97,25,强力护盾
愁云使者,Vex,棱彩,98,34,扳机炼狱
愁云使者,Vex,棱彩,99,35,夺金
愁云使者,Vex,黄金,100,40,神圣干预
愁云使者,Vex,白银,101,26,冰寒
愁云使者,Vex,棱彩,102,36,秘术冲拳
愁云使者,Vex,棱彩,103,37,大招工具人
愁云使者,Vex,棱彩,104,38,男爵之手
愁云使者,Vex,白银,105,27,杀意翻涌
愁云使者,Vex,黄金,106,41,鲨鱼诱饵
愁云使者,Vex,棱彩,107,39,战争交响乐
愁云使者,Vex,棱彩,108,40,歌利亚巨人
愁云使者,Vex,白银,109,28,山脉龙魂
愁云使者,Vex,黄金,110,42,咏叹奏鸣
愁云使者,Vex,黄金,111,43,火上浇油
愁云使者,Vex,棱彩,112,41,电涌力场
愁云使者,Vex,白银,113,29,吵闹鬼
愁云使者,Vex,棱彩,114,42,物法皆修
愁云使者,Vex,黄金,115,44,藏身草丛
愁云使者,Vex,棱彩,116,43,飞升仪式
愁云使者,Vex,白银,117,30,快中求稳
愁云使者,Vex,棱彩,118,44,魄罗蛮冲
愁云使者,Vex,黄金,119,45,过量延伸者
愁云使者,Vex,白银,120,31,点亮他们！
愁云使者,Vex,白银,121,32,转得我眩晕了
愁云使者,Vex,黄金,122,46,自然即是治愈
愁云使者,Vex,黄金,123,47,黎明使者的坚决
愁云使者,Vex,黄金,124,48,坦克引擎
愁云使者,Vex,黄金,125,49,更万用的瞄准镜
愁云使者,Vex,棱彩,126,45,软弹啪叽抓
愁云使者,Vex,白银,127,33,万用瞄准镜
愁云使者,Vex,黄金,128,50,缩小射线
愁云使者,Vex,白银,129,34,唯快不破
愁云使者,Vex,黄金,130,51,无尽大杀四方
愁云使者,Vex,白银,131,35,灵巧
愁云使者,Vex,棱彩,132,46,泰坦的坚决
愁云使者,Vex,棱彩,133,47,濒死悟道
愁云使者,Vex,黄金,134,52,豪猪
愁云使者,Vex,棱彩,135,48,全凭身法
愁云使者,Vex,黄金,136,53,我们的治疗
愁云使者,Vex,棱彩,137,49,最万用的瞄准镜
愁云使者,Vex,棱彩,138,50,至高天诺言
愁云使者,Vex,黄金,139,54,升级：耀光
愁云使者,Vex,黄金,140,55,星界躯体
愁云使者,Vex,棱彩,141,51,踢踏舞
愁云使者,Vex,黄金,142,56,高压锅
愁云使者,Vex,白银,143,36,重量级打击手
愁云使者,Vex,黄金,144,57,狂徒豪气
愁云使者,Vex,黄金,145,58,钢化你心
愁云使者,Vex,棱彩,146,52,风语者的祝福
愁云使者,Vex,白银,147,37,闪光弹
愁云使者,Vex,棱彩,148,53,灵魄炸弹
愁云使者,Vex,白银,149,38,闪闪现现
愁云使者,Vex,黄金,150,59,吸血习性
愁云使者,Vex,黄金,151,60,祖母的辣椒油
愁云使者,Vex,黄金,152,61,升级：雪球
愁云使者,Vex,黄金,153,62,活力焕发
愁云使者,Vex,白银,154,39,坚若磐石
愁云使者,Vex,黄金,155,63,魄罗爆破手
愁云使者,Vex,黄金,156,64,易损
愁云使者,Vex,黄金,157,65,灵魂虹吸
愁云使者,Vex,黄金,158,66,关键暴击
愁云使者,Vex,棱彩,159,54,量子计算
愁云使者,Vex,黄金,160,67,最终都市列车
愁云使者,Vex,白银,161,40,会心防御
愁云使者,Vex,棱彩,162,55,小丑学院
愁云使者,Vex,棱彩,163,56,死亡之环
愁云使者,Vex,黄金,164,68,雪球扭蛋机
愁云使者,Vex,黄金,165,69,暴击飞弹
愁云使者,Vex,黄金,166,70,快步
愁云使者,Vex,黄金,167,71,会心治疗
愁云使者,Vex,黄金,168,72,坚韧
愁云使者,Vex,白银,169,41,虹吸
愁云使者,Vex,白银,170,42,急救用具
愁云使者,Vex,棱彩,171,57,连拨击锤
愁云使者,Vex,黄金,172,73,暴击律动
愁云使者,Vex,棱彩,173,58,回响施放
愁云使者,Vex,白银,174,43,保持坚定
愁云使者,Vex,白银,175,44,魔法转物理
愁云使者,Vex,棱彩,176,59,双刀流
愁云使者,Vex,棱彩,177,60,蛋白粉奶昔
愁云使者,Vex,棱彩,178,61,卡皮巴拉空投
愁云使者,Vex,棱彩,179,62,魄罗之王的弹跳
愁云使者,Vex,白银,180,45,狂热者
愁云使者,Vex,白银,181,46,可靠武器
愁云使者,Vex,黄金,182,74,喂呜喂呜
愁云使者,Vex,白银,183,47,台风
愁云使者,Vex,白银,184,48,叠角龙
愁云使者,Vex,棱彩,185,63,咒语裂变
愁云使者,Vex,白银,186,49,自适应防护
皮城执法官,Vi,白银,1,1,重量级打击手
皮城执法官,Vi,棱彩,2,1,飞身踢
皮城执法官,Vi,黄金,3,1,坦克引擎
皮城执法官,Vi,黄金,4,2,穿针引线
皮城执法官,Vi,黄金,5,3,无尽大杀四方
皮城执法官,Vi,棱彩,6,2,全凭身法
皮城执法官,Vi,白银,7,2,渴血
皮城执法官,Vi,白银,8,3,大力
皮城执法官,Vi,黄金,9,4,钢化你心
皮城执法官,Vi,棱彩,10,3,歌利亚巨人
皮城执法官,Vi,黄金,11,5,星界躯体
皮城执法官,Vi,黄金,12,6,黎明使者的坚决
皮城执法官,Vi,黄金,13,7,夜狩
皮城执法官,Vi,棱彩,14,4,秘术冲拳
皮城执法官,Vi,黄金,15,8,升级：焚天
皮城执法官,Vi,黄金,16,9,连锁反应
皮城执法官,Vi,黄金,17,10,狂徒豪气
皮城执法官,Vi,黄金,18,11,贪欲束缚
皮城执法官,Vi,黄金,19,12,升级：无尽之刃
皮城执法官,Vi,黄金,20,13,质变：棱彩阶
皮城执法官,Vi,白银,21,4,升级：收集者
皮城执法官,Vi,棱彩,22,5,利刃华尔兹
皮城执法官,Vi,棱彩,23,6,最终形态
皮城执法官,Vi,棱彩,24,7,巨像的勇气
皮城执法官,Vi,白银,25,5,扇巴掌
皮城执法官,Vi,黄金,26,14,吞噬灵魂
皮城执法官,Vi,棱彩,27,8,飞升仪式
皮城执法官,Vi,白银,28,6,虹吸
皮城执法官,Vi,黄金,29,15,罪恶快感
皮城执法官,Vi,黄金,30,16,高压锅
皮城执法官,Vi,白银,31,7,快中求稳
皮城执法官,Vi,黄金,32,17,急速之追求
皮城执法官,Vi,白银,33,8,质变：黄金阶
皮城执法官,Vi,白银,34,9,逃跑计划
皮城执法官,Vi,黄金,35,18,不动如山
皮城执法官,Vi,棱彩,36,9,和我一起困在这里
皮城执法官,Vi,黄金,37,19,面包和黄油
皮城执法官,Vi,黄金,38,20,循环往复
皮城执法官,Vi,棱彩,39,10,大地苏醒
皮城执法官,Vi,棱彩,40,11,吃过路兵
皮城执法官,Vi,白银,41,10,升级：献祭
皮城执法官,Vi,白银,42,11,暗影疾奔
皮城执法官,Vi,黄金,43,21,生机迸发
皮城执法官,Vi,白银,44,12,升级：死亡之舞
皮城执法官,Vi,黄金,45,22,虚幻武器
皮城执法官,Vi,棱彩,46,12,艾卡西亚的陷落
皮城执法官,Vi,棱彩,47,13,双刀流
皮城执法官,Vi,棱彩,48,14,终极九头蛇
皮城执法官,Vi,棱彩,49,15,掷骰狂人
皮城执法官,Vi,棱彩,50,16,连拨击锤
皮城执法官,Vi,白银,51,13,灵巧
皮城执法官,Vi,棱彩,52,17,扳机炼狱
皮城执法官,Vi,黄金,53,23,心灵净化
皮城执法官,Vi,黄金,54,24,自然即是治愈
皮城执法官,Vi,黄金,55,25,升级：贪欲九头蛇
皮城执法官,Vi,白银,56,14,魔法转物理
皮城执法官,Vi,黄金,57,26,威能之追求
皮城执法官,Vi,棱彩,58,18,终极刷新
皮城执法官,Vi,棱彩,59,19,终极唤醒
皮城执法官,Vi,黄金,60,27,灵魂虹吸
皮城执法官,Vi,棱彩,61,20,你摸不到
皮城执法官,Vi,黄金,62,28,关键暴击
皮城执法官,Vi,棱彩,63,21,珠光护手
皮城执法官,Vi,黄金,64,29,杀戮时间到了
皮城执法官,Vi,白银,65,15,终极不可阻挡
皮城执法官,Vi,白银,66,16,练腿日
皮城执法官,Vi,棱彩,67,22,战争交响乐
皮城执法官,Vi,黄金,68,30,牙仙子
皮城执法官,Vi,棱彩,69,23,史上最大雪球
皮城执法官,Vi,黄金,70,31,闪现向前
皮城执法官,Vi,棱彩,71,24,濒死悟道
皮城执法官,Vi,黄金,72,32,易损
皮城执法官,Vi,黄金,73,33,我们的治疗
皮城执法官,Vi,黄金,74,34,捐赠
皮城执法官,Vi,白银,75,17,大师铸就
皮城执法官,Vi,黄金,76,35,面包和奶酪
皮城执法官,Vi,棱彩,77,25,质变：混沌
皮城执法官,Vi,白银,78,18,会心防御
皮城执法官,Vi,白银,79,19,别停止引导
皮城执法官,Vi,黄金,80,36,属性叠属性！
皮城执法官,Vi,黄金,81,37,冰雪爆裂
皮城执法官,Vi,白银,82,20,台风
皮城执法官,Vi,棱彩,83,26,双发快射
皮城执法官,Vi,黄金,84,38,弹球
皮城执法官,Vi,棱彩,85,27,回归基本功
皮城执法官,Vi,黄金,86,39,缩小引擎
皮城执法官,Vi,白银,87,21,俯冲轰炸
皮城执法官,Vi,黄金,88,40,更万用的瞄准镜
皮城执法官,Vi,白银,89,22,下雪天
皮城执法官,Vi,黄金,90,41,尖端发明家
皮城执法官,Vi,黄金,91,42,神圣干预
皮城执法官,Vi,棱彩,92,28,潘朵拉的盒子
皮城执法官,Vi,黄金,93,43,有始有终
皮城执法官,Vi,棱彩,94,29,软弹啪叽抓
皮城执法官,Vi,白银,95,23,炼狱龙魂
皮城执法官,Vi,白银,96,24,海洋龙魂
皮城执法官,Vi,棱彩,97,30,科学狂人
皮城执法官,Vi,黄金,98,44,豪猪
皮城执法官,Vi,棱彩,99,31,泰坦的坚决
皮城执法官,Vi,棱彩,100,32,神圣雪球
皮城执法官,Vi,黄金,101,45,升级：耀光
皮城执法官,Vi,黄金,102,46,缩小射线
皮城执法官,Vi,黄金,103,47,轻拍背部
皮城执法官,Vi,棱彩,104,33,无限循环往复
皮城执法官,Vi,黄金,105,48,鲨鱼暴风
皮城执法官,Vi,白银,106,25,杀意翻涌
皮城执法官,Vi,白银,107,26,侵蚀
皮城执法官,Vi,白银,108,27,由暴生急
皮城执法官,Vi,棱彩,109,34,海牛阿福的勇士
皮城执法官,Vi,白银,110,28,万用瞄准镜
皮城执法官,Vi,白银,111,29,属性！
皮城执法官,Vi,棱彩,112,35,巨人杀手
皮城执法官,Vi,黄金,113,49,火上浇油
皮城执法官,Vi,棱彩,114,36,位面转移
皮城执法官,Vi,黄金,115,50,过量延伸者
皮城执法官,Vi,黄金,116,51,暴击律动
皮城执法官,Vi,黄金,117,52,哎哟，我的硬币！
皮城执法官,Vi,棱彩,118,37,最万用的瞄准镜
皮城执法官,Vi,棱彩,119,38,大法师
皮城执法官,Vi,白银,120,30,防护面纱
皮城执法官,Vi,白银,121,31,家园卫士
皮城执法官,Vi,黄金,122,53,暴击飞弹
皮城执法官,Vi,白银,123,32,狂热者
皮城执法官,Vi,棱彩,124,39,全能龙魂
皮城执法官,Vi,白银,125,33,山脉龙魂
皮城执法官,Vi,白银,126,34,海克斯科技龙魂
皮城执法官,Vi,棱彩,127,40,精怪魔法
皮城执法官,Vi,棱彩,128,41,属性叠属性叠属性！
皮城执法官,Vi,棱彩,129,42,尊我为王
皮城执法官,Vi,棱彩,130,43,舞会女王
皮城执法官,Vi,黄金,131,54,鲨鱼诱饵
皮城执法官,Vi,棱彩,132,44,大招工具人
皮城执法官,Vi,黄金,133,55,急急小子
皮城执法官,Vi,白银,134,35,双生火焰
皮城执法官,Vi,黄金,135,56,术士果汁盒
皮城执法官,Vi,白银,136,36,转得我眩晕了
皮城执法官,Vi,黄金,137,57,藏身草丛
皮城执法官,Vi,白银,138,37,由心及物
皮城执法官,Vi,棱彩,139,45,残忍
皮城执法官,Vi,白银,140,38,纯粹主义者 - 术师
皮城执法官,Vi,棱彩,141,46,夺金
皮城执法官,Vi,黄金,142,58,溢流
皮城执法官,Vi,黄金,143,59,咏叹奏鸣
皮城执法官,Vi,黄金,144,60,回力OK镖
皮城执法官,Vi,白银,145,39,火狐
皮城执法官,Vi,黄金,146,61,炽烈黎明
皮城执法官,Vi,棱彩,147,47,踢踏舞
皮城执法官,Vi,白银,148,40,注魔
皮城执法官,Vi,棱彩,149,48,魄罗蛮冲
皮城执法官,Vi,棱彩,150,49,电涌力场
皮城执法官,Vi,白银,151,41,点亮他们！
皮城执法官,Vi,棱彩,152,50,男爵之手
皮城执法官,Vi,白银,153,42,吵闹鬼
皮城执法官,Vi,白银,154,43,唯快不破
皮城执法官,Vi,黄金,155,62,魔法飞弹
皮城执法官,Vi,棱彩,156,51,炼狱导管
皮城执法官,Vi,白银,157,44,冰寒
皮城执法官,Vi,棱彩,158,52,至高天诺言
皮城执法官,Vi,棱彩,159,53,玻璃大炮
皮城执法官,Vi,棱彩,160,54,风语者的祝福
皮城执法官,Vi,白银,161,45,闪光弹
皮城执法官,Vi,白银,162,46,闪闪现现
皮城执法官,Vi,黄金,163,63,吸血习性
皮城执法官,Vi,棱彩,164,55,小丑学院
皮城执法官,Vi,黄金,165,64,会心治疗
皮城执法官,Vi,黄金,166,65,坚韧
皮城执法官,Vi,白银,167,47,强力护盾
皮城执法官,Vi,黄金,168,66,活力焕发
皮城执法官,Vi,棱彩,169,56,量子计算
皮城执法官,Vi,黄金,170,67,升级：雪球
皮城执法官,Vi,白银,171,48,坚若磐石
皮城执法官,Vi,黄金,172,68,最终都市列车
皮城执法官,Vi,白银,173,49,急救用具
皮城执法官,Vi,棱彩,174,57,灵魄炸弹
皮城执法官,Vi,黄金,175,69,雪球扭蛋机
皮城执法官,Vi,黄金,176,70,虚空冲刺
皮城执法官,Vi,棱彩,177,58,魄罗之王的弹跳
皮城执法官,Vi,棱彩,178,59,蛋白粉奶昔
皮城执法官,Vi,白银,179,50,叠角龙
皮城执法官,Vi,黄金,180,71,魄罗爆破手
皮城执法官,Vi,棱彩,181,60,卡皮巴拉空投
皮城执法官,Vi,棱彩,182,61,超负荷
破败之王,Viego,黄金,1,1,夜狩
破败之王,Viego,棱彩,2,1,最终形态
破败之王,Viego,黄金,3,2,升级：无尽之刃
破败之王,Viego,黄金,4,3,罪恶快感
破败之王,Viego,白银,5,1,升级：收集者
破败之王,Viego,白银,6,2,渴血
破败之王,Viego,白银,7,3,大力
破败之王,Viego,黄金,8,4,牙仙子
破败之王,Viego,棱彩,9,2,利刃华尔兹
破败之王,Viego,白银,10,4,暗影疾奔
破败之王,Viego,黄金,11,5,无尽大杀四方
破败之王,Viego,黄金,12,6,质变：棱彩阶
破败之王,Viego,棱彩,13,3,秘术冲拳
破败之王,Viego,黄金,14,7,灵魂虹吸
破败之王,Viego,黄金,15,8,杀戮时间到了
破败之王,Viego,棱彩,16,4,扳机炼狱
破败之王,Viego,棱彩,17,5,你摸不到
破败之王,Viego,棱彩,18,6,飞升仪式
破败之王,Viego,黄金,19,9,升级：焚天
破败之王,Viego,黄金,20,10,心灵净化
破败之王,Viego,白银,21,5,终极不可阻挡
破败之王,Viego,黄金,22,11,威能之追求
破败之王,Viego,黄金,23,12,黎明使者的坚决
破败之王,Viego,黄金,24,13,关键暴击
破败之王,Viego,棱彩,25,7,濒死悟道
破败之王,Viego,黄金,26,14,狂徒豪气
破败之王,Viego,棱彩,27,8,双刀流
破败之王,Viego,黄金,28,15,易损
破败之王,Viego,棱彩,29,9,双发快射
破败之王,Viego,棱彩,30,10,珠光护手
破败之王,Viego,棱彩,31,11,吃过路兵
破败之王,Viego,白银,32,6,魔法转物理
破败之王,Viego,黄金,33,16,穿针引线
破败之王,Viego,白银,34,7,逃跑计划
破败之王,Viego,黄金,35,17,虚幻武器
破败之王,Viego,黄金,36,18,更万用的瞄准镜
破败之王,Viego,黄金,37,19,捐赠
破败之王,Viego,白银,38,8,升级：死亡之舞
破败之王,Viego,白银,39,9,会心防御
破败之王,Viego,黄金,40,20,属性叠属性！
破败之王,Viego,棱彩,41,12,质变：混沌
破败之王,Viego,棱彩,42,13,掷骰狂人
破败之王,Viego,棱彩,43,14,巨人杀手
破败之王,Viego,黄金,44,21,暴击飞弹
破败之王,Viego,黄金,45,22,有始有终
破败之王,Viego,棱彩,46,15,全凭身法
破败之王,Viego,白银,47,10,虹吸
破败之王,Viego,白银,48,11,质变：黄金阶
破败之王,Viego,黄金,49,23,升级：贪欲九头蛇
破败之王,Viego,黄金,50,24,急速之追求
破败之王,Viego,棱彩,51,16,精怪魔法
破败之王,Viego,黄金,52,25,自然即是治愈
破败之王,Viego,白银,53,12,杀意翻涌
破败之王,Viego,棱彩,54,17,终极唤醒
破败之王,Viego,黄金,55,26,缩小引擎
破败之王,Viego,黄金,56,27,生机迸发
破败之王,Viego,黄金,57,28,闪现向前
破败之王,Viego,黄金,58,29,藏身草丛
破败之王,Viego,白银,59,13,灵巧
破败之王,Viego,棱彩,60,18,飞身踢
破败之王,Viego,黄金,61,30,我们的治疗
破败之王,Viego,黄金,62,31,面包和黄油
破败之王,Viego,棱彩,63,19,史上最大雪球
破败之王,Viego,棱彩,64,20,和我一起困在这里
破败之王,Viego,黄金,65,32,循环往复
破败之王,Viego,白银,66,14,台风
破败之王,Viego,黄金,67,33,暴击律动
破败之王,Viego,棱彩,68,21,连拨击锤
破败之王,Viego,棱彩,69,22,潘朵拉的盒子
破败之王,Viego,棱彩,70,23,踢踏舞
破败之王,Viego,白银,71,15,自适应防护
破败之王,Viego,棱彩,72,24,战争交响乐
破败之王,Viego,白银,73,16,练腿日
破败之王,Viego,黄金,74,34,弹球
破败之王,Viego,黄金,75,35,冰雪爆裂
破败之王,Viego,棱彩,76,25,最万用的瞄准镜
破败之王,Viego,白银,77,17,大师铸就
破败之王,Viego,白银,78,18,快中求稳
破败之王,Viego,棱彩,79,26,海牛阿福的勇士
破败之王,Viego,白银,80,19,万用瞄准镜
破败之王,Viego,棱彩,81,27,终极九头蛇
破败之王,Viego,棱彩,82,28,歌利亚巨人
破败之王,Viego,棱彩,83,29,终极刷新
破败之王,Viego,黄金,84,36,缩小射线
破败之王,Viego,黄金,85,37,神圣干预
破败之王,Viego,棱彩,86,30,神圣雪球
破败之王,Viego,黄金,87,38,火上浇油
破败之王,Viego,棱彩,88,31,科学狂人
破败之王,Viego,黄金,89,39,面包和果酱
破败之王,Viego,白银,90,20,由暴生急
破败之王,Viego,白银,91,21,狂热者
破败之王,Viego,黄金,92,40,术士果汁盒
破败之王,Viego,黄金,93,41,鲨鱼暴风
破败之王,Viego,棱彩,94,32,尊我为王
破败之王,Viego,黄金,95,42,哎哟，我的硬币！
破败之王,Viego,棱彩,96,33,位面转移
破败之王,Viego,白银,97,22,炼狱龙魂
破败之王,Viego,黄金,98,43,升级：耀光
破败之王,Viego,黄金,99,44,吞噬灵魂
破败之王,Viego,白银,100,23,俯冲轰炸
破败之王,Viego,黄金,101,45,面包和奶酪
破败之王,Viego,黄金,102,46,坦克引擎
破败之王,Viego,白银,103,24,防护面纱
破败之王,Viego,棱彩,104,34,全能龙魂
破败之王,Viego,白银,105,25,下雪天
破败之王,Viego,棱彩,106,35,属性叠属性叠属性！
破败之王,Viego,黄金,107,47,尖端发明家
破败之王,Viego,黄金,108,48,鲨鱼诱饵
破败之王,Viego,棱彩,109,36,软弹啪叽抓
破败之王,Viego,黄金,110,49,过量延伸者
破败之王,Viego,棱彩,111,37,泰坦的坚决
破败之王,Viego,棱彩,112,38,巨像的勇气
破败之王,Viego,黄金,113,50,不动如山
破败之王,Viego,白银,114,26,侵蚀
破败之王,Viego,棱彩,115,39,大招工具人
破败之王,Viego,棱彩,116,40,无限循环往复
破败之王,Viego,棱彩,117,41,电涌力场
破败之王,Viego,白银,118,27,家园卫士
破败之王,Viego,白银,119,28,属性！
破败之王,Viego,黄金,120,51,钢化你心
破败之王,Viego,黄金,121,52,星界躯体
破败之王,Viego,棱彩,122,42,夺金
破败之王,Viego,白银,123,29,重量级打击手
破败之王,Viego,棱彩,124,43,大地苏醒
破败之王,Viego,棱彩,125,44,大法师
破败之王,Viego,白银,126,30,双生火焰
破败之王,Viego,白银,127,31,扇巴掌
破败之王,Viego,黄金,128,53,轻拍背部
破败之王,Viego,黄金,129,54,炽烈黎明
破败之王,Viego,白银,130,32,海克斯科技龙魂
破败之王,Viego,黄金,131,55,豪猪
破败之王,Viego,黄金,132,56,回力OK镖
破败之王,Viego,棱彩,133,45,舞会女王
破败之王,Viego,棱彩,134,46,男爵之手
破败之王,Viego,白银,135,33,点亮他们！
破败之王,Viego,黄金,136,57,咏叹奏鸣
破败之王,Viego,白银,137,34,唯快不破
破败之王,Viego,棱彩,138,47,回归基本功
破败之王,Viego,白银,139,35,山脉龙魂
破败之王,Viego,黄金,140,58,急急小子
破败之王,Viego,白银,141,36,别停止引导
破败之王,Viego,黄金,142,59,魔法飞弹
破败之王,Viego,棱彩,143,48,空投熊
破败之王,Viego,棱彩,144,49,魄罗蛮冲
破败之王,Viego,白银,145,37,海洋龙魂
破败之王,Viego,棱彩,146,50,玻璃大炮
破败之王,Viego,棱彩,147,51,死亡之环
破败之王,Viego,黄金,148,60,高压锅
破败之王,Viego,白银,149,38,火狐
破败之王,Viego,白银,150,39,吵闹鬼
破败之王,Viego,黄金,151,61,吸血习性
破败之王,Viego,棱彩,152,52,艾卡西亚的陷落
破败之王,Viego,白银,153,40,纯粹主义者 - 术师
破败之王,Viego,棱彩,154,53,炼狱导管
破败之王,Viego,棱彩,155,54,风语者的祝福
破败之王,Viego,白银,156,41,闪闪现现
破败之王,Viego,白银,157,42,闪光弹
破败之王,Viego,棱彩,158,55,小丑学院
破败之王,Viego,白银,159,43,冰寒
破败之王,Viego,白银,160,44,升级：献祭
破败之王,Viego,黄金,161,62,活力焕发
破败之王,Viego,黄金,162,63,会心治疗
破败之王,Viego,棱彩,163,56,量子计算
破败之王,Viego,黄金,164,64,升级：雪球
破败之王,Viego,黄金,165,65,最终都市列车
破败之王,Viego,棱彩,166,57,超负荷
破败之王,Viego,黄金,167,66,雪球扭蛋机
破败之王,Viego,黄金,168,67,魄罗爆破手
破败之王,Viego,白银,169,45,坚若磐石
破败之王,Viego,黄金,170,68,坚韧
破败之王,Viego,棱彩,171,58,至高天诺言
破败之王,Viego,棱彩,172,59,魄罗之王的弹跳
破败之王,Viego,黄金,173,69,连锁反应
破败之王,Viego,棱彩,174,60,你肩上的恶魔
破败之王,Viego,黄金,175,70,虚空冲刺
破败之王,Viego,棱彩,176,61,灵魄炸弹
破败之王,Viego,棱彩,177,62,升级：花晓之剑
奥术先驱,Viktor,黄金,1,1,魔法飞弹
奥术先驱,Viktor,黄金,2,2,术士果汁盒
奥术先驱,Viktor,棱彩,3,1,尤里卡
奥术先驱,Viktor,黄金,4,3,超凡邪恶
奥术先驱,Viktor,白银,5,1,巫师式思考
奥术先驱,Viktor,棱彩,6,2,炼狱导管
奥术先驱,Viktor,黄金,7,4,老练狙神
奥术先驱,Viktor,黄金,8,5,神射法师
奥术先驱,Viktor,棱彩,9,3,大法师
奥术先驱,Viktor,白银,10,2,升级：中娅
奥术先驱,Viktor,白银,11,3,纯粹主义者 - 术师
奥术先驱,Viktor,棱彩,12,4,无限循环往复
奥术先驱,Viktor,黄金,13,6,急急小子
奥术先驱,Viktor,黄金,14,7,超强大脑
奥术先驱,Viktor,棱彩,15,5,沃格勒特的巫师帽
奥术先驱,Viktor,白银,16,4,冰寒
奥术先驱,Viktor,黄金,17,8,质变：棱彩阶
奥术先驱,Viktor,黄金,18,9,急速之追求
奥术先驱,Viktor,棱彩,19,6,掷骰狂人
奥术先驱,Viktor,黄金,20,10,虚幻武器
奥术先驱,Viktor,白银,21,5,由心及物
奥术先驱,Viktor,黄金,22,11,牙仙子
奥术先驱,Viktor,黄金,23,12,循环往复
奥术先驱,Viktor,黄金,24,13,狙神飞星
奥术先驱,Viktor,棱彩,25,7,精怪魔法
奥术先驱,Viktor,黄金,26,14,缩小引擎
奥术先驱,Viktor,棱彩,27,8,超负荷
奥术先驱,Viktor,黄金,28,15,威能之追求
奥术先驱,Viktor,黄金,29,16,面包和奶酪
奥术先驱,Viktor,白银,30,6,双生火焰
奥术先驱,Viktor,白银,31,7,质变：黄金阶
奥术先驱,Viktor,棱彩,32,9,珠光护手
奥术先驱,Viktor,白银,33,8,家园卫士
奥术先驱,Viktor,黄金,34,17,杀戮时间到了
奥术先驱,Viktor,白银,35,9,物理转魔法
奥术先驱,Viktor,棱彩,36,10,终极唤醒
奥术先驱,Viktor,白银,37,10,海克斯科技龙魂
奥术先驱,Viktor,黄金,38,18,溢流
奥术先驱,Viktor,棱彩,39,11,不祥契约
奥术先驱,Viktor,黄金,40,19,炽燃利息
奥术先驱,Viktor,白银,41,11,渴血
奥术先驱,Viktor,白银,42,12,大师铸就
奥术先驱,Viktor,黄金,43,20,穿针引线
奥术先驱,Viktor,棱彩,44,12,巨人杀手
奥术先驱,Viktor,白银,45,13,炼狱龙魂
奥术先驱,Viktor,白银,46,14,侵蚀
奥术先驱,Viktor,棱彩,47,13,质变：混沌
奥术先驱,Viktor,白银,48,15,海洋龙魂
奥术先驱,Viktor,棱彩,49,14,回归基本功
奥术先驱,Viktor,黄金,50,21,有始有终
奥术先驱,Viktor,黄金,51,22,面包和黄油
奥术先驱,Viktor,黄金,52,23,回力OK镖
奥术先驱,Viktor,白银,53,16,练腿日
奥术先驱,Viktor,黄金,54,24,捐赠
奥术先驱,Viktor,白银,55,17,火狐
奥术先驱,Viktor,黄金,56,25,属性叠属性！
奥术先驱,Viktor,白银,57,18,逃跑计划
奥术先驱,Viktor,棱彩,58,15,电涌力场
奥术先驱,Viktor,棱彩,59,16,科学狂人
奥术先驱,Viktor,棱彩,60,17,终极刷新
奥术先驱,Viktor,白银,61,19,注魔
奥术先驱,Viktor,棱彩,62,18,玻璃大炮
奥术先驱,Viktor,棱彩,63,19,潘朵拉的盒子
奥术先驱,Viktor,黄金,64,26,面包和果酱
奥术先驱,Viktor,棱彩,65,20,全能龙魂
奥术先驱,Viktor,黄金,66,27,升级：耀光
奥术先驱,Viktor,棱彩,67,21,你摸不到
奥术先驱,Viktor,白银,68,20,终极不可阻挡
奥术先驱,Viktor,白银,69,21,防护面纱
奥术先驱,Viktor,白银,70,22,扇巴掌
奥术先驱,Viktor,棱彩,71,22,夺金
奥术先驱,Viktor,棱彩,72,23,残忍
奥术先驱,Viktor,白银,73,23,属性！
奥术先驱,Viktor,黄金,74,28,心灵净化
奥术先驱,Viktor,棱彩,75,24,海牛阿福的勇士
奥术先驱,Viktor,棱彩,76,25,飞身踢
奥术先驱,Viktor,棱彩,77,26,属性叠属性叠属性！
奥术先驱,Viktor,棱彩,78,27,史上最大雪球
奥术先驱,Viktor,黄金,79,29,尖端发明家
奥术先驱,Viktor,黄金,80,30,哎哟，我的硬币！
奥术先驱,Viktor,黄金,81,31,轻拍背部
奥术先驱,Viktor,黄金,82,32,炽烈黎明
奥术先驱,Viktor,白银,83,24,吵闹鬼
奥术先驱,Viktor,棱彩,84,28,秘术冲拳
奥术先驱,Viktor,棱彩,85,29,大招工具人
奥术先驱,Viktor,棱彩,86,30,男爵之手
奥术先驱,Viktor,棱彩,87,31,最终形态
奥术先驱,Viktor,棱彩,88,32,尊我为王
奥术先驱,Viktor,黄金,89,33,坦克引擎
奥术先驱,Viktor,黄金,90,34,闪现向前
奥术先驱,Viktor,白银,91,25,唯快不破
奥术先驱,Viktor,白银,92,26,山脉龙魂
奥术先驱,Viktor,黄金,93,35,咏叹奏鸣
奥术先驱,Viktor,黄金,94,36,生机迸发
奥术先驱,Viktor,黄金,95,37,神圣干预
奥术先驱,Viktor,白银,96,27,杀意翻涌
奥术先驱,Viktor,黄金,97,38,火上浇油
奥术先驱,Viktor,黄金,98,39,夜狩
奥术先驱,Viktor,棱彩,99,33,歌利亚巨人
奥术先驱,Viktor,棱彩,100,34,空投熊
奥术先驱,Viktor,棱彩,101,35,吃过路兵
奥术先驱,Viktor,黄金,102,40,不动如山
奥术先驱,Viktor,黄金,103,41,缩小射线
奥术先驱,Viktor,黄金,104,42,鲨鱼暴风
奥术先驱,Viktor,黄金,105,43,自然即是治愈
奥术先驱,Viktor,黄金,106,44,吞噬灵魂
奥术先驱,Viktor,白银,107,28,俯冲轰炸
奥术先驱,Viktor,黄金,108,45,黎明使者的坚决
奥术先驱,Viktor,棱彩,109,36,扳机炼狱
奥术先驱,Viktor,棱彩,110,37,物法皆修
奥术先驱,Viktor,黄金,111,46,罪恶快感
奥术先驱,Viktor,棱彩,112,38,巨像的勇气
奥术先驱,Viktor,黄金,113,47,弹球
奥术先驱,Viktor,黄金,114,48,鲨鱼诱饵
奥术先驱,Viktor,黄金,115,49,更万用的瞄准镜
奥术先驱,Viktor,棱彩,116,39,魄罗蛮冲
奥术先驱,Viktor,白银,117,29,下雪天
奥术先驱,Viktor,白银,118,30,万用瞄准镜
奥术先驱,Viktor,黄金,119,50,藏身草丛
奥术先驱,Viktor,黄金,120,51,我们的治疗
奥术先驱,Viktor,黄金,121,52,冰雪爆裂
奥术先驱,Viktor,棱彩,122,40,神圣雪球
奥术先驱,Viktor,白银,123,31,转得我眩晕了
奥术先驱,Viktor,白银,124,32,灵巧
奥术先驱,Viktor,棱彩,125,41,泰坦的坚决
奥术先驱,Viktor,白银,126,33,点亮他们！
奥术先驱,Viktor,黄金,127,53,星界躯体
奥术先驱,Viktor,棱彩,128,42,最万用的瞄准镜
奥术先驱,Viktor,黄金,129,54,过量延伸者
奥术先驱,Viktor,棱彩,130,43,位面转移
奥术先驱,Viktor,棱彩,131,44,濒死悟道
奥术先驱,Viktor,棱彩,132,45,飞升仪式
奥术先驱,Viktor,黄金,133,55,钢化你心
奥术先驱,Viktor,白银,134,34,重量级打击手
奥术先驱,Viktor,黄金,135,56,豪猪
奥术先驱,Viktor,棱彩,136,46,踢踏舞
奥术先驱,Viktor,棱彩,137,47,利刃华尔兹
奥术先驱,Viktor,黄金,138,57,高压锅
奥术先驱,Viktor,棱彩,139,48,战争交响乐
奥术先驱,Viktor,棱彩,140,49,软弹啪叽抓
奥术先驱,Viktor,黄金,141,58,无尽大杀四方
奥术先驱,Viktor,黄金,142,59,吸血习性
奥术先驱,Viktor,黄金,143,60,祖母的辣椒油
奥术先驱,Viktor,黄金,144,61,易损
奥术先驱,Viktor,黄金,145,62,活力焕发
奥术先驱,Viktor,黄金,146,63,魄罗爆破手
奥术先驱,Viktor,黄金,147,64,关键暴击
奥术先驱,Viktor,白银,148,35,闪闪现现
奥术先驱,Viktor,黄金,149,65,灵魂虹吸
奥术先驱,Viktor,白银,150,36,会心防御
奥术先驱,Viktor,黄金,151,66,升级：雪球
奥术先驱,Viktor,黄金,152,67,暴击飞弹
奥术先驱,Viktor,白银,153,37,坚若磐石
奥术先驱,Viktor,黄金,154,68,雪球扭蛋机
奥术先驱,Viktor,棱彩,155,50,三重射击
奥术先驱,Viktor,黄金,156,69,坚韧
奥术先驱,Viktor,黄金,157,70,会心治疗
奥术先驱,Viktor,黄金,158,71,最终都市列车
奥术先驱,Viktor,白银,159,38,虹吸
奥术先驱,Viktor,棱彩,160,51,量子计算
奥术先驱,Viktor,棱彩,161,52,连拨击锤
奥术先驱,Viktor,白银,162,39,台风
奥术先驱,Viktor,棱彩,163,53,小丑学院
奥术先驱,Viktor,棱彩,164,54,双发快射
奥术先驱,Viktor,黄金,165,72,贪欲束缚
奥术先驱,Viktor,白银,166,40,可靠武器
奥术先驱,Viktor,白银,167,41,叠角龙
奥术先驱,Viktor,白银,168,42,强力护盾
奥术先驱,Viktor,黄金,169,73,暴击律动
奥术先驱,Viktor,白银,170,43,狂热者
奥术先驱,Viktor,黄金,171,74,喂呜喂呜
奥术先驱,Viktor,白银,172,44,急救用具
奥术先驱,Viktor,白银,173,45,闪光弹
奥术先驱,Viktor,棱彩,174,55,双刀流
奥术先驱,Viktor,棱彩,175,56,蛋白粉奶昔
猩红收割者,Vladimir,黄金,1,1,术士果汁盒
猩红收割者,Vladimir,棱彩,2,1,尤里卡
猩红收割者,Vladimir,白银,3,1,纯粹主义者 - 术师
猩红收割者,Vladimir,黄金,4,2,超凡邪恶
猩红收割者,Vladimir,黄金,5,3,急急小子
猩红收割者,Vladimir,白银,6,2,巫师式思考
猩红收割者,Vladimir,黄金,7,4,虚幻武器
猩红收割者,Vladimir,棱彩,8,2,炼狱导管
猩红收割者,Vladimir,棱彩,9,3,大法师
猩红收割者,Vladimir,棱彩,10,4,无限循环往复
猩红收割者,Vladimir,白银,11,3,升级：中娅
猩红收割者,Vladimir,棱彩,12,5,不祥契约
猩红收割者,Vladimir,黄金,13,5,循环往复
猩红收割者,Vladimir,黄金,14,6,质变：棱彩阶
猩红收割者,Vladimir,棱彩,15,6,回归基本功
猩红收割者,Vladimir,棱彩,16,7,沃格勒特的巫师帽
猩红收割者,Vladimir,黄金,17,7,急速之追求
猩红收割者,Vladimir,黄金,18,8,缩小引擎
猩红收割者,Vladimir,白银,19,4,渴血
猩红收割者,Vladimir,黄金,20,9,面包和果酱
猩红收割者,Vladimir,黄金,21,10,魔法飞弹
猩红收割者,Vladimir,黄金,22,11,牙仙子
猩红收割者,Vladimir,黄金,23,12,坦克引擎
猩红收割者,Vladimir,白银,24,5,质变：黄金阶
猩红收割者,Vladimir,黄金,25,13,杀戮时间到了
猩红收割者,Vladimir,黄金,26,14,面包和黄油
猩红收割者,Vladimir,白银,27,6,物理转魔法
猩红收割者,Vladimir,白银,28,7,练腿日
猩红收割者,Vladimir,黄金,29,15,超强大脑
猩红收割者,Vladimir,白银,30,8,保持坚定
猩红收割者,Vladimir,白银,31,9,逃跑计划
猩红收割者,Vladimir,棱彩,32,8,终极唤醒
猩红收割者,Vladimir,棱彩,33,9,掷骰狂人
猩红收割者,Vladimir,黄金,34,16,钢化你心
猩红收割者,Vladimir,黄金,35,17,星界躯体
猩红收割者,Vladimir,棱彩,36,10,歌利亚巨人
猩红收割者,Vladimir,黄金,37,18,属性叠属性！
猩红收割者,Vladimir,黄金,38,19,捐赠
猩红收割者,Vladimir,白银,39,10,火狐
猩红收割者,Vladimir,黄金,40,20,闪现向前
猩红收割者,Vladimir,棱彩,41,11,巨人杀手
猩红收割者,Vladimir,棱彩,42,12,科学狂人
猩红收割者,Vladimir,黄金,43,21,威能之追求
猩红收割者,Vladimir,棱彩,44,13,飞身踢
猩红收割者,Vladimir,棱彩,45,14,超负荷
猩红收割者,Vladimir,白银,46,11,冰寒
猩红收割者,Vladimir,黄金,47,22,穿针引线
猩红收割者,Vladimir,白银,48,12,别停止引导
猩红收割者,Vladimir,棱彩,49,15,质变：混沌
猩红收割者,Vladimir,黄金,50,23,面包和奶酪
猩红收割者,Vladimir,白银,51,13,大师铸就
猩红收割者,Vladimir,黄金,52,24,神射法师
猩红收割者,Vladimir,白银,53,14,家园卫士
猩红收割者,Vladimir,棱彩,54,16,珠光护手
猩红收割者,Vladimir,黄金,55,25,黎明使者的坚决
猩红收割者,Vladimir,棱彩,56,17,死亡之环
猩红收割者,Vladimir,白银,57,15,杀意翻涌
猩红收割者,Vladimir,白银,58,16,侵蚀
猩红收割者,Vladimir,白银,59,17,双生火焰
猩红收割者,Vladimir,白银,60,18,终极不可阻挡
猩红收割者,Vladimir,白银,61,19,海克斯科技龙魂
猩红收割者,Vladimir,棱彩,62,18,终极刷新
猩红收割者,Vladimir,白银,63,20,炼狱龙魂
猩红收割者,Vladimir,黄金,64,26,有始有终
猩红收割者,Vladimir,棱彩,65,19,潘朵拉的盒子
猩红收割者,Vladimir,黄金,66,27,我们的治疗
猩红收割者,Vladimir,黄金,67,28,高压锅
猩红收割者,Vladimir,白银,68,21,属性！
猩红收割者,Vladimir,黄金,69,29,尖端发明家
猩红收割者,Vladimir,黄金,70,30,生机迸发
猩红收割者,Vladimir,棱彩,71,20,精怪魔法
猩红收割者,Vladimir,白银,72,22,唯快不破
猩红收割者,Vladimir,白银,73,23,吵闹鬼
猩红收割者,Vladimir,棱彩,74,21,秘术冲拳
猩红收割者,Vladimir,黄金,75,31,轻拍背部
猩红收割者,Vladimir,棱彩,76,22,你摸不到
猩红收割者,Vladimir,棱彩,77,23,史上最大雪球
猩红收割者,Vladimir,黄金,78,32,夜狩
猩红收割者,Vladimir,黄金,79,33,心灵净化
猩红收割者,Vladimir,棱彩,80,24,最终形态
猩红收割者,Vladimir,黄金,81,34,自然即是治愈
猩红收割者,Vladimir,白银,82,24,下雪天
猩红收割者,Vladimir,黄金,83,35,弹球
猩红收割者,Vladimir,黄金,84,36,哎哟，我的硬币！
猩红收割者,Vladimir,白银,85,25,防护面纱
猩红收割者,Vladimir,棱彩,86,25,电涌力场
猩红收割者,Vladimir,白银,87,26,俯冲轰炸
猩红收割者,Vladimir,黄金,88,37,罪恶快感
猩红收割者,Vladimir,棱彩,89,26,尊我为王
猩红收割者,Vladimir,棱彩,90,27,泰坦的坚决
猩红收割者,Vladimir,黄金,91,38,冰雪爆裂
猩红收割者,Vladimir,黄金,92,39,无尽大杀四方
猩红收割者,Vladimir,棱彩,93,28,海牛阿福的勇士
猩红收割者,Vladimir,黄金,94,40,神圣干预
猩红收割者,Vladimir,棱彩,95,29,全能龙魂
猩红收割者,Vladimir,棱彩,96,30,属性叠属性叠属性！
猩红收割者,Vladimir,棱彩,97,31,吃过路兵
猩红收割者,Vladimir,棱彩,98,32,扳机炼狱
猩红收割者,Vladimir,白银,99,27,灵巧
猩红收割者,Vladimir,黄金,100,41,咏叹奏鸣
猩红收割者,Vladimir,棱彩,101,33,神圣雪球
猩红收割者,Vladimir,黄金,102,42,鲨鱼暴风
猩红收割者,Vladimir,棱彩,103,34,夺金
猩红收割者,Vladimir,棱彩,104,35,玻璃大炮
猩红收割者,Vladimir,白银,105,28,海洋龙魂
猩红收割者,Vladimir,黄金,106,43,炽烈黎明
猩红收割者,Vladimir,黄金,107,44,回力OK镖
猩红收割者,Vladimir,黄金,108,45,火上浇油
猩红收割者,Vladimir,黄金,109,46,过量延伸者
猩红收割者,Vladimir,黄金,110,47,鲨鱼诱饵
猩红收割者,Vladimir,黄金,111,48,豪猪
猩红收割者,Vladimir,白银,112,29,山脉龙魂
猩红收割者,Vladimir,棱彩,113,36,男爵之手
猩红收割者,Vladimir,棱彩,114,37,利刃华尔兹
猩红收割者,Vladimir,棱彩,115,38,飞升仪式
猩红收割者,Vladimir,棱彩,116,39,空投熊
猩红收割者,Vladimir,白银,117,30,重量级打击手
猩红收割者,Vladimir,棱彩,118,40,至高天诺言
猩红收割者,Vladimir,白银,119,31,转得我眩晕了
猩红收割者,Vladimir,棱彩,120,41,濒死悟道
猩红收割者,Vladimir,棱彩,121,42,风语者的祝福
猩红收割者,Vladimir,黄金,122,49,缩小射线
猩红收割者,Vladimir,棱彩,123,43,物法皆修
猩红收割者,Vladimir,黄金,124,50,藏身草丛
猩红收割者,Vladimir,棱彩,125,44,软弹啪叽抓
猩红收割者,Vladimir,棱彩,126,45,和我一起困在这里
猩红收割者,Vladimir,棱彩,127,46,踢踏舞
猩红收割者,Vladimir,白银,128,32,升级：献祭
猩红收割者,Vladimir,黄金,129,51,更万用的瞄准镜
猩红收割者,Vladimir,棱彩,130,47,魄罗蛮冲
猩红收割者,Vladimir,棱彩,131,48,位面转移
猩红收割者,Vladimir,黄金,132,52,升级：耀光
猩红收割者,Vladimir,白银,133,33,万用瞄准镜
猩红收割者,Vladimir,黄金,134,53,狙神飞星
猩红收割者,Vladimir,棱彩,135,49,战争交响乐
猩红收割者,Vladimir,黄金,136,54,会心治疗
猩红收割者,Vladimir,白银,137,34,点亮他们！
猩红收割者,Vladimir,棱彩,138,50,灵魄炸弹
猩红收割者,Vladimir,棱彩,139,51,舞会女王
猩红收割者,Vladimir,黄金,140,55,吸血习性
猩红收割者,Vladimir,棱彩,141,52,最万用的瞄准镜
猩红收割者,Vladimir,黄金,142,56,活力焕发
猩红收割者,Vladimir,白银,143,35,急救用具
猩红收割者,Vladimir,黄金,144,57,坚韧
猩红收割者,Vladimir,白银,145,36,闪闪现现
猩红收割者,Vladimir,白银,146,37,闪光弹
猩红收割者,Vladimir,黄金,147,58,祖母的辣椒油
猩红收割者,Vladimir,黄金,148,59,关键暴击
猩红收割者,Vladimir,棱彩,149,53,蛋白粉奶昔
猩红收割者,Vladimir,黄金,150,60,炽燃利息
猩红收割者,Vladimir,白银,151,38,会心防御
猩红收割者,Vladimir,白银,152,39,虹吸
猩红收割者,Vladimir,棱彩,153,54,量子计算
猩红收割者,Vladimir,黄金,154,61,灵魂虹吸
猩红收割者,Vladimir,黄金,155,62,易损
猩红收割者,Vladimir,黄金,156,63,升级：雪球
猩红收割者,Vladimir,白银,157,40,强力护盾
猩红收割者,Vladimir,黄金,158,64,雪球扭蛋机
猩红收割者,Vladimir,白银,159,41,狂热者
猩红收割者,Vladimir,棱彩,160,55,小丑学院
猩红收割者,Vladimir,黄金,161,65,最终都市列车
猩红收割者,Vladimir,黄金,162,66,快步
猩红收割者,Vladimir,白银,163,42,可靠武器
猩红收割者,Vladimir,白银,164,43,叠角龙
猩红收割者,Vladimir,棱彩,165,56,连拨击锤
猩红收割者,Vladimir,棱彩,166,57,激光治疗
猩红收割者,Vladimir,黄金,167,67,暴击飞弹
猩红收割者,Vladimir,棱彩,168,58,升级：花晓之剑
猩红收割者,Vladimir,黄金,169,68,魄罗爆破手
猩红收割者,Vladimir,棱彩,170,59,？？？
猩红收割者,Vladimir,棱彩,171,60,魄罗之王的弹跳
猩红收割者,Vladimir,棱彩,172,61,大招工具人
猩红收割者,Vladimir,白银,173,44,天音爆
猩红收割者,Vladimir,白银,174,45,台风
猩红收割者,Vladimir,棱彩,175,62,双刀流
猩红收割者,Vladimir,棱彩,176,63,卡皮巴拉空投
猩红收割者,Vladimir,棱彩,177,64,你肩上的恶魔
猩红收割者,Vladimir,白银,178,46,由暴生急
猩红收割者,Vladimir,棱彩,179,65,回响施放
不灭狂雷,Volibear,黄金,1,1,坦克引擎
不灭狂雷,Volibear,白银,2,1,重量级打击手
不灭狂雷,Volibear,黄金,3,2,星界躯体
不灭狂雷,Volibear,黄金,4,3,钢化你心
不灭狂雷,Volibear,棱彩,5,1,飞身踢
不灭狂雷,Volibear,黄金,6,4,黎明使者的坚决
不灭狂雷,Volibear,棱彩,7,2,歌利亚巨人
不灭狂雷,Volibear,白银,8,2,渴血
不灭狂雷,Volibear,棱彩,9,3,秘术冲拳
不灭狂雷,Volibear,黄金,10,5,无尽大杀四方
不灭狂雷,Volibear,黄金,11,6,升级：耀光
不灭狂雷,Volibear,黄金,12,7,高压锅
不灭狂雷,Volibear,棱彩,13,4,泰坦的坚决
不灭狂雷,Volibear,棱彩,14,5,最终形态
不灭狂雷,Volibear,黄金,15,8,贪欲束缚
不灭狂雷,Volibear,白银,16,3,升级：献祭
不灭狂雷,Volibear,黄金,17,9,质变：棱彩阶
不灭狂雷,Volibear,黄金,18,10,快步
不灭狂雷,Volibear,黄金,19,11,吞噬灵魂
不灭狂雷,Volibear,白银,20,4,大力
不灭狂雷,Volibear,黄金,21,12,罪恶快感
不灭狂雷,Volibear,黄金,22,13,不动如山
不灭狂雷,Volibear,白银,23,5,虹吸
不灭狂雷,Volibear,白银,24,6,扇巴掌
不灭狂雷,Volibear,黄金,25,14,自然即是治愈
不灭狂雷,Volibear,棱彩,26,6,巨像的勇气
不灭狂雷,Volibear,黄金,27,15,循环往复
不灭狂雷,Volibear,棱彩,28,7,艾卡西亚的陷落
不灭狂雷,Volibear,棱彩,29,8,战争交响乐
不灭狂雷,Volibear,白银,30,7,逃跑计划
不灭狂雷,Volibear,白银,31,8,练腿日
不灭狂雷,Volibear,棱彩,32,9,物法皆修
不灭狂雷,Volibear,白银,33,9,台风
不灭狂雷,Volibear,黄金,34,16,生机迸发
不灭狂雷,Volibear,棱彩,35,10,终极唤醒
不灭狂雷,Volibear,黄金,36,17,虚幻武器
不灭狂雷,Volibear,棱彩,37,11,全凭身法
不灭狂雷,Volibear,棱彩,38,12,双刀流
不灭狂雷,Volibear,白银,39,10,大师铸就
不灭狂雷,Volibear,棱彩,40,13,回归基本功
不灭狂雷,Volibear,棱彩,41,14,掷骰狂人
不灭狂雷,Volibear,棱彩,42,15,和我一起困在这里
不灭狂雷,Volibear,黄金,43,18,我们的治疗
不灭狂雷,Volibear,黄金,44,19,穿针引线
不灭狂雷,Volibear,黄金,45,20,心灵净化
不灭狂雷,Volibear,白银,46,11,质变：黄金阶
不灭狂雷,Volibear,黄金,47,21,面包和果酱
不灭狂雷,Volibear,黄金,48,22,术士果汁盒
不灭狂雷,Volibear,白银,49,12,终极不可阻挡
不灭狂雷,Volibear,白银,50,13,自适应防护
不灭狂雷,Volibear,棱彩,51,16,利刃华尔兹
不灭狂雷,Volibear,棱彩,52,17,超负荷
不灭狂雷,Volibear,白银,53,14,狂热者
不灭狂雷,Volibear,棱彩,54,18,飞升仪式
不灭狂雷,Volibear,棱彩,55,19,扳机炼狱
不灭狂雷,Volibear,白银,56,15,灵巧
不灭狂雷,Volibear,棱彩,57,20,濒死悟道
不灭狂雷,Volibear,黄金,58,23,升级：焚天
不灭狂雷,Volibear,黄金,59,24,急速之追求
不灭狂雷,Volibear,棱彩,60,21,吃过路兵
不灭狂雷,Volibear,黄金,61,25,面包和黄油
不灭狂雷,Volibear,黄金,62,26,豪猪
不灭狂雷,Volibear,棱彩,63,22,终极刷新
不灭狂雷,Volibear,黄金,64,27,杀戮时间到了
不灭狂雷,Volibear,黄金,65,28,更万用的瞄准镜
不灭狂雷,Volibear,黄金,66,29,狂徒豪气
不灭狂雷,Volibear,黄金,67,30,神射法师
不灭狂雷,Volibear,黄金,68,31,威能之追求
不灭狂雷,Volibear,白银,69,16,海洋龙魂
不灭狂雷,Volibear,黄金,70,32,尖端发明家
不灭狂雷,Volibear,白银,71,17,可靠武器
不灭狂雷,Volibear,黄金,72,33,夜狩
不灭狂雷,Volibear,白银,73,18,俯冲轰炸
不灭狂雷,Volibear,棱彩,74,23,软弹啪叽抓
不灭狂雷,Volibear,黄金,75,34,升级：贪欲九头蛇
不灭狂雷,Volibear,棱彩,76,24,质变：混沌
不灭狂雷,Volibear,黄金,77,35,轻拍背部
不灭狂雷,Volibear,黄金,78,36,属性叠属性！
不灭狂雷,Volibear,白银,79,19,魔法转物理
不灭狂雷,Volibear,黄金,80,37,捐赠
不灭狂雷,Volibear,黄金,81,38,面包和奶酪
不灭狂雷,Volibear,黄金,82,39,闪现向前
不灭狂雷,Volibear,棱彩,83,25,史上最大雪球
不灭狂雷,Volibear,黄金,84,40,神圣干预
不灭狂雷,Volibear,黄金,85,41,火上浇油
不灭狂雷,Volibear,棱彩,86,26,残忍
不灭狂雷,Volibear,白银,87,20,加固护盾
不灭狂雷,Volibear,白银,88,21,万用瞄准镜
不灭狂雷,Volibear,白银,89,22,杀意翻涌
不灭狂雷,Volibear,黄金,90,42,缩小引擎
不灭狂雷,Volibear,棱彩,91,27,科学狂人
不灭狂雷,Volibear,黄金,92,43,超凡邪恶
不灭狂雷,Volibear,棱彩,93,28,你摸不到
不灭狂雷,Volibear,棱彩,94,29,回响施放
不灭狂雷,Volibear,黄金,95,44,弹球
不灭狂雷,Volibear,白银,96,23,下雪天
不灭狂雷,Volibear,棱彩,97,30,大法师
不灭狂雷,Volibear,白银,98,24,由心及物
不灭狂雷,Volibear,黄金,99,45,缩小射线
不灭狂雷,Volibear,黄金,100,46,灵魂虹吸
不灭狂雷,Volibear,黄金,101,47,冰雪爆裂
不灭狂雷,Volibear,棱彩,102,31,潘朵拉的盒子
不灭狂雷,Volibear,棱彩,103,32,终极九头蛇
不灭狂雷,Volibear,白银,104,25,物理转魔法
不灭狂雷,Volibear,棱彩,105,33,无限循环往复
不灭狂雷,Volibear,白银,106,26,侵蚀
不灭狂雷,Volibear,棱彩,107,34,珠光护手
不灭狂雷,Volibear,白银,108,27,升级：死亡之舞
不灭狂雷,Volibear,棱彩,109,35,精怪魔法
不灭狂雷,Volibear,棱彩,110,36,最万用的瞄准镜
不灭狂雷,Volibear,白银,111,28,暗影疾奔
不灭狂雷,Volibear,棱彩,112,37,死亡之环
不灭狂雷,Volibear,白银,113,29,巫师式思考
不灭狂雷,Volibear,黄金,114,48,鲨鱼暴风
不灭狂雷,Volibear,白银,115,30,属性！
不灭狂雷,Volibear,白银,116,31,海克斯科技龙魂
不灭狂雷,Volibear,棱彩,117,38,空投熊
不灭狂雷,Volibear,棱彩,118,39,踢踏舞
不灭狂雷,Volibear,棱彩,119,40,连拨击锤
不灭狂雷,Volibear,棱彩,120,41,不祥契约
不灭狂雷,Volibear,白银,121,32,炼狱龙魂
不灭狂雷,Volibear,棱彩,122,42,海牛阿福的勇士
不灭狂雷,Volibear,黄金,123,49,急急小子
不灭狂雷,Volibear,棱彩,124,43,神圣雪球
不灭狂雷,Volibear,黄金,125,50,溢流
不灭狂雷,Volibear,白银,126,33,双生火焰
不灭狂雷,Volibear,白银,127,34,火狐
不灭狂雷,Volibear,白银,128,35,山脉龙魂
不灭狂雷,Volibear,黄金,129,51,鲨鱼诱饵
不灭狂雷,Volibear,棱彩,130,44,位面转移
不灭狂雷,Volibear,白银,131,36,快中求稳
不灭狂雷,Volibear,白银,132,37,家园卫士
不灭狂雷,Volibear,棱彩,133,45,全能龙魂
不灭狂雷,Volibear,黄金,134,52,易损
不灭狂雷,Volibear,白银,135,38,会心防御
不灭狂雷,Volibear,白银,136,39,转得我眩晕了
不灭狂雷,Volibear,黄金,137,53,升级：无尽之刃
不灭狂雷,Volibear,棱彩,138,46,尤里卡
不灭狂雷,Volibear,黄金,139,54,暴击律动
不灭狂雷,Volibear,黄金,140,55,哎哟，我的硬币！
不灭狂雷,Volibear,棱彩,141,47,舞会女王
不灭狂雷,Volibear,白银,142,40,强力护盾
不灭狂雷,Volibear,黄金,143,56,过量延伸者
不灭狂雷,Volibear,白银,144,41,防护面纱
不灭狂雷,Volibear,棱彩,145,48,尊我为王
不灭狂雷,Volibear,棱彩,146,49,属性叠属性叠属性！
不灭狂雷,Volibear,黄金,147,57,关键暴击
不灭狂雷,Volibear,白银,148,42,吵闹鬼
不灭狂雷,Volibear,黄金,149,58,咏叹奏鸣
不灭狂雷,Volibear,白银,150,43,冰寒
不灭狂雷,Volibear,黄金,151,59,超强大脑
不灭狂雷,Volibear,棱彩,152,50,双发快射
不灭狂雷,Volibear,黄金,153,60,牙仙子
不灭狂雷,Volibear,白银,154,44,注魔
不灭狂雷,Volibear,棱彩,155,51,巨人杀手
不灭狂雷,Volibear,白银,156,45,点亮他们！
不灭狂雷,Volibear,棱彩,157,52,大招工具人
不灭狂雷,Volibear,棱彩,158,53,大地苏醒
不灭狂雷,Volibear,白银,159,46,升级：收集者
不灭狂雷,Volibear,白银,160,47,纯粹主义者 - 术师
不灭狂雷,Volibear,黄金,161,61,炽烈黎明
不灭狂雷,Volibear,棱彩,162,54,风语者的祝福
不灭狂雷,Volibear,棱彩,163,55,沃格勒特的巫师帽
不灭狂雷,Volibear,黄金,164,62,有始有终
不灭狂雷,Volibear,棱彩,165,56,电涌力场
不灭狂雷,Volibear,棱彩,166,57,夺金
不灭狂雷,Volibear,黄金,167,63,回力OK镖
不灭狂雷,Volibear,白银,168,48,升级：中娅
不灭狂雷,Volibear,黄金,169,64,魔法飞弹
不灭狂雷,Volibear,棱彩,170,58,炼狱导管
不灭狂雷,Volibear,棱彩,171,59,至高天诺言
不灭狂雷,Volibear,白银,172,49,唯快不破
不灭狂雷,Volibear,棱彩,173,60,男爵之手
不灭狂雷,Volibear,白银,174,50,由暴生急
不灭狂雷,Volibear,黄金,175,65,藏身草丛
不灭狂雷,Volibear,棱彩,176,61,魄罗蛮冲
不灭狂雷,Volibear,黄金,177,66,坚韧
不灭狂雷,Volibear,黄金,178,67,狙神飞星
不灭狂雷,Volibear,黄金,179,68,会心治疗
不灭狂雷,Volibear,黄金,180,69,活力焕发
不灭狂雷,Volibear,棱彩,181,62,玻璃大炮
不灭狂雷,Volibear,棱彩,182,63,蛋白粉奶昔
不灭狂雷,Volibear,棱彩,183,64,灵魄炸弹
不灭狂雷,Volibear,白银,184,51,坚若磐石
不灭狂雷,Volibear,白银,185,52,闪光弹
不灭狂雷,Volibear,白银,186,53,急救用具
不灭狂雷,Volibear,黄金,187,70,吸血习性
不灭狂雷,Volibear,白银,188,54,闪闪现现
不灭狂雷,Volibear,黄金,189,71,祖母的辣椒油
不灭狂雷,Volibear,黄金,190,72,升级：雪球
不灭狂雷,Volibear,棱彩,191,65,量子计算
不灭狂雷,Volibear,黄金,192,73,雪球扭蛋机
不灭狂雷,Volibear,黄金,193,74,魄罗爆破手
不灭狂雷,Volibear,棱彩,194,66,魄罗之王的弹跳
不灭狂雷,Volibear,白银,195,55,叠角龙
不灭狂雷,Volibear,棱彩,196,67,小丑学院
不灭狂雷,Volibear,黄金,197,75,最终都市列车
不灭狂雷,Volibear,棱彩,198,68,你肩上的恶魔
不灭狂雷,Volibear,黄金,199,76,喂呜喂呜
不灭狂雷,Volibear,棱彩,200,69,激光治疗
不灭狂雷,Volibear,棱彩,201,70,升级：花晓之剑
不灭狂雷,Volibear,棱彩,202,71,信念者的强化
祖安怒兽,Warwick,白银,1,1,渴血
祖安怒兽,Warwick,黄金,2,1,坦克引擎
祖安怒兽,Warwick,棱彩,3,1,飞身踢
祖安怒兽,Warwick,白银,4,2,重量级打击手
祖安怒兽,Warwick,黄金,5,2,无尽大杀四方
祖安怒兽,Warwick,黄金,6,3,黎明使者的坚决
祖安怒兽,Warwick,黄金,7,4,钢化你心
祖安怒兽,Warwick,棱彩,8,2,秘术冲拳
祖安怒兽,Warwick,黄金,9,5,罪恶快感
祖安怒兽,Warwick,棱彩,10,3,歌利亚巨人
祖安怒兽,Warwick,黄金,11,6,星界躯体
祖安怒兽,Warwick,白银,12,3,大力
祖安怒兽,Warwick,黄金,13,7,升级：耀光
祖安怒兽,Warwick,棱彩,14,4,最终形态
祖安怒兽,Warwick,棱彩,15,5,战争交响乐
祖安怒兽,Warwick,黄金,16,8,升级：焚天
祖安怒兽,Warwick,白银,17,4,虹吸
祖安怒兽,Warwick,黄金,18,9,升级：贪欲九头蛇
祖安怒兽,Warwick,黄金,19,10,质变：棱彩阶
祖安怒兽,Warwick,棱彩,20,6,泰坦的坚决
祖安怒兽,Warwick,黄金,21,11,穿针引线
祖安怒兽,Warwick,黄金,22,12,高压锅
祖安怒兽,Warwick,黄金,23,13,小小的额外帮助
祖安怒兽,Warwick,棱彩,24,7,全凭身法
祖安怒兽,Warwick,黄金,25,14,活力焕发
祖安怒兽,Warwick,棱彩,26,8,利刃华尔兹
祖安怒兽,Warwick,黄金,27,15,威能之追求
祖安怒兽,Warwick,黄金,28,16,面包和黄油
祖安怒兽,Warwick,白银,29,5,台风
祖安怒兽,Warwick,棱彩,30,9,双刀流
祖安怒兽,Warwick,白银,31,6,灵巧
祖安怒兽,Warwick,黄金,32,17,更万用的瞄准镜
祖安怒兽,Warwick,白银,33,7,练腿日
祖安怒兽,Warwick,棱彩,34,10,濒死悟道
祖安怒兽,Warwick,白银,35,8,逃跑计划
祖安怒兽,Warwick,白银,36,9,升级：献祭
祖安怒兽,Warwick,棱彩,37,11,和我一起困在这里
祖安怒兽,Warwick,黄金,38,18,循环往复
祖安怒兽,Warwick,白银,39,10,杀意翻涌
祖安怒兽,Warwick,棱彩,40,12,艾卡西亚的陷落
祖安怒兽,Warwick,白银,41,11,大师铸就
祖安怒兽,Warwick,棱彩,42,13,终极九头蛇
祖安怒兽,Warwick,棱彩,43,14,掷骰狂人
祖安怒兽,Warwick,棱彩,44,15,死亡之环
祖安怒兽,Warwick,黄金,45,19,我们的治疗
祖安怒兽,Warwick,黄金,46,20,夜狩
祖安怒兽,Warwick,白银,47,12,终极不可阻挡
祖安怒兽,Warwick,黄金,48,21,自然即是治愈
祖安怒兽,Warwick,黄金,49,22,心灵净化
祖安怒兽,Warwick,黄金,50,23,灵魂虹吸
祖安怒兽,Warwick,棱彩,51,16,飞升仪式
祖安怒兽,Warwick,白银,52,13,质变：黄金阶
祖安怒兽,Warwick,棱彩,53,17,吃过路兵
祖安怒兽,Warwick,棱彩,54,18,终极刷新
祖安怒兽,Warwick,黄金,55,24,狂徒豪气
祖安怒兽,Warwick,棱彩,56,19,你摸不到
祖安怒兽,Warwick,白银,57,14,升级：死亡之舞
祖安怒兽,Warwick,黄金,58,25,生机迸发
祖安怒兽,Warwick,黄金,59,26,吞噬灵魂
祖安怒兽,Warwick,棱彩,60,20,终极唤醒
祖安怒兽,Warwick,黄金,61,27,火上浇油
祖安怒兽,Warwick,黄金,62,28,杀戮时间到了
祖安怒兽,Warwick,棱彩,63,21,回归基本功
祖安怒兽,Warwick,白银,64,15,魔法转物理
祖安怒兽,Warwick,黄金,65,29,虚幻武器
祖安怒兽,Warwick,黄金,66,30,不动如山
祖安怒兽,Warwick,黄金,67,31,缩小引擎
祖安怒兽,Warwick,白银,68,16,万用瞄准镜
祖安怒兽,Warwick,黄金,69,32,面包和奶酪
祖安怒兽,Warwick,黄金,70,33,属性叠属性！
祖安怒兽,Warwick,棱彩,71,22,质变：混沌
祖安怒兽,Warwick,白银,72,17,前进时间到
祖安怒兽,Warwick,黄金,73,34,闪现向前
祖安怒兽,Warwick,黄金,74,35,捐赠
祖安怒兽,Warwick,黄金,75,36,缩小射线
祖安怒兽,Warwick,黄金,76,37,豪猪
祖安怒兽,Warwick,黄金,77,38,术士果汁盒
祖安怒兽,Warwick,白银,78,18,海洋龙魂
祖安怒兽,Warwick,棱彩,79,23,最万用的瞄准镜
祖安怒兽,Warwick,棱彩,80,24,史上最大雪球
祖安怒兽,Warwick,黄金,81,39,轻拍背部
祖安怒兽,Warwick,黄金,82,40,尖端发明家
祖安怒兽,Warwick,白银,83,19,扇巴掌
祖安怒兽,Warwick,棱彩,84,25,踢踏舞
祖安怒兽,Warwick,棱彩,85,26,巨像的勇气
祖安怒兽,Warwick,黄金,86,41,弹球
祖安怒兽,Warwick,棱彩,87,27,软弹啪叽抓
祖安怒兽,Warwick,黄金,88,42,升级：无尽之刃
祖安怒兽,Warwick,黄金,89,43,冰雪爆裂
祖安怒兽,Warwick,黄金,90,44,神圣干预
祖安怒兽,Warwick,黄金,91,45,暴击律动
祖安怒兽,Warwick,白银,92,20,狂热者
祖安怒兽,Warwick,棱彩,93,28,珠光护手
祖安怒兽,Warwick,棱彩,94,29,潘朵拉的盒子
祖安怒兽,Warwick,棱彩,95,30,科学狂人
祖安怒兽,Warwick,白银,96,21,俯冲轰炸
祖安怒兽,Warwick,棱彩,97,31,连拨击锤
祖安怒兽,Warwick,棱彩,98,32,海牛阿福的勇士
祖安怒兽,Warwick,白银,99,22,下雪天
祖安怒兽,Warwick,棱彩,100,33,针插垫
祖安怒兽,Warwick,棱彩,101,34,无限循环往复
祖安怒兽,Warwick,白银,102,23,侵蚀
祖安怒兽,Warwick,黄金,103,46,关键暴击
祖安怒兽,Warwick,白银,104,24,家园卫士
祖安怒兽,Warwick,棱彩,105,35,巨人杀手
祖安怒兽,Warwick,白银,106,25,炼狱龙魂
祖安怒兽,Warwick,白银,107,26,暗影疾奔
祖安怒兽,Warwick,黄金,108,47,易损
祖安怒兽,Warwick,白银,109,27,升级：收集者
祖安怒兽,Warwick,棱彩,110,36,位面转移
祖安怒兽,Warwick,黄金,111,48,鲨鱼暴风
祖安怒兽,Warwick,黄金,112,49,牙仙子
祖安怒兽,Warwick,白银,113,28,快中求稳
祖安怒兽,Warwick,棱彩,114,37,神圣雪球
祖安怒兽,Warwick,黄金,115,50,神射法师
祖安怒兽,Warwick,白银,116,29,属性！
祖安怒兽,Warwick,棱彩,117,38,残忍
祖安怒兽,Warwick,棱彩,118,39,大地苏醒
祖安怒兽,Warwick,棱彩,119,40,大法师
祖安怒兽,Warwick,棱彩,120,41,双发快射
祖安怒兽,Warwick,白银,121,30,双生火焰
祖安怒兽,Warwick,白银,122,31,唯快不破
祖安怒兽,Warwick,棱彩,123,42,全能龙魂
祖安怒兽,Warwick,白银,124,32,火狐
祖安怒兽,Warwick,白银,125,33,防护面纱
祖安怒兽,Warwick,棱彩,126,43,尊我为王
祖安怒兽,Warwick,黄金,127,51,哎哟，我的硬币！
祖安怒兽,Warwick,棱彩,128,44,不祥契约
祖安怒兽,Warwick,黄金,129,52,过量延伸者
祖安怒兽,Warwick,棱彩,130,45,大招工具人
祖安怒兽,Warwick,棱彩,131,46,属性叠属性叠属性！
祖安怒兽,Warwick,白银,132,34,会心防御
祖安怒兽,Warwick,棱彩,133,47,舞会女王
祖安怒兽,Warwick,黄金,134,53,鲨鱼诱饵
祖安怒兽,Warwick,白银,135,35,海克斯科技龙魂
祖安怒兽,Warwick,白银,136,36,别停止引导
祖安怒兽,Warwick,白银,137,37,转得我眩晕了
祖安怒兽,Warwick,黄金,138,54,有始有终
祖安怒兽,Warwick,白银,139,38,由心及物
祖安怒兽,Warwick,白银,140,39,点亮他们！
祖安怒兽,Warwick,白银,141,40,物理转魔法
祖安怒兽,Warwick,白银,142,41,注魔
祖安怒兽,Warwick,黄金,143,55,急急小子
祖安怒兽,Warwick,白银,144,42,山脉龙魂
祖安怒兽,Warwick,棱彩,145,48,空投熊
祖安怒兽,Warwick,黄金,146,56,溢流
祖安怒兽,Warwick,黄金,147,57,咏叹奏鸣
祖安怒兽,Warwick,白银,148,43,吵闹鬼
祖安怒兽,Warwick,棱彩,149,49,风语者的祝福
祖安怒兽,Warwick,棱彩,150,50,夺金
祖安怒兽,Warwick,黄金,151,58,超凡邪恶
祖安怒兽,Warwick,黄金,152,59,回力OK镖
祖安怒兽,Warwick,白银,153,44,巫师式思考
祖安怒兽,Warwick,棱彩,154,51,电涌力场
祖安怒兽,Warwick,黄金,155,60,藏身草丛
祖安怒兽,Warwick,白银,156,45,纯粹主义者 - 术师
祖安怒兽,Warwick,黄金,157,61,炽烈黎明
祖安怒兽,Warwick,白银,158,46,由暴生急
祖安怒兽,Warwick,棱彩,159,52,魄罗蛮冲
祖安怒兽,Warwick,棱彩,160,53,男爵之手
祖安怒兽,Warwick,棱彩,161,54,至高天诺言
祖安怒兽,Warwick,黄金,162,62,吸血习性
祖安怒兽,Warwick,棱彩,163,55,尤里卡
祖安怒兽,Warwick,棱彩,164,56,沃格勒特的巫师帽
祖安怒兽,Warwick,黄金,165,63,会心治疗
祖安怒兽,Warwick,白银,166,47,冰寒
祖安怒兽,Warwick,黄金,167,64,超强大脑
祖安怒兽,Warwick,白银,168,48,升级：中娅
祖安怒兽,Warwick,棱彩,169,57,玻璃大炮
祖安怒兽,Warwick,黄金,170,65,坚韧
祖安怒兽,Warwick,白银,171,49,闪光弹
祖安怒兽,Warwick,白银,172,50,急救用具
祖安怒兽,Warwick,白银,173,51,闪闪现现
祖安怒兽,Warwick,棱彩,174,58,灵魄炸弹
祖安怒兽,Warwick,黄金,175,66,急速之追求
祖安怒兽,Warwick,棱彩,176,59,蛋白粉奶昔
祖安怒兽,Warwick,棱彩,177,60,物法皆修
祖安怒兽,Warwick,棱彩,178,61,量子计算
祖安怒兽,Warwick,白银,179,52,坚若磐石
祖安怒兽,Warwick,黄金,180,67,升级：雪球
祖安怒兽,Warwick,棱彩,181,62,小丑学院
祖安怒兽,Warwick,黄金,182,68,雪球扭蛋机
祖安怒兽,Warwick,黄金,183,69,祖母的辣椒油
祖安怒兽,Warwick,黄金,184,70,魄罗爆破手
祖安怒兽,Warwick,棱彩,185,63,魄罗之王的弹跳
祖安怒兽,Warwick,白银,186,53,强力护盾
祖安怒兽,Warwick,黄金,187,71,最终都市列车
祖安怒兽,Warwick,棱彩,188,64,？？？
祖安怒兽,Warwick,棱彩,189,65,扳机炼狱
祖安怒兽,Warwick,白银,190,54,自适应防护
逆羽,Xayah,黄金,1,1,暴击飞弹
逆羽,Xayah,黄金,2,2,升级：无尽之刃
逆羽,Xayah,棱彩,3,1,双刀流
逆羽,Xayah,黄金,4,3,更万用的瞄准镜
逆羽,Xayah,黄金,5,4,灵魂虹吸
逆羽,Xayah,白银,6,1,灵巧
逆羽,Xayah,黄金,7,5,暴击律动
逆羽,Xayah,棱彩,8,2,最万用的瞄准镜
逆羽,Xayah,棱彩,9,3,双发快射
逆羽,Xayah,白银,10,2,台风
逆羽,Xayah,棱彩,11,4,踢踏舞
逆羽,Xayah,棱彩,12,5,巨人杀手
逆羽,Xayah,白银,13,3,万用瞄准镜
逆羽,Xayah,棱彩,14,6,连拨击锤
逆羽,Xayah,黄金,15,6,小小的额外帮助
逆羽,Xayah,白银,16,4,点亮他们！
逆羽,Xayah,棱彩,17,7,珠光护手
逆羽,Xayah,白银,18,5,大力
逆羽,Xayah,棱彩,19,8,掷骰狂人
逆羽,Xayah,白银,20,6,升级：收集者
逆羽,Xayah,黄金,21,7,质变：棱彩阶
逆羽,Xayah,白银,22,7,会心防御
逆羽,Xayah,黄金,23,8,关键暴击
逆羽,Xayah,白银,24,8,由暴生急
逆羽,Xayah,棱彩,25,9,针插垫
逆羽,Xayah,黄金,26,9,罪恶快感
逆羽,Xayah,黄金,27,10,易损
逆羽,Xayah,黄金,28,11,火上浇油
逆羽,Xayah,白银,29,9,前进时间到
逆羽,Xayah,白银,30,10,质变：黄金阶
逆羽,Xayah,黄金,31,12,缩小引擎
逆羽,Xayah,白银,32,11,逃跑计划
逆羽,Xayah,棱彩,33,10,亮出你的剑
逆羽,Xayah,白银,34,12,魔法转物理
逆羽,Xayah,白银,35,13,练腿日
逆羽,Xayah,黄金,36,13,捐赠
逆羽,Xayah,白银,37,14,狂热者
逆羽,Xayah,白银,38,15,渴血
逆羽,Xayah,棱彩,39,11,秘术冲拳
逆羽,Xayah,棱彩,40,12,战争交响乐
逆羽,Xayah,黄金,41,14,穿针引线
逆羽,Xayah,黄金,42,15,面包和奶酪
逆羽,Xayah,黄金,43,16,缩小射线
逆羽,Xayah,黄金,44,17,快步
逆羽,Xayah,黄金,45,18,老练狙神
逆羽,Xayah,棱彩,46,13,终极刷新
逆羽,Xayah,黄金,47,19,面包和果酱
逆羽,Xayah,棱彩,48,14,质变：混沌
逆羽,Xayah,黄金,49,20,循环往复
逆羽,Xayah,黄金,50,21,闪现向前
逆羽,Xayah,棱彩,51,15,终极唤醒
逆羽,Xayah,白银,52,16,双生火焰
逆羽,Xayah,白银,53,17,家园卫士
逆羽,Xayah,黄金,54,22,属性叠属性！
逆羽,Xayah,黄金,55,23,虚幻武器
逆羽,Xayah,黄金,56,24,魔法飞弹
逆羽,Xayah,白银,57,18,大师铸就
逆羽,Xayah,黄金,58,25,牙仙子
逆羽,Xayah,棱彩,59,16,超负荷
逆羽,Xayah,棱彩,60,17,潘朵拉的盒子
逆羽,Xayah,白银,61,19,海克斯科技龙魂
逆羽,Xayah,黄金,62,26,夜狩
逆羽,Xayah,棱彩,63,18,海牛阿福的勇士
逆羽,Xayah,白银,64,20,侵蚀
逆羽,Xayah,黄金,65,27,面包和黄油
逆羽,Xayah,白银,66,21,防护面纱
逆羽,Xayah,白银,67,22,注魔
逆羽,Xayah,棱彩,68,19,飞身踢
逆羽,Xayah,白银,69,23,炼狱龙魂
逆羽,Xayah,白银,70,24,吵闹鬼
逆羽,Xayah,黄金,71,28,杀戮时间到了
逆羽,Xayah,黄金,72,29,狙神飞星
逆羽,Xayah,棱彩,73,20,回归基本功
逆羽,Xayah,黄金,74,30,有始有终
逆羽,Xayah,棱彩,75,21,科学狂人
逆羽,Xayah,棱彩,76,22,无限循环往复
逆羽,Xayah,黄金,77,31,升级：耀光
逆羽,Xayah,棱彩,78,23,全能龙魂
逆羽,Xayah,棱彩,79,24,大法师
逆羽,Xayah,棱彩,80,25,精怪魔法
逆羽,Xayah,黄金,81,32,术士果汁盒
逆羽,Xayah,棱彩,82,26,玻璃大炮
逆羽,Xayah,白银,83,25,唯快不破
逆羽,Xayah,棱彩,84,27,吃过路兵
逆羽,Xayah,棱彩,85,28,属性叠属性叠属性！
逆羽,Xayah,棱彩,86,29,终极九头蛇
逆羽,Xayah,黄金,87,33,心灵净化
逆羽,Xayah,黄金,88,34,生机迸发
逆羽,Xayah,白银,89,26,海洋龙魂
逆羽,Xayah,黄金,90,35,哎哟，我的硬币！
逆羽,Xayah,黄金,91,36,坦克引擎
逆羽,Xayah,黄金,92,37,回力OK镖
逆羽,Xayah,棱彩,93,30,扳机炼狱
逆羽,Xayah,棱彩,94,31,夺金
逆羽,Xayah,黄金,95,38,急急小子
逆羽,Xayah,棱彩,96,32,最终形态
逆羽,Xayah,白银,97,27,杀意翻涌
逆羽,Xayah,棱彩,98,33,尊我为王
逆羽,Xayah,白银,99,28,属性！
逆羽,Xayah,棱彩,100,34,大招工具人
逆羽,Xayah,黄金,101,39,神圣干预
逆羽,Xayah,黄金,102,40,轻拍背部
逆羽,Xayah,黄金,103,41,升级：贪欲九头蛇
逆羽,Xayah,白银,104,29,纯粹主义者 - 术师
逆羽,Xayah,棱彩,105,35,史上最大雪球
逆羽,Xayah,白银,106,30,终极不可阻挡
逆羽,Xayah,棱彩,107,36,利刃华尔兹
逆羽,Xayah,棱彩,108,37,你摸不到
逆羽,Xayah,黄金,109,42,黎明使者的坚决
逆羽,Xayah,棱彩,110,38,濒死悟道
逆羽,Xayah,白银,111,31,扇巴掌
逆羽,Xayah,黄金,112,43,咏叹奏鸣
逆羽,Xayah,棱彩,113,39,巨像的勇气
逆羽,Xayah,黄金,114,44,尖端发明家
逆羽,Xayah,棱彩,115,40,男爵之手
逆羽,Xayah,黄金,116,45,炽烈黎明
逆羽,Xayah,黄金,117,46,吞噬灵魂
逆羽,Xayah,棱彩,118,41,神圣雪球
逆羽,Xayah,白银,119,32,山脉龙魂
逆羽,Xayah,白银,120,33,火狐
逆羽,Xayah,棱彩,121,42,歌利亚巨人
逆羽,Xayah,白银,122,34,转得我眩晕了
逆羽,Xayah,黄金,123,47,我们的治疗
逆羽,Xayah,棱彩,124,43,飞升仪式
逆羽,Xayah,白银,125,35,重量级打击手
逆羽,Xayah,黄金,126,48,自然即是治愈
逆羽,Xayah,棱彩,127,44,电涌力场
逆羽,Xayah,黄金,128,49,不动如山
逆羽,Xayah,棱彩,129,45,和我一起困在这里
逆羽,Xayah,黄金,130,50,鲨鱼暴风
逆羽,Xayah,黄金,131,51,鲨鱼诱饵
逆羽,Xayah,黄金,132,52,星界躯体
逆羽,Xayah,棱彩,133,46,炼狱导管
逆羽,Xayah,棱彩,134,47,魄罗蛮冲
逆羽,Xayah,黄金,135,53,藏身草丛
逆羽,Xayah,黄金,136,54,冰雪爆裂
逆羽,Xayah,棱彩,137,48,泰坦的坚决
逆羽,Xayah,黄金,138,55,吸血习性
逆羽,Xayah,黄金,139,56,弹球
逆羽,Xayah,黄金,140,57,豪猪
逆羽,Xayah,黄金,141,58,过量延伸者
逆羽,Xayah,棱彩,142,49,位面转移
逆羽,Xayah,白银,143,36,俯冲轰炸
逆羽,Xayah,黄金,144,59,溢流
逆羽,Xayah,棱彩,145,50,软弹啪叽抓
逆羽,Xayah,黄金,146,60,钢化你心
逆羽,Xayah,黄金,147,61,超凡邪恶
逆羽,Xayah,白银,148,37,由心及物
逆羽,Xayah,白银,149,38,下雪天
逆羽,Xayah,白银,150,39,冰寒
逆羽,Xayah,黄金,151,62,高压锅
逆羽,Xayah,黄金,152,63,会心治疗
逆羽,Xayah,黄金,153,64,升级：焚天
逆羽,Xayah,棱彩,154,51,量子计算
逆羽,Xayah,黄金,155,65,活力焕发
逆羽,Xayah,棱彩,156,52,小丑学院
逆羽,Xayah,黄金,157,66,贪欲束缚
逆羽,Xayah,白银,158,40,闪闪现现
逆羽,Xayah,黄金,159,67,坚韧
逆羽,Xayah,棱彩,160,53,升级：花晓之剑
逆羽,Xayah,黄金,161,68,无尽大杀四方
逆羽,Xayah,黄金,162,69,最终都市列车
逆羽,Xayah,黄金,163,70,神射法师
逆羽,Xayah,白银,164,41,坚若磐石
逆羽,Xayah,黄金,165,71,雪球扭蛋机
逆羽,Xayah,黄金,166,72,魄罗爆破手
逆羽,Xayah,棱彩,167,54,舞会女王
逆羽,Xayah,黄金,168,73,喂呜喂呜
逆羽,Xayah,白银,169,42,急救用具
逆羽,Xayah,白银,170,43,天音爆
逆羽,Xayah,白银,171,44,巫师式思考
逆羽,Xayah,黄金,172,74,全心为你
逆羽,Xayah,白银,173,45,闪光弹
逆羽,Xayah,黄金,174,75,升级：雪球
逆羽,Xayah,棱彩,175,55,艾卡西亚的陷落
远古巫灵,Xerath,黄金,1,1,老练狙神
远古巫灵,Xerath,黄金,2,2,魔法飞弹
远古巫灵,Xerath,白银,3,1,巫师式思考
远古巫灵,Xerath,棱彩,4,1,尤里卡
远古巫灵,Xerath,黄金,5,3,超凡邪恶
远古巫灵,Xerath,黄金,6,4,狙神飞星
远古巫灵,Xerath,白银,7,2,纯粹主义者 - 术师
远古巫灵,Xerath,棱彩,8,2,大法师
远古巫灵,Xerath,黄金,9,5,术士果汁盒
远古巫灵,Xerath,棱彩,10,3,炼狱导管
远古巫灵,Xerath,棱彩,11,4,无限循环往复
远古巫灵,Xerath,棱彩,12,5,沃格勒特的巫师帽
远古巫灵,Xerath,白银,13,3,升级：中娅
远古巫灵,Xerath,黄金,14,6,质变：棱彩阶
远古巫灵,Xerath,棱彩,15,6,巨人杀手
远古巫灵,Xerath,黄金,16,7,超强大脑
远古巫灵,Xerath,黄金,17,8,急急小子
远古巫灵,Xerath,白银,18,4,双生火焰
远古巫灵,Xerath,棱彩,19,7,终极刷新
远古巫灵,Xerath,黄金,20,9,循环往复
远古巫灵,Xerath,黄金,21,10,有始有终
远古巫灵,Xerath,黄金,22,11,缩小引擎
远古巫灵,Xerath,白银,23,5,家园卫士
远古巫灵,Xerath,黄金,24,12,虚幻武器
远古巫灵,Xerath,棱彩,25,8,玻璃大炮
远古巫灵,Xerath,黄金,26,13,牙仙子
远古巫灵,Xerath,白银,27,6,质变：黄金阶
远古巫灵,Xerath,白银,28,7,海克斯科技龙魂
远古巫灵,Xerath,棱彩,29,9,珠光护手
远古巫灵,Xerath,黄金,30,14,威能之追求
远古巫灵,Xerath,白银,31,8,物理转魔法
远古巫灵,Xerath,黄金,32,15,急速之追求
远古巫灵,Xerath,黄金,33,16,穿针引线
远古巫灵,Xerath,黄金,34,17,杀戮时间到了
远古巫灵,Xerath,白银,35,9,冰寒
远古巫灵,Xerath,白银,36,10,炼狱龙魂
远古巫灵,Xerath,黄金,37,18,面包和黄油
远古巫灵,Xerath,白银,38,11,由心及物
远古巫灵,Xerath,白银,39,12,大师铸就
远古巫灵,Xerath,白银,40,13,海洋龙魂
远古巫灵,Xerath,黄金,41,19,回力OK镖
远古巫灵,Xerath,棱彩,42,10,掷骰狂人
远古巫灵,Xerath,黄金,43,20,捐赠
远古巫灵,Xerath,白银,44,14,练腿日
远古巫灵,Xerath,棱彩,45,11,咒语裂变
远古巫灵,Xerath,黄金,46,21,溢流
远古巫灵,Xerath,棱彩,47,12,终极唤醒
远古巫灵,Xerath,棱彩,48,13,质变：混沌
远古巫灵,Xerath,黄金,49,22,心灵净化
远古巫灵,Xerath,棱彩,50,14,多重射击
远古巫灵,Xerath,棱彩,51,15,回归基本功
远古巫灵,Xerath,棱彩,52,16,精怪魔法
远古巫灵,Xerath,黄金,53,23,面包和果酱
远古巫灵,Xerath,黄金,54,24,贪欲束缚
远古巫灵,Xerath,黄金,55,25,面包和奶酪
远古巫灵,Xerath,黄金,56,26,属性叠属性！
远古巫灵,Xerath,白银,57,15,别停止引导
远古巫灵,Xerath,白银,58,16,扇巴掌
远古巫灵,Xerath,白银,59,17,侵蚀
远古巫灵,Xerath,棱彩,60,17,不祥契约
远古巫灵,Xerath,棱彩,61,18,潘朵拉的盒子
远古巫灵,Xerath,棱彩,62,19,大招工具人
远古巫灵,Xerath,白银,63,18,渴血
远古巫灵,Xerath,白银,64,19,火狐
远古巫灵,Xerath,白银,65,20,逃跑计划
远古巫灵,Xerath,白银,66,21,属性！
远古巫灵,Xerath,白银,67,22,防护面纱
远古巫灵,Xerath,棱彩,68,20,全能龙魂
远古巫灵,Xerath,棱彩,69,21,科学狂人
远古巫灵,Xerath,白银,70,23,注魔
远古巫灵,Xerath,棱彩,71,22,夺金
远古巫灵,Xerath,棱彩,72,23,残忍
远古巫灵,Xerath,棱彩,73,24,电涌力场
远古巫灵,Xerath,黄金,74,27,尖端发明家
远古巫灵,Xerath,黄金,75,28,哎哟，我的硬币！
远古巫灵,Xerath,棱彩,76,25,史上最大雪球
远古巫灵,Xerath,黄金,77,29,炽烈黎明
远古巫灵,Xerath,棱彩,78,26,属性叠属性叠属性！
远古巫灵,Xerath,棱彩,79,27,海牛阿福的勇士
远古巫灵,Xerath,棱彩,80,28,飞身踢
远古巫灵,Xerath,黄金,81,30,神射法师
远古巫灵,Xerath,白银,82,24,终极不可阻挡
远古巫灵,Xerath,棱彩,83,29,男爵之手
远古巫灵,Xerath,黄金,84,31,夜狩
远古巫灵,Xerath,黄金,85,32,闪现向前
远古巫灵,Xerath,黄金,86,33,藏身草丛
远古巫灵,Xerath,棱彩,87,30,你摸不到
远古巫灵,Xerath,棱彩,88,31,尊我为王
远古巫灵,Xerath,棱彩,89,32,吃过路兵
远古巫灵,Xerath,白银,90,25,山脉龙魂
远古巫灵,Xerath,黄金,91,34,咏叹奏鸣
远古巫灵,Xerath,黄金,92,35,神圣干预
远古巫灵,Xerath,白银,93,26,吵闹鬼
远古巫灵,Xerath,黄金,94,36,不动如山
远古巫灵,Xerath,黄金,95,37,生机迸发
远古巫灵,Xerath,白银,96,27,唯快不破
远古巫灵,Xerath,黄金,97,38,鲨鱼暴风
远古巫灵,Xerath,棱彩,98,33,秘术冲拳
远古巫灵,Xerath,黄金,99,39,坦克引擎
远古巫灵,Xerath,白银,100,28,俯冲轰炸
远古巫灵,Xerath,棱彩,101,34,空投熊
远古巫灵,Xerath,黄金,102,40,自然即是治愈
远古巫灵,Xerath,棱彩,103,35,歌利亚巨人
远古巫灵,Xerath,黄金,104,41,火上浇油
远古巫灵,Xerath,黄金,105,42,弹球
远古巫灵,Xerath,棱彩,106,36,巨像的勇气
远古巫灵,Xerath,白银,107,29,下雪天
远古巫灵,Xerath,黄金,108,43,鲨鱼诱饵
远古巫灵,Xerath,棱彩,109,37,魄罗蛮冲
远古巫灵,Xerath,黄金,110,44,吞噬灵魂
远古巫灵,Xerath,白银,111,30,转得我眩晕了
远古巫灵,Xerath,白银,112,31,杀意翻涌
远古巫灵,Xerath,白银,113,32,点亮他们！
远古巫灵,Xerath,黄金,114,45,黎明使者的坚决
远古巫灵,Xerath,棱彩,115,38,物法皆修
远古巫灵,Xerath,黄金,116,46,更万用的瞄准镜
远古巫灵,Xerath,白银,117,33,万用瞄准镜
远古巫灵,Xerath,黄金,118,47,缩小射线
远古巫灵,Xerath,黄金,119,48,冰雪爆裂
远古巫灵,Xerath,白银,120,34,灵巧
远古巫灵,Xerath,黄金,121,49,轻拍背部
远古巫灵,Xerath,黄金,122,50,罪恶快感
远古巫灵,Xerath,棱彩,123,39,神圣雪球
远古巫灵,Xerath,棱彩,124,40,濒死悟道
远古巫灵,Xerath,黄金,125,51,过量延伸者
远古巫灵,Xerath,黄金,126,52,我们的治疗
远古巫灵,Xerath,黄金,127,53,豪猪
远古巫灵,Xerath,棱彩,128,41,最终形态
远古巫灵,Xerath,棱彩,129,42,最万用的瞄准镜
远古巫灵,Xerath,棱彩,130,43,扳机炼狱
远古巫灵,Xerath,棱彩,131,44,泰坦的坚决
远古巫灵,Xerath,棱彩,132,45,位面转移
远古巫灵,Xerath,黄金,133,54,星界躯体
远古巫灵,Xerath,棱彩,134,46,利刃华尔兹
远古巫灵,Xerath,白银,135,35,重量级打击手
远古巫灵,Xerath,黄金,136,55,升级：耀光
远古巫灵,Xerath,棱彩,137,47,踢踏舞
远古巫灵,Xerath,黄金,138,56,高压锅
远古巫灵,Xerath,棱彩,139,48,软弹啪叽抓
远古巫灵,Xerath,黄金,140,57,无尽大杀四方
远古巫灵,Xerath,棱彩,141,49,战争交响乐
远古巫灵,Xerath,黄金,142,58,钢化你心
远古巫灵,Xerath,黄金,143,59,魄罗爆破手
远古巫灵,Xerath,黄金,144,60,祖母的辣椒油
远古巫灵,Xerath,黄金,145,61,活力焕发
远古巫灵,Xerath,黄金,146,62,易损
远古巫灵,Xerath,黄金,147,63,关键暴击
远古巫灵,Xerath,白银,148,36,闪闪现现
远古巫灵,Xerath,白银,149,37,坚若磐石
远古巫灵,Xerath,黄金,150,64,暴击飞弹
远古巫灵,Xerath,黄金,151,65,吸血习性
远古巫灵,Xerath,白银,152,38,会心防御
远古巫灵,Xerath,黄金,153,66,升级：雪球
远古巫灵,Xerath,白银,154,39,虹吸
远古巫灵,Xerath,黄金,155,67,灵魂虹吸
远古巫灵,Xerath,黄金,156,68,坚韧
远古巫灵,Xerath,棱彩,157,50,量子计算
远古巫灵,Xerath,棱彩,158,51,小丑学院
远古巫灵,Xerath,棱彩,159,52,超负荷
远古巫灵,Xerath,黄金,160,69,雪球扭蛋机
远古巫灵,Xerath,黄金,161,70,最终都市列车
远古巫灵,Xerath,白银,162,40,可靠武器
远古巫灵,Xerath,白银,163,41,台风
远古巫灵,Xerath,黄金,164,71,会心治疗
远古巫灵,Xerath,白银,165,42,闪光弹
远古巫灵,Xerath,棱彩,166,53,你肩上的恶魔
远古巫灵,Xerath,白银,167,43,狂热者
远古巫灵,Xerath,棱彩,168,54,连拨击锤
远古巫灵,Xerath,棱彩,169,55,双刀流
远古巫灵,Xerath,黄金,170,72,暴击律动
远古巫灵,Xerath,白银,171,44,自适应防护
远古巫灵,Xerath,白银,172,45,天音爆
远古巫灵,Xerath,白银,173,46,叠角龙
远古巫灵,Xerath,白银,174,47,魔法转物理
远古巫灵,Xerath,棱彩,175,56,蛋白粉奶昔
远古巫灵,Xerath,黄金,176,73,升级：无尽之刃
远古巫灵,Xerath,棱彩,177,57,激光治疗
远古巫灵,Xerath,棱彩,178,58,升级：花晓之剑
远古巫灵,Xerath,棱彩,179,59,卡皮巴拉空投
远古巫灵,Xerath,棱彩,180,60,双发快射
远古巫灵,Xerath,白银,181,48,由暴生急
德邦总管,XinZhao,黄金,1,1,升级：耀光
德邦总管,XinZhao,白银,2,1,渴血
德邦总管,XinZhao,黄金,3,2,坦克引擎
德邦总管,XinZhao,黄金,4,3,无尽大杀四方
德邦总管,XinZhao,棱彩,5,1,秘术冲拳
德邦总管,XinZhao,棱彩,6,2,飞身踢
德邦总管,XinZhao,白银,7,2,重量级打击手
德邦总管,XinZhao,黄金,8,4,钢化你心
德邦总管,XinZhao,黄金,9,5,罪恶快感
德邦总管,XinZhao,黄金,10,6,黎明使者的坚决
德邦总管,XinZhao,黄金,11,7,星界躯体
德邦总管,XinZhao,白银,12,3,大力
德邦总管,XinZhao,棱彩,13,3,歌利亚巨人
德邦总管,XinZhao,棱彩,14,4,战争交响乐
德邦总管,XinZhao,棱彩,15,5,物法皆修
德邦总管,XinZhao,黄金,16,8,质变：棱彩阶
德邦总管,XinZhao,黄金,17,9,升级：焚天
德邦总管,XinZhao,黄金,18,10,狂徒豪气
德邦总管,XinZhao,黄金,19,11,穿针引线
德邦总管,XinZhao,白银,20,4,台风
德邦总管,XinZhao,棱彩,21,6,最终形态
德邦总管,XinZhao,白银,22,5,旋转至胜
德邦总管,XinZhao,棱彩,23,7,扳机炼狱
德邦总管,XinZhao,棱彩,24,8,双刀流
德邦总管,XinZhao,黄金,25,12,虚幻武器
德邦总管,XinZhao,黄金,26,13,术士果汁盒
德邦总管,XinZhao,白银,27,6,狂热者
德邦总管,XinZhao,白银,28,7,灵巧
德邦总管,XinZhao,棱彩,29,9,利刃华尔兹
德邦总管,XinZhao,黄金,30,14,升级：贪欲九头蛇
德邦总管,XinZhao,棱彩,31,10,飞升仪式
德邦总管,XinZhao,黄金,32,15,高压锅
德邦总管,XinZhao,棱彩,33,11,踢踏舞
德邦总管,XinZhao,黄金,34,16,夜狩
德邦总管,XinZhao,白银,35,8,魔法转物理
德邦总管,XinZhao,白银,36,9,质变：黄金阶
德邦总管,XinZhao,棱彩,37,12,全凭身法
德邦总管,XinZhao,黄金,38,17,我们的治疗
德邦总管,XinZhao,黄金,39,18,更万用的瞄准镜
德邦总管,XinZhao,黄金,40,19,循环往复
德邦总管,XinZhao,棱彩,41,13,吃过路兵
德邦总管,XinZhao,棱彩,42,14,濒死悟道
德邦总管,XinZhao,黄金,43,20,惊惧
德邦总管,XinZhao,白银,44,10,逃跑计划
德邦总管,XinZhao,棱彩,45,15,回归基本功
德邦总管,XinZhao,白银,46,11,升级：死亡之舞
德邦总管,XinZhao,黄金,47,21,生机迸发
德邦总管,XinZhao,黄金,48,22,面包和奶酪
德邦总管,XinZhao,棱彩,49,16,超负荷
德邦总管,XinZhao,白银,50,12,升级：献祭
德邦总管,XinZhao,黄金,51,23,吞噬灵魂
德邦总管,XinZhao,白银,52,13,练腿日
德邦总管,XinZhao,白银,53,14,快中求稳
德邦总管,XinZhao,白银,54,15,暗影疾奔
德邦总管,XinZhao,黄金,55,24,灵魂虹吸
德邦总管,XinZhao,白银,56,16,扇巴掌
德邦总管,XinZhao,白银,57,17,物理转魔法
德邦总管,XinZhao,白银,58,18,万用瞄准镜
德邦总管,XinZhao,白银,59,19,大师铸就
德邦总管,XinZhao,黄金,60,25,火上浇油
德邦总管,XinZhao,黄金,61,26,捐赠
德邦总管,XinZhao,黄金,62,27,超凡邪恶
德邦总管,XinZhao,黄金,63,28,属性叠属性！
德邦总管,XinZhao,棱彩,64,17,掷骰狂人
德邦总管,XinZhao,棱彩,65,18,艾卡西亚的陷落
德邦总管,XinZhao,黄金,66,29,缩小引擎
德邦总管,XinZhao,棱彩,67,19,质变：混沌
德邦总管,XinZhao,棱彩,68,20,终极九头蛇
德邦总管,XinZhao,白银,69,20,海洋龙魂
德邦总管,XinZhao,棱彩,70,21,连拨击锤
德邦总管,XinZhao,棱彩,71,22,泰坦的坚决
德邦总管,XinZhao,棱彩,72,23,史上最大雪球
德邦总管,XinZhao,黄金,73,30,小小的额外帮助
德邦总管,XinZhao,黄金,74,31,自然即是治愈
德邦总管,XinZhao,黄金,75,32,急速之追求
德邦总管,XinZhao,黄金,76,33,心灵净化
德邦总管,XinZhao,黄金,77,34,连锁反应
德邦总管,XinZhao,白银,78,21,终极不可阻挡
德邦总管,XinZhao,黄金,79,35,升级：无尽之刃
德邦总管,XinZhao,棱彩,80,24,终极唤醒
德邦总管,XinZhao,黄金,81,36,尖端发明家
德邦总管,XinZhao,黄金,82,37,缩小射线
德邦总管,XinZhao,黄金,83,38,威能之追求
德邦总管,XinZhao,棱彩,84,25,和我一起困在这里
德邦总管,XinZhao,黄金,85,39,面包和果酱
德邦总管,XinZhao,黄金,86,40,面包和黄油
德邦总管,XinZhao,黄金,87,41,不动如山
德邦总管,XinZhao,黄金,88,42,杀戮时间到了
德邦总管,XinZhao,黄金,89,43,闪现向前
德邦总管,XinZhao,棱彩,90,26,最万用的瞄准镜
德邦总管,XinZhao,白银,91,22,俯冲轰炸
德邦总管,XinZhao,黄金,92,44,神圣干预
德邦总管,XinZhao,白银,93,23,巫师式思考
德邦总管,XinZhao,黄金,94,45,冰雪爆裂
德邦总管,XinZhao,棱彩,95,27,你摸不到
德邦总管,XinZhao,棱彩,96,28,巨像的勇气
德邦总管,XinZhao,黄金,97,46,弹球
德邦总管,XinZhao,棱彩,98,29,珠光护手
德邦总管,XinZhao,棱彩,99,30,软弹啪叽抓
德邦总管,XinZhao,棱彩,100,31,潘朵拉的盒子
德邦总管,XinZhao,白银,101,24,升级：收集者
德邦总管,XinZhao,棱彩,102,32,终极刷新
德邦总管,XinZhao,白银,103,25,下雪天
德邦总管,XinZhao,黄金,104,47,暴击律动
德邦总管,XinZhao,黄金,105,48,豪猪
德邦总管,XinZhao,棱彩,106,33,海牛阿福的勇士
德邦总管,XinZhao,棱彩,107,34,双发快射
德邦总管,XinZhao,棱彩,108,35,科学狂人
德邦总管,XinZhao,白银,109,26,侵蚀
德邦总管,XinZhao,棱彩,110,36,大地苏醒
德邦总管,XinZhao,黄金,111,49,轻拍背部
德邦总管,XinZhao,棱彩,112,37,大法师
德邦总管,XinZhao,棱彩,113,38,无限循环往复
德邦总管,XinZhao,白银,114,27,杀意翻涌
德邦总管,XinZhao,黄金,115,50,关键暴击
德邦总管,XinZhao,黄金,116,51,牙仙子
德邦总管,XinZhao,黄金,117,52,易损
德邦总管,XinZhao,白银,118,28,双生火焰
德邦总管,XinZhao,棱彩,119,39,精怪魔法
德邦总管,XinZhao,白银,120,29,炼狱龙魂
德邦总管,XinZhao,棱彩,121,40,神圣雪球
德邦总管,XinZhao,棱彩,122,41,位面转移
德邦总管,XinZhao,黄金,123,53,鲨鱼暴风
德邦总管,XinZhao,白银,124,30,属性！
德邦总管,XinZhao,黄金,125,54,哎哟，我的硬币！
德邦总管,XinZhao,棱彩,126,42,巨人杀手
德邦总管,XinZhao,白银,127,31,点亮他们！
德邦总管,XinZhao,白银,128,32,海克斯科技龙魂
德邦总管,XinZhao,棱彩,129,43,死亡之环
德邦总管,XinZhao,棱彩,130,44,针插垫
德邦总管,XinZhao,棱彩,131,45,尤里卡
德邦总管,XinZhao,黄金,132,55,有始有终
德邦总管,XinZhao,白银,133,33,会心防御
德邦总管,XinZhao,棱彩,134,46,全能龙魂
德邦总管,XinZhao,白银,135,34,火狐
德邦总管,XinZhao,黄金,136,56,过量延伸者
德邦总管,XinZhao,棱彩,137,47,属性叠属性叠属性！
德邦总管,XinZhao,白银,138,35,转得我眩晕了
德邦总管,XinZhao,棱彩,139,48,空投熊
德邦总管,XinZhao,黄金,140,57,鲨鱼诱饵
德邦总管,XinZhao,棱彩,141,49,尊我为王
德邦总管,XinZhao,白银,142,36,山脉龙魂
德邦总管,XinZhao,棱彩,143,50,不祥契约
德邦总管,XinZhao,黄金,144,58,急急小子
德邦总管,XinZhao,棱彩,145,51,残忍
德邦总管,XinZhao,棱彩,146,52,沃格勒特的巫师帽
德邦总管,XinZhao,黄金,147,59,溢流
德邦总管,XinZhao,棱彩,148,53,舞会女王
德邦总管,XinZhao,白银,149,37,家园卫士
德邦总管,XinZhao,白银,150,38,防护面纱
德邦总管,XinZhao,白银,151,39,注魔
德邦总管,XinZhao,黄金,152,60,超强大脑
德邦总管,XinZhao,白银,153,40,升级：中娅
德邦总管,XinZhao,白银,154,41,由心及物
德邦总管,XinZhao,黄金,155,61,炽烈黎明
德邦总管,XinZhao,黄金,156,62,咏叹奏鸣
德邦总管,XinZhao,棱彩,157,54,夺金
德邦总管,XinZhao,白银,158,42,纯粹主义者 - 术师
德邦总管,XinZhao,黄金,159,63,回力OK镖
德邦总管,XinZhao,棱彩,160,55,大招工具人
德邦总管,XinZhao,棱彩,161,56,电涌力场
德邦总管,XinZhao,白银,162,43,由暴生急
德邦总管,XinZhao,白银,163,44,唯快不破
德邦总管,XinZhao,白银,164,45,冰寒
德邦总管,XinZhao,黄金,165,64,藏身草丛
德邦总管,XinZhao,白银,166,46,吵闹鬼
德邦总管,XinZhao,棱彩,167,57,至高天诺言
德邦总管,XinZhao,黄金,168,65,魔法飞弹
德邦总管,XinZhao,棱彩,169,58,男爵之手
德邦总管,XinZhao,棱彩,170,59,魄罗蛮冲
德邦总管,XinZhao,棱彩,171,60,风语者的祝福
德邦总管,XinZhao,棱彩,172,61,炼狱导管
德邦总管,XinZhao,棱彩,173,62,灵魄炸弹
德邦总管,XinZhao,黄金,174,66,吸血习性
德邦总管,XinZhao,黄金,175,67,神射法师
德邦总管,XinZhao,黄金,176,68,会心治疗
德邦总管,XinZhao,白银,177,47,闪光弹
德邦总管,XinZhao,黄金,178,69,坚韧
德邦总管,XinZhao,棱彩,179,63,玻璃大炮
德邦总管,XinZhao,白银,180,48,闪闪现现
德邦总管,XinZhao,黄金,181,70,活力焕发
德邦总管,XinZhao,白银,182,49,急救用具
德邦总管,XinZhao,棱彩,183,64,蛋白粉奶昔
德邦总管,XinZhao,黄金,184,71,升级：雪球
德邦总管,XinZhao,黄金,185,72,雪球扭蛋机
德邦总管,XinZhao,棱彩,186,65,量子计算
德邦总管,XinZhao,白银,187,50,坚若磐石
德邦总管,XinZhao,白银,188,51,强力护盾
德邦总管,XinZhao,白银,189,52,虹吸
德邦总管,XinZhao,棱彩,190,66,小丑学院
德邦总管,XinZhao,黄金,191,73,贪欲束缚
德邦总管,XinZhao,黄金,192,74,祖母的辣椒油
德邦总管,XinZhao,黄金,193,75,虚空冲刺
德邦总管,XinZhao,黄金,194,76,最终都市列车
德邦总管,XinZhao,棱彩,195,67,魄罗之王的弹跳
德邦总管,XinZhao,棱彩,196,68,升级：花晓之剑
德邦总管,XinZhao,白银,197,53,叠角龙
德邦总管,XinZhao,棱彩,198,69,激光治疗
德邦总管,XinZhao,棱彩,199,70,王中王，靴中靴
德邦总管,XinZhao,黄金,200,77,魄罗爆破手
德邦总管,XinZhao,棱彩,201,71,？？？
德邦总管,XinZhao,棱彩,202,72,你肩上的恶魔
德邦总管,XinZhao,棱彩,203,73,回响施放
德邦总管,XinZhao,黄金,204,78,快步
疾风剑豪,Yasuo,黄金,1,1,升级：无尽之刃
疾风剑豪,Yasuo,棱彩,2,1,秘术冲拳
疾风剑豪,Yasuo,黄金,3,2,狂徒豪气
疾风剑豪,Yasuo,白银,4,1,渴血
疾风剑豪,Yasuo,黄金,5,3,罪恶快感
疾风剑豪,Yasuo,白银,6,2,大力
疾风剑豪,Yasuo,黄金,7,4,灵魂虹吸
疾风剑豪,Yasuo,棱彩,8,2,最终形态
疾风剑豪,Yasuo,黄金,9,5,无尽大杀四方
疾风剑豪,Yasuo,黄金,10,6,质变：棱彩阶
疾风剑豪,Yasuo,黄金,11,7,威能之追求
疾风剑豪,Yasuo,棱彩,12,3,吃过路兵
疾风剑豪,Yasuo,白银,13,3,魔法转物理
疾风剑豪,Yasuo,棱彩,14,4,双发快射
疾风剑豪,Yasuo,棱彩,15,5,掷骰狂人
疾风剑豪,Yasuo,棱彩,16,6,双刀流
疾风剑豪,Yasuo,棱彩,17,7,利刃华尔兹
疾风剑豪,Yasuo,白银,18,4,虹吸
疾风剑豪,Yasuo,黄金,19,8,关键暴击
疾风剑豪,Yasuo,黄金,20,9,易损
疾风剑豪,Yasuo,白银,21,5,灵巧
疾风剑豪,Yasuo,棱彩,22,8,踢踏舞
疾风剑豪,Yasuo,黄金,23,10,杀戮时间到了
疾风剑豪,Yasuo,棱彩,24,9,飞升仪式
疾风剑豪,Yasuo,白银,25,6,台风
疾风剑豪,Yasuo,白银,26,7,会心防御
疾风剑豪,Yasuo,棱彩,27,10,濒死悟道
疾风剑豪,Yasuo,白银,28,8,暗影疾奔
疾风剑豪,Yasuo,白银,29,9,质变：黄金阶
疾风剑豪,Yasuo,黄金,30,11,升级：贪欲九头蛇
疾风剑豪,Yasuo,白银,31,10,快中求稳
疾风剑豪,Yasuo,黄金,32,12,捐赠
疾风剑豪,Yasuo,黄金,33,13,暴击律动
疾风剑豪,Yasuo,白银,34,11,逃跑计划
疾风剑豪,Yasuo,黄金,35,14,生机迸发
疾风剑豪,Yasuo,黄金,36,15,更万用的瞄准镜
疾风剑豪,Yasuo,棱彩,37,11,战争交响乐
疾风剑豪,Yasuo,黄金,38,16,心灵净化
疾风剑豪,Yasuo,白银,39,12,终极不可阻挡
疾风剑豪,Yasuo,黄金,40,17,暴击飞弹
疾风剑豪,Yasuo,黄金,41,18,属性叠属性！
疾风剑豪,Yasuo,黄金,42,19,闪现向前
疾风剑豪,Yasuo,黄金,43,20,冰雪爆裂
疾风剑豪,Yasuo,黄金,44,21,缩小引擎
疾风剑豪,Yasuo,棱彩,45,12,史上最大雪球
疾风剑豪,Yasuo,黄金,46,22,缩小射线
疾风剑豪,Yasuo,棱彩,47,13,质变：混沌
疾风剑豪,Yasuo,黄金,48,23,火上浇油
疾风剑豪,Yasuo,白银,49,13,升级：收集者
疾风剑豪,Yasuo,黄金,50,24,自然即是治愈
疾风剑豪,Yasuo,棱彩,51,14,连拨击锤
疾风剑豪,Yasuo,白银,52,14,练腿日
疾风剑豪,Yasuo,白银,53,15,升级：死亡之舞
疾风剑豪,Yasuo,黄金,54,25,面包和果酱
疾风剑豪,Yasuo,棱彩,55,15,巨人杀手
疾风剑豪,Yasuo,黄金,56,26,虚幻武器
疾风剑豪,Yasuo,黄金,57,27,吞噬灵魂
疾风剑豪,Yasuo,棱彩,58,16,珠光护手
疾风剑豪,Yasuo,黄金,59,28,坦克引擎
疾风剑豪,Yasuo,白银,60,16,大师铸就
疾风剑豪,Yasuo,黄金,61,29,术士果汁盒
疾风剑豪,Yasuo,棱彩,62,17,大地苏醒
疾风剑豪,Yasuo,黄金,63,30,牙仙子
疾风剑豪,Yasuo,白银,64,17,自适应防护
疾风剑豪,Yasuo,棱彩,65,18,巨像的勇气
疾风剑豪,Yasuo,棱彩,66,19,和我一起困在这里
疾风剑豪,Yasuo,棱彩,67,20,全凭身法
疾风剑豪,Yasuo,棱彩,68,21,你摸不到
疾风剑豪,Yasuo,棱彩,69,22,飞身踢
疾风剑豪,Yasuo,黄金,70,31,夜狩
疾风剑豪,Yasuo,棱彩,71,23,终极刷新
疾风剑豪,Yasuo,黄金,72,32,升级：焚天
疾风剑豪,Yasuo,黄金,73,33,穿针引线
疾风剑豪,Yasuo,白银,74,18,由暴生急
疾风剑豪,Yasuo,棱彩,75,24,潘朵拉的盒子
疾风剑豪,Yasuo,棱彩,76,25,终极唤醒
疾风剑豪,Yasuo,黄金,77,34,神圣干预
疾风剑豪,Yasuo,黄金,78,35,弹球
疾风剑豪,Yasuo,棱彩,79,26,歌利亚巨人
疾风剑豪,Yasuo,棱彩,80,27,最万用的瞄准镜
疾风剑豪,Yasuo,白银,81,19,狂热者
疾风剑豪,Yasuo,黄金,82,36,黎明使者的坚决
疾风剑豪,Yasuo,白银,83,20,扇巴掌
疾风剑豪,Yasuo,棱彩,84,28,终极九头蛇
疾风剑豪,Yasuo,棱彩,85,29,海牛阿福的勇士
疾风剑豪,Yasuo,白银,86,21,万用瞄准镜
疾风剑豪,Yasuo,黄金,87,37,钢化你心
疾风剑豪,Yasuo,棱彩,88,30,回归基本功
疾风剑豪,Yasuo,黄金,89,38,循环往复
疾风剑豪,Yasuo,棱彩,90,31,科学狂人
疾风剑豪,Yasuo,白银,91,22,可靠武器
疾风剑豪,Yasuo,白银,92,23,俯冲轰炸
疾风剑豪,Yasuo,棱彩,93,32,神圣雪球
疾风剑豪,Yasuo,黄金,94,39,星界躯体
疾风剑豪,Yasuo,黄金,95,40,哎哟，我的硬币！
疾风剑豪,Yasuo,棱彩,96,33,回响施放
疾风剑豪,Yasuo,黄金,97,41,不动如山
疾风剑豪,Yasuo,棱彩,98,34,精怪魔法
疾风剑豪,Yasuo,黄金,99,42,尖端发明家
疾风剑豪,Yasuo,棱彩,100,35,位面转移
疾风剑豪,Yasuo,黄金,101,43,鲨鱼暴风
疾风剑豪,Yasuo,棱彩,102,36,全能龙魂
疾风剑豪,Yasuo,白银,103,24,炼狱龙魂
疾风剑豪,Yasuo,棱彩,104,37,泰坦的坚决
疾风剑豪,Yasuo,白银,105,25,防护面纱
疾风剑豪,Yasuo,棱彩,106,38,尊我为王
疾风剑豪,Yasuo,棱彩,107,39,属性叠属性叠属性！
疾风剑豪,Yasuo,黄金,108,44,鲨鱼诱饵
疾风剑豪,Yasuo,白银,109,26,侵蚀
疾风剑豪,Yasuo,白银,110,27,下雪天
疾风剑豪,Yasuo,黄金,111,45,有始有终
疾风剑豪,Yasuo,白银,112,28,重量级打击手
疾风剑豪,Yasuo,白银,113,29,属性！
疾风剑豪,Yasuo,黄金,114,46,过量延伸者
疾风剑豪,Yasuo,白银,115,30,杀意翻涌
疾风剑豪,Yasuo,黄金,116,47,豪猪
疾风剑豪,Yasuo,白银,117,31,海克斯科技龙魂
疾风剑豪,Yasuo,黄金,118,48,轻拍背部
疾风剑豪,Yasuo,黄金,119,49,我们的治疗
疾风剑豪,Yasuo,白银,120,32,家园卫士
疾风剑豪,Yasuo,黄金,121,50,咏叹奏鸣
疾风剑豪,Yasuo,黄金,122,51,回力OK镖
疾风剑豪,Yasuo,白银,123,33,点亮他们！
疾风剑豪,Yasuo,白银,124,34,转得我眩晕了
疾风剑豪,Yasuo,棱彩,125,40,舞会女王
疾风剑豪,Yasuo,棱彩,126,41,夺金
疾风剑豪,Yasuo,黄金,127,52,炽烈黎明
疾风剑豪,Yasuo,棱彩,128,42,大招工具人
疾风剑豪,Yasuo,棱彩,129,43,软弹啪叽抓
疾风剑豪,Yasuo,黄金,130,53,高压锅
疾风剑豪,Yasuo,黄金,131,54,魔法飞弹
疾风剑豪,Yasuo,棱彩,132,44,无限循环往复
疾风剑豪,Yasuo,白银,133,35,唯快不破
疾风剑豪,Yasuo,白银,134,36,山脉龙魂
疾风剑豪,Yasuo,棱彩,135,45,男爵之手
疾风剑豪,Yasuo,黄金,136,55,急急小子
疾风剑豪,Yasuo,白银,137,37,强力护盾
疾风剑豪,Yasuo,白银,138,38,吵闹鬼
疾风剑豪,Yasuo,棱彩,139,46,电涌力场
疾风剑豪,Yasuo,黄金,140,56,藏身草丛
疾风剑豪,Yasuo,棱彩,141,47,魄罗蛮冲
疾风剑豪,Yasuo,棱彩,142,48,大法师
疾风剑豪,Yasuo,棱彩,143,49,空投熊
疾风剑豪,Yasuo,白银,144,39,海洋龙魂
疾风剑豪,Yasuo,棱彩,145,50,炼狱导管
疾风剑豪,Yasuo,棱彩,146,51,艾卡西亚的陷落
疾风剑豪,Yasuo,白银,147,40,火狐
疾风剑豪,Yasuo,白银,148,41,升级：献祭
疾风剑豪,Yasuo,白银,149,42,纯粹主义者 - 术师
疾风剑豪,Yasuo,黄金,150,57,吸血习性
疾风剑豪,Yasuo,棱彩,151,52,至高天诺言
疾风剑豪,Yasuo,棱彩,152,53,玻璃大炮
疾风剑豪,Yasuo,棱彩,153,54,残忍
疾风剑豪,Yasuo,黄金,154,58,超凡邪恶
疾风剑豪,Yasuo,棱彩,155,55,风语者的祝福
疾风剑豪,Yasuo,白银,156,43,闪光弹
疾风剑豪,Yasuo,棱彩,157,56,灵魄炸弹
疾风剑豪,Yasuo,黄金,158,59,会心治疗
疾风剑豪,Yasuo,白银,159,44,闪闪现现
疾风剑豪,Yasuo,白银,160,45,冰寒
疾风剑豪,Yasuo,棱彩,161,57,小丑学院
疾风剑豪,Yasuo,黄金,162,60,活力焕发
疾风剑豪,Yasuo,黄金,163,61,急速之追求
疾风剑豪,Yasuo,黄金,164,62,升级：雪球
疾风剑豪,Yasuo,棱彩,165,58,量子计算
疾风剑豪,Yasuo,黄金,166,63,贪欲束缚
疾风剑豪,Yasuo,黄金,167,64,雪球扭蛋机
疾风剑豪,Yasuo,黄金,168,65,最终都市列车
疾风剑豪,Yasuo,黄金,169,66,坚韧
疾风剑豪,Yasuo,棱彩,170,59,魄罗之王的弹跳
疾风剑豪,Yasuo,黄金,171,67,虚空冲刺
疾风剑豪,Yasuo,棱彩,172,60,升级：花晓之剑
疾风剑豪,Yasuo,黄金,173,68,神射法师
疾风剑豪,Yasuo,棱彩,174,61,蛋白粉奶昔
疾风剑豪,Yasuo,白银,175,46,急救用具
疾风剑豪,Yasuo,棱彩,176,62,？？？
疾风剑豪,Yasuo,棱彩,177,63,你肩上的恶魔
疾风剑豪,Yasuo,黄金,178,69,喂呜喂呜
疾风剑豪,Yasuo,白银,179,47,天音爆
疾风剑豪,Yasuo,白银,180,48,叠角龙
疾风剑豪,Yasuo,棱彩,181,64,王中王，靴中靴
疾风剑豪,Yasuo,黄金,182,70,魄罗爆破手
疾风剑豪,Yasuo,棱彩,183,65,卡皮巴拉空投
封魔剑魂,Yone,黄金,1,1,升级：无尽之刃
封魔剑魂,Yone,棱彩,2,1,秘术冲拳
封魔剑魂,Yone,黄金,3,2,罪恶快感
封魔剑魂,Yone,白银,4,1,渴血
封魔剑魂,Yone,白银,5,2,大力
封魔剑魂,Yone,黄金,6,3,灵魂虹吸
封魔剑魂,Yone,棱彩,7,2,最终形态
封魔剑魂,Yone,黄金,8,4,杀戮时间到了
封魔剑魂,Yone,黄金,9,5,无尽大杀四方
封魔剑魂,Yone,白银,10,3,暗影疾奔
封魔剑魂,Yone,黄金,11,6,牙仙子
封魔剑魂,Yone,黄金,12,7,狂徒豪气
封魔剑魂,Yone,黄金,13,8,质变：棱彩阶
封魔剑魂,Yone,棱彩,14,3,掷骰狂人
封魔剑魂,Yone,黄金,15,9,夜狩
封魔剑魂,Yone,棱彩,16,4,双刀流
封魔剑魂,Yone,棱彩,17,5,利刃华尔兹
封魔剑魂,Yone,棱彩,18,6,双发快射
封魔剑魂,Yone,白银,19,4,灵巧
封魔剑魂,Yone,黄金,20,10,关键暴击
封魔剑魂,Yone,黄金,21,11,易损
封魔剑魂,Yone,棱彩,22,7,飞升仪式
封魔剑魂,Yone,棱彩,23,8,全凭身法
封魔剑魂,Yone,白银,24,5,魔法转物理
封魔剑魂,Yone,白银,25,6,台风
封魔剑魂,Yone,棱彩,26,9,濒死悟道
封魔剑魂,Yone,棱彩,27,10,踢踏舞
封魔剑魂,Yone,白银,28,7,会心防御
封魔剑魂,Yone,黄金,29,12,更万用的瞄准镜
封魔剑魂,Yone,白银,30,8,升级：收集者
封魔剑魂,Yone,棱彩,31,11,终极刷新
封魔剑魂,Yone,黄金,32,13,升级：贪欲九头蛇
封魔剑魂,Yone,黄金,33,14,暴击律动
封魔剑魂,Yone,棱彩,34,12,吃过路兵
封魔剑魂,Yone,白银,35,9,质变：黄金阶
封魔剑魂,Yone,黄金,36,15,心灵净化
封魔剑魂,Yone,白银,37,10,终极不可阻挡
封魔剑魂,Yone,白银,38,11,逃跑计划
封魔剑魂,Yone,棱彩,39,13,战争交响乐
封魔剑魂,Yone,黄金,40,16,暴击飞弹
封魔剑魂,Yone,黄金,41,17,捐赠
封魔剑魂,Yone,白银,42,12,升级：死亡之舞
封魔剑魂,Yone,黄金,43,18,属性叠属性！
封魔剑魂,Yone,黄金,44,19,火上浇油
封魔剑魂,Yone,黄金,45,20,自然即是治愈
封魔剑魂,Yone,黄金,46,21,闪现向前
封魔剑魂,Yone,白银,47,13,由暴生急
封魔剑魂,Yone,棱彩,48,14,质变：混沌
封魔剑魂,Yone,黄金,49,22,缩小引擎
封魔剑魂,Yone,白银,50,14,快中求稳
封魔剑魂,Yone,棱彩,51,15,连拨击锤
封魔剑魂,Yone,棱彩,52,16,珠光护手
封魔剑魂,Yone,黄金,53,23,吞噬灵魂
封魔剑魂,Yone,棱彩,54,17,巨人杀手
封魔剑魂,Yone,黄金,55,24,虚幻武器
封魔剑魂,Yone,黄金,56,25,术士果汁盒
封魔剑魂,Yone,棱彩,57,18,巨像的勇气
封魔剑魂,Yone,白银,58,15,狂热者
封魔剑魂,Yone,白银,59,16,大师铸就
封魔剑魂,Yone,白银,60,17,扇巴掌
封魔剑魂,Yone,棱彩,61,19,回归基本功
封魔剑魂,Yone,棱彩,62,20,你摸不到
封魔剑魂,Yone,黄金,63,26,缩小射线
封魔剑魂,Yone,棱彩,64,21,终极唤醒
封魔剑魂,Yone,黄金,65,27,循环往复
封魔剑魂,Yone,黄金,66,28,穿针引线
封魔剑魂,Yone,黄金,67,29,面包和奶酪
封魔剑魂,Yone,棱彩,68,22,飞身踢
封魔剑魂,Yone,黄金,69,30,升级：焚天
封魔剑魂,Yone,白银,70,18,万用瞄准镜
封魔剑魂,Yone,棱彩,71,23,和我一起困在这里
封魔剑魂,Yone,白银,72,19,杀意翻涌
封魔剑魂,Yone,棱彩,73,24,最万用的瞄准镜
封魔剑魂,Yone,黄金,74,31,生机迸发
封魔剑魂,Yone,黄金,75,32,神圣干预
封魔剑魂,Yone,棱彩,76,25,潘朵拉的盒子
封魔剑魂,Yone,棱彩,77,26,回响施放
封魔剑魂,Yone,棱彩,78,27,扳机炼狱
封魔剑魂,Yone,棱彩,79,28,史上最大雪球
封魔剑魂,Yone,黄金,80,33,藏身草丛
封魔剑魂,Yone,黄金,81,34,坦克引擎
封魔剑魂,Yone,黄金,82,35,弹球
封魔剑魂,Yone,黄金,83,36,黎明使者的坚决
封魔剑魂,Yone,棱彩,84,29,终极九头蛇
封魔剑魂,Yone,棱彩,85,30,精怪魔法
封魔剑魂,Yone,棱彩,86,31,歌利亚巨人
封魔剑魂,Yone,白银,87,20,练腿日
封魔剑魂,Yone,黄金,88,37,冰雪爆裂
封魔剑魂,Yone,黄金,89,38,不动如山
封魔剑魂,Yone,棱彩,90,32,海牛阿福的勇士
封魔剑魂,Yone,棱彩,91,33,神圣雪球
封魔剑魂,Yone,黄金,92,39,哎哟，我的硬币！
封魔剑魂,Yone,黄金,93,40,有始有终
封魔剑魂,Yone,棱彩,94,34,科学狂人
封魔剑魂,Yone,白银,95,21,炼狱龙魂
封魔剑魂,Yone,白银,96,22,侵蚀
封魔剑魂,Yone,黄金,97,41,鲨鱼暴风
封魔剑魂,Yone,白银,98,23,防护面纱
封魔剑魂,Yone,黄金,99,42,尖端发明家
封魔剑魂,Yone,棱彩,100,35,全能龙魂
封魔剑魂,Yone,白银,101,24,俯冲轰炸
封魔剑魂,Yone,棱彩,102,36,位面转移
封魔剑魂,Yone,黄金,103,43,星界躯体
封魔剑魂,Yone,黄金,104,44,钢化你心
封魔剑魂,Yone,黄金,105,45,鲨鱼诱饵
封魔剑魂,Yone,棱彩,106,37,属性叠属性叠属性！
封魔剑魂,Yone,白银,107,25,属性！
封魔剑魂,Yone,棱彩,108,38,尊我为王
封魔剑魂,Yone,棱彩,109,39,大地苏醒
封魔剑魂,Yone,棱彩,110,40,泰坦的坚决
封魔剑魂,Yone,棱彩,111,41,大招工具人
封魔剑魂,Yone,白银,112,26,下雪天
封魔剑魂,Yone,棱彩,113,42,大法师
封魔剑魂,Yone,棱彩,114,43,无限循环往复
封魔剑魂,Yone,黄金,115,46,豪猪
封魔剑魂,Yone,白银,116,27,点亮他们！
封魔剑魂,Yone,黄金,117,47,我们的治疗
封魔剑魂,Yone,黄金,118,48,炽烈黎明
封魔剑魂,Yone,白银,119,28,海克斯科技龙魂
封魔剑魂,Yone,黄金,120,49,过量延伸者
封魔剑魂,Yone,白银,121,29,强力护盾
封魔剑魂,Yone,白银,122,30,重量级打击手
封魔剑魂,Yone,白银,123,31,家园卫士
封魔剑魂,Yone,棱彩,124,44,夺金
封魔剑魂,Yone,黄金,125,50,轻拍背部
封魔剑魂,Yone,黄金,126,51,回力OK镖
封魔剑魂,Yone,白银,127,32,转得我眩晕了
封魔剑魂,Yone,黄金,128,52,升级：耀光
封魔剑魂,Yone,黄金,129,53,咏叹奏鸣
封魔剑魂,Yone,黄金,130,54,魔法飞弹
封魔剑魂,Yone,白银,131,33,唯快不破
封魔剑魂,Yone,黄金,132,55,急急小子
封魔剑魂,Yone,白银,133,34,山脉龙魂
封魔剑魂,Yone,棱彩,134,45,舞会女王
封魔剑魂,Yone,棱彩,135,46,男爵之手
封魔剑魂,Yone,白银,136,35,海洋龙魂
封魔剑魂,Yone,棱彩,137,47,软弹啪叽抓
封魔剑魂,Yone,白银,138,36,吵闹鬼
封魔剑魂,Yone,棱彩,139,48,电涌力场
封魔剑魂,Yone,白银,140,37,火狐
封魔剑魂,Yone,黄金,141,56,高压锅
封魔剑魂,Yone,棱彩,142,49,空投熊
封魔剑魂,Yone,棱彩,143,50,魄罗蛮冲
封魔剑魂,Yone,黄金,144,57,吸血习性
封魔剑魂,Yone,棱彩,145,51,炼狱导管
封魔剑魂,Yone,棱彩,146,52,残忍
封魔剑魂,Yone,白银,147,38,纯粹主义者 - 术师
封魔剑魂,Yone,棱彩,148,53,玻璃大炮
封魔剑魂,Yone,棱彩,149,54,至高天诺言
封魔剑魂,Yone,黄金,150,58,超凡邪恶
封魔剑魂,Yone,棱彩,151,55,艾卡西亚的陷落
封魔剑魂,Yone,棱彩,152,56,风语者的祝福
封魔剑魂,Yone,黄金,153,59,会心治疗
封魔剑魂,Yone,白银,154,39,升级：献祭
封魔剑魂,Yone,白银,155,40,冰寒
封魔剑魂,Yone,白银,156,41,闪光弹
封魔剑魂,Yone,棱彩,157,57,灵魄炸弹
封魔剑魂,Yone,白银,158,42,急救用具
封魔剑魂,Yone,棱彩,159,58,小丑学院
封魔剑魂,Yone,白银,160,43,自适应防护
封魔剑魂,Yone,黄金,161,60,升级：雪球
封魔剑魂,Yone,黄金,162,61,活力焕发
封魔剑魂,Yone,棱彩,163,59,量子计算
封魔剑魂,Yone,白银,164,44,闪闪现现
封魔剑魂,Yone,黄金,165,62,雪球扭蛋机
封魔剑魂,Yone,黄金,166,63,坚韧
封魔剑魂,Yone,黄金,167,64,贪欲束缚
封魔剑魂,Yone,黄金,168,65,最终都市列车
封魔剑魂,Yone,黄金,169,66,虚空冲刺
封魔剑魂,Yone,棱彩,170,60,蛋白粉奶昔
封魔剑魂,Yone,白银,171,45,坚若磐石
封魔剑魂,Yone,棱彩,172,61,超负荷
封魔剑魂,Yone,棱彩,173,62,升级：花晓之剑
封魔剑魂,Yone,白银,174,46,叠角龙
封魔剑魂,Yone,棱彩,175,63,物法皆修
封魔剑魂,Yone,白银,176,47,巫师式思考
封魔剑魂,Yone,棱彩,177,64,？？？
封魔剑魂,Yone,棱彩,178,65,魄罗之王的弹跳
封魔剑魂,Yone,棱彩,179,66,你肩上的恶魔
牧魂人,Yorick,黄金,1,1,虚幻武器
牧魂人,Yorick,白银,2,1,重量级打击手
牧魂人,Yorick,黄金,3,2,黎明使者的坚决
牧魂人,Yorick,白银,4,2,渴血
牧魂人,Yorick,黄金,5,3,无尽大杀四方
牧魂人,Yorick,棱彩,6,1,秘术冲拳
牧魂人,Yorick,白银,7,3,大力
牧魂人,Yorick,黄金,8,4,魔法飞弹
牧魂人,Yorick,棱彩,9,2,泰坦的坚决
牧魂人,Yorick,黄金,10,5,升级：焚天
牧魂人,Yorick,黄金,11,6,质变：棱彩阶
牧魂人,Yorick,棱彩,12,3,无限循环往复
牧魂人,Yorick,黄金,13,7,急速之追求
牧魂人,Yorick,黄金,14,8,心灵净化
牧魂人,Yorick,黄金,15,9,高压锅
牧魂人,Yorick,白银,16,4,虹吸
牧魂人,Yorick,棱彩,17,4,吃过路兵
牧魂人,Yorick,黄金,18,10,仆从大师
牧魂人,Yorick,黄金,19,11,坦克引擎
牧魂人,Yorick,棱彩,20,5,飞身踢
牧魂人,Yorick,黄金,21,12,自然即是治愈
牧魂人,Yorick,黄金,22,13,升级：贪欲九头蛇
牧魂人,Yorick,黄金,23,14,回力OK镖
牧魂人,Yorick,棱彩,24,6,艾卡西亚的陷落
牧魂人,Yorick,棱彩,25,7,濒死悟道
牧魂人,Yorick,黄金,26,15,循环往复
牧魂人,Yorick,棱彩,27,8,歌利亚巨人
牧魂人,Yorick,白银,28,5,大师铸就
牧魂人,Yorick,白银,29,6,杀意翻涌
牧魂人,Yorick,白银,30,7,逃跑计划
牧魂人,Yorick,棱彩,31,9,掷骰狂人
牧魂人,Yorick,棱彩,32,10,大法师
牧魂人,Yorick,黄金,33,16,快步
牧魂人,Yorick,棱彩,34,11,精怪魔法
牧魂人,Yorick,黄金,35,17,我们的治疗
牧魂人,Yorick,白银,36,8,质变：黄金阶
牧魂人,Yorick,黄金,37,18,钢化你心
牧魂人,Yorick,黄金,38,19,威能之追求
牧魂人,Yorick,黄金,39,20,牙仙子
牧魂人,Yorick,棱彩,40,12,最终形态
牧魂人,Yorick,黄金,41,21,急急小子
牧魂人,Yorick,白银,42,9,魔法转物理
牧魂人,Yorick,白银,43,10,纯粹主义者 - 术师
牧魂人,Yorick,棱彩,44,13,终极唤醒
牧魂人,Yorick,黄金,45,22,狙神飞星
牧魂人,Yorick,黄金,46,23,面包和黄油
牧魂人,Yorick,棱彩,47,14,飞升仪式
牧魂人,Yorick,黄金,48,24,星界躯体
牧魂人,Yorick,棱彩,49,15,利刃华尔兹
牧魂人,Yorick,黄金,50,25,更万用的瞄准镜
牧魂人,Yorick,黄金,51,26,罪恶快感
牧魂人,Yorick,棱彩,52,16,软弹啪叽抓
牧魂人,Yorick,棱彩,53,17,超负荷
牧魂人,Yorick,棱彩,54,18,质变：混沌
牧魂人,Yorick,白银,55,11,练腿日
牧魂人,Yorick,棱彩,56,19,扳机炼狱
牧魂人,Yorick,黄金,57,27,穿针引线
牧魂人,Yorick,棱彩,58,20,终极刷新
牧魂人,Yorick,黄金,59,28,面包和奶酪
牧魂人,Yorick,白银,60,12,侵蚀
牧魂人,Yorick,白银,61,13,海洋龙魂
牧魂人,Yorick,黄金,62,29,夜狩
牧魂人,Yorick,黄金,63,30,缩小引擎
牧魂人,Yorick,白银,64,14,升级：死亡之舞
牧魂人,Yorick,黄金,65,31,捐赠
牧魂人,Yorick,黄金,66,32,属性叠属性！
牧魂人,Yorick,黄金,67,33,生机迸发
牧魂人,Yorick,棱彩,68,21,史上最大雪球
牧魂人,Yorick,黄金,69,34,火上浇油
牧魂人,Yorick,棱彩,70,22,终极九头蛇
牧魂人,Yorick,白银,71,15,万用瞄准镜
牧魂人,Yorick,黄金,72,35,升级：耀光
牧魂人,Yorick,黄金,73,36,尖端发明家
牧魂人,Yorick,白银,74,16,台风
牧魂人,Yorick,棱彩,75,23,科学狂人
牧魂人,Yorick,黄金,76,37,轻拍背部
牧魂人,Yorick,棱彩,77,24,最万用的瞄准镜
牧魂人,Yorick,黄金,78,38,神圣干预
牧魂人,Yorick,黄金,79,39,豪猪
牧魂人,Yorick,黄金,80,40,缩小射线
牧魂人,Yorick,白银,81,17,俯冲轰炸
牧魂人,Yorick,棱彩,82,25,双刀流
牧魂人,Yorick,棱彩,83,26,连拨击锤
牧魂人,Yorick,棱彩,84,27,位面转移
牧魂人,Yorick,黄金,85,41,弹球
牧魂人,Yorick,黄金,86,42,有始有终
牧魂人,Yorick,黄金,87,43,术士果汁盒
牧魂人,Yorick,棱彩,88,28,海牛阿福的勇士
牧魂人,Yorick,棱彩,89,29,全能龙魂
牧魂人,Yorick,白银,90,18,升级：收集者
牧魂人,Yorick,棱彩,91,30,回归基本功
牧魂人,Yorick,黄金,92,44,杀戮时间到了
牧魂人,Yorick,白银,93,19,炼狱龙魂
牧魂人,Yorick,棱彩,94,31,潘朵拉的盒子
牧魂人,Yorick,黄金,95,45,升级：无尽之刃
牧魂人,Yorick,黄金,96,46,藏身草丛
牧魂人,Yorick,棱彩,97,32,珠光护手
牧魂人,Yorick,棱彩,98,33,玻璃大炮
牧魂人,Yorick,棱彩,99,34,和我一起困在这里
牧魂人,Yorick,黄金,100,47,冰雪爆裂
牧魂人,Yorick,白银,101,20,海克斯科技龙魂
牧魂人,Yorick,黄金,102,48,鲨鱼暴风
牧魂人,Yorick,棱彩,103,35,战争交响乐
牧魂人,Yorick,白银,104,21,下雪天
牧魂人,Yorick,黄金,105,49,面包和果酱
牧魂人,Yorick,棱彩,106,36,巨人杀手
牧魂人,Yorick,白银,107,22,升级：献祭
牧魂人,Yorick,白银,108,23,冰寒
牧魂人,Yorick,棱彩,109,37,属性叠属性叠属性！
牧魂人,Yorick,黄金,110,50,哎哟，我的硬币！
牧魂人,Yorick,黄金,111,51,鲨鱼诱饵
牧魂人,Yorick,白银,112,24,属性！
牧魂人,Yorick,白银,113,25,由心及物
牧魂人,Yorick,棱彩,114,38,炼狱导管
牧魂人,Yorick,黄金,115,52,炽烈黎明
牧魂人,Yorick,棱彩,116,39,夺金
牧魂人,Yorick,黄金,117,53,闪现向前
牧魂人,Yorick,白银,118,26,双生火焰
牧魂人,Yorick,白银,119,27,山脉龙魂
牧魂人,Yorick,黄金,120,54,灵魂虹吸
牧魂人,Yorick,白银,121,28,灵巧
牧魂人,Yorick,棱彩,122,40,神圣雪球
牧魂人,Yorick,白银,123,29,家园卫士
牧魂人,Yorick,棱彩,124,41,尊我为王
牧魂人,Yorick,白银,125,30,注魔
牧魂人,Yorick,黄金,126,55,咏叹奏鸣
牧魂人,Yorick,白银,127,31,转得我眩晕了
牧魂人,Yorick,白银,128,32,防护面纱
牧魂人,Yorick,棱彩,129,42,男爵之手
牧魂人,Yorick,棱彩,130,43,你摸不到
牧魂人,Yorick,棱彩,131,44,踢踏舞
牧魂人,Yorick,白银,132,33,终极不可阻挡
牧魂人,Yorick,棱彩,133,45,空投熊
牧魂人,Yorick,棱彩,134,46,舞会女王
牧魂人,Yorick,棱彩,135,47,魄罗蛮冲
牧魂人,Yorick,黄金,136,56,溢流
牧魂人,Yorick,黄金,137,57,过量延伸者
牧魂人,Yorick,白银,138,34,吵闹鬼
牧魂人,Yorick,棱彩,139,48,大招工具人
牧魂人,Yorick,棱彩,140,49,死亡之环
牧魂人,Yorick,白银,141,35,火狐
牧魂人,Yorick,棱彩,142,50,电涌力场
牧魂人,Yorick,棱彩,143,51,至高天诺言
牧魂人,Yorick,白银,144,36,点亮他们！
牧魂人,Yorick,白银,145,37,唯快不破
牧魂人,Yorick,黄金,146,58,暴击律动
牧魂人,Yorick,棱彩,147,52,风语者的祝福
牧魂人,Yorick,棱彩,148,53,灵魄炸弹
牧魂人,Yorick,黄金,149,59,坚韧
牧魂人,Yorick,黄金,150,60,吸血习性
牧魂人,Yorick,黄金,151,61,活力焕发
牧魂人,Yorick,黄金,152,62,会心治疗
牧魂人,Yorick,白银,153,38,急救用具
牧魂人,Yorick,棱彩,154,54,蛋白粉奶昔
牧魂人,Yorick,白银,155,39,会心防御
牧魂人,Yorick,黄金,156,63,升级：雪球
牧魂人,Yorick,黄金,157,64,魄罗爆破手
牧魂人,Yorick,棱彩,158,55,量子计算
牧魂人,Yorick,黄金,159,65,易损
牧魂人,Yorick,黄金,160,66,雪球扭蛋机
牧魂人,Yorick,黄金,161,67,关键暴击
牧魂人,Yorick,白银,162,40,闪闪现现
牧魂人,Yorick,白银,163,41,闪光弹
牧魂人,Yorick,棱彩,164,56,小丑学院
牧魂人,Yorick,棱彩,165,57,魄罗之王的弹跳
牧魂人,Yorick,白银,166,42,强力护盾
牧魂人,Yorick,黄金,167,68,最终都市列车
牧魂人,Yorick,棱彩,168,58,卡皮巴拉空投
牧魂人,Yorick,黄金,169,69,神射法师
牧魂人,Yorick,白银,170,43,叠角龙
牧魂人,Yorick,棱彩,171,59,王中王，靴中靴
牧魂人,Yorick,棱彩,172,60,你肩上的恶魔
牧魂人,Yorick,白银,173,44,可靠武器
不破之誓,Yunara,黄金,1,1,暴击飞弹
不破之誓,Yunara,黄金,2,2,升级：无尽之刃
不破之誓,Yunara,棱彩,3,1,双刀流
不破之誓,Yunara,黄金,4,3,更万用的瞄准镜
不破之誓,Yunara,棱彩,5,2,双发快射
不破之誓,Yunara,黄金,6,4,灵魂虹吸
不破之誓,Yunara,棱彩,7,3,最万用的瞄准镜
不破之誓,Yunara,白银,8,1,灵巧
不破之誓,Yunara,黄金,9,5,暴击律动
不破之誓,Yunara,棱彩,10,4,踢踏舞
不破之誓,Yunara,白银,11,2,台风
不破之誓,Yunara,棱彩,12,5,连拨击锤
不破之誓,Yunara,白银,13,3,万用瞄准镜
不破之誓,Yunara,白银,14,4,狂热者
不破之誓,Yunara,棱彩,15,6,巨人杀手
不破之誓,Yunara,白银,16,5,点亮他们！
不破之誓,Yunara,白银,17,6,双生火焰
不破之誓,Yunara,黄金,18,6,小小的额外帮助
不破之誓,Yunara,棱彩,19,7,物法皆修
不破之誓,Yunara,黄金,20,7,质变：棱彩阶
不破之誓,Yunara,白银,21,7,会心防御
不破之誓,Yunara,棱彩,22,8,掷骰狂人
不破之誓,Yunara,黄金,23,8,易损
不破之誓,Yunara,黄金,24,9,关键暴击
不破之誓,Yunara,白银,25,8,大力
不破之誓,Yunara,白银,26,9,升级：收集者
不破之誓,Yunara,黄金,27,10,罪恶快感
不破之誓,Yunara,棱彩,28,9,针插垫
不破之誓,Yunara,黄金,29,11,火上浇油
不破之誓,Yunara,白银,30,10,质变：黄金阶
不破之誓,Yunara,棱彩,31,10,战争交响乐
不破之誓,Yunara,黄金,32,12,缩小引擎
不破之誓,Yunara,白银,33,11,由暴生急
不破之誓,Yunara,黄金,34,13,缩小射线
不破之誓,Yunara,白银,35,12,前进时间到
不破之誓,Yunara,棱彩,36,11,亮出你的剑
不破之誓,Yunara,黄金,37,14,术士果汁盒
不破之誓,Yunara,白银,38,13,魔法转物理
不破之誓,Yunara,棱彩,39,12,质变：混沌
不破之誓,Yunara,白银,40,14,终极不可阻挡
不破之誓,Yunara,黄金,41,15,捐赠
不破之誓,Yunara,棱彩,42,13,最终形态
不破之誓,Yunara,白银,43,15,家园卫士
不破之誓,Yunara,棱彩,44,14,你摸不到
不破之誓,Yunara,棱彩,45,15,珠光护手
不破之誓,Yunara,棱彩,46,16,秘术冲拳
不破之誓,Yunara,白银,47,16,大师铸就
不破之誓,Yunara,黄金,48,16,属性叠属性！
不破之誓,Yunara,白银,49,17,渴血
不破之誓,Yunara,棱彩,50,17,终极刷新
不破之誓,Yunara,黄金,51,17,杀戮时间到了
不破之誓,Yunara,黄金,52,18,老练狙神
不破之誓,Yunara,黄金,53,19,神射法师
不破之誓,Yunara,白银,54,18,侵蚀
不破之誓,Yunara,黄金,55,20,穿针引线
不破之誓,Yunara,白银,56,19,注魔
不破之誓,Yunara,棱彩,57,18,海牛阿福的勇士
不破之誓,Yunara,白银,58,20,逃跑计划
不破之誓,Yunara,黄金,59,21,威能之追求
不破之誓,Yunara,黄金,60,22,急速之追求
不破之誓,Yunara,棱彩,61,19,潘朵拉的盒子
不破之誓,Yunara,黄金,62,23,面包和奶酪
不破之誓,Yunara,黄金,63,24,夜狩
不破之誓,Yunara,黄金,64,25,牙仙子
不破之誓,Yunara,白银,65,21,海克斯科技龙魂
不破之誓,Yunara,棱彩,66,20,飞身踢
不破之誓,Yunara,黄金,67,26,面包和果酱
不破之誓,Yunara,棱彩,68,21,终极九头蛇
不破之誓,Yunara,白银,69,22,练腿日
不破之誓,Yunara,黄金,70,27,闪现向前
不破之誓,Yunara,棱彩,71,22,超负荷
不破之誓,Yunara,棱彩,72,23,大招工具人
不破之誓,Yunara,棱彩,73,24,全能龙魂
不破之誓,Yunara,黄金,74,28,超凡邪恶
不破之誓,Yunara,白银,75,23,暗影疾奔
不破之誓,Yunara,白银,76,24,炼狱龙魂
不破之誓,Yunara,棱彩,77,25,科学狂人
不破之誓,Yunara,黄金,78,29,生机迸发
不破之誓,Yunara,黄金,79,30,心灵净化
不破之誓,Yunara,黄金,80,31,虚幻武器
不破之誓,Yunara,棱彩,81,26,属性叠属性叠属性！
不破之誓,Yunara,白银,82,25,海洋龙魂
不破之誓,Yunara,黄金,83,32,坦克引擎
不破之誓,Yunara,黄金,84,33,哎哟，我的硬币！
不破之誓,Yunara,黄金,85,34,魔法飞弹
不破之誓,Yunara,黄金,86,35,有始有终
不破之誓,Yunara,棱彩,87,27,夺金
不破之誓,Yunara,黄金,88,36,循环往复
不破之誓,Yunara,棱彩,89,28,精怪魔法
不破之誓,Yunara,棱彩,90,29,不祥契约
不破之誓,Yunara,黄金,91,37,升级：贪欲九头蛇
不破之誓,Yunara,棱彩,92,30,尊我为王
不破之誓,Yunara,黄金,93,38,升级：耀光
不破之誓,Yunara,黄金,94,39,回力OK镖
不破之誓,Yunara,黄金,95,40,神圣干预
不破之誓,Yunara,白银,96,26,属性！
不破之誓,Yunara,白银,97,27,唯快不破
不破之誓,Yunara,黄金,98,41,黎明使者的坚决
不破之誓,Yunara,白银,99,28,物理转魔法
不破之誓,Yunara,棱彩,100,31,无限循环往复
不破之誓,Yunara,棱彩,101,32,史上最大雪球
不破之誓,Yunara,棱彩,102,33,玻璃大炮
不破之誓,Yunara,白银,103,29,巫师式思考
不破之誓,Yunara,白银,104,30,吵闹鬼
不破之誓,Yunara,白银,105,31,火狐
不破之誓,Yunara,白银,106,32,防护面纱
不破之誓,Yunara,黄金,107,42,尖端发明家
不破之誓,Yunara,白银,108,33,快中求稳
不破之誓,Yunara,黄金,109,43,狂徒豪气
不破之誓,Yunara,棱彩,110,34,电涌力场
不破之誓,Yunara,棱彩,111,35,吃过路兵
不破之誓,Yunara,棱彩,112,36,回归基本功
不破之誓,Yunara,棱彩,113,37,濒死悟道
不破之誓,Yunara,黄金,114,44,炽烈黎明
不破之誓,Yunara,棱彩,115,38,泰坦的坚决
不破之誓,Yunara,棱彩,116,39,男爵之手
不破之誓,Yunara,黄金,117,45,咏叹奏鸣
不破之誓,Yunara,棱彩,118,40,歌利亚巨人
不破之誓,Yunara,棱彩,119,41,尤里卡
不破之誓,Yunara,棱彩,120,42,全凭身法
不破之誓,Yunara,白银,121,34,转得我眩晕了
不破之誓,Yunara,白银,122,35,杀意翻涌
不破之誓,Yunara,黄金,123,46,轻拍背部
不破之誓,Yunara,黄金,124,47,自然即是治愈
不破之誓,Yunara,黄金,125,48,星界躯体
不破之誓,Yunara,黄金,126,49,我们的治疗
不破之誓,Yunara,白银,127,36,山脉龙魂
不破之誓,Yunara,黄金,128,50,藏身草丛
不破之誓,Yunara,棱彩,129,43,扳机炼狱
不破之誓,Yunara,棱彩,130,44,沃格勒特的巫师帽
不破之誓,Yunara,黄金,131,51,急急小子
不破之誓,Yunara,棱彩,132,45,炼狱导管
不破之誓,Yunara,棱彩,133,46,飞升仪式
不破之誓,Yunara,棱彩,134,47,神圣雪球
不破之誓,Yunara,棱彩,135,48,魄罗蛮冲
不破之誓,Yunara,黄金,136,52,鲨鱼暴风
不破之誓,Yunara,棱彩,137,49,空投熊
不破之誓,Yunara,黄金,138,53,过量延伸者
不破之誓,Yunara,白银,139,37,重量级打击手
不破之誓,Yunara,黄金,140,54,鲨鱼诱饵
不破之誓,Yunara,棱彩,141,50,利刃华尔兹
不破之誓,Yunara,黄金,142,55,弹球
不破之誓,Yunara,棱彩,143,51,大法师
不破之誓,Yunara,黄金,144,56,冰雪爆裂
不破之誓,Yunara,黄金,145,57,狙神飞星
不破之誓,Yunara,黄金,146,58,豪猪
不破之誓,Yunara,白银,147,38,升级：中娅
不破之誓,Yunara,黄金,148,59,吸血习性
不破之誓,Yunara,黄金,149,60,超强大脑
不破之誓,Yunara,黄金,150,61,溢流
不破之誓,Yunara,黄金,151,62,钢化你心
不破之誓,Yunara,棱彩,152,52,软弹啪叽抓
不破之誓,Yunara,棱彩,153,53,大地苏醒
不破之誓,Yunara,棱彩,154,54,位面转移
不破之誓,Yunara,白银,155,39,俯冲轰炸
不破之誓,Yunara,白银,156,40,冰寒
不破之誓,Yunara,白银,157,41,下雪天
不破之誓,Yunara,白银,158,42,纯粹主义者 - 术师
不破之誓,Yunara,黄金,159,63,会心治疗
不破之誓,Yunara,黄金,160,64,高压锅
不破之誓,Yunara,白银,161,43,由心及物
不破之誓,Yunara,黄金,162,65,升级：焚天
不破之誓,Yunara,棱彩,163,55,终极唤醒
不破之誓,Yunara,黄金,164,66,活力焕发
不破之誓,Yunara,黄金,165,67,坚韧
不破之誓,Yunara,棱彩,166,56,量子计算
不破之誓,Yunara,白银,167,44,虹吸
不破之誓,Yunara,黄金,168,68,无尽大杀四方
不破之誓,Yunara,棱彩,169,57,小丑学院
不破之誓,Yunara,白银,170,45,闪闪现现
不破之誓,Yunara,白银,171,46,自适应防护
不破之誓,Yunara,白银,172,47,急救用具
不破之誓,Yunara,黄金,173,69,雪球扭蛋机
不破之誓,Yunara,黄金,174,70,祖母的辣椒油
不破之誓,Yunara,黄金,175,71,魄罗爆破手
不破之誓,Yunara,棱彩,176,58,死亡之环
不破之誓,Yunara,白银,177,48,闪光弹
不破之誓,Yunara,棱彩,178,59,升级：花晓之剑
不破之誓,Yunara,棱彩,179,60,和我一起困在这里
不破之誓,Yunara,棱彩,180,61,你肩上的恶魔
不破之誓,Yunara,黄金,181,72,惊惧
不破之誓,Yunara,白银,182,49,升级：献祭
不破之誓,Yunara,棱彩,183,62,蛋白粉奶昔
不破之誓,Yunara,棱彩,184,63,至高天诺言
不破之誓,Yunara,黄金,185,73,升级：雪球
不破之誓,Yunara,棱彩,186,64,激光治疗
不破之誓,Yunara,棱彩,187,65,小猫咪找妈妈
不破之誓,Yunara,黄金,188,74,最终都市列车
不破之誓,Yunara,棱彩,189,66,卡皮巴拉空投
不破之誓,Yunara,棱彩,190,67,舞会女王
不破之誓,Yunara,棱彩,191,68,魄罗之王的弹跳
不破之誓,Yunara,白银,192,50,可靠武器
魔法猫咪,Yuumi,黄金,1,1,咏叹奏鸣
魔法猫咪,Yuumi,黄金,2,2,全心为你
魔法猫咪,Yuumi,白银,3,1,急救用具
魔法猫咪,Yuumi,黄金,4,3,神圣干预
魔法猫咪,Yuumi,白银,5,2,天音爆
魔法猫咪,Yuumi,棱彩,6,1,信念者的强化
魔法猫咪,Yuumi,棱彩,7,2,灵魄炸弹
魔法猫咪,Yuumi,黄金,8,4,喂呜喂呜
魔法猫咪,Yuumi,棱彩,9,3,精怪魔法
魔法猫咪,Yuumi,棱彩,10,4,风语者的祝福
魔法猫咪,Yuumi,白银,11,3,纯粹主义者 - 术师
魔法猫咪,Yuumi,棱彩,12,5,无限循环往复
魔法猫咪,Yuumi,黄金,13,5,魔法飞弹
魔法猫咪,Yuumi,白银,14,4,加固护盾
魔法猫咪,Yuumi,棱彩,15,6,死亡之环
魔法猫咪,Yuumi,白银,16,5,巫师式思考
魔法猫咪,Yuumi,黄金,17,6,质变：棱彩阶
魔法猫咪,Yuumi,黄金,18,7,老练狙神
魔法猫咪,Yuumi,棱彩,19,7,大法师
魔法猫咪,Yuumi,黄金,20,8,回力OK镖
魔法猫咪,Yuumi,黄金,21,9,超凡邪恶
魔法猫咪,Yuumi,棱彩,22,8,尤里卡
魔法猫咪,Yuumi,黄金,23,10,缩小引擎
魔法猫咪,Yuumi,黄金,24,11,循环往复
魔法猫咪,Yuumi,黄金,25,12,急速之追求
魔法猫咪,Yuumi,黄金,26,13,炽烈黎明
魔法猫咪,Yuumi,棱彩,27,9,蛋白粉奶昔
魔法猫咪,Yuumi,棱彩,28,10,至高天诺言
魔法猫咪,Yuumi,黄金,29,14,面包和奶酪
魔法猫咪,Yuumi,黄金,30,15,狙神飞星
魔法猫咪,Yuumi,白银,31,6,质变：黄金阶
魔法猫咪,Yuumi,黄金,32,16,会心治疗
魔法猫咪,Yuumi,棱彩,33,11,终极刷新
魔法猫咪,Yuumi,棱彩,34,12,超负荷
魔法猫咪,Yuumi,棱彩,35,13,终极唤醒
魔法猫咪,Yuumi,黄金,36,17,哎哟，我的硬币！
魔法猫咪,Yuumi,白银,37,7,冰寒
魔法猫咪,Yuumi,黄金,38,18,威能之追求
魔法猫咪,Yuumi,黄金,39,19,虚幻武器
魔法猫咪,Yuumi,黄金,40,20,面包和黄油
魔法猫咪,Yuumi,棱彩,41,14,玻璃大炮
魔法猫咪,Yuumi,白银,42,8,海克斯科技龙魂
魔法猫咪,Yuumi,黄金,43,21,尖端发明家
魔法猫咪,Yuumi,黄金,44,22,溢流
魔法猫咪,Yuumi,白银,45,9,双生火焰
魔法猫咪,Yuumi,黄金,46,23,捐赠
魔法猫咪,Yuumi,棱彩,47,15,质变：混沌
魔法猫咪,Yuumi,白银,48,10,大师铸就
魔法猫咪,Yuumi,黄金,49,24,杀戮时间到了
魔法猫咪,Yuumi,白银,50,11,物理转魔法
魔法猫咪,Yuumi,棱彩,51,16,回归基本功
魔法猫咪,Yuumi,白银,52,12,火狐
魔法猫咪,Yuumi,白银,53,13,强力护盾
魔法猫咪,Yuumi,棱彩,54,17,沃格勒特的巫师帽
魔法猫咪,Yuumi,黄金,55,25,属性叠属性！
魔法猫咪,Yuumi,白银,56,14,炼狱龙魂
魔法猫咪,Yuumi,黄金,57,26,坦克引擎
魔法猫咪,Yuumi,白银,58,15,海洋龙魂
魔法猫咪,Yuumi,棱彩,59,18,掷骰狂人
魔法猫咪,Yuumi,白银,60,16,侵蚀
魔法猫咪,Yuumi,棱彩,61,19,潘朵拉的盒子
魔法猫咪,Yuumi,白银,62,17,属性！
魔法猫咪,Yuumi,棱彩,63,20,珠光护手
魔法猫咪,Yuumi,棱彩,64,21,史上最大雪球
魔法猫咪,Yuumi,黄金,65,27,超强大脑
魔法猫咪,Yuumi,黄金,66,28,生机迸发
魔法猫咪,Yuumi,棱彩,67,22,大招工具人
魔法猫咪,Yuumi,黄金,68,29,心灵净化
魔法猫咪,Yuumi,黄金,69,30,有始有终
魔法猫咪,Yuumi,黄金,70,31,鲨鱼暴风
魔法猫咪,Yuumi,黄金,71,32,弹球
魔法猫咪,Yuumi,黄金,72,33,急急小子
魔法猫咪,Yuumi,白银,73,18,由心及物
魔法猫咪,Yuumi,棱彩,74,23,升级：花晓之剑
魔法猫咪,Yuumi,棱彩,75,24,男爵之手
魔法猫咪,Yuumi,白银,76,19,注魔
魔法猫咪,Yuumi,黄金,77,34,我们的治疗
魔法猫咪,Yuumi,棱彩,78,25,科学狂人
魔法猫咪,Yuumi,白银,79,20,俯冲轰炸
魔法猫咪,Yuumi,黄金,80,35,自然即是治愈
魔法猫咪,Yuumi,棱彩,81,26,海牛阿福的勇士
魔法猫咪,Yuumi,白银,82,21,下雪天
魔法猫咪,Yuumi,白银,83,22,终极不可阻挡
魔法猫咪,Yuumi,棱彩,84,27,属性叠属性叠属性！
魔法猫咪,Yuumi,黄金,85,36,轻拍背部
魔法猫咪,Yuumi,黄金,86,37,穿针引线
魔法猫咪,Yuumi,棱彩,87,28,全能龙魂
魔法猫咪,Yuumi,棱彩,88,29,位面转移
魔法猫咪,Yuumi,黄金,89,38,冰雪爆裂
魔法猫咪,Yuumi,棱彩,90,30,飞身踢
魔法猫咪,Yuumi,白银,91,23,家园卫士
魔法猫咪,Yuumi,棱彩,92,31,魄罗蛮冲
魔法猫咪,Yuumi,棱彩,93,32,巨人杀手
魔法猫咪,Yuumi,棱彩,94,33,电涌力场
魔法猫咪,Yuumi,棱彩,95,34,尊我为王
魔法猫咪,Yuumi,黄金,96,39,高压锅
魔法猫咪,Yuumi,黄金,97,40,术士果汁盒
魔法猫咪,Yuumi,黄金,98,41,鲨鱼诱饵
魔法猫咪,Yuumi,白银,99,24,逃跑计划
魔法猫咪,Yuumi,黄金,100,42,星界躯体
魔法猫咪,Yuumi,棱彩,101,35,不祥契约
魔法猫咪,Yuumi,黄金,102,43,神射法师
魔法猫咪,Yuumi,棱彩,103,36,夺金
魔法猫咪,Yuumi,白银,104,25,防护面纱
魔法猫咪,Yuumi,棱彩,105,37,炼狱导管
魔法猫咪,Yuumi,白银,106,26,别停止引导
魔法猫咪,Yuumi,棱彩,107,38,扳机炼狱
魔法猫咪,Yuumi,白银,108,27,山脉龙魂
魔法猫咪,Yuumi,棱彩,109,39,歌利亚巨人
魔法猫咪,Yuumi,棱彩,110,40,空投熊
魔法猫咪,Yuumi,棱彩,111,41,秘术冲拳
魔法猫咪,Yuumi,棱彩,112,42,你摸不到
魔法猫咪,Yuumi,白银,113,28,转得我眩晕了
魔法猫咪,Yuumi,黄金,114,44,黎明使者的坚决
魔法猫咪,Yuumi,黄金,115,45,缩小射线
魔法猫咪,Yuumi,黄金,116,46,牙仙子
魔法猫咪,Yuumi,黄金,117,47,火上浇油
魔法猫咪,Yuumi,白银,118,29,升级：中娅
魔法猫咪,Yuumi,黄金,119,48,过量延伸者
魔法猫咪,Yuumi,黄金,120,49,钢化你心
魔法猫咪,Yuumi,白银,121,30,练腿日
魔法猫咪,Yuumi,白银,122,31,渴血
魔法猫咪,Yuumi,白银,123,32,万用瞄准镜
魔法猫咪,Yuumi,白银,124,33,灵巧
魔法猫咪,Yuumi,白银,125,34,吵闹鬼
魔法猫咪,Yuumi,棱彩,126,43,软弹啪叽抓
魔法猫咪,Yuumi,黄金,127,50,更万用的瞄准镜
魔法猫咪,Yuumi,白银,128,35,点亮他们！
魔法猫咪,Yuumi,棱彩,129,44,大地苏醒
魔法猫咪,Yuumi,白银,130,36,唯快不破
魔法猫咪,Yuumi,黄金,131,51,闪现向前
魔法猫咪,Yuumi,黄金,132,52,豪猪
魔法猫咪,Yuumi,白银,133,37,快中求稳
魔法猫咪,Yuumi,棱彩,134,45,最终形态
魔法猫咪,Yuumi,白银,135,38,杀意翻涌
魔法猫咪,Yuumi,棱彩,136,46,神圣雪球
魔法猫咪,Yuumi,棱彩,137,47,物法皆修
魔法猫咪,Yuumi,黄金,138,53,藏身草丛
魔法猫咪,Yuumi,白银,139,39,重量级打击手
魔法猫咪,Yuumi,棱彩,140,48,吃过路兵
魔法猫咪,Yuumi,黄金,141,54,升级：耀光
魔法猫咪,Yuumi,棱彩,142,49,小猫咪找妈妈
魔法猫咪,Yuumi,黄金,143,55,夜狩
魔法猫咪,Yuumi,黄金,144,56,罪恶快感
魔法猫咪,Yuumi,棱彩,145,50,最万用的瞄准镜
魔法猫咪,Yuumi,棱彩,146,51,泰坦的坚决
魔法猫咪,Yuumi,棱彩,147,52,利刃华尔兹
魔法猫咪,Yuumi,棱彩,148,53,全凭身法
魔法猫咪,Yuumi,黄金,149,57,狂徒豪气
魔法猫咪,Yuumi,棱彩,150,54,激光治疗
魔法猫咪,Yuumi,棱彩,151,55,踢踏舞
魔法猫咪,Yuumi,黄金,152,58,祖母的辣椒油
魔法猫咪,Yuumi,黄金,153,59,坚韧
魔法猫咪,Yuumi,黄金,154,60,魄罗爆破手
魔法猫咪,Yuumi,棱彩,155,56,战争交响乐
魔法猫咪,Yuumi,黄金,156,61,活力焕发
魔法猫咪,Yuumi,棱彩,157,57,量子计算
魔法猫咪,Yuumi,黄金,158,62,升级：雪球
魔法猫咪,Yuumi,黄金,159,63,关键暴击
魔法猫咪,Yuumi,黄金,160,64,易损
魔法猫咪,Yuumi,棱彩,161,58,小丑学院
魔法猫咪,Yuumi,黄金,162,65,吸血习性
魔法猫咪,Yuumi,黄金,163,66,暴击飞弹
魔法猫咪,Yuumi,白银,164,40,主玩辅助
魔法猫咪,Yuumi,黄金,165,67,灵魂虹吸
魔法猫咪,Yuumi,白银,166,41,会心防御
魔法猫咪,Yuumi,黄金,167,68,最终都市列车
魔法猫咪,Yuumi,棱彩,168,59,连拨击锤
魔法猫咪,Yuumi,黄金,169,69,雪球扭蛋机
魔法猫咪,Yuumi,白银,170,42,闪闪现现
魔法猫咪,Yuumi,白银,171,43,狂热者
魔法猫咪,Yuumi,黄金,172,70,虚空冲刺
魔法猫咪,Yuumi,白银,173,44,台风
魔法猫咪,Yuumi,棱彩,174,60,卡皮巴拉空投
魔法猫咪,Yuumi,棱彩,175,61,？？？
魔法猫咪,Yuumi,棱彩,176,62,你肩上的恶魔
魔法猫咪,Yuumi,棱彩,177,63,双发快射
不落魔锋,Zaahen,白银,1,1,渴血
不落魔锋,Zaahen,黄金,2,1,无尽大杀四方
不落魔锋,Zaahen,白银,3,2,大力
不落魔锋,Zaahen,黄金,4,2,黎明使者的坚决
不落魔锋,Zaahen,黄金,5,3,狂徒豪气
不落魔锋,Zaahen,黄金,6,4,升级：焚天
不落魔锋,Zaahen,棱彩,7,1,最终形态
不落魔锋,Zaahen,棱彩,8,2,秘术冲拳
不落魔锋,Zaahen,白银,9,3,重量级打击手
不落魔锋,Zaahen,黄金,10,5,穿针引线
不落魔锋,Zaahen,黄金,11,6,罪恶快感
不落魔锋,Zaahen,棱彩,12,3,扳机炼狱
不落魔锋,Zaahen,黄金,13,7,升级：贪欲九头蛇
不落魔锋,Zaahen,黄金,14,8,质变：棱彩阶
不落魔锋,Zaahen,棱彩,15,4,战争交响乐
不落魔锋,Zaahen,棱彩,16,5,泰坦的坚决
不落魔锋,Zaahen,棱彩,17,6,濒死悟道
不落魔锋,Zaahen,棱彩,18,7,掷骰狂人
不落魔锋,Zaahen,黄金,19,9,贪欲束缚
不落魔锋,Zaahen,棱彩,20,8,飞升仪式
不落魔锋,Zaahen,棱彩,21,9,利刃华尔兹
不落魔锋,Zaahen,棱彩,22,10,全凭身法
不落魔锋,Zaahen,黄金,23,10,夜狩
不落魔锋,Zaahen,黄金,24,11,循环往复
不落魔锋,Zaahen,黄金,25,12,更万用的瞄准镜
不落魔锋,Zaahen,白银,26,4,魔法转物理
不落魔锋,Zaahen,黄金,27,13,杀戮时间到了
不落魔锋,Zaahen,黄金,28,14,高压锅
不落魔锋,Zaahen,黄金,29,15,我们的治疗
不落魔锋,Zaahen,黄金,30,16,自然即是治愈
不落魔锋,Zaahen,白银,31,5,逃跑计划
不落魔锋,Zaahen,白银,32,6,质变：黄金阶
不落魔锋,Zaahen,白银,33,7,升级：死亡之舞
不落魔锋,Zaahen,棱彩,34,11,吃过路兵
不落魔锋,Zaahen,黄金,35,17,坦克引擎
不落魔锋,Zaahen,黄金,36,18,吞噬灵魂
不落魔锋,Zaahen,黄金,37,19,心灵净化
不落魔锋,Zaahen,黄金,38,20,急速之追求
不落魔锋,Zaahen,棱彩,39,12,飞身踢
不落魔锋,Zaahen,黄金,40,21,虚幻武器
不落魔锋,Zaahen,黄金,41,22,面包和奶酪
不落魔锋,Zaahen,棱彩,42,13,终极唤醒
不落魔锋,Zaahen,棱彩,43,14,终极刷新
不落魔锋,Zaahen,白银,44,8,练腿日
不落魔锋,Zaahen,黄金,45,23,面包和黄油
不落魔锋,Zaahen,白银,46,9,自适应防护
不落魔锋,Zaahen,黄金,47,24,生机迸发
不落魔锋,Zaahen,黄金,48,25,钢化你心
不落魔锋,Zaahen,黄金,49,26,灵魂虹吸
不落魔锋,Zaahen,白银,50,10,暗影疾奔
不落魔锋,Zaahen,棱彩,51,15,超负荷
不落魔锋,Zaahen,棱彩,52,16,咒语裂变
不落魔锋,Zaahen,白银,53,11,万用瞄准镜
不落魔锋,Zaahen,白银,54,12,扇巴掌
不落魔锋,Zaahen,黄金,55,27,升级：无尽之刃
不落魔锋,Zaahen,黄金,56,28,升级：耀光
不落魔锋,Zaahen,棱彩,57,17,歌利亚巨人
不落魔锋,Zaahen,棱彩,58,18,和我一起困在这里
不落魔锋,Zaahen,白银,59,13,可靠武器
不落魔锋,Zaahen,黄金,60,29,属性叠属性！
不落魔锋,Zaahen,白银,61,14,快中求稳
不落魔锋,Zaahen,黄金,62,30,缩小引擎
不落魔锋,Zaahen,黄金,63,31,捐赠
不落魔锋,Zaahen,黄金,64,32,星界躯体
不落魔锋,Zaahen,棱彩,65,19,终极九头蛇
不落魔锋,Zaahen,黄金,66,33,闪现向前
不落魔锋,Zaahen,棱彩,67,20,质变：混沌
不落魔锋,Zaahen,黄金,68,34,面包和果酱
不落魔锋,Zaahen,棱彩,69,21,双刀流
不落魔锋,Zaahen,棱彩,70,22,最万用的瞄准镜
不落魔锋,Zaahen,白银,71,15,灵巧
不落魔锋,Zaahen,棱彩,72,23,艾卡西亚的陷落
不落魔锋,Zaahen,白银,73,16,台风
不落魔锋,Zaahen,白银,74,17,大师铸就
不落魔锋,Zaahen,黄金,75,35,神圣干预
不落魔锋,Zaahen,白银,76,18,俯冲轰炸
不落魔锋,Zaahen,棱彩,77,24,踢踏舞
不落魔锋,Zaahen,白银,78,19,海洋龙魂
不落魔锋,Zaahen,棱彩,79,25,史上最大雪球
不落魔锋,Zaahen,棱彩,80,26,巨像的勇气
不落魔锋,Zaahen,黄金,81,36,豪猪
不落魔锋,Zaahen,白银,82,20,终极不可阻挡
不落魔锋,Zaahen,黄金,83,37,尖端发明家
不落魔锋,Zaahen,棱彩,84,27,你摸不到
不落魔锋,Zaahen,黄金,85,38,不动如山
不落魔锋,Zaahen,棱彩,86,28,回响施放
不落魔锋,Zaahen,黄金,87,39,火上浇油
不落魔锋,Zaahen,白银,88,21,升级：收集者
不落魔锋,Zaahen,黄金,89,40,弹球
不落魔锋,Zaahen,棱彩,90,29,多重射击
不落魔锋,Zaahen,黄金,91,41,缩小射线
不落魔锋,Zaahen,黄金,92,42,冰雪爆裂
不落魔锋,Zaahen,黄金,93,43,牙仙子
不落魔锋,Zaahen,棱彩,94,30,潘朵拉的盒子
不落魔锋,Zaahen,棱彩,95,31,回归基本功
不落魔锋,Zaahen,棱彩,96,32,科学狂人
不落魔锋,Zaahen,黄金,97,44,术士果汁盒
不落魔锋,Zaahen,棱彩,98,33,精怪魔法
不落魔锋,Zaahen,棱彩,99,34,软弹啪叽抓
不落魔锋,Zaahen,棱彩,100,35,无限循环往复
不落魔锋,Zaahen,白银,101,22,侵蚀
不落魔锋,Zaahen,黄金,102,45,轻拍背部
不落魔锋,Zaahen,黄金,103,46,关键暴击
不落魔锋,Zaahen,白银,104,23,杀意翻涌
不落魔锋,Zaahen,白银,105,24,下雪天
不落魔锋,Zaahen,棱彩,106,36,大地苏醒
不落魔锋,Zaahen,棱彩,107,37,珠光护手
不落魔锋,Zaahen,棱彩,108,38,大法师
不落魔锋,Zaahen,白银,109,25,炼狱龙魂
不落魔锋,Zaahen,黄金,110,47,鲨鱼暴风
不落魔锋,Zaahen,黄金,111,48,鲨鱼诱饵
不落魔锋,Zaahen,棱彩,112,39,海牛阿福的勇士
不落魔锋,Zaahen,黄金,113,49,急急小子
不落魔锋,Zaahen,黄金,114,50,易损
不落魔锋,Zaahen,棱彩,115,40,位面转移
不落魔锋,Zaahen,黄金,116,51,哎哟，我的硬币！
不落魔锋,Zaahen,棱彩,117,41,神圣雪球
不落魔锋,Zaahen,棱彩,118,42,连拨击锤
不落魔锋,Zaahen,白银,119,26,属性！
不落魔锋,Zaahen,白银,120,27,转得我眩晕了
不落魔锋,Zaahen,棱彩,121,43,巨人杀手
不落魔锋,Zaahen,棱彩,122,44,双发快射
不落魔锋,Zaahen,白银,123,28,防护面纱
不落魔锋,Zaahen,黄金,124,52,过量延伸者
不落魔锋,Zaahen,棱彩,125,45,全能龙魂
不落魔锋,Zaahen,白银,126,29,会心防御
不落魔锋,Zaahen,棱彩,127,46,尊我为王
不落魔锋,Zaahen,白银,128,30,海克斯科技龙魂
不落魔锋,Zaahen,棱彩,129,47,属性叠属性叠属性！
不落魔锋,Zaahen,黄金,130,53,有始有终
不落魔锋,Zaahen,黄金,131,54,暴击律动
不落魔锋,Zaahen,白银,132,31,山脉龙魂
不落魔锋,Zaahen,白银,133,32,升级：献祭
不落魔锋,Zaahen,黄金,134,55,咏叹奏鸣
不落魔锋,Zaahen,白银,135,33,家园卫士
不落魔锋,Zaahen,黄金,136,56,回力OK镖
不落魔锋,Zaahen,棱彩,137,48,大招工具人
不落魔锋,Zaahen,黄金,138,57,溢流
不落魔锋,Zaahen,棱彩,139,49,舞会女王
不落魔锋,Zaahen,白银,140,34,双生火焰
不落魔锋,Zaahen,黄金,141,58,吸血习性
不落魔锋,Zaahen,棱彩,142,50,空投熊
不落魔锋,Zaahen,棱彩,143,51,死亡之环
不落魔锋,Zaahen,白银,144,35,纯粹主义者 - 术师
不落魔锋,Zaahen,黄金,145,59,炽烈黎明
不落魔锋,Zaahen,白银,146,36,由心及物
不落魔锋,Zaahen,棱彩,147,52,男爵之手
不落魔锋,Zaahen,棱彩,148,53,电涌力场
不落魔锋,Zaahen,黄金,149,60,藏身草丛
不落魔锋,Zaahen,棱彩,150,54,夺金
不落魔锋,Zaahen,白银,151,37,点亮他们！
不落魔锋,Zaahen,白银,152,38,由暴生急
不落魔锋,Zaahen,白银,153,39,吵闹鬼
不落魔锋,Zaahen,棱彩,154,55,炼狱导管
不落魔锋,Zaahen,棱彩,155,56,魄罗蛮冲
不落魔锋,Zaahen,黄金,156,61,魔法飞弹
不落魔锋,Zaahen,棱彩,157,57,残忍
不落魔锋,Zaahen,黄金,158,62,活力焕发
不落魔锋,Zaahen,白银,159,40,火狐
不落魔锋,Zaahen,白银,160,41,唯快不破
不落魔锋,Zaahen,白银,161,42,注魔
不落魔锋,Zaahen,棱彩,162,58,至高天诺言
不落魔锋,Zaahen,白银,163,43,冰寒
不落魔锋,Zaahen,黄金,164,63,会心治疗
不落魔锋,Zaahen,棱彩,165,59,风语者的祝福
不落魔锋,Zaahen,白银,166,44,闪光弹
不落魔锋,Zaahen,白银,167,45,急救用具
不落魔锋,Zaahen,棱彩,168,60,玻璃大炮
不落魔锋,Zaahen,白银,169,46,闪闪现现
不落魔锋,Zaahen,棱彩,170,61,量子计算
不落魔锋,Zaahen,棱彩,171,62,蛋白粉奶昔
不落魔锋,Zaahen,黄金,172,64,升级：雪球
不落魔锋,Zaahen,黄金,173,65,坚韧
不落魔锋,Zaahen,棱彩,174,63,小丑学院
不落魔锋,Zaahen,黄金,175,66,最终都市列车
不落魔锋,Zaahen,黄金,176,67,雪球扭蛋机
不落魔锋,Zaahen,黄金,177,68,虚空冲刺
不落魔锋,Zaahen,棱彩,178,64,灵魄炸弹
不落魔锋,Zaahen,白银,179,47,坚若磐石
不落魔锋,Zaahen,白银,180,48,强力护盾
不落魔锋,Zaahen,白银,181,49,天音爆
不落魔锋,Zaahen,黄金,182,69,魄罗爆破手
不落魔锋,Zaahen,棱彩,183,65,？？？
不落魔锋,Zaahen,棱彩,184,66,魄罗之王的弹跳
不落魔锋,Zaahen,棱彩,185,67,你肩上的恶魔
不落魔锋,Zaahen,白银,186,50,叠角龙
不落魔锋,Zaahen,棱彩,187,68,卡皮巴拉空投
不落魔锋,Zaahen,黄金,188,70,威能之追求
生化魔人,Zac,黄金,1,1,坦克引擎
生化魔人,Zac,黄金,2,2,星界躯体
生化魔人,Zac,棱彩,3,1,飞身踢
生化魔人,Zac,白银,4,1,重量级打击手
生化魔人,Zac,黄金,5,3,钢化你心
生化魔人,Zac,棱彩,6,2,歌利亚巨人
生化魔人,Zac,白银,7,2,升级：献祭
生化魔人,Zac,棱彩,8,3,巨像的勇气
生化魔人,Zac,白银,9,3,扇巴掌
生化魔人,Zac,黄金,10,4,吞噬灵魂
生化魔人,Zac,黄金,11,5,高压锅
生化魔人,Zac,黄金,12,6,不动如山
生化魔人,Zac,黄金,13,7,虚幻武器
生化魔人,Zac,棱彩,14,4,残忍
生化魔人,Zac,黄金,15,8,术士果汁盒
生化魔人,Zac,黄金,16,9,质变：棱彩阶
生化魔人,Zac,棱彩,17,5,艾卡西亚的陷落
生化魔人,Zac,黄金,18,10,贪欲束缚
生化魔人,Zac,黄金,19,11,生机迸发
生化魔人,Zac,白银,20,4,保持坚定
生化魔人,Zac,白银,21,5,虹吸
生化魔人,Zac,黄金,22,12,超凡邪恶
生化魔人,Zac,黄金,23,13,黎明使者的坚决
生化魔人,Zac,白银,24,6,逃跑计划
生化魔人,Zac,棱彩,25,6,死亡之环
生化魔人,Zac,棱彩,26,7,掷骰狂人
生化魔人,Zac,棱彩,27,8,和我一起困在这里
生化魔人,Zac,黄金,28,14,快步
生化魔人,Zac,白银,29,7,质变：黄金阶
生化魔人,Zac,白银,30,8,终极不可阻挡
生化魔人,Zac,白银,31,9,俯冲轰炸
生化魔人,Zac,白银,32,10,自适应防护
生化魔人,Zac,黄金,33,15,豪猪
生化魔人,Zac,棱彩,34,9,炼狱导管
生化魔人,Zac,棱彩,35,10,无限循环往复
生化魔人,Zac,黄金,36,16,循环往复
生化魔人,Zac,白银,37,11,巫师式思考
生化魔人,Zac,黄金,38,17,面包和果酱
生化魔人,Zac,白银,39,12,大师铸就
生化魔人,Zac,棱彩,40,11,大法师
生化魔人,Zac,棱彩,41,12,最终形态
生化魔人,Zac,棱彩,42,13,你摸不到
生化魔人,Zac,黄金,43,18,面包和奶酪
生化魔人,Zac,黄金,44,19,无尽大杀四方
生化魔人,Zac,黄金,45,20,急速之追求
生化魔人,Zac,黄金,46,21,尖端发明家
生化魔人,Zac,棱彩,47,14,泰坦的坚决
生化魔人,Zac,白银,48,13,渴血
生化魔人,Zac,棱彩,49,15,终极刷新
生化魔人,Zac,白银,50,14,冰寒
生化魔人,Zac,棱彩,51,16,质变：混沌
生化魔人,Zac,白银,52,15,练腿日
生化魔人,Zac,黄金,53,22,自然即是治愈
生化魔人,Zac,白银,54,16,纯粹主义者 - 术师
生化魔人,Zac,黄金,55,23,我们的治疗
生化魔人,Zac,黄金,56,24,神圣干预
生化魔人,Zac,白银,57,17,快中求稳
生化魔人,Zac,棱彩,58,17,终极唤醒
生化魔人,Zac,棱彩,59,18,不祥契约
生化魔人,Zac,白银,60,18,可靠武器
生化魔人,Zac,黄金,61,25,捐赠
生化魔人,Zac,黄金,62,26,属性叠属性！
生化魔人,Zac,棱彩,63,19,史上最大雪球
生化魔人,Zac,黄金,64,27,魔法飞弹
生化魔人,Zac,黄金,65,28,轻拍背部
生化魔人,Zac,黄金,66,29,心灵净化
生化魔人,Zac,棱彩,67,20,回归基本功
生化魔人,Zac,棱彩,68,21,科学狂人
生化魔人,Zac,棱彩,69,22,软弹啪叽抓
生化魔人,Zac,棱彩,70,23,空投熊
生化魔人,Zac,棱彩,71,24,精怪魔法
生化魔人,Zac,棱彩,72,25,回响施放
生化魔人,Zac,黄金,73,30,杀戮时间到了
生化魔人,Zac,黄金,74,31,威能之追求
生化魔人,Zac,白银,75,19,别停止引导
生化魔人,Zac,黄金,76,32,弹球
生化魔人,Zac,棱彩,77,26,大地苏醒
生化魔人,Zac,白银,78,20,侵蚀
生化魔人,Zac,黄金,79,33,面包和黄油
生化魔人,Zac,黄金,80,34,冰雪爆裂
生化魔人,Zac,白银,81,21,下雪天
生化魔人,Zac,黄金,82,35,鲨鱼诱饵
生化魔人,Zac,白银,83,22,升级：中娅
生化魔人,Zac,棱彩,84,27,潘朵拉的盒子
生化魔人,Zac,白银,85,23,暗影疾奔
生化魔人,Zac,黄金,86,36,急急小子
生化魔人,Zac,棱彩,87,28,舞会女王
生化魔人,Zac,白银,88,24,属性！
生化魔人,Zac,白银,89,25,山脉龙魂
生化魔人,Zac,黄金,90,37,狂徒豪气
生化魔人,Zac,黄金,91,38,超强大脑
生化魔人,Zac,黄金,92,39,缩小引擎
生化魔人,Zac,黄金,93,40,闪现向前
生化魔人,Zac,白银,94,26,物理转魔法
生化魔人,Zac,棱彩,95,29,沃格勒特的巫师帽
生化魔人,Zac,黄金,96,41,鲨鱼暴风
生化魔人,Zac,黄金,97,42,神射法师
生化魔人,Zac,黄金,98,43,过量延伸者
生化魔人,Zac,棱彩,99,30,扳机炼狱
生化魔人,Zac,棱彩,100,31,尊我为王
生化魔人,Zac,白银,101,27,炼狱龙魂
生化魔人,Zac,白银,102,28,火狐
生化魔人,Zac,黄金,103,44,哎哟，我的硬币！
生化魔人,Zac,棱彩,104,32,神圣雪球
生化魔人,Zac,白银,105,29,防护面纱
生化魔人,Zac,白银,106,30,海克斯科技龙魂
生化魔人,Zac,棱彩,107,33,全凭身法
生化魔人,Zac,棱彩,108,34,电涌力场
生化魔人,Zac,棱彩,109,35,全能龙魂
生化魔人,Zac,棱彩,110,36,吃过路兵
生化魔人,Zac,黄金,111,45,咏叹奏鸣
生化魔人,Zac,白银,112,31,海洋龙魂
生化魔人,Zac,棱彩,113,37,珠光护手
生化魔人,Zac,棱彩,114,38,海牛阿福的勇士
生化魔人,Zac,白银,115,32,转得我眩晕了
生化魔人,Zac,白银,116,33,双生火焰
生化魔人,Zac,棱彩,117,39,属性叠属性叠属性！
生化魔人,Zac,棱彩,118,40,风语者的祝福
生化魔人,Zac,白银,119,34,杀意翻涌
生化魔人,Zac,棱彩,120,41,濒死悟道
生化魔人,Zac,黄金,121,46,缩小射线
生化魔人,Zac,棱彩,122,42,秘术冲拳
生化魔人,Zac,棱彩,123,43,尤里卡
生化魔人,Zac,黄金,124,47,炽烈黎明
生化魔人,Zac,棱彩,125,44,至高天诺言
生化魔人,Zac,白银,126,35,家园卫士
生化魔人,Zac,黄金,127,48,火上浇油
生化魔人,Zac,棱彩,128,45,飞升仪式
生化魔人,Zac,黄金,129,49,更万用的瞄准镜
生化魔人,Zac,黄金,130,50,牙仙子
生化魔人,Zac,黄金,131,51,夜狩
生化魔人,Zac,黄金,132,52,穿针引线
生化魔人,Zac,棱彩,133,46,大招工具人
生化魔人,Zac,黄金,134,53,罪恶快感
生化魔人,Zac,黄金,135,54,有始有终
生化魔人,Zac,黄金,136,55,藏身草丛
生化魔人,Zac,黄金,137,56,回力OK镖
生化魔人,Zac,黄金,138,57,升级：焚天
生化魔人,Zac,白银,139,36,万用瞄准镜
生化魔人,Zac,棱彩,140,47,夺金
生化魔人,Zac,白银,141,37,吵闹鬼
生化魔人,Zac,黄金,142,58,升级：贪欲九头蛇
生化魔人,Zac,棱彩,143,48,巨人杀手
生化魔人,Zac,棱彩,144,49,男爵之手
生化魔人,Zac,棱彩,145,50,魄罗蛮冲
生化魔人,Zac,棱彩,146,51,利刃华尔兹
生化魔人,Zac,黄金,147,59,坚韧
生化魔人,Zac,棱彩,148,52,位面转移
生化魔人,Zac,黄金,149,60,活力焕发
生化魔人,Zac,棱彩,150,53,物法皆修
生化魔人,Zac,白银,151,38,灵巧
生化魔人,Zac,棱彩,152,54,蛋白粉奶昔
生化魔人,Zac,白银,153,39,坚若磐石
生化魔人,Zac,黄金,154,61,会心治疗
生化魔人,Zac,黄金,155,62,升级：耀光
生化魔人,Zac,白银,156,40,唯快不破
生化魔人,Zac,白银,157,41,急救用具
生化魔人,Zac,棱彩,158,55,战争交响乐
生化魔人,Zac,棱彩,159,56,灵魄炸弹
生化魔人,Zac,棱彩,160,57,最万用的瞄准镜
生化魔人,Zac,白银,161,42,点亮他们！
生化魔人,Zac,棱彩,162,58,踢踏舞
生化魔人,Zac,棱彩,163,59,玻璃大炮
生化魔人,Zac,黄金,164,63,吸血习性
生化魔人,Zac,白银,165,43,闪闪现现
生化魔人,Zac,白银,166,44,闪光弹
生化魔人,Zac,白银,167,45,会心防御
生化魔人,Zac,黄金,168,64,升级：雪球
生化魔人,Zac,黄金,169,65,祖母的辣椒油
生化魔人,Zac,黄金,170,66,关键暴击
生化魔人,Zac,黄金,171,67,易损
生化魔人,Zac,棱彩,172,60,小丑学院
生化魔人,Zac,棱彩,173,61,量子计算
生化魔人,Zac,白银,174,46,叠角龙
生化魔人,Zac,黄金,175,68,雪球扭蛋机
生化魔人,Zac,白银,176,47,强力护盾
生化魔人,Zac,黄金,177,69,最终都市列车
生化魔人,Zac,棱彩,178,62,魄罗之王的弹跳
生化魔人,Zac,黄金,179,70,魄罗爆破手
生化魔人,Zac,黄金,180,71,虚空冲刺
生化魔人,Zac,白银,181,48,天音爆
生化魔人,Zac,黄金,182,72,灵魂虹吸
生化魔人,Zac,棱彩,183,63,双刀流
生化魔人,Zac,黄金,184,73,全心为你
生化魔人,Zac,棱彩,185,64,激光治疗
生化魔人,Zac,棱彩,186,65,卡皮巴拉空投
生化魔人,Zac,棱彩,187,66,？？？
生化魔人,Zac,棱彩,188,67,你肩上的恶魔
生化魔人,Zac,棱彩,189,68,超负荷
生化魔人,Zac,黄金,190,74,喂呜喂呜
生化魔人,Zac,白银,191,49,台风
生化魔人,Zac,白银,192,50,魔法转物理
生化魔人,Zac,白银,193,51,狂热者
生化魔人,Zac,棱彩,194,69,双发快射
影流之主,Zed,黄金,1,1,穿针引线
影流之主,Zed,黄金,2,2,夜狩
影流之主,Zed,黄金,3,3,杀戮时间到了
影流之主,Zed,白银,4,1,升级：收集者
影流之主,Zed,黄金,5,4,牙仙子
影流之主,Zed,白银,6,2,大力
影流之主,Zed,黄金,7,5,虚幻武器
影流之主,Zed,棱彩,8,1,最终形态
影流之主,Zed,棱彩,9,2,全凭身法
影流之主,Zed,白银,10,3,渴血
影流之主,Zed,白银,11,4,暗影疾奔
影流之主,Zed,棱彩,12,3,利刃华尔兹
影流之主,Zed,黄金,13,6,质变：棱彩阶
影流之主,Zed,棱彩,14,4,飞升仪式
影流之主,Zed,棱彩,15,5,无限循环往复
影流之主,Zed,黄金,16,7,循环往复
影流之主,Zed,棱彩,17,6,咒语裂变
影流之主,Zed,黄金,18,8,威能之追求
影流之主,Zed,白银,19,5,魔法转物理
影流之主,Zed,棱彩,20,7,终极唤醒
影流之主,Zed,黄金,21,9,升级：贪欲九头蛇
影流之主,Zed,黄金,22,10,急速之追求
影流之主,Zed,棱彩,23,8,珠光护手
影流之主,Zed,棱彩,24,9,大法师
影流之主,Zed,白银,25,6,终极不可阻挡
影流之主,Zed,黄金,26,11,急急小子
影流之主,Zed,黄金,27,12,魔法飞弹
影流之主,Zed,黄金,28,13,缩小引擎
影流之主,Zed,黄金,29,14,有始有终
影流之主,Zed,黄金,30,15,面包和果酱
影流之主,Zed,黄金,31,16,无尽大杀四方
影流之主,Zed,黄金,32,17,藏身草丛
影流之主,Zed,棱彩,33,10,终极刷新
影流之主,Zed,白银,34,7,质变：黄金阶
影流之主,Zed,黄金,35,18,罪恶快感
影流之主,Zed,棱彩,36,11,吃过路兵
影流之主,Zed,白银,37,8,旋转至胜
影流之主,Zed,白银,38,9,逃跑计划
影流之主,Zed,棱彩,39,12,大地苏醒
影流之主,Zed,黄金,40,19,捐赠
影流之主,Zed,黄金,41,20,属性叠属性！
影流之主,Zed,白银,42,10,保持坚定
影流之主,Zed,棱彩,43,13,掷骰狂人
影流之主,Zed,棱彩,44,14,巨人杀手
影流之主,Zed,棱彩,45,15,终极九头蛇
影流之主,Zed,白银,46,11,升级：死亡之舞
影流之主,Zed,白银,47,12,快中求稳
影流之主,Zed,棱彩,48,16,多重射击
影流之主,Zed,黄金,49,21,面包和黄油
影流之主,Zed,棱彩,50,17,你摸不到
影流之主,Zed,黄金,51,22,升级：无尽之刃
影流之主,Zed,棱彩,52,18,超负荷
影流之主,Zed,白银,53,13,杀意翻涌
影流之主,Zed,白银,54,14,纯粹主义者 - 术师
影流之主,Zed,黄金,55,23,狂徒豪气
影流之主,Zed,棱彩,56,19,质变：混沌
影流之主,Zed,白银,57,15,炼狱龙魂
影流之主,Zed,棱彩,58,20,濒死悟道
影流之主,Zed,棱彩,59,21,史上最大雪球
影流之主,Zed,白银,60,16,大师铸就
影流之主,Zed,棱彩,61,22,战争交响乐
影流之主,Zed,黄金,62,24,闪现向前
影流之主,Zed,棱彩,63,23,玻璃大炮
影流之主,Zed,黄金,64,25,面包和奶酪
影流之主,Zed,棱彩,65,24,潘朵拉的盒子
影流之主,Zed,黄金,66,26,回力OK镖
影流之主,Zed,白银,67,17,练腿日
影流之主,Zed,黄金,68,27,心灵净化
影流之主,Zed,黄金,69,28,弹球
影流之主,Zed,白银,70,18,防护面纱
影流之主,Zed,黄金,71,29,冰雪爆裂
影流之主,Zed,黄金,72,30,升级：焚天
影流之主,Zed,白银,73,19,俯冲轰炸
影流之主,Zed,黄金,74,31,狙神飞星
影流之主,Zed,棱彩,75,25,和我一起困在这里
影流之主,Zed,棱彩,76,26,扳机炼狱
影流之主,Zed,黄金,77,32,易损
影流之主,Zed,棱彩,78,27,科学狂人
影流之主,Zed,黄金,79,33,哎哟，我的硬币！
影流之主,Zed,棱彩,80,28,飞身踢
影流之主,Zed,棱彩,81,29,海牛阿福的勇士
影流之主,Zed,棱彩,82,30,尊我为王
影流之主,Zed,黄金,83,34,关键暴击
影流之主,Zed,白银,84,20,下雪天
影流之主,Zed,白银,85,21,侵蚀
影流之主,Zed,棱彩,86,31,神圣雪球
影流之主,Zed,白银,87,22,双生火焰
影流之主,Zed,黄金,88,35,尖端发明家
影流之主,Zed,黄金,89,36,鲨鱼暴风
影流之主,Zed,棱彩,90,32,大招工具人
影流之主,Zed,棱彩,91,33,歌利亚巨人
影流之主,Zed,黄金,92,37,灵魂虹吸
影流之主,Zed,棱彩,93,34,全能龙魂
影流之主,Zed,白银,94,23,海克斯科技龙魂
影流之主,Zed,黄金,95,38,神圣干预
影流之主,Zed,白银,96,24,属性！
影流之主,Zed,棱彩,97,35,夺金
影流之主,Zed,棱彩,98,36,属性叠属性叠属性！
影流之主,Zed,棱彩,99,37,位面转移
影流之主,Zed,黄金,100,39,鲨鱼诱饵
影流之主,Zed,黄金,101,40,术士果汁盒
影流之主,Zed,棱彩,102,38,秘术冲拳
影流之主,Zed,棱彩,103,39,连拨击锤
影流之主,Zed,白银,104,25,家园卫士
影流之主,Zed,黄金,105,41,轻拍背部
影流之主,Zed,黄金,106,42,生机迸发
影流之主,Zed,棱彩,107,40,精怪魔法
影流之主,Zed,棱彩,108,41,回归基本功
影流之主,Zed,黄金,109,43,过量延伸者
影流之主,Zed,白银,110,26,台风
影流之主,Zed,黄金,111,44,自然即是治愈
影流之主,Zed,棱彩,112,42,双发快射
影流之主,Zed,白银,113,27,会心防御
影流之主,Zed,黄金,114,45,黎明使者的坚决
影流之主,Zed,黄金,115,46,坦克引擎
影流之主,Zed,棱彩,116,43,男爵之手
影流之主,Zed,棱彩,117,44,双刀流
影流之主,Zed,黄金,118,47,炽烈黎明
影流之主,Zed,黄金,119,48,缩小射线
影流之主,Zed,白银,120,28,由暴生急
影流之主,Zed,棱彩,121,45,电涌力场
影流之主,Zed,黄金,122,49,更万用的瞄准镜
影流之主,Zed,棱彩,123,46,泰坦的坚决
影流之主,Zed,白银,124,29,唯快不破
影流之主,Zed,白银,125,30,海洋龙魂
影流之主,Zed,白银,126,31,转得我眩晕了
影流之主,Zed,白银,127,32,山脉龙魂
影流之主,Zed,黄金,128,50,火上浇油
影流之主,Zed,棱彩,129,47,舞会女王
影流之主,Zed,白银,130,33,冰寒
影流之主,Zed,棱彩,131,48,空投熊
影流之主,Zed,白银,132,34,火狐
影流之主,Zed,黄金,133,51,升级：耀光
影流之主,Zed,白银,134,35,重量级打击手
影流之主,Zed,棱彩,135,49,炼狱导管
影流之主,Zed,黄金,136,52,星界躯体
影流之主,Zed,棱彩,137,50,魄罗蛮冲
影流之主,Zed,黄金,138,53,我们的治疗
影流之主,Zed,白银,139,36,万用瞄准镜
影流之主,Zed,白银,140,37,灵巧
影流之主,Zed,黄金,141,54,咏叹奏鸣
影流之主,Zed,黄金,142,55,豪猪
影流之主,Zed,黄金,143,56,钢化你心
影流之主,Zed,棱彩,144,51,最万用的瞄准镜
影流之主,Zed,黄金,145,57,吸血习性
影流之主,Zed,白银,146,38,吵闹鬼
影流之主,Zed,棱彩,147,52,小丑学院
影流之主,Zed,棱彩,148,53,软弹啪叽抓
影流之主,Zed,白银,149,39,点亮他们！
影流之主,Zed,白银,150,40,闪光弹
影流之主,Zed,棱彩,151,54,踢踏舞
影流之主,Zed,黄金,152,58,高压锅
影流之主,Zed,白银,153,41,闪闪现现
影流之主,Zed,黄金,154,59,活力焕发
影流之主,Zed,白银,155,42,升级：献祭
影流之主,Zed,黄金,156,60,升级：雪球
影流之主,Zed,棱彩,157,55,艾卡西亚的陷落
影流之主,Zed,棱彩,158,56,量子计算
影流之主,Zed,黄金,159,61,最终都市列车
影流之主,Zed,黄金,160,62,雪球扭蛋机
影流之主,Zed,黄金,161,63,魄罗爆破手
影流之主,Zed,黄金,162,64,虚空冲刺
影流之主,Zed,黄金,163,65,会心治疗
影流之主,Zed,白银,164,43,叠角龙
影流之主,Zed,黄金,165,66,快步
影流之主,Zed,黄金,166,67,坚韧
影流之主,Zed,棱彩,167,57,？？？
影流之主,Zed,棱彩,168,58,魄罗之王的弹跳
影流之主,Zed,白银,169,44,虹吸
影流之主,Zed,白银,170,45,巫师式思考
影流之主,Zed,黄金,171,68,神射法师
影流之主,Zed,白银,172,46,可靠武器
影流之主,Zed,黄金,173,69,暴击律动
影流之主,Zed,棱彩,174,59,激光治疗
影流之主,Zed,棱彩,175,60,王中王，靴中靴
影流之主,Zed,棱彩,176,61,卡皮巴拉空投
影流之主,Zed,棱彩,177,62,你肩上的恶魔
影流之主,Zed,棱彩,178,63,回响施放
影流之主,Zed,白银,179,47,自适应防护
祖安花火,Zeri,黄金,1,1,升级：无尽之刃
祖安花火,Zeri,黄金,2,2,更万用的瞄准镜
祖安花火,Zeri,棱彩,3,1,踢踏舞
祖安花火,Zeri,黄金,4,3,暴击律动
祖安花火,Zeri,棱彩,5,2,最万用的瞄准镜
祖安花火,Zeri,白银,6,1,灵巧
祖安花火,Zeri,棱彩,7,3,巨人杀手
祖安花火,Zeri,白银,8,2,台风
祖安花火,Zeri,白银,9,3,万用瞄准镜
祖安花火,Zeri,黄金,10,4,暴击飞弹
祖安花火,Zeri,棱彩,11,4,连拨击锤
祖安花火,Zeri,黄金,12,5,灵魂虹吸
祖安花火,Zeri,黄金,13,6,小小的额外帮助
祖安花火,Zeri,黄金,14,7,质变：棱彩阶
祖安花火,Zeri,白银,15,4,大力
祖安花火,Zeri,棱彩,16,5,掷骰狂人
祖安花火,Zeri,黄金,17,8,关键暴击
祖安花火,Zeri,白银,18,5,点亮他们！
祖安花火,Zeri,黄金,19,9,罪恶快感
祖安花火,Zeri,棱彩,20,6,双发快射
祖安花火,Zeri,白银,21,6,会心防御
祖安花火,Zeri,黄金,22,10,惊惧
祖安花火,Zeri,黄金,23,11,易损
祖安花火,Zeri,黄金,24,12,缩小引擎
祖安花火,Zeri,棱彩,25,7,针插垫
祖安花火,Zeri,黄金,26,13,杀戮时间到了
祖安花火,Zeri,黄金,27,14,火上浇油
祖安花火,Zeri,棱彩,28,8,亮出你的剑
祖安花火,Zeri,棱彩,29,9,你摸不到
祖安花火,Zeri,白银,30,7,升级：收集者
祖安花火,Zeri,白银,31,8,终极不可阻挡
祖安花火,Zeri,棱彩,32,10,战争交响乐
祖安花火,Zeri,白银,33,9,质变：黄金阶
祖安花火,Zeri,白银,34,10,练腿日
祖安花火,Zeri,黄金,35,15,穿针引线
祖安花火,Zeri,棱彩,36,11,精怪魔法
祖安花火,Zeri,白银,37,11,逃跑计划
祖安花火,Zeri,白银,38,12,前进时间到
祖安花火,Zeri,白银,39,13,魔法转物理
祖安花火,Zeri,黄金,40,16,捐赠
祖安花火,Zeri,棱彩,41,12,质变：混沌
祖安花火,Zeri,黄金,42,17,闪现向前
祖安花火,Zeri,白银,43,14,唯快不破
祖安花火,Zeri,黄金,44,18,属性叠属性！
祖安花火,Zeri,黄金,45,19,术士果汁盒
祖安花火,Zeri,棱彩,46,13,最终形态
祖安花火,Zeri,白银,47,15,渴血
祖安花火,Zeri,黄金,48,20,缩小射线
祖安花火,Zeri,棱彩,49,14,终极唤醒
祖安花火,Zeri,棱彩,50,15,终极刷新
祖安花火,Zeri,棱彩,51,16,珠光护手
祖安花火,Zeri,棱彩,52,17,秘术冲拳
祖安花火,Zeri,黄金,53,21,面包和奶酪
祖安花火,Zeri,白银,54,16,家园卫士
祖安花火,Zeri,白银,55,17,狂热者
祖安花火,Zeri,白银,56,18,海克斯科技龙魂
祖安花火,Zeri,黄金,57,22,夜狩
祖安花火,Zeri,白银,58,19,暗影疾奔
祖安花火,Zeri,黄金,59,23,魔法飞弹
祖安花火,Zeri,棱彩,60,18,潘朵拉的盒子
祖安花火,Zeri,白银,61,20,侵蚀
祖安花火,Zeri,棱彩,62,19,回响施放
祖安花火,Zeri,黄金,63,24,循环往复
祖安花火,Zeri,白银,64,21,大师铸就
祖安花火,Zeri,白银,65,22,由暴生急
祖安花火,Zeri,黄金,66,25,生机迸发
祖安花火,Zeri,黄金,67,26,牙仙子
祖安花火,Zeri,棱彩,68,20,海牛阿福的勇士
祖安花火,Zeri,白银,69,23,吵闹鬼
祖安花火,Zeri,黄金,70,27,威能之追求
祖安花火,Zeri,黄金,71,28,急速之追求
祖安花火,Zeri,棱彩,72,21,飞身踢
祖安花火,Zeri,棱彩,73,22,大招工具人
祖安花火,Zeri,黄金,74,29,虚幻武器
祖安花火,Zeri,棱彩,75,23,终极九头蛇
祖安花火,Zeri,白银,76,24,炼狱龙魂
祖安花火,Zeri,黄金,77,30,心灵净化
祖安花火,Zeri,黄金,78,31,有始有终
祖安花火,Zeri,棱彩,79,24,全能龙魂
祖安花火,Zeri,白银,80,25,注魔
祖安花火,Zeri,棱彩,81,25,科学狂人
祖安花火,Zeri,白银,82,26,杀意翻涌
祖安花火,Zeri,棱彩,83,26,吃过路兵
祖安花火,Zeri,白银,84,27,防护面纱
祖安花火,Zeri,棱彩,85,27,属性叠属性叠属性！
祖安花火,Zeri,黄金,86,32,哎哟，我的硬币！
祖安花火,Zeri,黄金,87,33,面包和果酱
祖安花火,Zeri,棱彩,88,28,物法皆修
祖安花火,Zeri,棱彩,89,29,尊我为王
祖安花火,Zeri,黄金,90,34,急急小子
祖安花火,Zeri,黄金,91,35,坦克引擎
祖安花火,Zeri,黄金,92,36,升级：贪欲九头蛇
祖安花火,Zeri,黄金,93,37,神圣干预
祖安花火,Zeri,黄金,94,38,老练狙神
祖安花火,Zeri,白银,95,28,海洋龙魂
祖安花火,Zeri,黄金,96,39,轻拍背部
祖安花火,Zeri,黄金,97,40,狂徒豪气
祖安花火,Zeri,棱彩,98,30,夺金
祖安花火,Zeri,棱彩,99,31,全凭身法
祖安花火,Zeri,黄金,100,41,黎明使者的坚决
祖安花火,Zeri,棱彩,101,32,扳机炼狱
祖安花火,Zeri,白银,102,29,快中求稳
祖安花火,Zeri,黄金,103,42,回力OK镖
祖安花火,Zeri,白银,104,30,属性！
祖安花火,Zeri,黄金,105,43,尖端发明家
祖安花火,Zeri,黄金,106,44,超凡邪恶
祖安花火,Zeri,棱彩,107,33,电涌力场
祖安花火,Zeri,棱彩,108,34,玻璃大炮
祖安花火,Zeri,黄金,109,45,炽烈黎明
祖安花火,Zeri,棱彩,110,35,史上最大雪球
祖安花火,Zeri,棱彩,111,36,无限循环往复
祖安花火,Zeri,黄金,112,46,神射法师
祖安花火,Zeri,黄金,113,47,咏叹奏鸣
祖安花火,Zeri,黄金,114,48,自然即是治愈
祖安花火,Zeri,棱彩,115,37,回归基本功
祖安花火,Zeri,棱彩,116,38,大法师
祖安花火,Zeri,棱彩,117,39,利刃华尔兹
祖安花火,Zeri,黄金,118,49,星界躯体
祖安花火,Zeri,棱彩,119,40,男爵之手
祖安花火,Zeri,黄金,120,50,藏身草丛
祖安花火,Zeri,棱彩,121,41,歌利亚巨人
祖安花火,Zeri,棱彩,122,42,泰坦的坚决
祖安花火,Zeri,棱彩,123,43,神圣雪球
祖安花火,Zeri,黄金,124,51,我们的治疗
祖安花火,Zeri,黄金,125,52,鲨鱼诱饵
祖安花火,Zeri,黄金,126,53,狙神飞星
祖安花火,Zeri,白银,127,31,转得我眩晕了
祖安花火,Zeri,黄金,128,54,升级：耀光
祖安花火,Zeri,白银,129,32,重量级打击手
祖安花火,Zeri,黄金,130,55,弹球
祖安花火,Zeri,棱彩,131,44,濒死悟道
祖安花火,Zeri,棱彩,132,45,炼狱导管
祖安花火,Zeri,黄金,133,56,溢流
祖安花火,Zeri,白银,134,33,火狐
祖安花火,Zeri,黄金,135,57,鲨鱼暴风
祖安花火,Zeri,黄金,136,58,冰雪爆裂
祖安花火,Zeri,白银,137,34,山脉龙魂
祖安花火,Zeri,白银,138,35,俯冲轰炸
祖安花火,Zeri,黄金,139,59,过量延伸者
祖安花火,Zeri,黄金,140,60,豪猪
祖安花火,Zeri,棱彩,141,46,飞升仪式
祖安花火,Zeri,黄金,142,61,钢化你心
祖安花火,Zeri,白银,143,36,下雪天
祖安花火,Zeri,黄金,144,62,吸血习性
祖安花火,Zeri,白银,145,37,纯粹主义者 - 术师
祖安花火,Zeri,棱彩,146,47,魄罗蛮冲
祖安花火,Zeri,白银,147,38,物理转魔法
祖安花火,Zeri,白银,148,39,巫师式思考
祖安花火,Zeri,棱彩,149,48,不祥契约
祖安花火,Zeri,棱彩,150,49,尤里卡
祖安花火,Zeri,白银,151,40,冰寒
祖安花火,Zeri,棱彩,152,50,位面转移
祖安花火,Zeri,棱彩,153,51,大地苏醒
祖安花火,Zeri,棱彩,154,52,软弹啪叽抓
祖安花火,Zeri,棱彩,155,53,沃格勒特的巫师帽
祖安花火,Zeri,黄金,156,63,超强大脑
祖安花火,Zeri,白银,157,41,由心及物
祖安花火,Zeri,黄金,158,64,高压锅
祖安花火,Zeri,白银,159,42,升级：中娅
祖安花火,Zeri,白银,160,43,闪闪现现
祖安花火,Zeri,黄金,161,65,会心治疗
祖安花火,Zeri,黄金,162,66,活力焕发
祖安花火,Zeri,黄金,163,67,升级：焚天
祖安花火,Zeri,棱彩,164,54,和我一起困在这里
祖安花火,Zeri,白银,165,44,闪光弹
祖安花火,Zeri,白银,166,45,双生火焰
祖安花火,Zeri,黄金,167,68,无尽大杀四方
祖安花火,Zeri,棱彩,168,55,小丑学院
祖安花火,Zeri,黄金,169,69,坚韧
祖安花火,Zeri,棱彩,170,56,蛋白粉奶昔
祖安花火,Zeri,棱彩,171,57,量子计算
祖安花火,Zeri,黄金,172,70,雪球扭蛋机
祖安花火,Zeri,黄金,173,71,祖母的辣椒油
祖安花火,Zeri,白银,174,46,虹吸
祖安花火,Zeri,黄金,175,72,喂呜喂呜
祖安花火,Zeri,白银,176,47,急救用具
祖安花火,Zeri,棱彩,177,58,风语者的祝福
祖安花火,Zeri,黄金,178,73,全心为你
祖安花火,Zeri,白银,179,48,升级：献祭
祖安花火,Zeri,黄金,180,74,升级：雪球
祖安花火,Zeri,棱彩,181,59,升级：花晓之剑
祖安花火,Zeri,黄金,182,75,最终都市列车
祖安花火,Zeri,黄金,183,76,魄罗爆破手
祖安花火,Zeri,棱彩,184,60,卡皮巴拉空投
祖安花火,Zeri,棱彩,185,61,舞会女王
祖安花火,Zeri,棱彩,186,62,魄罗之王的弹跳
祖安花火,Zeri,棱彩,187,63,超负荷
祖安花火,Zeri,白银,188,49,可靠武器
爆破鬼才,Ziggs,黄金,1,1,魔法飞弹
爆破鬼才,Ziggs,黄金,2,2,老练狙神
爆破鬼才,Ziggs,白银,3,1,双生火焰
爆破鬼才,Ziggs,棱彩,4,1,尤里卡
爆破鬼才,Ziggs,棱彩,5,2,炼狱导管
爆破鬼才,Ziggs,黄金,6,3,超凡邪恶
爆破鬼才,Ziggs,黄金,7,4,狙神飞星
爆破鬼才,Ziggs,白银,8,2,巫师式思考
爆破鬼才,Ziggs,棱彩,9,3,大法师
爆破鬼才,Ziggs,黄金,10,5,术士果汁盒
爆破鬼才,Ziggs,棱彩,11,4,巨人杀手
爆破鬼才,Ziggs,棱彩,12,5,无限循环往复
爆破鬼才,Ziggs,白银,13,3,纯粹主义者 - 术师
爆破鬼才,Ziggs,黄金,14,6,虚幻武器
爆破鬼才,Ziggs,黄金,15,7,循环往复
爆破鬼才,Ziggs,黄金,16,8,超强大脑
爆破鬼才,Ziggs,黄金,17,9,质变：棱彩阶
爆破鬼才,Ziggs,棱彩,18,6,沃格勒特的巫师帽
爆破鬼才,Ziggs,黄金,19,10,神射法师
爆破鬼才,Ziggs,黄金,20,11,急急小子
爆破鬼才,Ziggs,黄金,21,12,缩小引擎
爆破鬼才,Ziggs,黄金,22,13,连锁反应
爆破鬼才,Ziggs,白银,23,4,升级：中娅
爆破鬼才,Ziggs,白银,24,5,冰寒
爆破鬼才,Ziggs,棱彩,25,7,终极刷新
爆破鬼才,Ziggs,黄金,26,14,有始有终
爆破鬼才,Ziggs,白银,27,6,可靠武器
爆破鬼才,Ziggs,黄金,28,15,面包和黄油
爆破鬼才,Ziggs,黄金,29,16,回力OK镖
爆破鬼才,Ziggs,白银,30,7,家园卫士
爆破鬼才,Ziggs,白银,31,8,质变：黄金阶
爆破鬼才,Ziggs,棱彩,32,8,珠光护手
爆破鬼才,Ziggs,白银,33,9,海克斯科技龙魂
爆破鬼才,Ziggs,棱彩,34,9,终极唤醒
爆破鬼才,Ziggs,白银,35,10,大师铸就
爆破鬼才,Ziggs,黄金,36,17,炽燃利息
爆破鬼才,Ziggs,白银,37,11,物理转魔法
爆破鬼才,Ziggs,白银,38,12,侵蚀
爆破鬼才,Ziggs,棱彩,39,10,掷骰狂人
爆破鬼才,Ziggs,黄金,40,18,牙仙子
爆破鬼才,Ziggs,棱彩,41,11,超负荷
爆破鬼才,Ziggs,黄金,42,19,穿针引线
爆破鬼才,Ziggs,白银,43,13,由心及物
爆破鬼才,Ziggs,黄金,44,20,杀戮时间到了
爆破鬼才,Ziggs,黄金,45,21,面包和奶酪
爆破鬼才,Ziggs,黄金,46,22,溢流
爆破鬼才,Ziggs,黄金,47,23,贪欲束缚
爆破鬼才,Ziggs,棱彩,48,12,玻璃大炮
爆破鬼才,Ziggs,白银,49,14,炼狱龙魂
爆破鬼才,Ziggs,黄金,50,24,心灵净化
爆破鬼才,Ziggs,棱彩,51,13,质变：混沌
爆破鬼才,Ziggs,棱彩,52,14,精怪魔法
爆破鬼才,Ziggs,白银,53,15,海洋龙魂
爆破鬼才,Ziggs,黄金,54,25,捐赠
爆破鬼才,Ziggs,黄金,55,26,属性叠属性！
爆破鬼才,Ziggs,棱彩,56,15,回归基本功
爆破鬼才,Ziggs,黄金,57,27,更万用的瞄准镜
爆破鬼才,Ziggs,黄金,58,28,面包和果酱
爆破鬼才,Ziggs,白银,59,16,扇巴掌
爆破鬼才,Ziggs,棱彩,60,16,不祥契约
爆破鬼才,Ziggs,棱彩,61,17,潘朵拉的盒子
爆破鬼才,Ziggs,棱彩,62,18,科学狂人
爆破鬼才,Ziggs,棱彩,63,19,大招工具人
爆破鬼才,Ziggs,白银,64,17,火狐
爆破鬼才,Ziggs,白银,65,18,万用瞄准镜
爆破鬼才,Ziggs,棱彩,66,20,最万用的瞄准镜
爆破鬼才,Ziggs,白银,67,19,灵巧
爆破鬼才,Ziggs,棱彩,68,21,全能龙魂
爆破鬼才,Ziggs,白银,69,20,练腿日
爆破鬼才,Ziggs,白银,70,21,逃跑计划
爆破鬼才,Ziggs,黄金,71,29,炽烈黎明
爆破鬼才,Ziggs,棱彩,72,22,史上最大雪球
爆破鬼才,Ziggs,黄金,73,30,哎哟，我的硬币！
爆破鬼才,Ziggs,白银,74,22,属性！
爆破鬼才,Ziggs,棱彩,75,23,夺金
爆破鬼才,Ziggs,黄金,76,31,尖端发明家
爆破鬼才,Ziggs,棱彩,77,24,电涌力场
爆破鬼才,Ziggs,白银,78,23,注魔
爆破鬼才,Ziggs,棱彩,79,25,残忍
爆破鬼才,Ziggs,棱彩,80,26,飞身踢
爆破鬼才,Ziggs,棱彩,81,27,海牛阿福的勇士
爆破鬼才,Ziggs,白银,82,24,防护面纱
爆破鬼才,Ziggs,白银,83,25,渴血
爆破鬼才,Ziggs,棱彩,84,28,属性叠属性叠属性！
爆破鬼才,Ziggs,黄金,85,32,夜狩
爆破鬼才,Ziggs,棱彩,86,29,秘术冲拳
爆破鬼才,Ziggs,棱彩,87,30,男爵之手
爆破鬼才,Ziggs,黄金,88,33,神圣干预
爆破鬼才,Ziggs,黄金,89,34,火上浇油
爆破鬼才,Ziggs,黄金,90,35,闪现向前
爆破鬼才,Ziggs,黄金,91,36,咏叹奏鸣
爆破鬼才,Ziggs,黄金,92,37,不动如山
爆破鬼才,Ziggs,白银,93,26,终极不可阻挡
爆破鬼才,Ziggs,棱彩,94,31,尊我为王
爆破鬼才,Ziggs,黄金,95,38,鲨鱼暴风
爆破鬼才,Ziggs,黄金,96,39,生机迸发
爆破鬼才,Ziggs,白银,97,27,山脉龙魂
爆破鬼才,Ziggs,白银,98,28,俯冲轰炸
爆破鬼才,Ziggs,黄金,99,40,弹球
爆破鬼才,Ziggs,棱彩,100,32,你摸不到
爆破鬼才,Ziggs,黄金,101,41,罪恶快感
爆破鬼才,Ziggs,棱彩,102,33,空投熊
爆破鬼才,Ziggs,白银,103,29,吵闹鬼
爆破鬼才,Ziggs,黄金,104,42,吞噬灵魂
爆破鬼才,Ziggs,黄金,105,43,鲨鱼诱饵
爆破鬼才,Ziggs,棱彩,106,34,魄罗蛮冲
爆破鬼才,Ziggs,黄金,107,44,坦克引擎
爆破鬼才,Ziggs,黄金,108,45,藏身草丛
爆破鬼才,Ziggs,棱彩,109,35,物法皆修
爆破鬼才,Ziggs,白银,110,30,下雪天
爆破鬼才,Ziggs,黄金,111,46,缩小射线
爆破鬼才,Ziggs,棱彩,112,36,扳机炼狱
爆破鬼才,Ziggs,黄金,113,47,自然即是治愈
爆破鬼才,Ziggs,棱彩,114,37,巨像的勇气
爆破鬼才,Ziggs,白银,115,31,唯快不破
爆破鬼才,Ziggs,白银,116,32,点亮他们！
爆破鬼才,Ziggs,黄金,117,48,黎明使者的坚决
爆破鬼才,Ziggs,棱彩,118,38,歌利亚巨人
爆破鬼才,Ziggs,黄金,119,49,冰雪爆裂
爆破鬼才,Ziggs,棱彩,120,39,吃过路兵
爆破鬼才,Ziggs,白银,121,33,转得我眩晕了
爆破鬼才,Ziggs,白银,122,34,杀意翻涌
爆破鬼才,Ziggs,黄金,123,50,轻拍背部
爆破鬼才,Ziggs,棱彩,124,40,最终形态
爆破鬼才,Ziggs,黄金,125,51,豪猪
爆破鬼才,Ziggs,黄金,126,52,过量延伸者
爆破鬼才,Ziggs,黄金,127,53,升级：耀光
爆破鬼才,Ziggs,黄金,128,54,我们的治疗
爆破鬼才,Ziggs,棱彩,129,41,神圣雪球
爆破鬼才,Ziggs,棱彩,130,42,泰坦的坚决
爆破鬼才,Ziggs,棱彩,131,43,濒死悟道
爆破鬼才,Ziggs,棱彩,132,44,位面转移
爆破鬼才,Ziggs,棱彩,133,45,飞升仪式
爆破鬼才,Ziggs,黄金,134,55,高压锅
爆破鬼才,Ziggs,棱彩,135,46,利刃华尔兹
爆破鬼才,Ziggs,棱彩,136,47,踢踏舞
爆破鬼才,Ziggs,黄金,137,56,星界躯体
爆破鬼才,Ziggs,白银,138,35,重量级打击手
爆破鬼才,Ziggs,棱彩,139,48,战争交响乐
爆破鬼才,Ziggs,棱彩,140,49,软弹啪叽抓
爆破鬼才,Ziggs,黄金,141,57,钢化你心
爆破鬼才,Ziggs,黄金,142,58,祖母的辣椒油
爆破鬼才,Ziggs,黄金,143,59,活力焕发
爆破鬼才,Ziggs,黄金,144,60,易损
爆破鬼才,Ziggs,黄金,145,61,魄罗爆破手
爆破鬼才,Ziggs,黄金,146,62,关键暴击
爆破鬼才,Ziggs,黄金,147,63,吸血习性
爆破鬼才,Ziggs,黄金,148,64,暴击飞弹
爆破鬼才,Ziggs,白银,149,36,闪闪现现
爆破鬼才,Ziggs,黄金,150,65,灵魂虹吸
爆破鬼才,Ziggs,黄金,151,66,升级：雪球
爆破鬼才,Ziggs,白银,152,37,会心防御
爆破鬼才,Ziggs,棱彩,153,50,量子计算
爆破鬼才,Ziggs,白银,154,38,闪光弹
爆破鬼才,Ziggs,黄金,155,67,雪球扭蛋机
爆破鬼才,Ziggs,黄金,156,68,会心治疗
爆破鬼才,Ziggs,白银,157,39,坚若磐石
爆破鬼才,Ziggs,黄金,158,69,坚韧
爆破鬼才,Ziggs,棱彩,159,51,连拨击锤
爆破鬼才,Ziggs,棱彩,160,52,小丑学院
爆破鬼才,Ziggs,黄金,161,70,最终都市列车
爆破鬼才,Ziggs,白银,162,40,狂热者
爆破鬼才,Ziggs,棱彩,163,53,双刀流
爆破鬼才,Ziggs,白银,164,41,强力护盾
爆破鬼才,Ziggs,白银,165,42,由暴生急
爆破鬼才,Ziggs,白银,166,43,天音爆
爆破鬼才,Ziggs,白银,167,44,台风
爆破鬼才,Ziggs,黄金,168,71,暴击律动
爆破鬼才,Ziggs,棱彩,169,54,激光治疗
爆破鬼才,Ziggs,棱彩,170,55,升级：花晓之剑
爆破鬼才,Ziggs,黄金,171,72,喂呜喂呜
爆破鬼才,Ziggs,白银,172,45,急救用具
爆破鬼才,Ziggs,白银,173,46,叠角龙
爆破鬼才,Ziggs,白银,174,47,魔法转物理
爆破鬼才,Ziggs,棱彩,175,56,至高天诺言
爆破鬼才,Ziggs,棱彩,176,57,卡皮巴拉空投
爆破鬼才,Ziggs,棱彩,177,58,魄罗之王的弹跳
爆破鬼才,Ziggs,白银,178,48,自适应防护
时光守护者,Zilean,棱彩,1,1,大法师
时光守护者,Zilean,棱彩,2,2,尤里卡
时光守护者,Zilean,白银,3,1,纯粹主义者 - 术师
时光守护者,Zilean,黄金,4,1,老练狙神
时光守护者,Zilean,黄金,5,2,魔法飞弹
时光守护者,Zilean,黄金,6,3,急急小子
时光守护者,Zilean,白银,7,2,巫师式思考
时光守护者,Zilean,黄金,8,4,超凡邪恶
时光守护者,Zilean,棱彩,9,3,无限循环往复
时光守护者,Zilean,黄金,10,5,急速之追求
时光守护者,Zilean,黄金,11,6,循环往复
时光守护者,Zilean,黄金,12,7,术士果汁盒
时光守护者,Zilean,白银,13,3,由心及物
时光守护者,Zilean,黄金,14,8,缩小引擎
时光守护者,Zilean,黄金,15,9,质变：棱彩阶
时光守护者,Zilean,黄金,16,10,神圣干预
时光守护者,Zilean,白银,17,4,冰寒
时光守护者,Zilean,黄金,18,11,狙神飞星
时光守护者,Zilean,黄金,19,12,贪欲束缚
时光守护者,Zilean,黄金,20,13,咏叹奏鸣
时光守护者,Zilean,白银,21,5,扇巴掌
时光守护者,Zilean,白银,22,6,家园卫士
时光守护者,Zilean,棱彩,23,4,炼狱导管
时光守护者,Zilean,棱彩,24,5,终极刷新
时光守护者,Zilean,黄金,25,14,面包和果酱
时光守护者,Zilean,白银,26,7,升级：中娅
时光守护者,Zilean,棱彩,27,6,终极唤醒
时光守护者,Zilean,黄金,28,15,面包和黄油
时光守护者,Zilean,黄金,29,16,威能之追求
时光守护者,Zilean,白银,30,8,质变：黄金阶
时光守护者,Zilean,棱彩,31,7,残忍
时光守护者,Zilean,黄金,32,17,超强大脑
时光守护者,Zilean,黄金,33,18,虚幻武器
时光守护者,Zilean,棱彩,34,8,沃格勒特的巫师帽
时光守护者,Zilean,黄金,35,19,炽烈黎明
时光守护者,Zilean,黄金,36,20,回力OK镖
时光守护者,Zilean,棱彩,37,9,质变：混沌
时光守护者,Zilean,白银,38,9,海洋龙魂
时光守护者,Zilean,白银,39,10,物理转魔法
时光守护者,Zilean,棱彩,40,10,掷骰狂人
时光守护者,Zilean,黄金,41,21,属性叠属性！
时光守护者,Zilean,黄金,42,22,捐赠
时光守护者,Zilean,黄金,43,23,自然即是治愈
时光守护者,Zilean,白银,44,11,练腿日
时光守护者,Zilean,棱彩,45,11,巨人杀手
时光守护者,Zilean,棱彩,46,12,科学狂人
时光守护者,Zilean,黄金,47,24,牙仙子
时光守护者,Zilean,白银,48,12,双生火焰
时光守护者,Zilean,白银,49,13,海克斯科技龙魂
时光守护者,Zilean,棱彩,50,13,珠光护手
时光守护者,Zilean,黄金,51,25,面包和奶酪
时光守护者,Zilean,棱彩,52,14,潘朵拉的盒子
时光守护者,Zilean,白银,53,14,大师铸就
时光守护者,Zilean,黄金,54,26,穿针引线
时光守护者,Zilean,白银,55,15,炼狱龙魂
时光守护者,Zilean,黄金,56,27,吞噬灵魂
时光守护者,Zilean,棱彩,57,15,巨像的勇气
时光守护者,Zilean,白银,58,16,火狐
时光守护者,Zilean,黄金,59,28,不动如山
时光守护者,Zilean,白银,60,17,逃跑计划
时光守护者,Zilean,棱彩,61,16,玻璃大炮
时光守护者,Zilean,黄金,62,29,哎哟，我的硬币！
时光守护者,Zilean,黄金,63,30,有始有终
时光守护者,Zilean,棱彩,64,17,不祥契约
时光守护者,Zilean,黄金,65,31,心灵净化
时光守护者,Zilean,棱彩,66,18,大招工具人
时光守护者,Zilean,棱彩,67,19,史上最大雪球
时光守护者,Zilean,白银,68,18,属性！
时光守护者,Zilean,黄金,69,32,尖端发明家
时光守护者,Zilean,白银,70,19,防护面纱
时光守护者,Zilean,棱彩,71,20,回归基本功
时光守护者,Zilean,棱彩,72,21,全能龙魂
时光守护者,Zilean,棱彩,73,22,电涌力场
时光守护者,Zilean,白银,74,20,终极不可阻挡
时光守护者,Zilean,棱彩,75,23,属性叠属性叠属性！
时光守护者,Zilean,棱彩,76,24,你摸不到
时光守护者,Zilean,白银,77,21,侵蚀
时光守护者,Zilean,棱彩,78,25,海牛阿福的勇士
时光守护者,Zilean,黄金,79,33,坦克引擎
时光守护者,Zilean,棱彩,80,26,尊我为王
时光守护者,Zilean,棱彩,81,27,飞身踢
时光守护者,Zilean,黄金,82,34,炽燃利息
时光守护者,Zilean,白银,83,22,唯快不破
时光守护者,Zilean,黄金,84,35,闪现向前
时光守护者,Zilean,白银,85,23,注魔
时光守护者,Zilean,棱彩,86,28,男爵之手
时光守护者,Zilean,黄金,87,36,生机迸发
时光守护者,Zilean,棱彩,88,29,夺金
时光守护者,Zilean,白银,89,24,渴血
时光守护者,Zilean,黄金,90,37,神射法师
时光守护者,Zilean,白银,91,25,山脉龙魂
时光守护者,Zilean,黄金,92,38,鲨鱼暴风
时光守护者,Zilean,白银,93,26,俯冲轰炸
时光守护者,Zilean,黄金,94,39,弹球
时光守护者,Zilean,黄金,95,40,罪恶快感
时光守护者,Zilean,棱彩,96,30,空投熊
时光守护者,Zilean,黄金,97,41,杀戮时间到了
时光守护者,Zilean,白银,98,27,吵闹鬼
时光守护者,Zilean,黄金,99,42,轻拍背部
时光守护者,Zilean,白银,100,28,下雪天
时光守护者,Zilean,棱彩,101,31,魄罗蛮冲
时光守护者,Zilean,白银,102,29,杀意翻涌
时光守护者,Zilean,黄金,103,43,夜狩
时光守护者,Zilean,黄金,104,44,星界躯体
时光守护者,Zilean,棱彩,105,32,歌利亚巨人
时光守护者,Zilean,黄金,106,45,鲨鱼诱饵
时光守护者,Zilean,白银,107,30,灵巧
时光守护者,Zilean,棱彩,108,33,位面转移
时光守护者,Zilean,黄金,109,46,冰雪爆裂
时光守护者,Zilean,白银,110,31,转得我眩晕了
时光守护者,Zilean,棱彩,111,34,秘术冲拳
时光守护者,Zilean,黄金,112,47,黎明使者的坚决
时光守护者,Zilean,黄金,113,48,火上浇油
时光守护者,Zilean,棱彩,114,35,扳机炼狱
时光守护者,Zilean,棱彩,115,36,神圣雪球
时光守护者,Zilean,黄金,116,49,过量延伸者
时光守护者,Zilean,棱彩,117,37,最终形态
时光守护者,Zilean,棱彩,118,38,物法皆修
时光守护者,Zilean,棱彩,119,39,软弹啪叽抓
时光守护者,Zilean,黄金,120,50,缩小射线
时光守护者,Zilean,棱彩,121,40,吃过路兵
时光守护者,Zilean,黄金,122,51,我们的治疗
时光守护者,Zilean,黄金,123,52,藏身草丛
时光守护者,Zilean,黄金,124,53,更万用的瞄准镜
时光守护者,Zilean,白银,125,32,点亮他们！
时光守护者,Zilean,白银,126,33,万用瞄准镜
时光守护者,Zilean,棱彩,127,41,飞升仪式
时光守护者,Zilean,棱彩,128,42,泰坦的坚决
时光守护者,Zilean,棱彩,129,43,濒死悟道
时光守护者,Zilean,黄金,130,54,豪猪
时光守护者,Zilean,棱彩,131,44,最万用的瞄准镜
时光守护者,Zilean,棱彩,132,45,踢踏舞
时光守护者,Zilean,黄金,133,55,喂呜喂呜
时光守护者,Zilean,棱彩,134,46,利刃华尔兹
时光守护者,Zilean,黄金,135,56,钢化你心
时光守护者,Zilean,白银,136,34,天音爆
时光守护者,Zilean,黄金,137,57,升级：耀光
时光守护者,Zilean,黄金,138,58,高压锅
时光守护者,Zilean,白银,139,35,重量级打击手
时光守护者,Zilean,棱彩,140,47,灵魄炸弹
时光守护者,Zilean,棱彩,141,48,战争交响乐
时光守护者,Zilean,棱彩,142,49,至高天诺言
时光守护者,Zilean,白银,143,36,急救用具
时光守护者,Zilean,黄金,144,59,全心为你
时光守护者,Zilean,棱彩,145,50,信念者的强化
时光守护者,Zilean,黄金,146,60,活力焕发
时光守护者,Zilean,黄金,147,61,溢流
时光守护者,Zilean,黄金,148,62,祖母的辣椒油
时光守护者,Zilean,白银,149,37,强力护盾
时光守护者,Zilean,黄金,150,63,坚韧
时光守护者,Zilean,黄金,151,64,魄罗爆破手
时光守护者,Zilean,棱彩,152,51,风语者的祝福
时光守护者,Zilean,白银,153,38,坚若磐石
时光守护者,Zilean,黄金,154,65,易损
时光守护者,Zilean,黄金,155,66,升级：雪球
时光守护者,Zilean,棱彩,156,52,激光治疗
时光守护者,Zilean,白银,157,39,闪闪现现
时光守护者,Zilean,黄金,158,67,关键暴击
时光守护者,Zilean,黄金,159,68,暴击飞弹
时光守护者,Zilean,黄金,160,69,吸血习性
时光守护者,Zilean,黄金,161,70,雪球扭蛋机
时光守护者,Zilean,棱彩,162,53,卡皮巴拉空投
时光守护者,Zilean,黄金,163,71,灵魂虹吸
时光守护者,Zilean,棱彩,164,54,死亡之环
时光守护者,Zilean,棱彩,165,55,量子计算
时光守护者,Zilean,白银,166,40,会心防御
时光守护者,Zilean,白银,167,41,闪光弹
时光守护者,Zilean,棱彩,168,56,小丑学院
时光守护者,Zilean,黄金,169,72,会心治疗
时光守护者,Zilean,棱彩,170,57,蛋白粉奶昔
时光守护者,Zilean,棱彩,171,58,魄罗之王的弹跳
时光守护者,Zilean,白银,172,42,狂热者
时光守护者,Zilean,棱彩,173,59,升级：花晓之剑
时光守护者,Zilean,白银,174,43,台风
时光守护者,Zilean,棱彩,175,60,双刀流
时光守护者,Zilean,黄金,176,73,最终都市列车
时光守护者,Zilean,棱彩,177,61,？？？
时光守护者,Zilean,棱彩,178,62,超负荷
暮光星灵,Zoe,黄金,1,1,魔法飞弹
暮光星灵,Zoe,棱彩,2,1,尤里卡
暮光星灵,Zoe,白银,3,1,巫师式思考
暮光星灵,Zoe,黄金,4,2,杀戮时间到了
暮光星灵,Zoe,黄金,5,3,老练狙神
暮光星灵,Zoe,黄金,6,4,术士果汁盒
暮光星灵,Zoe,白银,7,2,暗影疾奔
暮光星灵,Zoe,棱彩,8,2,大法师
暮光星灵,Zoe,黄金,9,5,超凡邪恶
暮光星灵,Zoe,黄金,10,6,牙仙子
暮光星灵,Zoe,棱彩,11,3,沃格勒特的巫师帽
暮光星灵,Zoe,白银,12,3,升级：中娅
暮光星灵,Zoe,棱彩,13,4,你摸不到
暮光星灵,Zoe,棱彩,14,5,无限循环往复
暮光星灵,Zoe,黄金,15,7,虚幻武器
暮光星灵,Zoe,黄金,16,8,超强大脑
暮光星灵,Zoe,黄金,17,9,威能之追求
暮光星灵,Zoe,黄金,18,10,质变：棱彩阶
暮光星灵,Zoe,白银,19,4,纯粹主义者 - 术师
暮光星灵,Zoe,黄金,20,11,急急小子
暮光星灵,Zoe,白银,21,5,终极不可阻挡
暮光星灵,Zoe,黄金,22,12,狙神飞星
暮光星灵,Zoe,黄金,23,13,急速之追求
暮光星灵,Zoe,黄金,24,14,循环往复
暮光星灵,Zoe,棱彩,25,6,史上最大雪球
暮光星灵,Zoe,白银,26,6,质变：黄金阶
暮光星灵,Zoe,棱彩,27,7,终极唤醒
暮光星灵,Zoe,黄金,28,15,缩小引擎
暮光星灵,Zoe,棱彩,29,8,珠光护手
暮光星灵,Zoe,白银,30,7,家园卫士
暮光星灵,Zoe,黄金,31,16,面包和奶酪
暮光星灵,Zoe,黄金,32,17,贪欲束缚
暮光星灵,Zoe,黄金,33,18,神射法师
暮光星灵,Zoe,黄金,34,19,回力OK镖
暮光星灵,Zoe,黄金,35,20,弹球
暮光星灵,Zoe,棱彩,36,9,巨人杀手
暮光星灵,Zoe,黄金,37,21,有始有终
暮光星灵,Zoe,棱彩,38,10,掷骰狂人
暮光星灵,Zoe,棱彩,39,11,全能龙魂
暮光星灵,Zoe,黄金,40,22,穿针引线
暮光星灵,Zoe,棱彩,41,12,全凭身法
暮光星灵,Zoe,棱彩,42,13,玻璃大炮
暮光星灵,Zoe,白银,43,8,物理转魔法
暮光星灵,Zoe,白银,44,9,双生火焰
暮光星灵,Zoe,白银,45,10,海克斯科技龙魂
暮光星灵,Zoe,棱彩,46,14,残忍
暮光星灵,Zoe,棱彩,47,15,质变：混沌
暮光星灵,Zoe,黄金,48,23,溢流
暮光星灵,Zoe,黄金,49,24,面包和黄油
暮光星灵,Zoe,白银,50,11,炼狱龙魂
暮光星灵,Zoe,白银,51,12,扇巴掌
暮光星灵,Zoe,白银,52,13,下雪天
暮光星灵,Zoe,黄金,53,25,闪现向前
暮光星灵,Zoe,白银,54,14,大师铸就
暮光星灵,Zoe,白银,55,15,逃跑计划
暮光星灵,Zoe,白银,56,16,火狐
暮光星灵,Zoe,黄金,57,26,夜狩
暮光星灵,Zoe,黄金,58,27,捐赠
暮光星灵,Zoe,黄金,59,28,冰雪爆裂
暮光星灵,Zoe,白银,60,17,防护面纱
暮光星灵,Zoe,棱彩,61,16,潘朵拉的盒子
暮光星灵,Zoe,棱彩,62,17,吃过路兵
暮光星灵,Zoe,白银,63,18,快中求稳
暮光星灵,Zoe,黄金,64,29,藏身草丛
暮光星灵,Zoe,黄金,65,30,属性叠属性！
暮光星灵,Zoe,黄金,66,31,鲨鱼暴风
暮光星灵,Zoe,棱彩,67,18,神圣雪球
暮光星灵,Zoe,白银,68,19,由心及物
暮光星灵,Zoe,白银,69,20,杀意翻涌
暮光星灵,Zoe,黄金,70,32,罪恶快感
暮光星灵,Zoe,棱彩,71,19,科学狂人
暮光星灵,Zoe,白银,72,21,海洋龙魂
暮光星灵,Zoe,白银,73,22,练腿日
暮光星灵,Zoe,棱彩,74,20,最终形态
暮光星灵,Zoe,棱彩,75,21,飞身踢
暮光星灵,Zoe,黄金,76,33,心灵净化
暮光星灵,Zoe,棱彩,77,22,属性叠属性叠属性！
暮光星灵,Zoe,棱彩,78,23,夺金
暮光星灵,Zoe,棱彩,79,24,尊我为王
暮光星灵,Zoe,棱彩,80,25,利刃华尔兹
暮光星灵,Zoe,白银,81,23,属性！
暮光星灵,Zoe,白银,82,24,侵蚀
暮光星灵,Zoe,黄金,83,34,尖端发明家
暮光星灵,Zoe,棱彩,84,26,海牛阿福的勇士
暮光星灵,Zoe,黄金,85,35,哎哟，我的硬币！
暮光星灵,Zoe,棱彩,86,27,电涌力场
暮光星灵,Zoe,棱彩,87,28,巨像的勇气
暮光星灵,Zoe,棱彩,88,29,不祥契约
暮光星灵,Zoe,棱彩,89,30,位面转移
暮光星灵,Zoe,白银,90,25,渴血
暮光星灵,Zoe,白银,91,26,注魔
暮光星灵,Zoe,棱彩,92,31,回归基本功
暮光星灵,Zoe,棱彩,93,32,炼狱导管
暮光星灵,Zoe,棱彩,94,33,空投熊
暮光星灵,Zoe,棱彩,95,34,男爵之手
暮光星灵,Zoe,黄金,96,36,炽烈黎明
暮光星灵,Zoe,棱彩,97,35,大地苏醒
暮光星灵,Zoe,黄金,98,37,神圣干预
暮光星灵,Zoe,黄金,99,38,不动如山
暮光星灵,Zoe,黄金,100,39,升级：耀光
暮光星灵,Zoe,棱彩,101,36,秘术冲拳
暮光星灵,Zoe,黄金,102,40,吞噬灵魂
暮光星灵,Zoe,白银,103,27,唯快不破
暮光星灵,Zoe,黄金,104,41,咏叹奏鸣
暮光星灵,Zoe,白银,105,28,山脉龙魂
暮光星灵,Zoe,黄金,106,42,生机迸发
暮光星灵,Zoe,黄金,107,43,狂徒豪气
暮光星灵,Zoe,棱彩,108,37,魄罗蛮冲
暮光星灵,Zoe,黄金,109,44,轻拍背部
暮光星灵,Zoe,棱彩,110,38,歌利亚巨人
暮光星灵,Zoe,黄金,111,45,鲨鱼诱饵
暮光星灵,Zoe,黄金,112,46,自然即是治愈
暮光星灵,Zoe,白银,113,29,俯冲轰炸
暮光星灵,Zoe,白银,114,30,吵闹鬼
暮光星灵,Zoe,棱彩,115,39,大招工具人
暮光星灵,Zoe,棱彩,116,40,扳机炼狱
暮光星灵,Zoe,白银,117,31,转得我眩晕了
暮光星灵,Zoe,棱彩,118,41,物法皆修
暮光星灵,Zoe,黄金,119,47,火上浇油
暮光星灵,Zoe,黄金,120,48,黎明使者的坚决
暮光星灵,Zoe,黄金,121,49,缩小射线
暮光星灵,Zoe,棱彩,122,42,软弹啪叽抓
暮光星灵,Zoe,黄金,123,50,过量延伸者
暮光星灵,Zoe,黄金,124,51,更万用的瞄准镜
暮光星灵,Zoe,黄金,125,52,坦克引擎
暮光星灵,Zoe,白银,126,32,万用瞄准镜
暮光星灵,Zoe,白银,127,33,冰寒
暮光星灵,Zoe,棱彩,128,43,飞升仪式
暮光星灵,Zoe,白银,129,34,点亮他们！
暮光星灵,Zoe,棱彩,130,44,最万用的瞄准镜
暮光星灵,Zoe,黄金,131,53,我们的治疗
暮光星灵,Zoe,白银,132,35,灵巧
暮光星灵,Zoe,棱彩,133,45,踢踏舞
暮光星灵,Zoe,棱彩,134,46,泰坦的坚决
暮光星灵,Zoe,棱彩,135,47,濒死悟道
暮光星灵,Zoe,黄金,136,54,豪猪
暮光星灵,Zoe,黄金,137,55,星界躯体
暮光星灵,Zoe,棱彩,138,48,战争交响乐
暮光星灵,Zoe,白银,139,36,重量级打击手
暮光星灵,Zoe,黄金,140,56,高压锅
暮光星灵,Zoe,白银,141,37,闪闪现现
暮光星灵,Zoe,黄金,142,57,钢化你心
暮光星灵,Zoe,黄金,143,58,升级：雪球
暮光星灵,Zoe,黄金,144,59,祖母的辣椒油
暮光星灵,Zoe,黄金,145,60,活力焕发
暮光星灵,Zoe,白银,146,38,闪光弹
暮光星灵,Zoe,黄金,147,61,魄罗爆破手
暮光星灵,Zoe,黄金,148,62,雪球扭蛋机
暮光星灵,Zoe,黄金,149,63,暴击飞弹
暮光星灵,Zoe,黄金,150,64,易损
暮光星灵,Zoe,黄金,151,65,吸血习性
暮光星灵,Zoe,黄金,152,66,关键暴击
暮光星灵,Zoe,白银,153,39,坚若磐石
暮光星灵,Zoe,黄金,154,67,灵魂虹吸
暮光星灵,Zoe,黄金,155,68,坚韧
暮光星灵,Zoe,棱彩,156,49,量子计算
暮光星灵,Zoe,白银,157,40,会心防御
暮光星灵,Zoe,棱彩,158,50,小丑学院
暮光星灵,Zoe,棱彩,159,51,？？？
暮光星灵,Zoe,白银,160,41,狂热者
暮光星灵,Zoe,黄金,161,69,会心治疗
暮光星灵,Zoe,棱彩,162,52,双刀流
暮光星灵,Zoe,黄金,163,70,最终都市列车
暮光星灵,Zoe,棱彩,164,53,卡皮巴拉空投
暮光星灵,Zoe,棱彩,165,54,魄罗之王的弹跳
暮光星灵,Zoe,白银,166,42,台风
暮光星灵,Zoe,黄金,167,71,暴击律动
暮光星灵,Zoe,白银,168,43,虹吸
暮光星灵,Zoe,白银,169,44,可靠武器
暮光星灵,Zoe,白银,170,45,急救用具
暮光星灵,Zoe,棱彩,171,55,连拨击锤
暮光星灵,Zoe,棱彩,172,56,至高天诺言
暮光星灵,Zoe,白银,173,46,由暴生急
荆棘之兴,Zyra,黄金,1,1,魔法飞弹
荆棘之兴,Zyra,棱彩,2,1,炼狱导管
荆棘之兴,Zyra,白银,3,1,冰寒
荆棘之兴,Zyra,黄金,4,2,术士果汁盒
荆棘之兴,Zyra,棱彩,5,2,尤里卡
荆棘之兴,Zyra,黄金,6,3,超凡邪恶
荆棘之兴,Zyra,黄金,7,4,老练狙神
荆棘之兴,Zyra,白银,8,2,巫师式思考
荆棘之兴,Zyra,棱彩,9,3,大法师
荆棘之兴,Zyra,白银,10,3,纯粹主义者 - 术师
荆棘之兴,Zyra,黄金,11,5,狙神飞星
荆棘之兴,Zyra,黄金,12,6,炽烈黎明
荆棘之兴,Zyra,棱彩,13,4,无限循环往复
荆棘之兴,Zyra,白银,14,4,扇巴掌
荆棘之兴,Zyra,黄金,15,7,虚幻武器
荆棘之兴,Zyra,棱彩,16,5,残忍
荆棘之兴,Zyra,白银,17,5,双生火焰
荆棘之兴,Zyra,黄金,18,8,质变：棱彩阶
荆棘之兴,Zyra,黄金,19,9,循环往复
荆棘之兴,Zyra,黄金,20,10,仆从大师
荆棘之兴,Zyra,白银,21,6,升级：中娅
荆棘之兴,Zyra,黄金,22,11,超强大脑
荆棘之兴,Zyra,黄金,23,12,缩小引擎
荆棘之兴,Zyra,黄金,24,13,急急小子
荆棘之兴,Zyra,棱彩,25,6,精怪魔法
荆棘之兴,Zyra,棱彩,26,7,巨人杀手
荆棘之兴,Zyra,棱彩,27,8,沃格勒特的巫师帽
荆棘之兴,Zyra,白银,28,7,大师铸就
荆棘之兴,Zyra,黄金,29,14,炽燃利息
荆棘之兴,Zyra,黄金,30,15,有始有终
荆棘之兴,Zyra,黄金,31,16,贪欲束缚
荆棘之兴,Zyra,白银,32,8,质变：黄金阶
荆棘之兴,Zyra,黄金,33,17,急速之追求
荆棘之兴,Zyra,黄金,34,18,回力OK镖
荆棘之兴,Zyra,白银,35,9,侵蚀
荆棘之兴,Zyra,黄金,36,19,活力焕发
荆棘之兴,Zyra,白银,37,10,家园卫士
荆棘之兴,Zyra,棱彩,38,9,终极刷新
荆棘之兴,Zyra,白银,39,11,海克斯科技龙魂
荆棘之兴,Zyra,黄金,40,20,面包和果酱
荆棘之兴,Zyra,棱彩,41,10,终极唤醒
荆棘之兴,Zyra,黄金,42,21,心灵净化
荆棘之兴,Zyra,白银,43,12,炼狱龙魂
荆棘之兴,Zyra,棱彩,44,11,掷骰狂人
荆棘之兴,Zyra,白银,45,13,海洋龙魂
荆棘之兴,Zyra,黄金,46,22,牙仙子
荆棘之兴,Zyra,黄金,47,23,杀戮时间到了
荆棘之兴,Zyra,棱彩,48,12,珠光护手
荆棘之兴,Zyra,黄金,49,24,穿针引线
荆棘之兴,Zyra,黄金,50,25,面包和奶酪
荆棘之兴,Zyra,棱彩,51,13,超负荷
荆棘之兴,Zyra,白银,52,14,物理转魔法
荆棘之兴,Zyra,棱彩,53,14,质变：混沌
荆棘之兴,Zyra,黄金,54,26,威能之追求
荆棘之兴,Zyra,黄金,55,27,吞噬灵魂
荆棘之兴,Zyra,黄金,56,28,面包和黄油
荆棘之兴,Zyra,白银,57,15,渴血
荆棘之兴,Zyra,白银,58,16,由心及物
荆棘之兴,Zyra,黄金,59,29,溢流
荆棘之兴,Zyra,棱彩,60,15,玻璃大炮
荆棘之兴,Zyra,黄金,61,30,捐赠
荆棘之兴,Zyra,棱彩,62,16,不祥契约
荆棘之兴,Zyra,黄金,63,31,属性叠属性！
荆棘之兴,Zyra,黄金,64,32,藏身草丛
荆棘之兴,Zyra,棱彩,65,17,回归基本功
荆棘之兴,Zyra,棱彩,66,18,潘朵拉的盒子
荆棘之兴,Zyra,黄金,67,33,不动如山
荆棘之兴,Zyra,棱彩,68,19,巨像的勇气
荆棘之兴,Zyra,白银,69,17,火狐
荆棘之兴,Zyra,白银,70,18,逃跑计划
荆棘之兴,Zyra,棱彩,71,20,电涌力场
荆棘之兴,Zyra,棱彩,72,21,科学狂人
荆棘之兴,Zyra,棱彩,73,22,史上最大雪球
荆棘之兴,Zyra,棱彩,74,23,全能龙魂
荆棘之兴,Zyra,黄金,75,34,哎哟，我的硬币！
荆棘之兴,Zyra,白银,76,19,练腿日
荆棘之兴,Zyra,黄金,77,35,神圣干预
荆棘之兴,Zyra,棱彩,78,24,夺金
荆棘之兴,Zyra,棱彩,79,25,飞身踢
荆棘之兴,Zyra,白银,80,20,终极不可阻挡
荆棘之兴,Zyra,白银,81,21,防护面纱
荆棘之兴,Zyra,白银,82,22,属性！
荆棘之兴,Zyra,黄金,83,36,轻拍背部
荆棘之兴,Zyra,黄金,84,37,神射法师
荆棘之兴,Zyra,棱彩,85,26,海牛阿福的勇士
荆棘之兴,Zyra,棱彩,86,27,你摸不到
荆棘之兴,Zyra,黄金,87,38,夜狩
荆棘之兴,Zyra,棱彩,88,28,大招工具人
荆棘之兴,Zyra,黄金,89,39,火上浇油
荆棘之兴,Zyra,棱彩,90,29,属性叠属性叠属性！
荆棘之兴,Zyra,棱彩,91,30,秘术冲拳
荆棘之兴,Zyra,白银,92,23,注魔
荆棘之兴,Zyra,黄金,93,40,咏叹奏鸣
荆棘之兴,Zyra,黄金,94,41,尖端发明家
荆棘之兴,Zyra,棱彩,95,31,男爵之手
荆棘之兴,Zyra,黄金,96,42,生机迸发
荆棘之兴,Zyra,棱彩,97,32,吃过路兵
荆棘之兴,Zyra,黄金,98,43,坦克引擎
荆棘之兴,Zyra,黄金,99,44,鲨鱼暴风
荆棘之兴,Zyra,棱彩,100,33,空投熊
荆棘之兴,Zyra,黄金,101,45,闪现向前
荆棘之兴,Zyra,棱彩,102,34,尊我为王
荆棘之兴,Zyra,黄金,103,46,弹球
荆棘之兴,Zyra,棱彩,104,35,软弹啪叽抓
荆棘之兴,Zyra,黄金,105,47,自然即是治愈
荆棘之兴,Zyra,棱彩,106,36,魄罗蛮冲
荆棘之兴,Zyra,白银,107,24,下雪天
荆棘之兴,Zyra,白银,108,25,俯冲轰炸
荆棘之兴,Zyra,白银,109,26,山脉龙魂
荆棘之兴,Zyra,白银,110,27,吵闹鬼
荆棘之兴,Zyra,黄金,111,48,鲨鱼诱饵
荆棘之兴,Zyra,黄金,112,49,缩小射线
荆棘之兴,Zyra,白银,113,28,唯快不破
荆棘之兴,Zyra,黄金,114,50,冰雪爆裂
荆棘之兴,Zyra,黄金,115,51,黎明使者的坚决
荆棘之兴,Zyra,棱彩,116,37,扳机炼狱
荆棘之兴,Zyra,白银,117,29,点亮他们！
荆棘之兴,Zyra,棱彩,118,38,最终形态
荆棘之兴,Zyra,棱彩,119,39,歌利亚巨人
荆棘之兴,Zyra,棱彩,120,40,物法皆修
荆棘之兴,Zyra,黄金,121,52,我们的治疗
荆棘之兴,Zyra,白银,122,30,灵巧
荆棘之兴,Zyra,白银,123,31,杀意翻涌
荆棘之兴,Zyra,黄金,124,53,罪恶快感
荆棘之兴,Zyra,棱彩,125,41,位面转移
荆棘之兴,Zyra,白银,126,32,转得我眩晕了
荆棘之兴,Zyra,黄金,127,54,星界躯体
荆棘之兴,Zyra,棱彩,128,42,神圣雪球
荆棘之兴,Zyra,棱彩,129,43,泰坦的坚决
荆棘之兴,Zyra,黄金,130,55,过量延伸者
荆棘之兴,Zyra,黄金,131,56,豪猪
荆棘之兴,Zyra,白银,132,33,万用瞄准镜
荆棘之兴,Zyra,黄金,133,57,更万用的瞄准镜
荆棘之兴,Zyra,棱彩,134,44,濒死悟道
荆棘之兴,Zyra,棱彩,135,45,飞升仪式
荆棘之兴,Zyra,黄金,136,58,高压锅
荆棘之兴,Zyra,白银,137,34,重量级打击手
荆棘之兴,Zyra,棱彩,138,46,最万用的瞄准镜
荆棘之兴,Zyra,黄金,139,59,祖母的辣椒油
荆棘之兴,Zyra,黄金,140,60,钢化你心
荆棘之兴,Zyra,棱彩,141,47,踢踏舞
荆棘之兴,Zyra,棱彩,142,48,战争交响乐
荆棘之兴,Zyra,棱彩,143,49,利刃华尔兹
荆棘之兴,Zyra,黄金,144,61,无尽大杀四方
荆棘之兴,Zyra,黄金,145,62,易损
荆棘之兴,Zyra,黄金,146,63,吸血习性
荆棘之兴,Zyra,黄金,147,64,魄罗爆破手
荆棘之兴,Zyra,白银,148,35,坚若磐石
荆棘之兴,Zyra,黄金,149,65,暴击飞弹
荆棘之兴,Zyra,黄金,150,66,关键暴击
荆棘之兴,Zyra,黄金,151,67,灵魂虹吸
荆棘之兴,Zyra,黄金,152,68,升级：雪球
荆棘之兴,Zyra,白银,153,36,闪闪现现
荆棘之兴,Zyra,黄金,154,69,坚韧
荆棘之兴,Zyra,白银,155,37,会心防御
荆棘之兴,Zyra,棱彩,156,50,连拨击锤
荆棘之兴,Zyra,棱彩,157,51,小丑学院
荆棘之兴,Zyra,棱彩,158,52,量子计算
荆棘之兴,Zyra,棱彩,159,53,双刀流
荆棘之兴,Zyra,黄金,160,70,雪球扭蛋机
荆棘之兴,Zyra,白银,161,38,虹吸
荆棘之兴,Zyra,白银,162,39,台风
荆棘之兴,Zyra,黄金,163,71,全心为你
荆棘之兴,Zyra,白银,164,40,闪光弹
荆棘之兴,Zyra,白银,165,41,狂热者
荆棘之兴,Zyra,白银,166,42,可靠武器
荆棘之兴,Zyra,白银,167,43,急救用具
荆棘之兴,Zyra,白银,168,44,叠角龙
荆棘之兴,Zyra,白银,169,45,魔法转物理
荆棘之兴,Zyra,棱彩,170,54,卡皮巴拉空投
荆棘之兴,Zyra,棱彩,171,55,双发快射
荆棘之兴,Zyra,棱彩,172,56,灵魄炸弹
荆棘之兴,Zyra,黄金,173,72,喂呜喂呜
荆棘之兴,Zyra,黄金,174,73,会心治疗
荆棘之兴,Zyra,黄金,175,74,暴击律动
荆棘之兴,Zyra,棱彩,176,57,王中王，靴中靴
荆棘之兴,Zyra,黄金,177,75,最终都市列车
荆棘之兴,Zyra,棱彩,178,58,？？？
荆棘之兴,Zyra,棱彩,179,59,信念者的强化
荆棘之兴,Zyra,棱彩,180,60,你肩上的恶魔
荆棘之兴,Zyra,棱彩,181,61,回响施放
荆棘之兴,Zyra,白银,182,46,自适应防护
